[  199851ms] [WARNING] Unrecognized feature: 'ambient-light-sensor'. @ http://localhost:8511/static/js/isLength.DwwZub7z.js:0
[  199851ms] [WARNING] Unrecognized feature: 'battery'. @ http://localhost:8511/static/js/isLength.DwwZub7z.js:0
[  199851ms] [WARNING] Unrecognized feature: 'document-domain'. @ http://localhost:8511/static/js/isLength.DwwZub7z.js:0
[  199852ms] [WARNING] Unrecognized feature: 'layout-animations'. @ http://localhost:8511/static/js/isLength.DwwZub7z.js:0
[  199852ms] [WARNING] Unrecognized feature: 'legacy-image-formats'. @ http://localhost:8511/static/js/isLength.DwwZub7z.js:0
[  199852ms] [WARNING] Unrecognized feature: 'oversized-images'. @ http://localhost:8511/static/js/isLength.DwwZub7z.js:0
[  199852ms] [WARNING] Unrecognized feature: 'vr'. @ http://localhost:8511/static/js/isLength.DwwZub7z.js:0
[  199853ms] [WARNING] Unrecognized feature: 'wake-lock'. @ http://localhost:8511/static/js/isLength.DwwZub7z.js:0
[  200623ms] [WARNING] An iframe which has both allow-scripts and allow-same-origin for its sandbox attribute can escape its sandboxing. @ about:srcdoc:0
[  305134ms] [WARNING] An iframe which has both allow-scripts and allow-same-origin for its sandbox attribute can escape its sandboxing. @ about:srcdoc:0
[  309606ms] [WARNING] An iframe which has both allow-scripts and allow-same-origin for its sandbox attribute can escape its sandboxing. @ about:srcdoc:0
[  309657ms] [WARNING] An iframe which has both allow-scripts and allow-same-origin for its sandbox attribute can escape its sandboxing. @ about:srcdoc:0
[  354803ms] [WARNING] An iframe which has both allow-scripts and allow-same-origin for its sandbox attribute can escape its sandboxing. @ about:srcdoc:0
[  840639ms] [WARNING] An iframe which has both allow-scripts and allow-same-origin for its sandbox attribute can escape its sandboxing. @ about:srcdoc:0
[  905961ms] [WARNING] An iframe which has both allow-scripts and allow-same-origin for its sandbox attribute can escape its sandboxing. @ about:srcdoc:0
[  957193ms] [WARNING] An iframe which has both allow-scripts and allow-same-origin for its sandbox attribute can escape its sandboxing. @ about:srcdoc:0
[ 1025910ms] [WARNING] WebSocket onclose @ http://localhost:8511/static/js/index.D2ZqaFuW.js:17
[ 1026493ms] [ERROR] Failed to load resource: net::ERR_CONNECTION_REFUSED @ http://localhost:8511/_stcore/health:0
[ 1026497ms] [ERROR] Failed to load resource: net::ERR_CONNECTION_REFUSED @ http://localhost:8511/_stcore/host-config:0
[ 1026602ms] [ERROR] Failed to load resource: net::ERR_CONNECTION_REFUSED @ http://localhost:8511/_stcore/health:0
[ 1026602ms] [ERROR] Failed to load resource: net::ERR_CONNECTION_REFUSED @ http://localhost:8511/_stcore/host-config:0
[ 1026772ms] [ERROR] Failed to load resource: net::ERR_CONNECTION_REFUSED @ http://localhost:8511/_stcore/health:0
[ 1026774ms] [ERROR] Failed to load resource: net::ERR_CONNECTION_REFUSED @ http://localhost:8511/_stcore/host-config:0
[ 1027151ms] [ERROR] Failed to load resource: net::ERR_CONNECTION_REFUSED @ http://localhost:8511/_stcore/health:0
[ 1027151ms] [ERROR] Failed to load resource: net::ERR_CONNECTION_REFUSED @ http://localhost:8511/_stcore/host-config:0
[ 1027931ms] [ERROR] Failed to load resource: net::ERR_CONNECTION_REFUSED @ http://localhost:8511/_stcore/health:0
[ 1027933ms] [ERROR] Failed to load resource: net::ERR_CONNECTION_REFUSED @ http://localhost:8511/_stcore/host-config:0
[ 1029762ms] [ERROR] Failed to load resource: net::ERR_CONNECTION_REFUSED @ http://localhost:8511/_stcore/health:0
[ 1029762ms] [ERROR] Client Error in reaching server endpoint - No response received when attempting to reach /_stcore/health @ http://localhost:8511/static/js/index.D2ZqaFuW.js:16
[ 1029762ms] [ERROR] Is Streamlit still running? If you accidentally stopped Streamlit, just restart it in your terminal: @ http://localhost:8511/static/js/index.D2ZqaFuW.js:21
[ 1030285ms] [ERROR] Failed to load resource: net::ERR_CONNECTION_REFUSED @ http://localhost:8511/_stcore/host-config:0
[ 1031770ms] [ERROR] Failed to load resource: net::ERR_CONNECTION_REFUSED @ http://localhost:8511/_stcore/host-config:0
[ 1031770ms] [ERROR] Client Error in reaching server endpoint - No response received when attempting to reach /_stcore/host-config @ http://localhost:8511/static/js/index.D2ZqaFuW.js:16
[ 1031770ms] [ERROR] Is Streamlit still running? If you accidentally stopped Streamlit, just restart it in your terminal: @ http://localhost:8511/static/js/index.D2ZqaFuW.js:21
[ 1031921ms] [ERROR] Failed to load resource: net::ERR_CONNECTION_REFUSED @ http://localhost:8511/_stcore/health:0
[ 1033778ms] [ERROR] Failed to load resource: net::ERR_CONNECTION_REFUSED @ http://localhost:8511/_stcore/host-config:0
[ 1033778ms] [ERROR] Client Error in reaching server endpoint - No response received when attempting to reach /_stcore/host-config @ http://localhost:8511/static/js/index.D2ZqaFuW.js:16
[ 1033779ms] [ERROR] Is Streamlit still running? If you accidentally stopped Streamlit, just restart it in your terminal: @ http://localhost:8511/static/js/index.D2ZqaFuW.js:21
[ 1033925ms] [ERROR] Failed to load resource: net::ERR_CONNECTION_REFUSED @ http://localhost:8511/_stcore/health:0
[ 1035788ms] [ERROR] Failed to load resource: net::ERR_CONNECTION_REFUSED @ http://localhost:8511/_stcore/health:0
[ 1035788ms] [ERROR] Client Error in reaching server endpoint - No response received when attempting to reach /_stcore/health @ http://localhost:8511/static/js/index.D2ZqaFuW.js:16
[ 1035788ms] [ERROR] Is Streamlit still running? If you accidentally stopped Streamlit, just restart it in your terminal: @ http://localhost:8511/static/js/index.D2ZqaFuW.js:21
[ 1035934ms] [ERROR] Failed to load resource: net::ERR_CONNECTION_REFUSED @ http://localhost:8511/_stcore/host-config:0
[ 1037795ms] [ERROR] Failed to load resource: net::ERR_CONNECTION_REFUSED @ http://localhost:8511/_stcore/host-config:0
[ 1037795ms] [ERROR] Client Error in reaching server endpoint - No response received when attempting to reach /_stcore/host-config @ http://localhost:8511/static/js/index.D2ZqaFuW.js:16
[ 1037796ms] [ERROR] Is Streamlit still running? If you accidentally stopped Streamlit, just restart it in your terminal: @ http://localhost:8511/static/js/index.D2ZqaFuW.js:21
[ 1037930ms] [ERROR] Failed to load resource: net::ERR_CONNECTION_REFUSED @ http://localhost:8511/_stcore/health:0
[ 1039804ms] [ERROR] Failed to load resource: net::ERR_CONNECTION_REFUSED @ http://localhost:8511/_stcore/health:0
[ 1039805ms] [ERROR] Client Error in reaching server endpoint - No response received when attempting to reach /_stcore/health @ http://localhost:8511/static/js/index.D2ZqaFuW.js:16
[ 1039805ms] [ERROR] Is Streamlit still running? If you accidentally stopped Streamlit, just restart it in your terminal: @ http://localhost:8511/static/js/index.D2ZqaFuW.js:21
[ 1040066ms] [ERROR] Failed to load resource: net::ERR_CONNECTION_REFUSED @ http://localhost:8511/_stcore/host-config:0
[ 1041812ms] [ERROR] Failed to load resource: net::ERR_CONNECTION_REFUSED @ http://localhost:8511/_stcore/health:0
[ 1041812ms] [ERROR] Client Error in reaching server endpoint - No response received when attempting to reach /_stcore/health @ http://localhost:8511/static/js/index.D2ZqaFuW.js:16
[ 1041812ms] [ERROR] Is Streamlit still running? If you accidentally stopped Streamlit, just restart it in your terminal: @ http://localhost:8511/static/js/index.D2ZqaFuW.js:21
[ 1041946ms] [ERROR] Failed to load resource: net::ERR_CONNECTION_REFUSED @ http://localhost:8511/_stcore/host-config:0
[ 1043819ms] [ERROR] Failed to load resource: net::ERR_CONNECTION_REFUSED @ http://localhost:8511/_stcore/health:0
[ 1043820ms] [ERROR] Client Error in reaching server endpoint - No response received when attempting to reach /_stcore/health @ http://localhost:8511/static/js/index.D2ZqaFuW.js:16
[ 1043820ms] [ERROR] Is Streamlit still running? If you accidentally stopped Streamlit, just restart it in your terminal: @ http://localhost:8511/static/js/index.D2ZqaFuW.js:21
[ 1043968ms] [ERROR] Failed to load resource: net::ERR_CONNECTION_REFUSED @ http://localhost:8511/_stcore/host-config:0
[ 1045828ms] [ERROR] Failed to load resource: net::ERR_CONNECTION_REFUSED @ http://localhost:8511/_stcore/health:0
[ 1045828ms] [ERROR] Client Error in reaching server endpoint - No response received when attempting to reach /_stcore/health @ http://localhost:8511/static/js/index.D2ZqaFuW.js:16
[ 1045828ms] [ERROR] Is Streamlit still running? If you accidentally stopped Streamlit, just restart it in your terminal: @ http://localhost:8511/static/js/index.D2ZqaFuW.js:21
[ 1045945ms] [ERROR] Failed to load resource: net::ERR_CONNECTION_REFUSED @ http://localhost:8511/_stcore/host-config:0
[ 1047837ms] [ERROR] Failed to load resource: net::ERR_CONNECTION_REFUSED @ http://localhost:8511/_stcore/health:0
[ 1047837ms] [ERROR] Client Error in reaching server endpoint - No response received when attempting to reach /_stcore/health @ http://localhost:8511/static/js/index.D2ZqaFuW.js:16
[ 1047837ms] [ERROR] Is Streamlit still running? If you accidentally stopped Streamlit, just restart it in your terminal: @ http://localhost:8511/static/js/index.D2ZqaFuW.js:21
[ 1047962ms] [ERROR] Failed to load resource: net::ERR_CONNECTION_REFUSED @ http://localhost:8511/_stcore/host-config:0
[ 1049851ms] [ERROR] Failed to load resource: net::ERR_CONNECTION_REFUSED @ http://localhost:8511/_stcore/health:0
[ 1049851ms] [ERROR] Client Error in reaching server endpoint - No response received when attempting to reach /_stcore/health @ http://localhost:8511/static/js/index.D2ZqaFuW.js:16
[ 1049851ms] [ERROR] Is Streamlit still running? If you accidentally stopped Streamlit, just restart it in your terminal: @ http://localhost:8511/static/js/index.D2ZqaFuW.js:21
[ 1050003ms] [ERROR] Failed to load resource: net::ERR_CONNECTION_REFUSED @ http://localhost:8511/_stcore/host-config:0
[ 1051857ms] [ERROR] Failed to load resource: net::ERR_CONNECTION_REFUSED @ http://localhost:8511/_stcore/health:0
[ 1051857ms] [ERROR] Client Error in reaching server endpoint - No response received when attempting to reach /_stcore/health @ http://localhost:8511/static/js/index.D2ZqaFuW.js:16
[ 1051857ms] [ERROR] Is Streamlit still running? If you accidentally stopped Streamlit, just restart it in your terminal: @ http://localhost:8511/static/js/index.D2ZqaFuW.js:21
[ 1051979ms] [ERROR] Failed to load resource: net::ERR_CONNECTION_REFUSED @ http://localhost:8511/_stcore/host-config:0
[ 1053862ms] [ERROR] Failed to load resource: net::ERR_CONNECTION_REFUSED @ http://localhost:8511/_stcore/host-config:0
[ 1053862ms] [ERROR] Client Error in reaching server endpoint - No response received when attempting to reach /_stcore/host-config @ http://localhost:8511/static/js/index.D2ZqaFuW.js:16
[ 1053862ms] [ERROR] Is Streamlit still running? If you accidentally stopped Streamlit, just restart it in your terminal: @ http://localhost:8511/static/js/index.D2ZqaFuW.js:21
[ 1054035ms] [ERROR] Failed to load resource: net::ERR_CONNECTION_REFUSED @ http://localhost:8511/_stcore/health:0
[ 1055885ms] [ERROR] Failed to load resource: net::ERR_CONNECTION_REFUSED @ http://localhost:8511/_stcore/health:0
[ 1055885ms] [ERROR] Client Error in reaching server endpoint - No response received when attempting to reach /_stcore/health @ http://localhost:8511/static/js/index.D2ZqaFuW.js:16
[ 1055885ms] [ERROR] Is Streamlit still running? If you accidentally stopped Streamlit, just restart it in your terminal: @ http://localhost:8511/static/js/index.D2ZqaFuW.js:21
[ 1056137ms] [ERROR] Failed to load resource: net::ERR_CONNECTION_REFUSED @ http://localhost:8511/_stcore/host-config:0
[ 1057897ms] [ERROR] Failed to load resource: net::ERR_CONNECTION_REFUSED @ http://localhost:8511/_stcore/host-config:0
[ 1057897ms] [ERROR] Client Error in reaching server endpoint - No response received when attempting to reach /_stcore/host-config @ http://localhost:8511/static/js/index.D2ZqaFuW.js:16
[ 1057897ms] [ERROR] Is Streamlit still running? If you accidentally stopped Streamlit, just restart it in your terminal: @ http://localhost:8511/static/js/index.D2ZqaFuW.js:21
[ 1058041ms] [ERROR] Failed to load resource: net::ERR_CONNECTION_REFUSED @ http://localhost:8511/_stcore/health:0
[ 1059905ms] [ERROR] Failed to load resource: net::ERR_CONNECTION_REFUSED @ http://localhost:8511/_stcore/health:0
[ 1059906ms] [ERROR] Client Error in reaching server endpoint - No response received when attempting to reach /_stcore/health @ http://localhost:8511/static/js/index.D2ZqaFuW.js:16
[ 1059906ms] [ERROR] Is Streamlit still running? If you accidentally stopped Streamlit, just restart it in your terminal: @ http://localhost:8511/static/js/index.D2ZqaFuW.js:21
[ 1060047ms] [ERROR] Failed to load resource: net::ERR_CONNECTION_REFUSED @ http://localhost:8511/_stcore/host-config:0
[ 1061913ms] [ERROR] Failed to load resource: net::ERR_CONNECTION_REFUSED @ http://localhost:8511/_stcore/health:0
[ 1061913ms] [ERROR] Client Error in reaching server endpoint - No response received when attempting to reach /_stcore/health @ http://localhost:8511/static/js/index.D2ZqaFuW.js:16
[ 1061913ms] [ERROR] Is Streamlit still running? If you accidentally stopped Streamlit, just restart it in your terminal: @ http://localhost:8511/static/js/index.D2ZqaFuW.js:21
[ 1062035ms] [ERROR] Failed to load resource: net::ERR_CONNECTION_REFUSED @ http://localhost:8511/_stcore/host-config:0
[ 1063922ms] [ERROR] Failed to load resource: net::ERR_CONNECTION_REFUSED @ http://localhost:8511/_stcore/health:0
[ 1063922ms] [ERROR] Client Error in reaching server endpoint - No response received when attempting to reach /_stcore/health @ http://localhost:8511/static/js/index.D2ZqaFuW.js:16
[ 1063922ms] [ERROR] Is Streamlit still running? If you accidentally stopped Streamlit, just restart it in your terminal: @ http://localhost:8511/static/js/index.D2ZqaFuW.js:21
[ 1064054ms] [ERROR] Failed to load resource: net::ERR_CONNECTION_REFUSED @ http://localhost:8511/_stcore/host-config:0
[ 1065930ms] [ERROR] Failed to load resource: net::ERR_CONNECTION_REFUSED @ http://localhost:8511/_stcore/health:0
[ 1065930ms] [ERROR] Client Error in reaching server endpoint - No response received when attempting to reach /_stcore/health @ http://localhost:8511/static/js/index.D2ZqaFuW.js:16
[ 1065930ms] [ERROR] Is Streamlit still running? If you accidentally stopped Streamlit, just restart it in your terminal: @ http://localhost:8511/static/js/index.D2ZqaFuW.js:21
[ 1066063ms] [ERROR] Failed to load resource: net::ERR_CONNECTION_REFUSED @ http://localhost:8511/_stcore/host-config:0
[ 1067937ms] [ERROR] Failed to load resource: net::ERR_CONNECTION_REFUSED @ http://localhost:8511/_stcore/health:0
[ 1067937ms] [ERROR] Client Error in reaching server endpoint - No response received when attempting to reach /_stcore/health @ http://localhost:8511/static/js/index.D2ZqaFuW.js:16
[ 1067937ms] [ERROR] Is Streamlit still running? If you accidentally stopped Streamlit, just restart it in your terminal: @ http://localhost:8511/static/js/index.D2ZqaFuW.js:21
[ 1068061ms] [ERROR] Failed to load resource: net::ERR_CONNECTION_REFUSED @ http://localhost:8511/_stcore/host-config:0
[ 1069944ms] [ERROR] Failed to load resource: net::ERR_CONNECTION_REFUSED @ http://localhost:8511/_stcore/host-config:0
[ 1069945ms] [ERROR] Client Error in reaching server endpoint - No response received when attempting to reach /_stcore/host-config @ http://localhost:8511/static/js/index.D2ZqaFuW.js:16
[ 1069945ms] [ERROR] Is Streamlit still running? If you accidentally stopped Streamlit, just restart it in your terminal: @ http://localhost:8511/static/js/index.D2ZqaFuW.js:21
[ 1070095ms] [ERROR] Failed to load resource: net::ERR_CONNECTION_REFUSED @ http://localhost:8511/_stcore/health:0
[ 1071952ms] [ERROR] Failed to load resource: net::ERR_CONNECTION_REFUSED @ http://localhost:8511/_stcore/health:0
[ 1071952ms] [ERROR] Client Error in reaching server endpoint - No response received when attempting to reach /_stcore/health @ http://localhost:8511/static/js/index.D2ZqaFuW.js:16
[ 1071953ms] [ERROR] Is Streamlit still running? If you accidentally stopped Streamlit, just restart it in your terminal: @ http://localhost:8511/static/js/index.D2ZqaFuW.js:21
[ 1072071ms] [ERROR] Failed to load resource: net::ERR_CONNECTION_REFUSED @ http://localhost:8511/_stcore/host-config:0
[ 1073959ms] [ERROR] Failed to load resource: net::ERR_CONNECTION_REFUSED @ http://localhost:8511/_stcore/host-config:0
[ 1073960ms] [ERROR] Client Error in reaching server endpoint - No response received when attempting to reach /_stcore/host-config @ http://localhost:8511/static/js/index.D2ZqaFuW.js:16
[ 1073960ms] [ERROR] Is Streamlit still running? If you accidentally stopped Streamlit, just restart it in your terminal: @ http://localhost:8511/static/js/index.D2ZqaFuW.js:21
[ 1074089ms] [ERROR] Failed to load resource: net::ERR_CONNECTION_REFUSED @ http://localhost:8511/_stcore/health:0
[ 1075966ms] [ERROR] Failed to load resource: net::ERR_CONNECTION_REFUSED @ http://localhost:8511/_stcore/health:0
[ 1075966ms] [ERROR] Client Error in reaching server endpoint - No response received when attempting to reach /_stcore/health @ http://localhost:8511/static/js/index.D2ZqaFuW.js:16
[ 1075967ms] [ERROR] Is Streamlit still running? If you accidentally stopped Streamlit, just restart it in your terminal: @ http://localhost:8511/static/js/index.D2ZqaFuW.js:21
[ 1076081ms] [ERROR] Failed to load resource: net::ERR_CONNECTION_REFUSED @ http://localhost:8511/_stcore/host-config:0
[ 1077973ms] [ERROR] Failed to load resource: net::ERR_CONNECTION_REFUSED @ http://localhost:8511/_stcore/health:0
[ 1077974ms] [ERROR] Client Error in reaching server endpoint - No response received when attempting to reach /_stcore/health @ http://localhost:8511/static/js/index.D2ZqaFuW.js:16
[ 1077974ms] [ERROR] Is Streamlit still running? If you accidentally stopped Streamlit, just restart it in your terminal: @ http://localhost:8511/static/js/index.D2ZqaFuW.js:21
[ 1078087ms] [ERROR] Failed to load resource: net::ERR_CONNECTION_REFUSED @ http://localhost:8511/_stcore/host-config:0
[ 1080044ms] [ERROR] Failed to load resource: net::ERR_CONNECTION_REFUSED @ http://localhost:8511/_stcore/health:0
[ 1080044ms] [ERROR] Client Error in reaching server endpoint - No response received when attempting to reach /_stcore/health @ http://localhost:8511/static/js/index.D2ZqaFuW.js:16
[ 1080044ms] [ERROR] Is Streamlit still running? If you accidentally stopped Streamlit, just restart it in your terminal: @ http://localhost:8511/static/js/index.D2ZqaFuW.js:21
[ 1080252ms] [ERROR] Failed to load resource: net::ERR_CONNECTION_REFUSED @ http://localhost:8511/_stcore/host-config:0
[ 1082052ms] [ERROR] Failed to load resource: net::ERR_CONNECTION_REFUSED @ http://localhost:8511/_stcore/health:0
[ 1082052ms] [ERROR] Client Error in reaching server endpoint - No response received when attempting to reach /_stcore/health @ http://localhost:8511/static/js/index.D2ZqaFuW.js:16
[ 1082052ms] [ERROR] Is Streamlit still running? If you accidentally stopped Streamlit, just restart it in your terminal: @ http://localhost:8511/static/js/index.D2ZqaFuW.js:21
[ 1082172ms] [ERROR] Failed to load resource: net::ERR_CONNECTION_REFUSED @ http://localhost:8511/_stcore/host-config:0
[ 1084059ms] [ERROR] Failed to load resource: net::ERR_CONNECTION_REFUSED @ http://localhost:8511/_stcore/health:0
[ 1084060ms] [ERROR] Client Error in reaching server endpoint - No response received when attempting to reach /_stcore/health @ http://localhost:8511/static/js/index.D2ZqaFuW.js:16
[ 1084060ms] [ERROR] Is Streamlit still running? If you accidentally stopped Streamlit, just restart it in your terminal: @ http://localhost:8511/static/js/index.D2ZqaFuW.js:21
[ 1084192ms] [ERROR] Failed to load resource: net::ERR_CONNECTION_REFUSED @ http://localhost:8511/_stcore/host-config:0
[ 1086068ms] [ERROR] Failed to load resource: net::ERR_CONNECTION_REFUSED @ http://localhost:8511/_stcore/health:0
[ 1086068ms] [ERROR] Client Error in reaching server endpoint - No response received when attempting to reach /_stcore/health @ http://localhost:8511/static/js/index.D2ZqaFuW.js:16
[ 1086068ms] [ERROR] Is Streamlit still running? If you accidentally stopped Streamlit, just restart it in your terminal: @ http://localhost:8511/static/js/index.D2ZqaFuW.js:21
[ 1086182ms] [ERROR] Failed to load resource: net::ERR_CONNECTION_REFUSED @ http://localhost:8511/_stcore/host-config:0
[ 1088076ms] [ERROR] Failed to load resource: net::ERR_CONNECTION_REFUSED @ http://localhost:8511/_stcore/health:0
[ 1088076ms] [ERROR] Client Error in reaching server endpoint - No response received when attempting to reach /_stcore/health @ http://localhost:8511/static/js/index.D2ZqaFuW.js:16
[ 1088076ms] [ERROR] Is Streamlit still running? If you accidentally stopped Streamlit, just restart it in your terminal: @ http://localhost:8511/static/js/index.D2ZqaFuW.js:21
[ 1088191ms] [ERROR] Failed to load resource: net::ERR_CONNECTION_REFUSED @ http://localhost:8511/_stcore/host-config:0
[ 1090084ms] [ERROR] Failed to load resource: net::ERR_CONNECTION_REFUSED @ http://localhost:8511/_stcore/health:0
[ 1090084ms] [ERROR] Client Error in reaching server endpoint - No response received when attempting to reach /_stcore/health @ http://localhost:8511/static/js/index.D2ZqaFuW.js:16
[ 1090084ms] [ERROR] Is Streamlit still running? If you accidentally stopped Streamlit, just restart it in your terminal: @ http://localhost:8511/static/js/index.D2ZqaFuW.js:21
[ 1090212ms] [ERROR] Failed to load resource: net::ERR_CONNECTION_REFUSED @ http://localhost:8511/_stcore/host-config:0
[ 1092091ms] [ERROR] Failed to load resource: net::ERR_CONNECTION_REFUSED @ http://localhost:8511/_stcore/health:0
[ 1092091ms] [ERROR] Client Error in reaching server endpoint - No response received when attempting to reach /_stcore/health @ http://localhost:8511/static/js/index.D2ZqaFuW.js:16
[ 1092091ms] [ERROR] Is Streamlit still running? If you accidentally stopped Streamlit, just restart it in your terminal: @ http://localhost:8511/static/js/index.D2ZqaFuW.js:21
[ 1092201ms] [ERROR] Failed to load resource: net::ERR_CONNECTION_REFUSED @ http://localhost:8511/_stcore/host-config:0
[ 1094099ms] [ERROR] Failed to load resource: net::ERR_CONNECTION_REFUSED @ http://localhost:8511/_stcore/health:0
[ 1094099ms] [ERROR] Client Error in reaching server endpoint - No response received when attempting to reach /_stcore/health @ http://localhost:8511/static/js/index.D2ZqaFuW.js:16
[ 1094100ms] [ERROR] Is Streamlit still running? If you accidentally stopped Streamlit, just restart it in your terminal: @ http://localhost:8511/static/js/index.D2ZqaFuW.js:21
[ 1094229ms] [ERROR] Failed to load resource: net::ERR_CONNECTION_REFUSED @ http://localhost:8511/_stcore/host-config:0
[ 1096108ms] [ERROR] Failed to load resource: net::ERR_CONNECTION_REFUSED @ http://localhost:8511/_stcore/host-config:0
[ 1096108ms] [ERROR] Client Error in reaching server endpoint - No response received when attempting to reach /_stcore/host-config @ http://localhost:8511/static/js/index.D2ZqaFuW.js:16
[ 1096108ms] [ERROR] Is Streamlit still running? If you accidentally stopped Streamlit, just restart it in your terminal: @ http://localhost:8511/static/js/index.D2ZqaFuW.js:21
[ 1096259ms] [ERROR] Failed to load resource: net::ERR_CONNECTION_REFUSED @ http://localhost:8511/_stcore/health:0
[ 1098115ms] [ERROR] Failed to load resource: net::ERR_CONNECTION_REFUSED @ http://localhost:8511/_stcore/health:0
[ 1098116ms] [ERROR] Client Error in reaching server endpoint - No response received when attempting to reach /_stcore/health @ http://localhost:8511/static/js/index.D2ZqaFuW.js:16
[ 1098116ms] [ERROR] Is Streamlit still running? If you accidentally stopped Streamlit, just restart it in your terminal: @ http://localhost:8511/static/js/index.D2ZqaFuW.js:21
[ 1098225ms] [ERROR] Failed to load resource: net::ERR_CONNECTION_REFUSED @ http://localhost:8511/_stcore/host-config:0
[ 1100123ms] [ERROR] Failed to load resource: net::ERR_CONNECTION_REFUSED @ http://localhost:8511/_stcore/health:0
[ 1100123ms] [ERROR] Client Error in reaching server endpoint - No response received when attempting to reach /_stcore/health @ http://localhost:8511/static/js/index.D2ZqaFuW.js:16
[ 1100124ms] [ERROR] Is Streamlit still running? If you accidentally stopped Streamlit, just restart it in your terminal: @ http://localhost:8511/static/js/index.D2ZqaFuW.js:21
[ 1100248ms] [ERROR] Failed to load resource: net::ERR_CONNECTION_REFUSED @ http://localhost:8511/_stcore/host-config:0
[ 1102132ms] [ERROR] Failed to load resource: net::ERR_CONNECTION_REFUSED @ http://localhost:8511/_stcore/health:0
[ 1102132ms] [ERROR] Client Error in reaching server endpoint - No response received when attempting to reach /_stcore/health @ http://localhost:8511/static/js/index.D2ZqaFuW.js:16
[ 1102132ms] [ERROR] Is Streamlit still running? If you accidentally stopped Streamlit, just restart it in your terminal: @ http://localhost:8511/static/js/index.D2ZqaFuW.js:21
[ 1102264ms] [ERROR] Failed to load resource: net::ERR_CONNECTION_REFUSED @ http://localhost:8511/_stcore/host-config:0
[ 1104138ms] [ERROR] Failed to load resource: net::ERR_CONNECTION_REFUSED @ http://localhost:8511/_stcore/health:0
[ 1104138ms] [ERROR] Client Error in reaching server endpoint - No response received when attempting to reach /_stcore/health @ http://localhost:8511/static/js/index.D2ZqaFuW.js:16
[ 1104139ms] [ERROR] Is Streamlit still running? If you accidentally stopped Streamlit, just restart it in your terminal: @ http://localhost:8511/static/js/index.D2ZqaFuW.js:21
[ 1104277ms] [ERROR] Failed to load resource: net::ERR_CONNECTION_REFUSED @ http://localhost:8511/_stcore/host-config:0
[ 1106146ms] [ERROR] Failed to load resource: net::ERR_CONNECTION_REFUSED @ http://localhost:8511/_stcore/health:0
[ 1106146ms] [ERROR] Client Error in reaching server endpoint - No response received when attempting to reach /_stcore/health @ http://localhost:8511/static/js/index.D2ZqaFuW.js:16
[ 1106146ms] [ERROR] Is Streamlit still running? If you accidentally stopped Streamlit, just restart it in your terminal: @ http://localhost:8511/static/js/index.D2ZqaFuW.js:21
[ 1106148ms] [ERROR] Failed to load resource: net::ERR_CONNECTION_REFUSED @ http://localhost:8511/_stcore/host-config:0
[ 1108153ms] [ERROR] Failed to load resource: net::ERR_CONNECTION_REFUSED @ http://localhost:8511/_stcore/host-config:0
[ 1108154ms] [ERROR] Client Error in reaching server endpoint - No response received when attempting to reach /_stcore/host-config @ http://localhost:8511/static/js/index.D2ZqaFuW.js:16
[ 1108154ms] [ERROR] Is Streamlit still running? If you accidentally stopped Streamlit, just restart it in your terminal: @ http://localhost:8511/static/js/index.D2ZqaFuW.js:21
[ 1108273ms] [ERROR] Failed to load resource: net::ERR_CONNECTION_REFUSED @ http://localhost:8511/_stcore/health:0
[ 1110165ms] [ERROR] Failed to load resource: net::ERR_CONNECTION_REFUSED @ http://localhost:8511/_stcore/health:0
[ 1110165ms] [ERROR] Client Error in reaching server endpoint - No response received when attempting to reach /_stcore/health @ http://localhost:8511/static/js/index.D2ZqaFuW.js:16
[ 1110165ms] [ERROR] Is Streamlit still running? If you accidentally stopped Streamlit, just restart it in your terminal: @ http://localhost:8511/static/js/index.D2ZqaFuW.js:21
[ 1110289ms] [ERROR] Failed to load resource: net::ERR_CONNECTION_REFUSED @ http://localhost:8511/_stcore/host-config:0
[ 1112173ms] [ERROR] Failed to load resource: net::ERR_CONNECTION_REFUSED @ http://localhost:8511/_stcore/health:0
[ 1112173ms] [ERROR] Client Error in reaching server endpoint - No response received when attempting to reach /_stcore/health @ http://localhost:8511/static/js/index.D2ZqaFuW.js:16
[ 1112173ms] [ERROR] Is Streamlit still running? If you accidentally stopped Streamlit, just restart it in your terminal: @ http://localhost:8511/static/js/index.D2ZqaFuW.js:21
[ 1112310ms] [ERROR] Failed to load resource: net::ERR_CONNECTION_REFUSED @ http://localhost:8511/_stcore/host-config:0
[ 1114188ms] [ERROR] Failed to load resource: net::ERR_CONNECTION_REFUSED @ http://localhost:8511/_stcore/health:0
[ 1114188ms] [ERROR] Client Error in reaching server endpoint - No response received when attempting to reach /_stcore/health @ http://localhost:8511/static/js/index.D2ZqaFuW.js:16
[ 1114188ms] [ERROR] Is Streamlit still running? If you accidentally stopped Streamlit, just restart it in your terminal: @ http://localhost:8511/static/js/index.D2ZqaFuW.js:21
[ 1114445ms] [ERROR] Failed to load resource: net::ERR_CONNECTION_REFUSED @ http://localhost:8511/_stcore/host-config:0
[ 1116196ms] [ERROR] Failed to load resource: net::ERR_CONNECTION_REFUSED @ http://localhost:8511/_stcore/health:0
[ 1116197ms] [ERROR] Client Error in reaching server endpoint - No response received when attempting to reach /_stcore/health @ http://localhost:8511/static/js/index.D2ZqaFuW.js:16
[ 1116197ms] [ERROR] Is Streamlit still running? If you accidentally stopped Streamlit, just restart it in your terminal: @ http://localhost:8511/static/js/index.D2ZqaFuW.js:21
[ 1116320ms] [ERROR] Failed to load resource: net::ERR_CONNECTION_REFUSED @ http://localhost:8511/_stcore/host-config:0
[ 1118204ms] [ERROR] Failed to load resource: net::ERR_CONNECTION_REFUSED @ http://localhost:8511/_stcore/host-config:0
[ 1118205ms] [ERROR] Client Error in reaching server endpoint - No response received when attempting to reach /_stcore/host-config @ http://localhost:8511/static/js/index.D2ZqaFuW.js:16
[ 1118205ms] [ERROR] Is Streamlit still running? If you accidentally stopped Streamlit, just restart it in your terminal: @ http://localhost:8511/static/js/index.D2ZqaFuW.js:21
[ 1118334ms] [ERROR] Failed to load resource: net::ERR_CONNECTION_REFUSED @ http://localhost:8511/_stcore/health:0
[ 1120212ms] [ERROR] Failed to load resource: net::ERR_CONNECTION_REFUSED @ http://localhost:8511/_stcore/health:0
[ 1120212ms] [ERROR] Client Error in reaching server endpoint - No response received when attempting to reach /_stcore/health @ http://localhost:8511/static/js/index.D2ZqaFuW.js:16
[ 1120212ms] [ERROR] Is Streamlit still running? If you accidentally stopped Streamlit, just restart it in your terminal: @ http://localhost:8511/static/js/index.D2ZqaFuW.js:21
[ 1120329ms] [ERROR] Failed to load resource: net::ERR_CONNECTION_REFUSED @ http://localhost:8511/_stcore/host-config:0
[ 1122220ms] [ERROR] Failed to load resource: net::ERR_CONNECTION_REFUSED @ http://localhost:8511/_stcore/health:0
[ 1122220ms] [ERROR] Client Error in reaching server endpoint - No response received when attempting to reach /_stcore/health @ http://localhost:8511/static/js/index.D2ZqaFuW.js:16
[ 1122220ms] [ERROR] Is Streamlit still running? If you accidentally stopped Streamlit, just restart it in your terminal: @ http://localhost:8511/static/js/index.D2ZqaFuW.js:21
[ 1122359ms] [ERROR] Failed to load resource: net::ERR_CONNECTION_REFUSED @ http://localhost:8511/_stcore/host-config:0
[ 1124227ms] [ERROR] Failed to load resource: net::ERR_CONNECTION_REFUSED @ http://localhost:8511/_stcore/health:0
[ 1124228ms] [ERROR] Client Error in reaching server endpoint - No response received when attempting to reach /_stcore/health @ http://localhost:8511/static/js/index.D2ZqaFuW.js:16
[ 1124228ms] [ERROR] Is Streamlit still running? If you accidentally stopped Streamlit, just restart it in your terminal: @ http://localhost:8511/static/js/index.D2ZqaFuW.js:21
[ 1124355ms] [ERROR] Failed to load resource: net::ERR_CONNECTION_REFUSED @ http://localhost:8511/_stcore/host-config:0
[ 1126235ms] [ERROR] Failed to load resource: net::ERR_CONNECTION_REFUSED @ http://localhost:8511/_stcore/health:0
[ 1126235ms] [ERROR] Client Error in reaching server endpoint - No response received when attempting to reach /_stcore/health @ http://localhost:8511/static/js/index.D2ZqaFuW.js:16
[ 1126235ms] [ERROR] Is Streamlit still running? If you accidentally stopped Streamlit, just restart it in your terminal: @ http://localhost:8511/static/js/index.D2ZqaFuW.js:21
[ 1126351ms] [ERROR] Failed to load resource: net::ERR_CONNECTION_REFUSED @ http://localhost:8511/_stcore/host-config:0
[ 1128242ms] [ERROR] Failed to load resource: net::ERR_CONNECTION_REFUSED @ http://localhost:8511/_stcore/health:0
[ 1128243ms] [ERROR] Client Error in reaching server endpoint - No response received when attempting to reach /_stcore/health @ http://localhost:8511/static/js/index.D2ZqaFuW.js:16
[ 1128243ms] [ERROR] Is Streamlit still running? If you accidentally stopped Streamlit, just restart it in your terminal: @ http://localhost:8511/static/js/index.D2ZqaFuW.js:21
[ 1128377ms] [ERROR] Failed to load resource: net::ERR_CONNECTION_REFUSED @ http://localhost:8511/_stcore/host-config:0
[ 1130249ms] [ERROR] Failed to load resource: net::ERR_CONNECTION_REFUSED @ http://localhost:8511/_stcore/host-config:0
[ 1130249ms] [ERROR] Client Error in reaching server endpoint - No response received when attempting to reach /_stcore/host-config @ http://localhost:8511/static/js/index.D2ZqaFuW.js:16
[ 1130250ms] [ERROR] Is Streamlit still running? If you accidentally stopped Streamlit, just restart it in your terminal: @ http://localhost:8511/static/js/index.D2ZqaFuW.js:21
[ 1130365ms] [ERROR] Failed to load resource: net::ERR_CONNECTION_REFUSED @ http://localhost:8511/_stcore/health:0
[ 1132257ms] [ERROR] Failed to load resource: net::ERR_CONNECTION_REFUSED @ http://localhost:8511/_stcore/health:0
[ 1132257ms] [ERROR] Client Error in reaching server endpoint - No response received when attempting to reach /_stcore/health @ http://localhost:8511/static/js/index.D2ZqaFuW.js:16
[ 1132257ms] [ERROR] Is Streamlit still running? If you accidentally stopped Streamlit, just restart it in your terminal: @ http://localhost:8511/static/js/index.D2ZqaFuW.js:21
[ 1132387ms] [ERROR] Failed to load resource: net::ERR_CONNECTION_REFUSED @ http://localhost:8511/_stcore/host-config:0
[ 1134263ms] [ERROR] Failed to load resource: net::ERR_CONNECTION_REFUSED @ http://localhost:8511/_stcore/health:0
[ 1134263ms] [ERROR] Client Error in reaching server endpoint - No response received when attempting to reach /_stcore/health @ http://localhost:8511/static/js/index.D2ZqaFuW.js:16
[ 1134263ms] [ERROR] Is Streamlit still running? If you accidentally stopped Streamlit, just restart it in your terminal: @ http://localhost:8511/static/js/index.D2ZqaFuW.js:21
[ 1134384ms] [ERROR] Failed to load resource: net::ERR_CONNECTION_REFUSED @ http://localhost:8511/_stcore/host-config:0
[ 1136270ms] [ERROR] Failed to load resource: net::ERR_CONNECTION_REFUSED @ http://localhost:8511/_stcore/health:0
[ 1136270ms] [ERROR] Client Error in reaching server endpoint - No response received when attempting to reach /_stcore/health @ http://localhost:8511/static/js/index.D2ZqaFuW.js:16
[ 1136271ms] [ERROR] Is Streamlit still running? If you accidentally stopped Streamlit, just restart it in your terminal: @ http://localhost:8511/static/js/index.D2ZqaFuW.js:21
[ 1136384ms] [ERROR] Failed to load resource: net::ERR_CONNECTION_REFUSED @ http://localhost:8511/_stcore/host-config:0
[ 1138278ms] [ERROR] Failed to load resource: net::ERR_CONNECTION_REFUSED @ http://localhost:8511/_stcore/health:0
[ 1138278ms] [ERROR] Client Error in reaching server endpoint - No response received when attempting to reach /_stcore/health @ http://localhost:8511/static/js/index.D2ZqaFuW.js:16
[ 1138279ms] [ERROR] Is Streamlit still running? If you accidentally stopped Streamlit, just restart it in your terminal: @ http://localhost:8511/static/js/index.D2ZqaFuW.js:21
[ 1138414ms] [ERROR] Failed to load resource: net::ERR_CONNECTION_REFUSED @ http://localhost:8511/_stcore/host-config:0
[ 1140287ms] [ERROR] Failed to load resource: net::ERR_CONNECTION_REFUSED @ http://localhost:8511/_stcore/health:0
[ 1140287ms] [ERROR] Client Error in reaching server endpoint - No response received when attempting to reach /_stcore/health @ http://localhost:8511/static/js/index.D2ZqaFuW.js:16
[ 1140287ms] [ERROR] Is Streamlit still running? If you accidentally stopped Streamlit, just restart it in your terminal: @ http://localhost:8511/static/js/index.D2ZqaFuW.js:21
[ 1140404ms] [ERROR] Failed to load resource: net::ERR_CONNECTION_REFUSED @ http://localhost:8511/_stcore/host-config:0
[ 1142295ms] [ERROR] Failed to load resource: net::ERR_CONNECTION_REFUSED @ http://localhost:8511/_stcore/health:0
[ 1142295ms] [ERROR] Client Error in reaching server endpoint - No response received when attempting to reach /_stcore/health @ http://localhost:8511/static/js/index.D2ZqaFuW.js:16
[ 1142295ms] [ERROR] Is Streamlit still running? If you accidentally stopped Streamlit, just restart it in your terminal: @ http://localhost:8511/static/js/index.D2ZqaFuW.js:21
[ 1142428ms] [ERROR] Failed to load resource: net::ERR_CONNECTION_REFUSED @ http://localhost:8511/_stcore/host-config:0
[ 1144302ms] [ERROR] Failed to load resource: net::ERR_CONNECTION_REFUSED @ http://localhost:8511/_stcore/health:0
[ 1144302ms] [ERROR] Client Error in reaching server endpoint - No response received when attempting to reach /_stcore/health @ http://localhost:8511/static/js/index.D2ZqaFuW.js:16
[ 1144303ms] [ERROR] Is Streamlit still running? If you accidentally stopped Streamlit, just restart it in your terminal: @ http://localhost:8511/static/js/index.D2ZqaFuW.js:21
[ 1144421ms] [ERROR] Failed to load resource: net::ERR_CONNECTION_REFUSED @ http://localhost:8511/_stcore/host-config:0
[ 1146310ms] [ERROR] Failed to load resource: net::ERR_CONNECTION_REFUSED @ http://localhost:8511/_stcore/health:0
[ 1146310ms] [ERROR] Client Error in reaching server endpoint - No response received when attempting to reach /_stcore/health @ http://localhost:8511/static/js/index.D2ZqaFuW.js:16
[ 1146311ms] [ERROR] Is Streamlit still running? If you accidentally stopped Streamlit, just restart it in your terminal: @ http://localhost:8511/static/js/index.D2ZqaFuW.js:21
[ 1146430ms] [ERROR] Failed to load resource: net::ERR_CONNECTION_REFUSED @ http://localhost:8511/_stcore/host-config:0
[ 1148317ms] [ERROR] Failed to load resource: net::ERR_CONNECTION_REFUSED @ http://localhost:8511/_stcore/health:0
[ 1148318ms] [ERROR] Client Error in reaching server endpoint - No response received when attempting to reach /_stcore/health @ http://localhost:8511/static/js/index.D2ZqaFuW.js:16
[ 1148318ms] [ERROR] Is Streamlit still running? If you accidentally stopped Streamlit, just restart it in your terminal: @ http://localhost:8511/static/js/index.D2ZqaFuW.js:21
[ 1148449ms] [ERROR] Failed to load resource: net::ERR_CONNECTION_REFUSED @ http://localhost:8511/_stcore/host-config:0
[ 1150324ms] [ERROR] Failed to load resource: net::ERR_CONNECTION_REFUSED @ http://localhost:8511/_stcore/health:0
[ 1150325ms] [ERROR] Client Error in reaching server endpoint - No response received when attempting to reach /_stcore/health @ http://localhost:8511/static/js/index.D2ZqaFuW.js:16
[ 1150325ms] [ERROR] Is Streamlit still running? If you accidentally stopped Streamlit, just restart it in your terminal: @ http://localhost:8511/static/js/index.D2ZqaFuW.js:21
[ 1150442ms] [ERROR] Failed to load resource: net::ERR_CONNECTION_REFUSED @ http://localhost:8511/_stcore/host-config:0
[ 1152332ms] [ERROR] Failed to load resource: net::ERR_CONNECTION_REFUSED @ http://localhost:8511/_stcore/health:0
[ 1152333ms] [ERROR] Client Error in reaching server endpoint - No response received when attempting to reach /_stcore/health @ http://localhost:8511/static/js/index.D2ZqaFuW.js:16
[ 1152333ms] [ERROR] Is Streamlit still running? If you accidentally stopped Streamlit, just restart it in your terminal: @ http://localhost:8511/static/js/index.D2ZqaFuW.js:21
[ 1152459ms] [ERROR] Failed to load resource: net::ERR_CONNECTION_REFUSED @ http://localhost:8511/_stcore/host-config:0
[ 1154340ms] [ERROR] Failed to load resource: net::ERR_CONNECTION_REFUSED @ http://localhost:8511/_stcore/health:0
[ 1154340ms] [ERROR] Client Error in reaching server endpoint - No response received when attempting to reach /_stcore/health @ http://localhost:8511/static/js/index.D2ZqaFuW.js:16
[ 1154341ms] [ERROR] Is Streamlit still running? If you accidentally stopped Streamlit, just restart it in your terminal: @ http://localhost:8511/static/js/index.D2ZqaFuW.js:21
[ 1154466ms] [ERROR] Failed to load resource: net::ERR_CONNECTION_REFUSED @ http://localhost:8511/_stcore/host-config:0
[ 1156347ms] [ERROR] Failed to load resource: net::ERR_CONNECTION_REFUSED @ http://localhost:8511/_stcore/health:0
[ 1156348ms] [ERROR] Client Error in reaching server endpoint - No response received when attempting to reach /_stcore/health @ http://localhost:8511/static/js/index.D2ZqaFuW.js:16
[ 1156348ms] [ERROR] Is Streamlit still running? If you accidentally stopped Streamlit, just restart it in your terminal: @ http://localhost:8511/static/js/index.D2ZqaFuW.js:21
[ 1156480ms] [ERROR] Failed to load resource: net::ERR_CONNECTION_REFUSED @ http://localhost:8511/_stcore/host-config:0
[ 1158356ms] [ERROR] Failed to load resource: net::ERR_CONNECTION_REFUSED @ http://localhost:8511/_stcore/health:0
[ 1158356ms] [ERROR] Client Error in reaching server endpoint - No response received when attempting to reach /_stcore/health @ http://localhost:8511/static/js/index.D2ZqaFuW.js:16
[ 1158357ms] [ERROR] Is Streamlit still running? If you accidentally stopped Streamlit, just restart it in your terminal: @ http://localhost:8511/static/js/index.D2ZqaFuW.js:21
[ 1158469ms] [ERROR] Failed to load resource: net::ERR_CONNECTION_REFUSED @ http://localhost:8511/_stcore/host-config:0
[ 1160363ms] [ERROR] Failed to load resource: net::ERR_CONNECTION_REFUSED @ http://localhost:8511/_stcore/health:0
[ 1160364ms] [ERROR] Client Error in reaching server endpoint - No response received when attempting to reach /_stcore/health @ http://localhost:8511/static/js/index.D2ZqaFuW.js:16
[ 1160364ms] [ERROR] Is Streamlit still running? If you accidentally stopped Streamlit, just restart it in your terminal: @ http://localhost:8511/static/js/index.D2ZqaFuW.js:21
[ 1160478ms] [ERROR] Failed to load resource: net::ERR_CONNECTION_REFUSED @ http://localhost:8511/_stcore/host-config:0
[ 1162372ms] [ERROR] Failed to load resource: net::ERR_CONNECTION_REFUSED @ http://localhost:8511/_stcore/health:0
[ 1162372ms] [ERROR] Client Error in reaching server endpoint - No response received when attempting to reach /_stcore/health @ http://localhost:8511/static/js/index.D2ZqaFuW.js:16
[ 1162373ms] [ERROR] Is Streamlit still running? If you accidentally stopped Streamlit, just restart it in your terminal: @ http://localhost:8511/static/js/index.D2ZqaFuW.js:21
[ 1162497ms] [ERROR] Failed to load resource: net::ERR_CONNECTION_REFUSED @ http://localhost:8511/_stcore/host-config:0
[ 1164379ms] [ERROR] Failed to load resource: net::ERR_CONNECTION_REFUSED @ http://localhost:8511/_stcore/health:0
[ 1164380ms] [ERROR] Client Error in reaching server endpoint - No response received when attempting to reach /_stcore/health @ http://localhost:8511/static/js/index.D2ZqaFuW.js:16
[ 1164380ms] [ERROR] Is Streamlit still running? If you accidentally stopped Streamlit, just restart it in your terminal: @ http://localhost:8511/static/js/index.D2ZqaFuW.js:21
[ 1164519ms] [ERROR] Failed to load resource: net::ERR_CONNECTION_REFUSED @ http://localhost:8511/_stcore/host-config:0
[ 1166386ms] [ERROR] Failed to load resource: net::ERR_CONNECTION_REFUSED @ http://localhost:8511/_stcore/health:0
[ 1166387ms] [ERROR] Client Error in reaching server endpoint - No response received when attempting to reach /_stcore/health @ http://localhost:8511/static/js/index.D2ZqaFuW.js:16
[ 1166387ms] [ERROR] Is Streamlit still running? If you accidentally stopped Streamlit, just restart it in your terminal: @ http://localhost:8511/static/js/index.D2ZqaFuW.js:21
[ 1166517ms] [ERROR] Failed to load resource: net::ERR_CONNECTION_REFUSED @ http://localhost:8511/_stcore/host-config:0
[ 1168394ms] [ERROR] Failed to load resource: net::ERR_CONNECTION_REFUSED @ http://localhost:8511/_stcore/host-config:0
[ 1168394ms] [ERROR] Client Error in reaching server endpoint - No response received when attempting to reach /_stcore/host-config @ http://localhost:8511/static/js/index.D2ZqaFuW.js:16
[ 1168394ms] [ERROR] Is Streamlit still running? If you accidentally stopped Streamlit, just restart it in your terminal: @ http://localhost:8511/static/js/index.D2ZqaFuW.js:21
[ 1168515ms] [ERROR] Failed to load resource: net::ERR_CONNECTION_REFUSED @ http://localhost:8511/_stcore/health:0
[ 1170402ms] [ERROR] Failed to load resource: net::ERR_CONNECTION_REFUSED @ http://localhost:8511/_stcore/health:0
[ 1170402ms] [ERROR] Client Error in reaching server endpoint - No response received when attempting to reach /_stcore/health @ http://localhost:8511/static/js/index.D2ZqaFuW.js:16
[ 1170402ms] [ERROR] Is Streamlit still running? If you accidentally stopped Streamlit, just restart it in your terminal: @ http://localhost:8511/static/js/index.D2ZqaFuW.js:21
[ 1170524ms] [ERROR] Failed to load resource: net::ERR_CONNECTION_REFUSED @ http://localhost:8511/_stcore/host-config:0
[ 1172408ms] [ERROR] Failed to load resource: net::ERR_CONNECTION_REFUSED @ http://localhost:8511/_stcore/host-config:0
[ 1172408ms] [ERROR] Client Error in reaching server endpoint - No response received when attempting to reach /_stcore/host-config @ http://localhost:8511/static/js/index.D2ZqaFuW.js:16
[ 1172408ms] [ERROR] Is Streamlit still running? If you accidentally stopped Streamlit, just restart it in your terminal: @ http://localhost:8511/static/js/index.D2ZqaFuW.js:21
[ 1172598ms] [ERROR] Failed to load resource: net::ERR_CONNECTION_REFUSED @ http://localhost:8511/_stcore/health:0
[ 1174417ms] [ERROR] Failed to load resource: net::ERR_CONNECTION_REFUSED @ http://localhost:8511/_stcore/health:0
[ 1174417ms] [ERROR] Client Error in reaching server endpoint - No response received when attempting to reach /_stcore/health @ http://localhost:8511/static/js/index.D2ZqaFuW.js:16
[ 1174417ms] [ERROR] Is Streamlit still running? If you accidentally stopped Streamlit, just restart it in your terminal: @ http://localhost:8511/static/js/index.D2ZqaFuW.js:21
[ 1174418ms] [ERROR] Failed to load resource: net::ERR_CONNECTION_REFUSED @ http://localhost:8511/_stcore/host-config:0
[ 1176422ms] [ERROR] Failed to load resource: net::ERR_CONNECTION_REFUSED @ http://localhost:8511/_stcore/health:0
[ 1176423ms] [ERROR] Client Error in reaching server endpoint - No response received when attempting to reach /_stcore/health @ http://localhost:8511/static/js/index.D2ZqaFuW.js:16
[ 1176423ms] [ERROR] Is Streamlit still running? If you accidentally stopped Streamlit, just restart it in your terminal: @ http://localhost:8511/static/js/index.D2ZqaFuW.js:21
[ 1176568ms] [ERROR] Failed to load resource: net::ERR_CONNECTION_REFUSED @ http://localhost:8511/_stcore/host-config:0
[ 1178430ms] [ERROR] Failed to load resource: net::ERR_CONNECTION_REFUSED @ http://localhost:8511/_stcore/health:0
[ 1178430ms] [ERROR] Client Error in reaching server endpoint - No response received when attempting to reach /_stcore/health @ http://localhost:8511/static/js/index.D2ZqaFuW.js:16
[ 1178430ms] [ERROR] Is Streamlit still running? If you accidentally stopped Streamlit, just restart it in your terminal: @ http://localhost:8511/static/js/index.D2ZqaFuW.js:21
[ 1178550ms] [ERROR] Failed to load resource: net::ERR_CONNECTION_REFUSED @ http://localhost:8511/_stcore/host-config:0
[ 1180437ms] [ERROR] Failed to load resource: net::ERR_CONNECTION_REFUSED @ http://localhost:8511/_stcore/health:0
[ 1180437ms] [ERROR] Client Error in reaching server endpoint - No response received when attempting to reach /_stcore/health @ http://localhost:8511/static/js/index.D2ZqaFuW.js:16
[ 1180437ms] [ERROR] Is Streamlit still running? If you accidentally stopped Streamlit, just restart it in your terminal: @ http://localhost:8511/static/js/index.D2ZqaFuW.js:21
[ 1180553ms] [ERROR] Failed to load resource: net::ERR_CONNECTION_REFUSED @ http://localhost:8511/_stcore/host-config:0
[ 1182443ms] [ERROR] Failed to load resource: net::ERR_CONNECTION_REFUSED @ http://localhost:8511/_stcore/health:0
[ 1182443ms] [ERROR] Client Error in reaching server endpoint - No response received when attempting to reach /_stcore/health @ http://localhost:8511/static/js/index.D2ZqaFuW.js:16
[ 1182443ms] [ERROR] Is Streamlit still running? If you accidentally stopped Streamlit, just restart it in your terminal: @ http://localhost:8511/static/js/index.D2ZqaFuW.js:21
[ 1182566ms] [ERROR] Failed to load resource: net::ERR_CONNECTION_REFUSED @ http://localhost:8511/_stcore/host-config:0
[ 1184450ms] [ERROR] Failed to load resource: net::ERR_CONNECTION_REFUSED @ http://localhost:8511/_stcore/health:0
[ 1184450ms] [ERROR] Client Error in reaching server endpoint - No response received when attempting to reach /_stcore/health @ http://localhost:8511/static/js/index.D2ZqaFuW.js:16
[ 1184450ms] [ERROR] Is Streamlit still running? If you accidentally stopped Streamlit, just restart it in your terminal: @ http://localhost:8511/static/js/index.D2ZqaFuW.js:21
[ 1184566ms] [ERROR] Failed to load resource: net::ERR_CONNECTION_REFUSED @ http://localhost:8511/_stcore/host-config:0
[ 1186457ms] [ERROR] Failed to load resource: net::ERR_CONNECTION_REFUSED @ http://localhost:8511/_stcore/health:0
[ 1186458ms] [ERROR] Client Error in reaching server endpoint - No response received when attempting to reach /_stcore/health @ http://localhost:8511/static/js/index.D2ZqaFuW.js:16
[ 1186458ms] [ERROR] Is Streamlit still running? If you accidentally stopped Streamlit, just restart it in your terminal: @ http://localhost:8511/static/js/index.D2ZqaFuW.js:21
[ 1186583ms] [ERROR] Failed to load resource: net::ERR_CONNECTION_REFUSED @ http://localhost:8511/_stcore/host-config:0
[ 1188464ms] [ERROR] Failed to load resource: net::ERR_CONNECTION_REFUSED @ http://localhost:8511/_stcore/health:0
[ 1188464ms] [ERROR] Client Error in reaching server endpoint - No response received when attempting to reach /_stcore/health @ http://localhost:8511/static/js/index.D2ZqaFuW.js:16
[ 1188464ms] [ERROR] Is Streamlit still running? If you accidentally stopped Streamlit, just restart it in your terminal: @ http://localhost:8511/static/js/index.D2ZqaFuW.js:21
[ 1188574ms] [ERROR] Failed to load resource: net::ERR_CONNECTION_REFUSED @ http://localhost:8511/_stcore/host-config:0
[ 1190471ms] [ERROR] Failed to load resource: net::ERR_CONNECTION_REFUSED @ http://localhost:8511/_stcore/health:0
[ 1190471ms] [ERROR] Client Error in reaching server endpoint - No response received when attempting to reach /_stcore/health @ http://localhost:8511/static/js/index.D2ZqaFuW.js:16
[ 1190472ms] [ERROR] Is Streamlit still running? If you accidentally stopped Streamlit, just restart it in your terminal: @ http://localhost:8511/static/js/index.D2ZqaFuW.js:21
[ 1190588ms] [ERROR] Failed to load resource: net::ERR_CONNECTION_REFUSED @ http://localhost:8511/_stcore/host-config:0
[ 1192479ms] [ERROR] Failed to load resource: net::ERR_CONNECTION_REFUSED @ http://localhost:8511/_stcore/health:0
[ 1192479ms] [ERROR] Client Error in reaching server endpoint - No response received when attempting to reach /_stcore/health @ http://localhost:8511/static/js/index.D2ZqaFuW.js:16
[ 1192479ms] [ERROR] Is Streamlit still running? If you accidentally stopped Streamlit, just restart it in your terminal: @ http://localhost:8511/static/js/index.D2ZqaFuW.js:21
[ 1192611ms] [ERROR] Failed to load resource: net::ERR_CONNECTION_REFUSED @ http://localhost:8511/_stcore/host-config:0
[ 1194488ms] [ERROR] Failed to load resource: net::ERR_CONNECTION_REFUSED @ http://localhost:8511/_stcore/health:0
[ 1194488ms] [ERROR] Client Error in reaching server endpoint - No response received when attempting to reach /_stcore/health @ http://localhost:8511/static/js/index.D2ZqaFuW.js:16
[ 1194488ms] [ERROR] Is Streamlit still running? If you accidentally stopped Streamlit, just restart it in your terminal: @ http://localhost:8511/static/js/index.D2ZqaFuW.js:21
[ 1194605ms] [ERROR] Failed to load resource: net::ERR_CONNECTION_REFUSED @ http://localhost:8511/_stcore/host-config:0
[ 1196495ms] [ERROR] Failed to load resource: net::ERR_CONNECTION_REFUSED @ http://localhost:8511/_stcore/health:0
[ 1196495ms] [ERROR] Client Error in reaching server endpoint - No response received when attempting to reach /_stcore/health @ http://localhost:8511/static/js/index.D2ZqaFuW.js:16
[ 1196495ms] [ERROR] Is Streamlit still running? If you accidentally stopped Streamlit, just restart it in your terminal: @ http://localhost:8511/static/js/index.D2ZqaFuW.js:21
[ 1196660ms] [ERROR] Failed to load resource: net::ERR_CONNECTION_REFUSED @ http://localhost:8511/_stcore/host-config:0
[ 1198500ms] [ERROR] Failed to load resource: net::ERR_CONNECTION_REFUSED @ http://localhost:8511/_stcore/health:0
[ 1198500ms] [ERROR] Client Error in reaching server endpoint - No response received when attempting to reach /_stcore/health @ http://localhost:8511/static/js/index.D2ZqaFuW.js:16
[ 1198500ms] [ERROR] Is Streamlit still running? If you accidentally stopped Streamlit, just restart it in your terminal: @ http://localhost:8511/static/js/index.D2ZqaFuW.js:21
[ 1198500ms] [ERROR] Failed to load resource: net::ERR_CONNECTION_REFUSED @ http://localhost:8511/_stcore/host-config:0
[ 1200508ms] [ERROR] Failed to load resource: net::ERR_CONNECTION_REFUSED @ http://localhost:8511/_stcore/host-config:0
[ 1200508ms] [ERROR] Client Error in reaching server endpoint - No response received when attempting to reach /_stcore/host-config @ http://localhost:8511/static/js/index.D2ZqaFuW.js:16
[ 1200509ms] [ERROR] Is Streamlit still running? If you accidentally stopped Streamlit, just restart it in your terminal: @ http://localhost:8511/static/js/index.D2ZqaFuW.js:21
[ 1200640ms] [ERROR] Failed to load resource: net::ERR_CONNECTION_REFUSED @ http://localhost:8511/_stcore/health:0
[ 1202515ms] [ERROR] Failed to load resource: net::ERR_CONNECTION_REFUSED @ http://localhost:8511/_stcore/host-config:0
[ 1202515ms] [ERROR] Client Error in reaching server endpoint - No response received when attempting to reach /_stcore/host-config @ http://localhost:8511/static/js/index.D2ZqaFuW.js:16
[ 1202516ms] [ERROR] Is Streamlit still running? If you accidentally stopped Streamlit, just restart it in your terminal: @ http://localhost:8511/static/js/index.D2ZqaFuW.js:21
[ 1202627ms] [ERROR] Failed to load resource: net::ERR_CONNECTION_REFUSED @ http://localhost:8511/_stcore/health:0
[ 1204523ms] [ERROR] Failed to load resource: net::ERR_CONNECTION_REFUSED @ http://localhost:8511/_stcore/health:0
[ 1204524ms] [ERROR] Client Error in reaching server endpoint - No response received when attempting to reach /_stcore/health @ http://localhost:8511/static/js/index.D2ZqaFuW.js:16
[ 1204524ms] [ERROR] Is Streamlit still running? If you accidentally stopped Streamlit, just restart it in your terminal: @ http://localhost:8511/static/js/index.D2ZqaFuW.js:21
[ 1204642ms] [ERROR] Failed to load resource: net::ERR_CONNECTION_REFUSED @ http://localhost:8511/_stcore/host-config:0
[ 1206530ms] [ERROR] Failed to load resource: net::ERR_CONNECTION_REFUSED @ http://localhost:8511/_stcore/health:0
[ 1206530ms] [ERROR] Client Error in reaching server endpoint - No response received when attempting to reach /_stcore/health @ http://localhost:8511/static/js/index.D2ZqaFuW.js:16
[ 1206530ms] [ERROR] Is Streamlit still running? If you accidentally stopped Streamlit, just restart it in your terminal: @ http://localhost:8511/static/js/index.D2ZqaFuW.js:21
[ 1206666ms] [ERROR] Failed to load resource: net::ERR_CONNECTION_REFUSED @ http://localhost:8511/_stcore/host-config:0
[ 1208536ms] [ERROR] Failed to load resource: net::ERR_CONNECTION_REFUSED @ http://localhost:8511/_stcore/host-config:0
[ 1208537ms] [ERROR] Client Error in reaching server endpoint - No response received when attempting to reach /_stcore/host-config @ http://localhost:8511/static/js/index.D2ZqaFuW.js:16
[ 1208537ms] [ERROR] Is Streamlit still running? If you accidentally stopped Streamlit, just restart it in your terminal: @ http://localhost:8511/static/js/index.D2ZqaFuW.js:21
[ 1208653ms] [ERROR] Failed to load resource: net::ERR_CONNECTION_REFUSED @ http://localhost:8511/_stcore/health:0
[ 1210544ms] [ERROR] Failed to load resource: net::ERR_CONNECTION_REFUSED @ http://localhost:8511/_stcore/host-config:0
[ 1210544ms] [ERROR] Client Error in reaching server endpoint - No response received when attempting to reach /_stcore/host-config @ http://localhost:8511/static/js/index.D2ZqaFuW.js:16
[ 1210544ms] [ERROR] Is Streamlit still running? If you accidentally stopped Streamlit, just restart it in your terminal: @ http://localhost:8511/static/js/index.D2ZqaFuW.js:21
[ 1210679ms] [ERROR] Failed to load resource: net::ERR_CONNECTION_REFUSED @ http://localhost:8511/_stcore/health:0
[ 1212551ms] [ERROR] Failed to load resource: net::ERR_CONNECTION_REFUSED @ http://localhost:8511/_stcore/health:0
[ 1212552ms] [ERROR] Client Error in reaching server endpoint - No response received when attempting to reach /_stcore/health @ http://localhost:8511/static/js/index.D2ZqaFuW.js:16
[ 1212552ms] [ERROR] Is Streamlit still running? If you accidentally stopped Streamlit, just restart it in your terminal: @ http://localhost:8511/static/js/index.D2ZqaFuW.js:21
[ 1212668ms] [ERROR] Failed to load resource: net::ERR_CONNECTION_REFUSED @ http://localhost:8511/_stcore/host-config:0
[ 1214559ms] [ERROR] Failed to load resource: net::ERR_CONNECTION_REFUSED @ http://localhost:8511/_stcore/health:0
[ 1214559ms] [ERROR] Client Error in reaching server endpoint - No response received when attempting to reach /_stcore/health @ http://localhost:8511/static/js/index.D2ZqaFuW.js:16
[ 1214559ms] [ERROR] Is Streamlit still running? If you accidentally stopped Streamlit, just restart it in your terminal: @ http://localhost:8511/static/js/index.D2ZqaFuW.js:21
[ 1214676ms] [ERROR] Failed to load resource: net::ERR_CONNECTION_REFUSED @ http://localhost:8511/_stcore/host-config:0
[ 1216567ms] [ERROR] Failed to load resource: net::ERR_CONNECTION_REFUSED @ http://localhost:8511/_stcore/health:0
[ 1216568ms] [ERROR] Client Error in reaching server endpoint - No response received when attempting to reach /_stcore/health @ http://localhost:8511/static/js/index.D2ZqaFuW.js:16
[ 1216568ms] [ERROR] Is Streamlit still running? If you accidentally stopped Streamlit, just restart it in your terminal: @ http://localhost:8511/static/js/index.D2ZqaFuW.js:21
[ 1216700ms] [ERROR] Failed to load resource: net::ERR_CONNECTION_REFUSED @ http://localhost:8511/_stcore/host-config:0
[ 1218575ms] [ERROR] Failed to load resource: net::ERR_CONNECTION_REFUSED @ http://localhost:8511/_stcore/health:0
[ 1218575ms] [ERROR] Client Error in reaching server endpoint - No response received when attempting to reach /_stcore/health @ http://localhost:8511/static/js/index.D2ZqaFuW.js:16
[ 1218575ms] [ERROR] Is Streamlit still running? If you accidentally stopped Streamlit, just restart it in your terminal: @ http://localhost:8511/static/js/index.D2ZqaFuW.js:21
[ 1218695ms] [ERROR] Failed to load resource: net::ERR_CONNECTION_REFUSED @ http://localhost:8511/_stcore/host-config:0
[ 1220582ms] [ERROR] Failed to load resource: net::ERR_CONNECTION_REFUSED @ http://localhost:8511/_stcore/health:0
[ 1220582ms] [ERROR] Client Error in reaching server endpoint - No response received when attempting to reach /_stcore/health @ http://localhost:8511/static/js/index.D2ZqaFuW.js:16
[ 1220582ms] [ERROR] Is Streamlit still running? If you accidentally stopped Streamlit, just restart it in your terminal: @ http://localhost:8511/static/js/index.D2ZqaFuW.js:21
[ 1220718ms] [ERROR] Failed to load resource: net::ERR_CONNECTION_REFUSED @ http://localhost:8511/_stcore/host-config:0
[ 1222588ms] [ERROR] Failed to load resource: net::ERR_CONNECTION_REFUSED @ http://localhost:8511/_stcore/health:0
[ 1222588ms] [ERROR] Client Error in reaching server endpoint - No response received when attempting to reach /_stcore/health @ http://localhost:8511/static/js/index.D2ZqaFuW.js:16
[ 1222588ms] [ERROR] Is Streamlit still running? If you accidentally stopped Streamlit, just restart it in your terminal: @ http://localhost:8511/static/js/index.D2ZqaFuW.js:21
[ 1222704ms] [ERROR] Failed to load resource: net::ERR_CONNECTION_REFUSED @ http://localhost:8511/_stcore/host-config:0
[ 1224595ms] [ERROR] Failed to load resource: net::ERR_CONNECTION_REFUSED @ http://localhost:8511/_stcore/health:0
[ 1224596ms] [ERROR] Client Error in reaching server endpoint - No response received when attempting to reach /_stcore/health @ http://localhost:8511/static/js/index.D2ZqaFuW.js:16
[ 1224596ms] [ERROR] Is Streamlit still running? If you accidentally stopped Streamlit, just restart it in your terminal: @ http://localhost:8511/static/js/index.D2ZqaFuW.js:21
[ 1224714ms] [ERROR] Failed to load resource: net::ERR_CONNECTION_REFUSED @ http://localhost:8511/_stcore/host-config:0
[ 1226604ms] [ERROR] Failed to load resource: net::ERR_CONNECTION_REFUSED @ http://localhost:8511/_stcore/health:0
[ 1226604ms] [ERROR] Client Error in reaching server endpoint - No response received when attempting to reach /_stcore/health @ http://localhost:8511/static/js/index.D2ZqaFuW.js:16
[ 1226604ms] [ERROR] Is Streamlit still running? If you accidentally stopped Streamlit, just restart it in your terminal: @ http://localhost:8511/static/js/index.D2ZqaFuW.js:21
[ 1226739ms] [ERROR] Failed to load resource: net::ERR_CONNECTION_REFUSED @ http://localhost:8511/_stcore/host-config:0
[ 1228611ms] [ERROR] Failed to load resource: net::ERR_CONNECTION_REFUSED @ http://localhost:8511/_stcore/host-config:0
[ 1228611ms] [ERROR] Client Error in reaching server endpoint - No response received when attempting to reach /_stcore/host-config @ http://localhost:8511/static/js/index.D2ZqaFuW.js:16
[ 1228612ms] [ERROR] Is Streamlit still running? If you accidentally stopped Streamlit, just restart it in your terminal: @ http://localhost:8511/static/js/index.D2ZqaFuW.js:21
[ 1228733ms] [ERROR] Failed to load resource: net::ERR_CONNECTION_REFUSED @ http://localhost:8511/_stcore/health:0
[ 1230619ms] [ERROR] Failed to load resource: net::ERR_CONNECTION_REFUSED @ http://localhost:8511/_stcore/health:0
[ 1230619ms] [ERROR] Client Error in reaching server endpoint - No response received when attempting to reach /_stcore/health @ http://localhost:8511/static/js/index.D2ZqaFuW.js:16
[ 1230619ms] [ERROR] Is Streamlit still running? If you accidentally stopped Streamlit, just restart it in your terminal: @ http://localhost:8511/static/js/index.D2ZqaFuW.js:21
[ 1230752ms] [ERROR] Failed to load resource: net::ERR_CONNECTION_REFUSED @ http://localhost:8511/_stcore/host-config:0
[ 1232628ms] [ERROR] Failed to load resource: net::ERR_CONNECTION_REFUSED @ http://localhost:8511/_stcore/health:0
[ 1232628ms] [ERROR] Client Error in reaching server endpoint - No response received when attempting to reach /_stcore/health @ http://localhost:8511/static/js/index.D2ZqaFuW.js:16
[ 1232628ms] [ERROR] Is Streamlit still running? If you accidentally stopped Streamlit, just restart it in your terminal: @ http://localhost:8511/static/js/index.D2ZqaFuW.js:21
[ 1232744ms] [ERROR] Failed to load resource: net::ERR_CONNECTION_REFUSED @ http://localhost:8511/_stcore/host-config:0
[ 1234635ms] [ERROR] Failed to load resource: net::ERR_CONNECTION_REFUSED @ http://localhost:8511/_stcore/health:0
[ 1234635ms] [ERROR] Client Error in reaching server endpoint - No response received when attempting to reach /_stcore/health @ http://localhost:8511/static/js/index.D2ZqaFuW.js:16
[ 1234635ms] [ERROR] Is Streamlit still running? If you accidentally stopped Streamlit, just restart it in your terminal: @ http://localhost:8511/static/js/index.D2ZqaFuW.js:21
[ 1234750ms] [ERROR] Failed to load resource: net::ERR_CONNECTION_REFUSED @ http://localhost:8511/_stcore/host-config:0
[ 1236659ms] [ERROR] Failed to load resource: net::ERR_CONNECTION_REFUSED @ http://localhost:8511/_stcore/health:0
[ 1236659ms] [ERROR] Client Error in reaching server endpoint - No response received when attempting to reach /_stcore/health @ http://localhost:8511/static/js/index.D2ZqaFuW.js:16
[ 1236660ms] [ERROR] Is Streamlit still running? If you accidentally stopped Streamlit, just restart it in your terminal: @ http://localhost:8511/static/js/index.D2ZqaFuW.js:21
[ 1236823ms] [ERROR] Failed to load resource: net::ERR_CONNECTION_REFUSED @ http://localhost:8511/_stcore/host-config:0
[ 1238668ms] [ERROR] Failed to load resource: net::ERR_CONNECTION_REFUSED @ http://localhost:8511/_stcore/health:0
[ 1238668ms] [ERROR] Client Error in reaching server endpoint - No response received when attempting to reach /_stcore/health @ http://localhost:8511/static/js/index.D2ZqaFuW.js:16
[ 1238669ms] [ERROR] Is Streamlit still running? If you accidentally stopped Streamlit, just restart it in your terminal: @ http://localhost:8511/static/js/index.D2ZqaFuW.js:21
[ 1238787ms] [ERROR] Failed to load resource: net::ERR_CONNECTION_REFUSED @ http://localhost:8511/_stcore/host-config:0
[ 1240675ms] [ERROR] Failed to load resource: net::ERR_CONNECTION_REFUSED @ http://localhost:8511/_stcore/health:0
[ 1240675ms] [ERROR] Client Error in reaching server endpoint - No response received when attempting to reach /_stcore/health @ http://localhost:8511/static/js/index.D2ZqaFuW.js:16
[ 1240675ms] [ERROR] Is Streamlit still running? If you accidentally stopped Streamlit, just restart it in your terminal: @ http://localhost:8511/static/js/index.D2ZqaFuW.js:21
[ 1240787ms] [ERROR] Failed to load resource: net::ERR_CONNECTION_REFUSED @ http://localhost:8511/_stcore/host-config:0
[ 1242682ms] [ERROR] Failed to load resource: net::ERR_CONNECTION_REFUSED @ http://localhost:8511/_stcore/health:0
[ 1242683ms] [ERROR] Client Error in reaching server endpoint - No response received when attempting to reach /_stcore/health @ http://localhost:8511/static/js/index.D2ZqaFuW.js:16
[ 1242683ms] [ERROR] Is Streamlit still running? If you accidentally stopped Streamlit, just restart it in your terminal: @ http://localhost:8511/static/js/index.D2ZqaFuW.js:21
[ 1242795ms] [ERROR] Failed to load resource: net::ERR_CONNECTION_REFUSED @ http://localhost:8511/_stcore/host-config:0
[ 1244690ms] [ERROR] Failed to load resource: net::ERR_CONNECTION_REFUSED @ http://localhost:8511/_stcore/health:0
[ 1244690ms] [ERROR] Client Error in reaching server endpoint - No response received when attempting to reach /_stcore/health @ http://localhost:8511/static/js/index.D2ZqaFuW.js:16
[ 1244690ms] [ERROR] Is Streamlit still running? If you accidentally stopped Streamlit, just restart it in your terminal: @ http://localhost:8511/static/js/index.D2ZqaFuW.js:21
[ 1244823ms] [ERROR] Failed to load resource: net::ERR_CONNECTION_REFUSED @ http://localhost:8511/_stcore/host-config:0
[ 1246697ms] [ERROR] Failed to load resource: net::ERR_CONNECTION_REFUSED @ http://localhost:8511/_stcore/health:0
[ 1246698ms] [ERROR] Client Error in reaching server endpoint - No response received when attempting to reach /_stcore/health @ http://localhost:8511/static/js/index.D2ZqaFuW.js:16
[ 1246698ms] [ERROR] Is Streamlit still running? If you accidentally stopped Streamlit, just restart it in your terminal: @ http://localhost:8511/static/js/index.D2ZqaFuW.js:21
[ 1246809ms] [ERROR] Failed to load resource: net::ERR_CONNECTION_REFUSED @ http://localhost:8511/_stcore/host-config:0
[ 1248705ms] [ERROR] Failed to load resource: net::ERR_CONNECTION_REFUSED @ http://localhost:8511/_stcore/health:0
[ 1248705ms] [ERROR] Client Error in reaching server endpoint - No response received when attempting to reach /_stcore/health @ http://localhost:8511/static/js/index.D2ZqaFuW.js:16
[ 1248705ms] [ERROR] Is Streamlit still running? If you accidentally stopped Streamlit, just restart it in your terminal: @ http://localhost:8511/static/js/index.D2ZqaFuW.js:21
[ 1248817ms] [ERROR] Failed to load resource: net::ERR_CONNECTION_REFUSED @ http://localhost:8511/_stcore/host-config:0
[ 1250712ms] [ERROR] Failed to load resource: net::ERR_CONNECTION_REFUSED @ http://localhost:8511/_stcore/host-config:0
[ 1250713ms] [ERROR] Client Error in reaching server endpoint - No response received when attempting to reach /_stcore/host-config @ http://localhost:8511/static/js/index.D2ZqaFuW.js:16
[ 1250713ms] [ERROR] Is Streamlit still running? If you accidentally stopped Streamlit, just restart it in your terminal: @ http://localhost:8511/static/js/index.D2ZqaFuW.js:21
[ 1250838ms] [ERROR] Failed to load resource: net::ERR_CONNECTION_REFUSED @ http://localhost:8511/_stcore/health:0
[ 1252720ms] [ERROR] Failed to load resource: net::ERR_CONNECTION_REFUSED @ http://localhost:8511/_stcore/health:0
[ 1252721ms] [ERROR] Client Error in reaching server endpoint - No response received when attempting to reach /_stcore/health @ http://localhost:8511/static/js/index.D2ZqaFuW.js:16
[ 1252721ms] [ERROR] Is Streamlit still running? If you accidentally stopped Streamlit, just restart it in your terminal: @ http://localhost:8511/static/js/index.D2ZqaFuW.js:21
[ 1252832ms] [ERROR] Failed to load resource: net::ERR_CONNECTION_REFUSED @ http://localhost:8511/_stcore/host-config:0
[ 1254727ms] [ERROR] Failed to load resource: net::ERR_CONNECTION_REFUSED @ http://localhost:8511/_stcore/health:0
[ 1254727ms] [ERROR] Client Error in reaching server endpoint - No response received when attempting to reach /_stcore/health @ http://localhost:8511/static/js/index.D2ZqaFuW.js:16
[ 1254728ms] [ERROR] Is Streamlit still running? If you accidentally stopped Streamlit, just restart it in your terminal: @ http://localhost:8511/static/js/index.D2ZqaFuW.js:21
[ 1254856ms] [ERROR] Failed to load resource: net::ERR_CONNECTION_REFUSED @ http://localhost:8511/_stcore/host-config:0
[ 1256735ms] [ERROR] Failed to load resource: net::ERR_CONNECTION_REFUSED @ http://localhost:8511/_stcore/health:0
[ 1256735ms] [ERROR] Client Error in reaching server endpoint - No response received when attempting to reach /_stcore/health @ http://localhost:8511/static/js/index.D2ZqaFuW.js:16
[ 1256736ms] [ERROR] Is Streamlit still running? If you accidentally stopped Streamlit, just restart it in your terminal: @ http://localhost:8511/static/js/index.D2ZqaFuW.js:21
[ 1256845ms] [ERROR] Failed to load resource: net::ERR_CONNECTION_REFUSED @ http://localhost:8511/_stcore/host-config:0
[ 1258742ms] [ERROR] Failed to load resource: net::ERR_CONNECTION_REFUSED @ http://localhost:8511/_stcore/health:0
[ 1258743ms] [ERROR] Client Error in reaching server endpoint - No response received when attempting to reach /_stcore/health @ http://localhost:8511/static/js/index.D2ZqaFuW.js:16
[ 1258743ms] [ERROR] Is Streamlit still running? If you accidentally stopped Streamlit, just restart it in your terminal: @ http://localhost:8511/static/js/index.D2ZqaFuW.js:21
[ 1258855ms] [ERROR] Failed to load resource: net::ERR_CONNECTION_REFUSED @ http://localhost:8511/_stcore/host-config:0
[ 1260751ms] [ERROR] Failed to load resource: net::ERR_CONNECTION_REFUSED @ http://localhost:8511/_stcore/health:0
[ 1260751ms] [ERROR] Client Error in reaching server endpoint - No response received when attempting to reach /_stcore/health @ http://localhost:8511/static/js/index.D2ZqaFuW.js:16
[ 1260751ms] [ERROR] Is Streamlit still running? If you accidentally stopped Streamlit, just restart it in your terminal: @ http://localhost:8511/static/js/index.D2ZqaFuW.js:21
[ 1260751ms] [ERROR] Failed to load resource: net::ERR_CONNECTION_REFUSED @ http://localhost:8511/_stcore/host-config:0
[ 1262757ms] [ERROR] Failed to load resource: net::ERR_CONNECTION_REFUSED @ http://localhost:8511/_stcore/host-config:0
[ 1262757ms] [ERROR] Client Error in reaching server endpoint - No response received when attempting to reach /_stcore/host-config @ http://localhost:8511/static/js/index.D2ZqaFuW.js:16
[ 1262757ms] [ERROR] Is Streamlit still running? If you accidentally stopped Streamlit, just restart it in your terminal: @ http://localhost:8511/static/js/index.D2ZqaFuW.js:21
[ 1262871ms] [ERROR] Failed to load resource: net::ERR_CONNECTION_REFUSED @ http://localhost:8511/_stcore/health:0
[ 1264764ms] [ERROR] Failed to load resource: net::ERR_CONNECTION_REFUSED @ http://localhost:8511/_stcore/health:0
[ 1264765ms] [ERROR] Client Error in reaching server endpoint - No response received when attempting to reach /_stcore/health @ http://localhost:8511/static/js/index.D2ZqaFuW.js:16
[ 1264765ms] [ERROR] Is Streamlit still running? If you accidentally stopped Streamlit, just restart it in your terminal: @ http://localhost:8511/static/js/index.D2ZqaFuW.js:21
[ 1264895ms] [ERROR] Failed to load resource: net::ERR_CONNECTION_REFUSED @ http://localhost:8511/_stcore/host-config:0
[ 1266772ms] [ERROR] Failed to load resource: net::ERR_CONNECTION_REFUSED @ http://localhost:8511/_stcore/health:0
[ 1266772ms] [ERROR] Client Error in reaching server endpoint - No response received when attempting to reach /_stcore/health @ http://localhost:8511/static/js/index.D2ZqaFuW.js:16
[ 1266773ms] [ERROR] Is Streamlit still running? If you accidentally stopped Streamlit, just restart it in your terminal: @ http://localhost:8511/static/js/index.D2ZqaFuW.js:21
[ 1266883ms] [ERROR] Failed to load resource: net::ERR_CONNECTION_REFUSED @ http://localhost:8511/_stcore/host-config:0
[ 1268779ms] [ERROR] Failed to load resource: net::ERR_CONNECTION_REFUSED @ http://localhost:8511/_stcore/health:0
[ 1268779ms] [ERROR] Client Error in reaching server endpoint - No response received when attempting to reach /_stcore/health @ http://localhost:8511/static/js/index.D2ZqaFuW.js:16
[ 1268779ms] [ERROR] Is Streamlit still running? If you accidentally stopped Streamlit, just restart it in your terminal: @ http://localhost:8511/static/js/index.D2ZqaFuW.js:21
[ 1268892ms] [ERROR] Failed to load resource: net::ERR_CONNECTION_REFUSED @ http://localhost:8511/_stcore/host-config:0
[ 1270787ms] [ERROR] Failed to load resource: net::ERR_CONNECTION_REFUSED @ http://localhost:8511/_stcore/health:0
[ 1270787ms] [ERROR] Client Error in reaching server endpoint - No response received when attempting to reach /_stcore/health @ http://localhost:8511/static/js/index.D2ZqaFuW.js:16
[ 1270788ms] [ERROR] Is Streamlit still running? If you accidentally stopped Streamlit, just restart it in your terminal: @ http://localhost:8511/static/js/index.D2ZqaFuW.js:21
[ 1270912ms] [ERROR] Failed to load resource: net::ERR_CONNECTION_REFUSED @ http://localhost:8511/_stcore/host-config:0
[ 1272795ms] [ERROR] Failed to load resource: net::ERR_CONNECTION_REFUSED @ http://localhost:8511/_stcore/health:0
[ 1272795ms] [ERROR] Client Error in reaching server endpoint - No response received when attempting to reach /_stcore/health @ http://localhost:8511/static/js/index.D2ZqaFuW.js:16
[ 1272796ms] [ERROR] Is Streamlit still running? If you accidentally stopped Streamlit, just restart it in your terminal: @ http://localhost:8511/static/js/index.D2ZqaFuW.js:21
[ 1272906ms] [ERROR] Failed to load resource: net::ERR_CONNECTION_REFUSED @ http://localhost:8511/_stcore/host-config:0
[ 1274803ms] [ERROR] Failed to load resource: net::ERR_CONNECTION_REFUSED @ http://localhost:8511/_stcore/health:0
[ 1274803ms] [ERROR] Client Error in reaching server endpoint - No response received when attempting to reach /_stcore/health @ http://localhost:8511/static/js/index.D2ZqaFuW.js:16
[ 1274803ms] [ERROR] Is Streamlit still running? If you accidentally stopped Streamlit, just restart it in your terminal: @ http://localhost:8511/static/js/index.D2ZqaFuW.js:21
[ 1274929ms] [ERROR] Failed to load resource: net::ERR_CONNECTION_REFUSED @ http://localhost:8511/_stcore/host-config:0
[ 1276810ms] [ERROR] Failed to load resource: net::ERR_CONNECTION_REFUSED @ http://localhost:8511/_stcore/host-config:0
[ 1276811ms] [ERROR] Client Error in reaching server endpoint - No response received when attempting to reach /_stcore/host-config @ http://localhost:8511/static/js/index.D2ZqaFuW.js:16
[ 1276811ms] [ERROR] Is Streamlit still running? If you accidentally stopped Streamlit, just restart it in your terminal: @ http://localhost:8511/static/js/index.D2ZqaFuW.js:21
[ 1276924ms] [ERROR] Failed to load resource: net::ERR_CONNECTION_REFUSED @ http://localhost:8511/_stcore/health:0
[ 1278818ms] [ERROR] Failed to load resource: net::ERR_CONNECTION_REFUSED @ http://localhost:8511/_stcore/health:0
[ 1278819ms] [ERROR] Client Error in reaching server endpoint - No response received when attempting to reach /_stcore/health @ http://localhost:8511/static/js/index.D2ZqaFuW.js:16
[ 1278819ms] [ERROR] Is Streamlit still running? If you accidentally stopped Streamlit, just restart it in your terminal: @ http://localhost:8511/static/js/index.D2ZqaFuW.js:21
[ 1278930ms] [ERROR] Failed to load resource: net::ERR_CONNECTION_REFUSED @ http://localhost:8511/_stcore/host-config:0
[ 1280826ms] [ERROR] Failed to load resource: net::ERR_CONNECTION_REFUSED @ http://localhost:8511/_stcore/health:0
[ 1280826ms] [ERROR] Client Error in reaching server endpoint - No response received when attempting to reach /_stcore/health @ http://localhost:8511/static/js/index.D2ZqaFuW.js:16
[ 1280826ms] [ERROR] Is Streamlit still running? If you accidentally stopped Streamlit, just restart it in your terminal: @ http://localhost:8511/static/js/index.D2ZqaFuW.js:21
[ 1280952ms] [ERROR] Failed to load resource: net::ERR_CONNECTION_REFUSED @ http://localhost:8511/_stcore/host-config:0
[ 1282833ms] [ERROR] Failed to load resource: net::ERR_CONNECTION_REFUSED @ http://localhost:8511/_stcore/health:0
[ 1282833ms] [ERROR] Client Error in reaching server endpoint - No response received when attempting to reach /_stcore/health @ http://localhost:8511/static/js/index.D2ZqaFuW.js:16
[ 1282833ms] [ERROR] Is Streamlit still running? If you accidentally stopped Streamlit, just restart it in your terminal: @ http://localhost:8511/static/js/index.D2ZqaFuW.js:21
[ 1282944ms] [ERROR] Failed to load resource: net::ERR_CONNECTION_REFUSED @ http://localhost:8511/_stcore/host-config:0
[ 1284840ms] [ERROR] Failed to load resource: net::ERR_CONNECTION_REFUSED @ http://localhost:8511/_stcore/health:0
[ 1284840ms] [ERROR] Client Error in reaching server endpoint - No response received when attempting to reach /_stcore/health @ http://localhost:8511/static/js/index.D2ZqaFuW.js:16
[ 1284840ms] [ERROR] Is Streamlit still running? If you accidentally stopped Streamlit, just restart it in your terminal: @ http://localhost:8511/static/js/index.D2ZqaFuW.js:21
[ 1284960ms] [ERROR] Failed to load resource: net::ERR_CONNECTION_REFUSED @ http://localhost:8511/_stcore/host-config:0
[ 1286847ms] [ERROR] Failed to load resource: net::ERR_CONNECTION_REFUSED @ http://localhost:8511/_stcore/health:0
[ 1286847ms] [ERROR] Client Error in reaching server endpoint - No response received when attempting to reach /_stcore/health @ http://localhost:8511/static/js/index.D2ZqaFuW.js:16
[ 1286847ms] [ERROR] Is Streamlit still running? If you accidentally stopped Streamlit, just restart it in your terminal: @ http://localhost:8511/static/js/index.D2ZqaFuW.js:21
[ 1286847ms] [ERROR] Failed to load resource: net::ERR_CONNECTION_REFUSED @ http://localhost:8511/_stcore/host-config:0
[ 1288853ms] [ERROR] Failed to load resource: net::ERR_CONNECTION_REFUSED @ http://localhost:8511/_stcore/health:0
[ 1288854ms] [ERROR] Client Error in reaching server endpoint - No response received when attempting to reach /_stcore/health @ http://localhost:8511/static/js/index.D2ZqaFuW.js:16
[ 1288854ms] [ERROR] Is Streamlit still running? If you accidentally stopped Streamlit, just restart it in your terminal: @ http://localhost:8511/static/js/index.D2ZqaFuW.js:21
[ 1288981ms] [ERROR] Failed to load resource: net::ERR_CONNECTION_REFUSED @ http://localhost:8511/_stcore/host-config:0
[ 1290861ms] [ERROR] Failed to load resource: net::ERR_CONNECTION_REFUSED @ http://localhost:8511/_stcore/host-config:0
[ 1290861ms] [ERROR] Client Error in reaching server endpoint - No response received when attempting to reach /_stcore/host-config @ http://localhost:8511/static/js/index.D2ZqaFuW.js:16
[ 1290861ms] [ERROR] Is Streamlit still running? If you accidentally stopped Streamlit, just restart it in your terminal: @ http://localhost:8511/static/js/index.D2ZqaFuW.js:21
[ 1290973ms] [ERROR] Failed to load resource: net::ERR_CONNECTION_REFUSED @ http://localhost:8511/_stcore/health:0
[ 1292869ms] [ERROR] Failed to load resource: net::ERR_CONNECTION_REFUSED @ http://localhost:8511/_stcore/health:0
[ 1292869ms] [ERROR] Client Error in reaching server endpoint - No response received when attempting to reach /_stcore/health @ http://localhost:8511/static/js/index.D2ZqaFuW.js:16
[ 1292869ms] [ERROR] Is Streamlit still running? If you accidentally stopped Streamlit, just restart it in your terminal: @ http://localhost:8511/static/js/index.D2ZqaFuW.js:21
[ 1292981ms] [ERROR] Failed to load resource: net::ERR_CONNECTION_REFUSED @ http://localhost:8511/_stcore/host-config:0
[ 1294877ms] [ERROR] Failed to load resource: net::ERR_CONNECTION_REFUSED @ http://localhost:8511/_stcore/health:0
[ 1294877ms] [ERROR] Client Error in reaching server endpoint - No response received when attempting to reach /_stcore/health @ http://localhost:8511/static/js/index.D2ZqaFuW.js:16
[ 1294877ms] [ERROR] Is Streamlit still running? If you accidentally stopped Streamlit, just restart it in your terminal: @ http://localhost:8511/static/js/index.D2ZqaFuW.js:21
[ 1295002ms] [ERROR] Failed to load resource: net::ERR_CONNECTION_REFUSED @ http://localhost:8511/_stcore/host-config:0
[ 1296885ms] [ERROR] Failed to load resource: net::ERR_CONNECTION_REFUSED @ http://localhost:8511/_stcore/health:0
[ 1296885ms] [ERROR] Client Error in reaching server endpoint - No response received when attempting to reach /_stcore/health @ http://localhost:8511/static/js/index.D2ZqaFuW.js:16
[ 1296886ms] [ERROR] Is Streamlit still running? If you accidentally stopped Streamlit, just restart it in your terminal: @ http://localhost:8511/static/js/index.D2ZqaFuW.js:21
[ 1296886ms] [ERROR] Failed to load resource: net::ERR_CONNECTION_REFUSED @ http://localhost:8511/_stcore/host-config:0
[ 1298893ms] [ERROR] Failed to load resource: net::ERR_CONNECTION_REFUSED @ http://localhost:8511/_stcore/health:0
[ 1298893ms] [ERROR] Client Error in reaching server endpoint - No response received when attempting to reach /_stcore/health @ http://localhost:8511/static/js/index.D2ZqaFuW.js:16
[ 1298893ms] [ERROR] Is Streamlit still running? If you accidentally stopped Streamlit, just restart it in your terminal: @ http://localhost:8511/static/js/index.D2ZqaFuW.js:21
[ 1299020ms] [ERROR] Failed to load resource: net::ERR_CONNECTION_REFUSED @ http://localhost:8511/_stcore/host-config:0
[ 1300900ms] [ERROR] Failed to load resource: net::ERR_CONNECTION_REFUSED @ http://localhost:8511/_stcore/health:0
[ 1300901ms] [ERROR] Client Error in reaching server endpoint - No response received when attempting to reach /_stcore/health @ http://localhost:8511/static/js/index.D2ZqaFuW.js:16
[ 1300901ms] [ERROR] Is Streamlit still running? If you accidentally stopped Streamlit, just restart it in your terminal: @ http://localhost:8511/static/js/index.D2ZqaFuW.js:21
[ 1301018ms] [ERROR] Failed to load resource: net::ERR_CONNECTION_REFUSED @ http://localhost:8511/_stcore/host-config:0
[ 1302908ms] [ERROR] Failed to load resource: net::ERR_CONNECTION_REFUSED @ http://localhost:8511/_stcore/health:0
[ 1302908ms] [ERROR] Client Error in reaching server endpoint - No response received when attempting to reach /_stcore/health @ http://localhost:8511/static/js/index.D2ZqaFuW.js:16
[ 1302909ms] [ERROR] Is Streamlit still running? If you accidentally stopped Streamlit, just restart it in your terminal: @ http://localhost:8511/static/js/index.D2ZqaFuW.js:21
[ 1303019ms] [ERROR] Failed to load resource: net::ERR_CONNECTION_REFUSED @ http://localhost:8511/_stcore/host-config:0
[ 1304915ms] [ERROR] Failed to load resource: net::ERR_CONNECTION_REFUSED @ http://localhost:8511/_stcore/health:0
[ 1304915ms] [ERROR] Client Error in reaching server endpoint - No response received when attempting to reach /_stcore/health @ http://localhost:8511/static/js/index.D2ZqaFuW.js:16
[ 1304916ms] [ERROR] Is Streamlit still running? If you accidentally stopped Streamlit, just restart it in your terminal: @ http://localhost:8511/static/js/index.D2ZqaFuW.js:21
[ 1305040ms] [ERROR] Failed to load resource: net::ERR_CONNECTION_REFUSED @ http://localhost:8511/_stcore/host-config:0
[ 1306923ms] [ERROR] Failed to load resource: net::ERR_CONNECTION_REFUSED @ http://localhost:8511/_stcore/health:0
[ 1306923ms] [ERROR] Client Error in reaching server endpoint - No response received when attempting to reach /_stcore/health @ http://localhost:8511/static/js/index.D2ZqaFuW.js:16
[ 1306923ms] [ERROR] Is Streamlit still running? If you accidentally stopped Streamlit, just restart it in your terminal: @ http://localhost:8511/static/js/index.D2ZqaFuW.js:21
[ 1307033ms] [ERROR] Failed to load resource: net::ERR_CONNECTION_REFUSED @ http://localhost:8511/_stcore/host-config:0
[ 1308932ms] [ERROR] Failed to load resource: net::ERR_CONNECTION_REFUSED @ http://localhost:8511/_stcore/health:0
[ 1308932ms] [ERROR] Client Error in reaching server endpoint - No response received when attempting to reach /_stcore/health @ http://localhost:8511/static/js/index.D2ZqaFuW.js:16
[ 1308932ms] [ERROR] Is Streamlit still running? If you accidentally stopped Streamlit, just restart it in your terminal: @ http://localhost:8511/static/js/index.D2ZqaFuW.js:21
[ 1309059ms] [ERROR] Failed to load resource: net::ERR_CONNECTION_REFUSED @ http://localhost:8511/_stcore/host-config:0
[ 1310939ms] [ERROR] Failed to load resource: net::ERR_CONNECTION_REFUSED @ http://localhost:8511/_stcore/health:0
[ 1310939ms] [ERROR] Client Error in reaching server endpoint - No response received when attempting to reach /_stcore/health @ http://localhost:8511/static/js/index.D2ZqaFuW.js:16
[ 1310939ms] [ERROR] Is Streamlit still running? If you accidentally stopped Streamlit, just restart it in your terminal: @ http://localhost:8511/static/js/index.D2ZqaFuW.js:21
[ 1311051ms] [ERROR] Failed to load resource: net::ERR_CONNECTION_REFUSED @ http://localhost:8511/_stcore/host-config:0
[ 1312946ms] [ERROR] Failed to load resource: net::ERR_CONNECTION_REFUSED @ http://localhost:8511/_stcore/health:0
[ 1312946ms] [ERROR] Client Error in reaching server endpoint - No response received when attempting to reach /_stcore/health @ http://localhost:8511/static/js/index.D2ZqaFuW.js:16
[ 1312947ms] [ERROR] Is Streamlit still running? If you accidentally stopped Streamlit, just restart it in your terminal: @ http://localhost:8511/static/js/index.D2ZqaFuW.js:21
[ 1313058ms] [ERROR] Failed to load resource: net::ERR_CONNECTION_REFUSED @ http://localhost:8511/_stcore/host-config:0
[ 1314954ms] [ERROR] Failed to load resource: net::ERR_CONNECTION_REFUSED @ http://localhost:8511/_stcore/health:0
[ 1314954ms] [ERROR] Client Error in reaching server endpoint - No response received when attempting to reach /_stcore/health @ http://localhost:8511/static/js/index.D2ZqaFuW.js:16
[ 1314954ms] [ERROR] Is Streamlit still running? If you accidentally stopped Streamlit, just restart it in your terminal: @ http://localhost:8511/static/js/index.D2ZqaFuW.js:21
[ 1315079ms] [ERROR] Failed to load resource: net::ERR_CONNECTION_REFUSED @ http://localhost:8511/_stcore/host-config:0
[ 1316962ms] [ERROR] Failed to load resource: net::ERR_CONNECTION_REFUSED @ http://localhost:8511/_stcore/health:0
[ 1316962ms] [ERROR] Client Error in reaching server endpoint - No response received when attempting to reach /_stcore/health @ http://localhost:8511/static/js/index.D2ZqaFuW.js:16
[ 1316962ms] [ERROR] Is Streamlit still running? If you accidentally stopped Streamlit, just restart it in your terminal: @ http://localhost:8511/static/js/index.D2ZqaFuW.js:21
[ 1317072ms] [ERROR] Failed to load resource: net::ERR_CONNECTION_REFUSED @ http://localhost:8511/_stcore/host-config:0
[ 1318969ms] [ERROR] Failed to load resource: net::ERR_CONNECTION_REFUSED @ http://localhost:8511/_stcore/health:0
[ 1318969ms] [ERROR] Client Error in reaching server endpoint - No response received when attempting to reach /_stcore/health @ http://localhost:8511/static/js/index.D2ZqaFuW.js:16
[ 1318969ms] [ERROR] Is Streamlit still running? If you accidentally stopped Streamlit, just restart it in your terminal: @ http://localhost:8511/static/js/index.D2ZqaFuW.js:21
[ 1319094ms] [ERROR] Failed to load resource: net::ERR_CONNECTION_REFUSED @ http://localhost:8511/_stcore/host-config:0
[ 1320975ms] [ERROR] Failed to load resource: net::ERR_CONNECTION_REFUSED @ http://localhost:8511/_stcore/health:0
[ 1320976ms] [ERROR] Client Error in reaching server endpoint - No response received when attempting to reach /_stcore/health @ http://localhost:8511/static/js/index.D2ZqaFuW.js:16
[ 1320976ms] [ERROR] Is Streamlit still running? If you accidentally stopped Streamlit, just restart it in your terminal: @ http://localhost:8511/static/js/index.D2ZqaFuW.js:21
[ 1321095ms] [ERROR] Failed to load resource: net::ERR_CONNECTION_REFUSED @ http://localhost:8511/_stcore/host-config:0
[ 1322983ms] [ERROR] Failed to load resource: net::ERR_CONNECTION_REFUSED @ http://localhost:8511/_stcore/health:0
[ 1322983ms] [ERROR] Client Error in reaching server endpoint - No response received when attempting to reach /_stcore/health @ http://localhost:8511/static/js/index.D2ZqaFuW.js:16
[ 1322984ms] [ERROR] Is Streamlit still running? If you accidentally stopped Streamlit, just restart it in your terminal: @ http://localhost:8511/static/js/index.D2ZqaFuW.js:21
[ 1323093ms] [ERROR] Failed to load resource: net::ERR_CONNECTION_REFUSED @ http://localhost:8511/_stcore/host-config:0
[ 1324991ms] [ERROR] Failed to load resource: net::ERR_CONNECTION_REFUSED @ http://localhost:8511/_stcore/host-config:0
[ 1324991ms] [ERROR] Client Error in reaching server endpoint - No response received when attempting to reach /_stcore/host-config @ http://localhost:8511/static/js/index.D2ZqaFuW.js:16
[ 1324991ms] [ERROR] Is Streamlit still running? If you accidentally stopped Streamlit, just restart it in your terminal: @ http://localhost:8511/static/js/index.D2ZqaFuW.js:21
[ 1325117ms] [ERROR] Failed to load resource: net::ERR_CONNECTION_REFUSED @ http://localhost:8511/_stcore/health:0
[ 1326999ms] [ERROR] Failed to load resource: net::ERR_CONNECTION_REFUSED @ http://localhost:8511/_stcore/health:0
[ 1326999ms] [ERROR] Client Error in reaching server endpoint - No response received when attempting to reach /_stcore/health @ http://localhost:8511/static/js/index.D2ZqaFuW.js:16
[ 1327000ms] [ERROR] Is Streamlit still running? If you accidentally stopped Streamlit, just restart it in your terminal: @ http://localhost:8511/static/js/index.D2ZqaFuW.js:21
[ 1327112ms] [ERROR] Failed to load resource: net::ERR_CONNECTION_REFUSED @ http://localhost:8511/_stcore/host-config:0
[ 1329006ms] [ERROR] Failed to load resource: net::ERR_CONNECTION_REFUSED @ http://localhost:8511/_stcore/health:0
[ 1329006ms] [ERROR] Client Error in reaching server endpoint - No response received when attempting to reach /_stcore/health @ http://localhost:8511/static/js/index.D2ZqaFuW.js:16
[ 1329007ms] [ERROR] Is Streamlit still running? If you accidentally stopped Streamlit, just restart it in your terminal: @ http://localhost:8511/static/js/index.D2ZqaFuW.js:21
[ 1329118ms] [ERROR] Failed to load resource: net::ERR_CONNECTION_REFUSED @ http://localhost:8511/_stcore/host-config:0
[ 1331014ms] [ERROR] Failed to load resource: net::ERR_CONNECTION_REFUSED @ http://localhost:8511/_stcore/health:0
[ 1331014ms] [ERROR] Client Error in reaching server endpoint - No response received when attempting to reach /_stcore/health @ http://localhost:8511/static/js/index.D2ZqaFuW.js:16
[ 1331014ms] [ERROR] Is Streamlit still running? If you accidentally stopped Streamlit, just restart it in your terminal: @ http://localhost:8511/static/js/index.D2ZqaFuW.js:21
[ 1331125ms] [ERROR] Failed to load resource: net::ERR_CONNECTION_REFUSED @ http://localhost:8511/_stcore/host-config:0
[ 1333022ms] [ERROR] Failed to load resource: net::ERR_CONNECTION_REFUSED @ http://localhost:8511/_stcore/health:0
[ 1333022ms] [ERROR] Client Error in reaching server endpoint - No response received when attempting to reach /_stcore/health @ http://localhost:8511/static/js/index.D2ZqaFuW.js:16
[ 1333023ms] [ERROR] Is Streamlit still running? If you accidentally stopped Streamlit, just restart it in your terminal: @ http://localhost:8511/static/js/index.D2ZqaFuW.js:21
[ 1333149ms] [ERROR] Failed to load resource: net::ERR_CONNECTION_REFUSED @ http://localhost:8511/_stcore/host-config:0
[ 1335030ms] [ERROR] Failed to load resource: net::ERR_CONNECTION_REFUSED @ http://localhost:8511/_stcore/health:0
[ 1335030ms] [ERROR] Client Error in reaching server endpoint - No response received when attempting to reach /_stcore/health @ http://localhost:8511/static/js/index.D2ZqaFuW.js:16
[ 1335031ms] [ERROR] Is Streamlit still running? If you accidentally stopped Streamlit, just restart it in your terminal: @ http://localhost:8511/static/js/index.D2ZqaFuW.js:21
[ 1335139ms] [ERROR] Failed to load resource: net::ERR_CONNECTION_REFUSED @ http://localhost:8511/_stcore/host-config:0
[ 1337037ms] [ERROR] Failed to load resource: net::ERR_CONNECTION_REFUSED @ http://localhost:8511/_stcore/health:0
[ 1337037ms] [ERROR] Client Error in reaching server endpoint - No response received when attempting to reach /_stcore/health @ http://localhost:8511/static/js/index.D2ZqaFuW.js:16
[ 1337037ms] [ERROR] Is Streamlit still running? If you accidentally stopped Streamlit, just restart it in your terminal: @ http://localhost:8511/static/js/index.D2ZqaFuW.js:21
[ 1337149ms] [ERROR] Failed to load resource: net::ERR_CONNECTION_REFUSED @ http://localhost:8511/_stcore/host-config:0
[ 1339045ms] [ERROR] Failed to load resource: net::ERR_CONNECTION_REFUSED @ http://localhost:8511/_stcore/health:0
[ 1339045ms] [ERROR] Client Error in reaching server endpoint - No response received when attempting to reach /_stcore/health @ http://localhost:8511/static/js/index.D2ZqaFuW.js:16
[ 1339046ms] [ERROR] Is Streamlit still running? If you accidentally stopped Streamlit, just restart it in your terminal: @ http://localhost:8511/static/js/index.D2ZqaFuW.js:21
[ 1339169ms] [ERROR] Failed to load resource: net::ERR_CONNECTION_REFUSED @ http://localhost:8511/_stcore/host-config:0
[ 1341053ms] [ERROR] Failed to load resource: net::ERR_CONNECTION_REFUSED @ http://localhost:8511/_stcore/health:0
[ 1341053ms] [ERROR] Client Error in reaching server endpoint - No response received when attempting to reach /_stcore/health @ http://localhost:8511/static/js/index.D2ZqaFuW.js:16
[ 1341053ms] [ERROR] Is Streamlit still running? If you accidentally stopped Streamlit, just restart it in your terminal: @ http://localhost:8511/static/js/index.D2ZqaFuW.js:21
[ 1341173ms] [ERROR] Failed to load resource: net::ERR_CONNECTION_REFUSED @ http://localhost:8511/_stcore/host-config:0
[ 1343060ms] [ERROR] Failed to load resource: net::ERR_CONNECTION_REFUSED @ http://localhost:8511/_stcore/health:0
[ 1343060ms] [ERROR] Client Error in reaching server endpoint - No response received when attempting to reach /_stcore/health @ http://localhost:8511/static/js/index.D2ZqaFuW.js:16
[ 1343060ms] [ERROR] Is Streamlit still running? If you accidentally stopped Streamlit, just restart it in your terminal: @ http://localhost:8511/static/js/index.D2ZqaFuW.js:21
[ 1343188ms] [ERROR] Failed to load resource: net::ERR_CONNECTION_REFUSED @ http://localhost:8511/_stcore/host-config:0
[ 1345067ms] [ERROR] Failed to load resource: net::ERR_CONNECTION_REFUSED @ http://localhost:8511/_stcore/host-config:0
[ 1345067ms] [ERROR] Client Error in reaching server endpoint - No response received when attempting to reach /_stcore/host-config @ http://localhost:8511/static/js/index.D2ZqaFuW.js:16
[ 1345068ms] [ERROR] Is Streamlit still running? If you accidentally stopped Streamlit, just restart it in your terminal: @ http://localhost:8511/static/js/index.D2ZqaFuW.js:21
[ 1345177ms] [ERROR] Failed to load resource: net::ERR_CONNECTION_REFUSED @ http://localhost:8511/_stcore/health:0
[ 1347075ms] [ERROR] Failed to load resource: net::ERR_CONNECTION_REFUSED @ http://localhost:8511/_stcore/health:0
[ 1347075ms] [ERROR] Client Error in reaching server endpoint - No response received when attempting to reach /_stcore/health @ http://localhost:8511/static/js/index.D2ZqaFuW.js:16
[ 1347075ms] [ERROR] Is Streamlit still running? If you accidentally stopped Streamlit, just restart it in your terminal: @ http://localhost:8511/static/js/index.D2ZqaFuW.js:21
[ 1347188ms] [ERROR] Failed to load resource: net::ERR_CONNECTION_REFUSED @ http://localhost:8511/_stcore/host-config:0
[ 1349083ms] [ERROR] Failed to load resource: net::ERR_CONNECTION_REFUSED @ http://localhost:8511/_stcore/health:0
[ 1349083ms] [ERROR] Client Error in reaching server endpoint - No response received when attempting to reach /_stcore/health @ http://localhost:8511/static/js/index.D2ZqaFuW.js:16
[ 1349083ms] [ERROR] Is Streamlit still running? If you accidentally stopped Streamlit, just restart it in your terminal: @ http://localhost:8511/static/js/index.D2ZqaFuW.js:21
[ 1349209ms] [ERROR] Failed to load resource: net::ERR_CONNECTION_REFUSED @ http://localhost:8511/_stcore/host-config:0
[ 1351090ms] [ERROR] Failed to load resource: net::ERR_CONNECTION_REFUSED @ http://localhost:8511/_stcore/health:0
[ 1351091ms] [ERROR] Client Error in reaching server endpoint - No response received when attempting to reach /_stcore/health @ http://localhost:8511/static/js/index.D2ZqaFuW.js:16
[ 1351091ms] [ERROR] Is Streamlit still running? If you accidentally stopped Streamlit, just restart it in your terminal: @ http://localhost:8511/static/js/index.D2ZqaFuW.js:21
[ 1351200ms] [ERROR] Failed to load resource: net::ERR_CONNECTION_REFUSED @ http://localhost:8511/_stcore/host-config:0
[ 1353098ms] [ERROR] Failed to load resource: net::ERR_CONNECTION_REFUSED @ http://localhost:8511/_stcore/health:0
[ 1353099ms] [ERROR] Client Error in reaching server endpoint - No response received when attempting to reach /_stcore/health @ http://localhost:8511/static/js/index.D2ZqaFuW.js:16
[ 1353099ms] [ERROR] Is Streamlit still running? If you accidentally stopped Streamlit, just restart it in your terminal: @ http://localhost:8511/static/js/index.D2ZqaFuW.js:21
[ 1353226ms] [ERROR] Failed to load resource: net::ERR_CONNECTION_REFUSED @ http://localhost:8511/_stcore/host-config:0
[ 1355106ms] [ERROR] Failed to load resource: net::ERR_CONNECTION_REFUSED @ http://localhost:8511/_stcore/health:0
[ 1355106ms] [ERROR] Client Error in reaching server endpoint - No response received when attempting to reach /_stcore/health @ http://localhost:8511/static/js/index.D2ZqaFuW.js:16
[ 1355106ms] [ERROR] Is Streamlit still running? If you accidentally stopped Streamlit, just restart it in your terminal: @ http://localhost:8511/static/js/index.D2ZqaFuW.js:21
[ 1355219ms] [ERROR] Failed to load resource: net::ERR_CONNECTION_REFUSED @ http://localhost:8511/_stcore/host-config:0
[ 1357114ms] [ERROR] Failed to load resource: net::ERR_CONNECTION_REFUSED @ http://localhost:8511/_stcore/health:0
[ 1357114ms] [ERROR] Client Error in reaching server endpoint - No response received when attempting to reach /_stcore/health @ http://localhost:8511/static/js/index.D2ZqaFuW.js:16
[ 1357115ms] [ERROR] Is Streamlit still running? If you accidentally stopped Streamlit, just restart it in your terminal: @ http://localhost:8511/static/js/index.D2ZqaFuW.js:21
[ 1357230ms] [ERROR] Failed to load resource: net::ERR_CONNECTION_REFUSED @ http://localhost:8511/_stcore/host-config:0
[ 1359122ms] [ERROR] Failed to load resource: net::ERR_CONNECTION_REFUSED @ http://localhost:8511/_stcore/health:0
[ 1359122ms] [ERROR] Client Error in reaching server endpoint - No response received when attempting to reach /_stcore/health @ http://localhost:8511/static/js/index.D2ZqaFuW.js:16
[ 1359122ms] [ERROR] Is Streamlit still running? If you accidentally stopped Streamlit, just restart it in your terminal: @ http://localhost:8511/static/js/index.D2ZqaFuW.js:21
[ 1359246ms] [ERROR] Failed to load resource: net::ERR_CONNECTION_REFUSED @ http://localhost:8511/_stcore/host-config:0
[ 1361129ms] [ERROR] Failed to load resource: net::ERR_CONNECTION_REFUSED @ http://localhost:8511/_stcore/health:0
[ 1361129ms] [ERROR] Client Error in reaching server endpoint - No response received when attempting to reach /_stcore/health @ http://localhost:8511/static/js/index.D2ZqaFuW.js:16
[ 1361130ms] [ERROR] Is Streamlit still running? If you accidentally stopped Streamlit, just restart it in your terminal: @ http://localhost:8511/static/js/index.D2ZqaFuW.js:21
[ 1361240ms] [ERROR] Failed to load resource: net::ERR_CONNECTION_REFUSED @ http://localhost:8511/_stcore/host-config:0
[ 1363136ms] [ERROR] Failed to load resource: net::ERR_CONNECTION_REFUSED @ http://localhost:8511/_stcore/health:0
[ 1363137ms] [ERROR] Client Error in reaching server endpoint - No response received when attempting to reach /_stcore/health @ http://localhost:8511/static/js/index.D2ZqaFuW.js:16
[ 1363137ms] [ERROR] Is Streamlit still running? If you accidentally stopped Streamlit, just restart it in your terminal: @ http://localhost:8511/static/js/index.D2ZqaFuW.js:21
[ 1363263ms] [ERROR] Failed to load resource: net::ERR_CONNECTION_REFUSED @ http://localhost:8511/_stcore/host-config:0
[ 1365144ms] [ERROR] Failed to load resource: net::ERR_CONNECTION_REFUSED @ http://localhost:8511/_stcore/health:0
[ 1365145ms] [ERROR] Client Error in reaching server endpoint - No response received when attempting to reach /_stcore/health @ http://localhost:8511/static/js/index.D2ZqaFuW.js:16
[ 1365145ms] [ERROR] Is Streamlit still running? If you accidentally stopped Streamlit, just restart it in your terminal: @ http://localhost:8511/static/js/index.D2ZqaFuW.js:21
[ 1365259ms] [ERROR] Failed to load resource: net::ERR_CONNECTION_REFUSED @ http://localhost:8511/_stcore/host-config:0
[ 1367151ms] [ERROR] Failed to load resource: net::ERR_CONNECTION_REFUSED @ http://localhost:8511/_stcore/health:0
[ 1367152ms] [ERROR] Client Error in reaching server endpoint - No response received when attempting to reach /_stcore/health @ http://localhost:8511/static/js/index.D2ZqaFuW.js:16
[ 1367152ms] [ERROR] Is Streamlit still running? If you accidentally stopped Streamlit, just restart it in your terminal: @ http://localhost:8511/static/js/index.D2ZqaFuW.js:21
[ 1367263ms] [ERROR] Failed to load resource: net::ERR_CONNECTION_REFUSED @ http://localhost:8511/_stcore/host-config:0
[ 1369159ms] [ERROR] Failed to load resource: net::ERR_CONNECTION_REFUSED @ http://localhost:8511/_stcore/health:0
[ 1369160ms] [ERROR] Client Error in reaching server endpoint - No response received when attempting to reach /_stcore/health @ http://localhost:8511/static/js/index.D2ZqaFuW.js:16
[ 1369160ms] [ERROR] Is Streamlit still running? If you accidentally stopped Streamlit, just restart it in your terminal: @ http://localhost:8511/static/js/index.D2ZqaFuW.js:21
[ 1369286ms] [ERROR] Failed to load resource: net::ERR_CONNECTION_REFUSED @ http://localhost:8511/_stcore/host-config:0
[ 1371167ms] [ERROR] Failed to load resource: net::ERR_CONNECTION_REFUSED @ http://localhost:8511/_stcore/host-config:0
[ 1371168ms] [ERROR] Client Error in reaching server endpoint - No response received when attempting to reach /_stcore/host-config @ http://localhost:8511/static/js/index.D2ZqaFuW.js:16
[ 1371168ms] [ERROR] Is Streamlit still running? If you accidentally stopped Streamlit, just restart it in your terminal: @ http://localhost:8511/static/js/index.D2ZqaFuW.js:21
[ 1371282ms] [ERROR] Failed to load resource: net::ERR_CONNECTION_REFUSED @ http://localhost:8511/_stcore/health:0
[ 1373174ms] [ERROR] Failed to load resource: net::ERR_CONNECTION_REFUSED @ http://localhost:8511/_stcore/health:0
[ 1373174ms] [ERROR] Client Error in reaching server endpoint - No response received when attempting to reach /_stcore/health @ http://localhost:8511/static/js/index.D2ZqaFuW.js:16
[ 1373174ms] [ERROR] Is Streamlit still running? If you accidentally stopped Streamlit, just restart it in your terminal: @ http://localhost:8511/static/js/index.D2ZqaFuW.js:21
[ 1373287ms] [ERROR] Failed to load resource: net::ERR_CONNECTION_REFUSED @ http://localhost:8511/_stcore/host-config:0
[ 1375181ms] [ERROR] Failed to load resource: net::ERR_CONNECTION_REFUSED @ http://localhost:8511/_stcore/health:0
[ 1375181ms] [ERROR] Client Error in reaching server endpoint - No response received when attempting to reach /_stcore/health @ http://localhost:8511/static/js/index.D2ZqaFuW.js:16
[ 1375182ms] [ERROR] Is Streamlit still running? If you accidentally stopped Streamlit, just restart it in your terminal: @ http://localhost:8511/static/js/index.D2ZqaFuW.js:21
[ 1375292ms] [ERROR] Failed to load resource: net::ERR_CONNECTION_REFUSED @ http://localhost:8511/_stcore/host-config:0
[ 1377189ms] [ERROR] Failed to load resource: net::ERR_CONNECTION_REFUSED @ http://localhost:8511/_stcore/health:0
[ 1377189ms] [ERROR] Client Error in reaching server endpoint - No response received when attempting to reach /_stcore/health @ http://localhost:8511/static/js/index.D2ZqaFuW.js:16
[ 1377189ms] [ERROR] Is Streamlit still running? If you accidentally stopped Streamlit, just restart it in your terminal: @ http://localhost:8511/static/js/index.D2ZqaFuW.js:21
[ 1377326ms] [ERROR] Failed to load resource: net::ERR_CONNECTION_REFUSED @ http://localhost:8511/_stcore/host-config:0
[ 1379197ms] [ERROR] Failed to load resource: net::ERR_CONNECTION_REFUSED @ http://localhost:8511/_stcore/host-config:0
[ 1379197ms] [ERROR] Client Error in reaching server endpoint - No response received when attempting to reach /_stcore/host-config @ http://localhost:8511/static/js/index.D2ZqaFuW.js:16
[ 1379197ms] [ERROR] Is Streamlit still running? If you accidentally stopped Streamlit, just restart it in your terminal: @ http://localhost:8511/static/js/index.D2ZqaFuW.js:21
[ 1379309ms] [ERROR] Failed to load resource: net::ERR_CONNECTION_REFUSED @ http://localhost:8511/_stcore/health:0
[ 1381204ms] [ERROR] Failed to load resource: net::ERR_CONNECTION_REFUSED @ http://localhost:8511/_stcore/health:0
[ 1381204ms] [ERROR] Client Error in reaching server endpoint - No response received when attempting to reach /_stcore/health @ http://localhost:8511/static/js/index.D2ZqaFuW.js:16
[ 1381204ms] [ERROR] Is Streamlit still running? If you accidentally stopped Streamlit, just restart it in your terminal: @ http://localhost:8511/static/js/index.D2ZqaFuW.js:21
[ 1381314ms] [ERROR] Failed to load resource: net::ERR_CONNECTION_REFUSED @ http://localhost:8511/_stcore/host-config:0
[ 1383211ms] [ERROR] Failed to load resource: net::ERR_CONNECTION_REFUSED @ http://localhost:8511/_stcore/health:0
[ 1383211ms] [ERROR] Client Error in reaching server endpoint - No response received when attempting to reach /_stcore/health @ http://localhost:8511/static/js/index.D2ZqaFuW.js:16
[ 1383212ms] [ERROR] Is Streamlit still running? If you accidentally stopped Streamlit, just restart it in your terminal: @ http://localhost:8511/static/js/index.D2ZqaFuW.js:21
[ 1383337ms] [ERROR] Failed to load resource: net::ERR_CONNECTION_REFUSED @ http://localhost:8511/_stcore/host-config:0
[ 1385219ms] [ERROR] Failed to load resource: net::ERR_CONNECTION_REFUSED @ http://localhost:8511/_stcore/health:0
[ 1385219ms] [ERROR] Client Error in reaching server endpoint - No response received when attempting to reach /_stcore/health @ http://localhost:8511/static/js/index.D2ZqaFuW.js:16
[ 1385219ms] [ERROR] Is Streamlit still running? If you accidentally stopped Streamlit, just restart it in your terminal: @ http://localhost:8511/static/js/index.D2ZqaFuW.js:21
[ 1385331ms] [ERROR] Failed to load resource: net::ERR_CONNECTION_REFUSED @ http://localhost:8511/_stcore/host-config:0
[ 1387226ms] [ERROR] Failed to load resource: net::ERR_CONNECTION_REFUSED @ http://localhost:8511/_stcore/health:0
[ 1387226ms] [ERROR] Client Error in reaching server endpoint - No response received when attempting to reach /_stcore/health @ http://localhost:8511/static/js/index.D2ZqaFuW.js:16
[ 1387227ms] [ERROR] Is Streamlit still running? If you accidentally stopped Streamlit, just restart it in your terminal: @ http://localhost:8511/static/js/index.D2ZqaFuW.js:21
[ 1387355ms] [ERROR] Failed to load resource: net::ERR_CONNECTION_REFUSED @ http://localhost:8511/_stcore/host-config:0
[ 1389234ms] [ERROR] Failed to load resource: net::ERR_CONNECTION_REFUSED @ http://localhost:8511/_stcore/health:0
[ 1389234ms] [ERROR] Client Error in reaching server endpoint - No response received when attempting to reach /_stcore/health @ http://localhost:8511/static/js/index.D2ZqaFuW.js:16
[ 1389234ms] [ERROR] Is Streamlit still running? If you accidentally stopped Streamlit, just restart it in your terminal: @ http://localhost:8511/static/js/index.D2ZqaFuW.js:21
[ 1389345ms] [ERROR] Failed to load resource: net::ERR_CONNECTION_REFUSED @ http://localhost:8511/_stcore/host-config:0
[ 1391241ms] [ERROR] Failed to load resource: net::ERR_CONNECTION_REFUSED @ http://localhost:8511/_stcore/health:0
[ 1391242ms] [ERROR] Client Error in reaching server endpoint - No response received when attempting to reach /_stcore/health @ http://localhost:8511/static/js/index.D2ZqaFuW.js:16
[ 1391242ms] [ERROR] Is Streamlit still running? If you accidentally stopped Streamlit, just restart it in your terminal: @ http://localhost:8511/static/js/index.D2ZqaFuW.js:21
[ 1391349ms] [ERROR] Failed to load resource: net::ERR_CONNECTION_REFUSED @ http://localhost:8511/_stcore/host-config:0
[ 1393248ms] [ERROR] Failed to load resource: net::ERR_CONNECTION_REFUSED @ http://localhost:8511/_stcore/health:0
[ 1393249ms] [ERROR] Client Error in reaching server endpoint - No response received when attempting to reach /_stcore/health @ http://localhost:8511/static/js/index.D2ZqaFuW.js:16
[ 1393249ms] [ERROR] Is Streamlit still running? If you accidentally stopped Streamlit, just restart it in your terminal: @ http://localhost:8511/static/js/index.D2ZqaFuW.js:21
[ 1393376ms] [ERROR] Failed to load resource: net::ERR_CONNECTION_REFUSED @ http://localhost:8511/_stcore/host-config:0
[ 1395256ms] [ERROR] Failed to load resource: net::ERR_CONNECTION_REFUSED @ http://localhost:8511/_stcore/health:0
[ 1395256ms] [ERROR] Client Error in reaching server endpoint - No response received when attempting to reach /_stcore/health @ http://localhost:8511/static/js/index.D2ZqaFuW.js:16
[ 1395256ms] [ERROR] Is Streamlit still running? If you accidentally stopped Streamlit, just restart it in your terminal: @ http://localhost:8511/static/js/index.D2ZqaFuW.js:21
[ 1395367ms] [ERROR] Failed to load resource: net::ERR_CONNECTION_REFUSED @ http://localhost:8511/_stcore/host-config:0
[ 1397264ms] [ERROR] Failed to load resource: net::ERR_CONNECTION_REFUSED @ http://localhost:8511/_stcore/host-config:0
[ 1397265ms] [ERROR] Client Error in reaching server endpoint - No response received when attempting to reach /_stcore/host-config @ http://localhost:8511/static/js/index.D2ZqaFuW.js:16
[ 1397265ms] [ERROR] Is Streamlit still running? If you accidentally stopped Streamlit, just restart it in your terminal: @ http://localhost:8511/static/js/index.D2ZqaFuW.js:21
[ 1397398ms] [ERROR] Failed to load resource: net::ERR_CONNECTION_REFUSED @ http://localhost:8511/_stcore/health:0
[ 1399271ms] [ERROR] Failed to load resource: net::ERR_CONNECTION_REFUSED @ http://localhost:8511/_stcore/host-config:0
[ 1399272ms] [ERROR] Client Error in reaching server endpoint - No response received when attempting to reach /_stcore/host-config @ http://localhost:8511/static/js/index.D2ZqaFuW.js:16
[ 1399272ms] [ERROR] Is Streamlit still running? If you accidentally stopped Streamlit, just restart it in your terminal: @ http://localhost:8511/static/js/index.D2ZqaFuW.js:21
[ 1399384ms] [ERROR] Failed to load resource: net::ERR_CONNECTION_REFUSED @ http://localhost:8511/_stcore/health:0
[ 1401276ms] [ERROR] Failed to load resource: net::ERR_CONNECTION_REFUSED @ http://localhost:8511/_stcore/health:0
[ 1401277ms] [ERROR] Client Error in reaching server endpoint - No response received when attempting to reach /_stcore/health @ http://localhost:8511/static/js/index.D2ZqaFuW.js:16
[ 1401277ms] [ERROR] Is Streamlit still running? If you accidentally stopped Streamlit, just restart it in your terminal: @ http://localhost:8511/static/js/index.D2ZqaFuW.js:21
[ 1401386ms] [ERROR] Failed to load resource: net::ERR_CONNECTION_REFUSED @ http://localhost:8511/_stcore/host-config:0
[ 1403283ms] [ERROR] Failed to load resource: net::ERR_CONNECTION_REFUSED @ http://localhost:8511/_stcore/health:0
[ 1403283ms] [ERROR] Client Error in reaching server endpoint - No response received when attempting to reach /_stcore/health @ http://localhost:8511/static/js/index.D2ZqaFuW.js:16
[ 1403284ms] [ERROR] Is Streamlit still running? If you accidentally stopped Streamlit, just restart it in your terminal: @ http://localhost:8511/static/js/index.D2ZqaFuW.js:21
[ 1403409ms] [ERROR] Failed to load resource: net::ERR_CONNECTION_REFUSED @ http://localhost:8511/_stcore/host-config:0
[ 1405291ms] [ERROR] Failed to load resource: net::ERR_CONNECTION_REFUSED @ http://localhost:8511/_stcore/health:0
[ 1405291ms] [ERROR] Client Error in reaching server endpoint - No response received when attempting to reach /_stcore/health @ http://localhost:8511/static/js/index.D2ZqaFuW.js:16
[ 1405292ms] [ERROR] Is Streamlit still running? If you accidentally stopped Streamlit, just restart it in your terminal: @ http://localhost:8511/static/js/index.D2ZqaFuW.js:21
[ 1405402ms] [ERROR] Failed to load resource: net::ERR_CONNECTION_REFUSED @ http://localhost:8511/_stcore/host-config:0
[ 1407299ms] [ERROR] Failed to load resource: net::ERR_CONNECTION_REFUSED @ http://localhost:8511/_stcore/health:0
[ 1407299ms] [ERROR] Client Error in reaching server endpoint - No response received when attempting to reach /_stcore/health @ http://localhost:8511/static/js/index.D2ZqaFuW.js:16
[ 1407299ms] [ERROR] Is Streamlit still running? If you accidentally stopped Streamlit, just restart it in your terminal: @ http://localhost:8511/static/js/index.D2ZqaFuW.js:21
[ 1407424ms] [ERROR] Failed to load resource: net::ERR_CONNECTION_REFUSED @ http://localhost:8511/_stcore/host-config:0
[ 1409307ms] [ERROR] Failed to load resource: net::ERR_CONNECTION_REFUSED @ http://localhost:8511/_stcore/health:0
[ 1409307ms] [ERROR] Client Error in reaching server endpoint - No response received when attempting to reach /_stcore/health @ http://localhost:8511/static/js/index.D2ZqaFuW.js:16
[ 1409307ms] [ERROR] Is Streamlit still running? If you accidentally stopped Streamlit, just restart it in your terminal: @ http://localhost:8511/static/js/index.D2ZqaFuW.js:21
[ 1409419ms] [ERROR] Failed to load resource: net::ERR_CONNECTION_REFUSED @ http://localhost:8511/_stcore/host-config:0
[ 1411313ms] [ERROR] Failed to load resource: net::ERR_CONNECTION_REFUSED @ http://localhost:8511/_stcore/host-config:0
[ 1411313ms] [ERROR] Client Error in reaching server endpoint - No response received when attempting to reach /_stcore/host-config @ http://localhost:8511/static/js/index.D2ZqaFuW.js:16
[ 1411313ms] [ERROR] Is Streamlit still running? If you accidentally stopped Streamlit, just restart it in your terminal: @ http://localhost:8511/static/js/index.D2ZqaFuW.js:21
[ 1411439ms] [ERROR] Failed to load resource: net::ERR_CONNECTION_REFUSED @ http://localhost:8511/_stcore/health:0
[ 1413319ms] [ERROR] Failed to load resource: net::ERR_CONNECTION_REFUSED @ http://localhost:8511/_stcore/health:0
[ 1413320ms] [ERROR] Client Error in reaching server endpoint - No response received when attempting to reach /_stcore/health @ http://localhost:8511/static/js/index.D2ZqaFuW.js:16
[ 1413320ms] [ERROR] Is Streamlit still running? If you accidentally stopped Streamlit, just restart it in your terminal: @ http://localhost:8511/static/js/index.D2ZqaFuW.js:21
[ 1413445ms] [ERROR] Failed to load resource: net::ERR_CONNECTION_REFUSED @ http://localhost:8511/_stcore/host-config:0
[ 1415327ms] [ERROR] Failed to load resource: net::ERR_CONNECTION_REFUSED @ http://localhost:8511/_stcore/health:0
[ 1415327ms] [ERROR] Client Error in reaching server endpoint - No response received when attempting to reach /_stcore/health @ http://localhost:8511/static/js/index.D2ZqaFuW.js:16
[ 1415328ms] [ERROR] Is Streamlit still running? If you accidentally stopped Streamlit, just restart it in your terminal: @ http://localhost:8511/static/js/index.D2ZqaFuW.js:21
[ 1415439ms] [ERROR] Failed to load resource: net::ERR_CONNECTION_REFUSED @ http://localhost:8511/_stcore/host-config:0
[ 1417335ms] [ERROR] Failed to load resource: net::ERR_CONNECTION_REFUSED @ http://localhost:8511/_stcore/health:0
[ 1417336ms] [ERROR] Client Error in reaching server endpoint - No response received when attempting to reach /_stcore/health @ http://localhost:8511/static/js/index.D2ZqaFuW.js:16
[ 1417336ms] [ERROR] Is Streamlit still running? If you accidentally stopped Streamlit, just restart it in your terminal: @ http://localhost:8511/static/js/index.D2ZqaFuW.js:21
[ 1417447ms] [ERROR] Failed to load resource: net::ERR_CONNECTION_REFUSED @ http://localhost:8511/_stcore/host-config:0
[ 1419343ms] [ERROR] Failed to load resource: net::ERR_CONNECTION_REFUSED @ http://localhost:8511/_stcore/health:0
[ 1419344ms] [ERROR] Client Error in reaching server endpoint - No response received when attempting to reach /_stcore/health @ http://localhost:8511/static/js/index.D2ZqaFuW.js:16
[ 1419344ms] [ERROR] Is Streamlit still running? If you accidentally stopped Streamlit, just restart it in your terminal: @ http://localhost:8511/static/js/index.D2ZqaFuW.js:21
[ 1419453ms] [ERROR] Failed to load resource: net::ERR_CONNECTION_REFUSED @ http://localhost:8511/_stcore/host-config:0
[ 1421351ms] [ERROR] Failed to load resource: net::ERR_CONNECTION_REFUSED @ http://localhost:8511/_stcore/health:0
[ 1421351ms] [ERROR] Client Error in reaching server endpoint - No response received when attempting to reach /_stcore/health @ http://localhost:8511/static/js/index.D2ZqaFuW.js:16
[ 1421352ms] [ERROR] Is Streamlit still running? If you accidentally stopped Streamlit, just restart it in your terminal: @ http://localhost:8511/static/js/index.D2ZqaFuW.js:21
[ 1421489ms] [ERROR] Failed to load resource: net::ERR_CONNECTION_REFUSED @ http://localhost:8511/_stcore/host-config:0
[ 1423358ms] [ERROR] Failed to load resource: net::ERR_CONNECTION_REFUSED @ http://localhost:8511/_stcore/health:0
[ 1423359ms] [ERROR] Client Error in reaching server endpoint - No response received when attempting to reach /_stcore/health @ http://localhost:8511/static/js/index.D2ZqaFuW.js:16
[ 1423359ms] [ERROR] Is Streamlit still running? If you accidentally stopped Streamlit, just restart it in your terminal: @ http://localhost:8511/static/js/index.D2ZqaFuW.js:21
[ 1423475ms] [ERROR] Failed to load resource: net::ERR_CONNECTION_REFUSED @ http://localhost:8511/_stcore/host-config:0
[ 1425366ms] [ERROR] Failed to load resource: net::ERR_CONNECTION_REFUSED @ http://localhost:8511/_stcore/host-config:0
[ 1425366ms] [ERROR] Client Error in reaching server endpoint - No response received when attempting to reach /_stcore/host-config @ http://localhost:8511/static/js/index.D2ZqaFuW.js:16
[ 1425366ms] [ERROR] Is Streamlit still running? If you accidentally stopped Streamlit, just restart it in your terminal: @ http://localhost:8511/static/js/index.D2ZqaFuW.js:21
[ 1425475ms] [ERROR] Failed to load resource: net::ERR_CONNECTION_REFUSED @ http://localhost:8511/_stcore/health:0
[ 1427373ms] [ERROR] Failed to load resource: net::ERR_CONNECTION_REFUSED @ http://localhost:8511/_stcore/health:0
[ 1427374ms] [ERROR] Client Error in reaching server endpoint - No response received when attempting to reach /_stcore/health @ http://localhost:8511/static/js/index.D2ZqaFuW.js:16
[ 1427374ms] [ERROR] Is Streamlit still running? If you accidentally stopped Streamlit, just restart it in your terminal: @ http://localhost:8511/static/js/index.D2ZqaFuW.js:21
[ 1427498ms] [ERROR] Failed to load resource: net::ERR_CONNECTION_REFUSED @ http://localhost:8511/_stcore/host-config:0
[ 1429381ms] [ERROR] Failed to load resource: net::ERR_CONNECTION_REFUSED @ http://localhost:8511/_stcore/health:0
[ 1429381ms] [ERROR] Client Error in reaching server endpoint - No response received when attempting to reach /_stcore/health @ http://localhost:8511/static/js/index.D2ZqaFuW.js:16
[ 1429381ms] [ERROR] Is Streamlit still running? If you accidentally stopped Streamlit, just restart it in your terminal: @ http://localhost:8511/static/js/index.D2ZqaFuW.js:21
[ 1429492ms] [ERROR] Failed to load resource: net::ERR_CONNECTION_REFUSED @ http://localhost:8511/_stcore/host-config:0
[ 1431389ms] [ERROR] Failed to load resource: net::ERR_CONNECTION_REFUSED @ http://localhost:8511/_stcore/health:0
[ 1431389ms] [ERROR] Client Error in reaching server endpoint - No response received when attempting to reach /_stcore/health @ http://localhost:8511/static/js/index.D2ZqaFuW.js:16
[ 1431389ms] [ERROR] Is Streamlit still running? If you accidentally stopped Streamlit, just restart it in your terminal: @ http://localhost:8511/static/js/index.D2ZqaFuW.js:21
[ 1431516ms] [ERROR] Failed to load resource: net::ERR_CONNECTION_REFUSED @ http://localhost:8511/_stcore/host-config:0
[ 1433396ms] [ERROR] Failed to load resource: net::ERR_CONNECTION_REFUSED @ http://localhost:8511/_stcore/health:0
[ 1433396ms] [ERROR] Client Error in reaching server endpoint - No response received when attempting to reach /_stcore/health @ http://localhost:8511/static/js/index.D2ZqaFuW.js:16
[ 1433396ms] [ERROR] Is Streamlit still running? If you accidentally stopped Streamlit, just restart it in your terminal: @ http://localhost:8511/static/js/index.D2ZqaFuW.js:21
[ 1433504ms] [ERROR] Failed to load resource: net::ERR_CONNECTION_REFUSED @ http://localhost:8511/_stcore/host-config:0
[ 1435402ms] [ERROR] Failed to load resource: net::ERR_CONNECTION_REFUSED @ http://localhost:8511/_stcore/health:0
[ 1435402ms] [ERROR] Client Error in reaching server endpoint - No response received when attempting to reach /_stcore/health @ http://localhost:8511/static/js/index.D2ZqaFuW.js:16
[ 1435402ms] [ERROR] Is Streamlit still running? If you accidentally stopped Streamlit, just restart it in your terminal: @ http://localhost:8511/static/js/index.D2ZqaFuW.js:21
[ 1435894ms] [ERROR] Failed to load resource: net::ERR_CONNECTION_REFUSED @ http://localhost:8511/_stcore/host-config:0
[ 1437410ms] [ERROR] Failed to load resource: net::ERR_CONNECTION_REFUSED @ http://localhost:8511/_stcore/health:0
[ 1437410ms] [ERROR] Client Error in reaching server endpoint - No response received when attempting to reach /_stcore/health @ http://localhost:8511/static/js/index.D2ZqaFuW.js:16
[ 1437410ms] [ERROR] Is Streamlit still running? If you accidentally stopped Streamlit, just restart it in your terminal: @ http://localhost:8511/static/js/index.D2ZqaFuW.js:21
[ 1437541ms] [ERROR] Failed to load resource: net::ERR_CONNECTION_REFUSED @ http://localhost:8511/_stcore/host-config:0
[ 1439611ms] [ERROR] Failed to load resource: net::ERR_CONNECTION_REFUSED @ http://localhost:8511/_stcore/health:0
[ 1439612ms] [ERROR] Client Error in reaching server endpoint - No response received when attempting to reach /_stcore/health @ http://localhost:8511/static/js/index.D2ZqaFuW.js:16
[ 1439612ms] [ERROR] Is Streamlit still running? If you accidentally stopped Streamlit, just restart it in your terminal: @ http://localhost:8511/static/js/index.D2ZqaFuW.js:21
[ 1439733ms] [ERROR] Failed to load resource: net::ERR_CONNECTION_REFUSED @ http://localhost:8511/_stcore/host-config:0
[ 1441621ms] [ERROR] Failed to load resource: net::ERR_CONNECTION_REFUSED @ http://localhost:8511/_stcore/health:0
[ 1441622ms] [ERROR] Client Error in reaching server endpoint - No response received when attempting to reach /_stcore/health @ http://localhost:8511/static/js/index.D2ZqaFuW.js:16
[ 1441622ms] [ERROR] Is Streamlit still running? If you accidentally stopped Streamlit, just restart it in your terminal: @ http://localhost:8511/static/js/index.D2ZqaFuW.js:21
[ 1441748ms] [ERROR] Failed to load resource: net::ERR_CONNECTION_REFUSED @ http://localhost:8511/_stcore/host-config:0
[ 1443628ms] [ERROR] Failed to load resource: net::ERR_CONNECTION_REFUSED @ http://localhost:8511/_stcore/health:0
[ 1443629ms] [ERROR] Client Error in reaching server endpoint - No response received when attempting to reach /_stcore/health @ http://localhost:8511/static/js/index.D2ZqaFuW.js:16
[ 1443629ms] [ERROR] Is Streamlit still running? If you accidentally stopped Streamlit, just restart it in your terminal: @ http://localhost:8511/static/js/index.D2ZqaFuW.js:21
[ 1443740ms] [ERROR] Failed to load resource: net::ERR_CONNECTION_REFUSED @ http://localhost:8511/_stcore/host-config:0
[ 1445637ms] [ERROR] Failed to load resource: net::ERR_CONNECTION_REFUSED @ http://localhost:8511/_stcore/health:0
[ 1445638ms] [ERROR] Client Error in reaching server endpoint - No response received when attempting to reach /_stcore/health @ http://localhost:8511/static/js/index.D2ZqaFuW.js:16
[ 1445638ms] [ERROR] Is Streamlit still running? If you accidentally stopped Streamlit, just restart it in your terminal: @ http://localhost:8511/static/js/index.D2ZqaFuW.js:21
[ 1445745ms] [ERROR] Failed to load resource: net::ERR_CONNECTION_REFUSED @ http://localhost:8511/_stcore/host-config:0
[ 1447644ms] [ERROR] Failed to load resource: net::ERR_CONNECTION_REFUSED @ http://localhost:8511/_stcore/health:0
[ 1447644ms] [ERROR] Client Error in reaching server endpoint - No response received when attempting to reach /_stcore/health @ http://localhost:8511/static/js/index.D2ZqaFuW.js:16
[ 1447645ms] [ERROR] Is Streamlit still running? If you accidentally stopped Streamlit, just restart it in your terminal: @ http://localhost:8511/static/js/index.D2ZqaFuW.js:21
[ 1447768ms] [ERROR] Failed to load resource: net::ERR_CONNECTION_REFUSED @ http://localhost:8511/_stcore/host-config:0
[ 1449653ms] [ERROR] Failed to load resource: net::ERR_CONNECTION_REFUSED @ http://localhost:8511/_stcore/health:0
[ 1449653ms] [ERROR] Client Error in reaching server endpoint - No response received when attempting to reach /_stcore/health @ http://localhost:8511/static/js/index.D2ZqaFuW.js:16
[ 1449653ms] [ERROR] Is Streamlit still running? If you accidentally stopped Streamlit, just restart it in your terminal: @ http://localhost:8511/static/js/index.D2ZqaFuW.js:21
[ 1449762ms] [ERROR] Failed to load resource: net::ERR_CONNECTION_REFUSED @ http://localhost:8511/_stcore/host-config:0
[ 1451662ms] [ERROR] Failed to load resource: net::ERR_CONNECTION_REFUSED @ http://localhost:8511/_stcore/health:0
[ 1451662ms] [ERROR] Client Error in reaching server endpoint - No response received when attempting to reach /_stcore/health @ http://localhost:8511/static/js/index.D2ZqaFuW.js:16
[ 1451663ms] [ERROR] Is Streamlit still running? If you accidentally stopped Streamlit, just restart it in your terminal: @ http://localhost:8511/static/js/index.D2ZqaFuW.js:21
[ 1451788ms] [ERROR] Failed to load resource: net::ERR_CONNECTION_REFUSED @ http://localhost:8511/_stcore/host-config:0
[ 1453702ms] [ERROR] Failed to load resource: net::ERR_CONNECTION_REFUSED @ http://localhost:8511/_stcore/health:0
[ 1453702ms] [ERROR] Client Error in reaching server endpoint - No response received when attempting to reach /_stcore/health @ http://localhost:8511/static/js/index.D2ZqaFuW.js:16
[ 1453703ms] [ERROR] Is Streamlit still running? If you accidentally stopped Streamlit, just restart it in your terminal: @ http://localhost:8511/static/js/index.D2ZqaFuW.js:21
[ 1453708ms] [ERROR] Failed to load resource: net::ERR_CONNECTION_REFUSED @ http://localhost:8511/_stcore/host-config:0
[ 1510983ms] [ERROR] Failed to load resource: net::ERR_CONNECTION_REFUSED @ http://localhost:8511/_stcore/health:0
[ 1510983ms] [ERROR] Client Error in reaching server endpoint - No response received when attempting to reach /_stcore/health @ http://localhost:8511/static/js/index.D2ZqaFuW.js:16
[ 1510984ms] [ERROR] Is Streamlit still running? If you accidentally stopped Streamlit, just restart it in your terminal: @ http://localhost:8511/static/js/index.D2ZqaFuW.js:21
[ 1511680ms] [ERROR] Failed to load resource: net::ERR_CONNECTION_REFUSED @ http://localhost:8511/_stcore/host-config:0
[ 1512994ms] [ERROR] Failed to load resource: net::ERR_CONNECTION_REFUSED @ http://localhost:8511/_stcore/health:0
[ 1512994ms] [ERROR] Client Error in reaching server endpoint - No response received when attempting to reach /_stcore/health @ http://localhost:8511/static/js/index.D2ZqaFuW.js:16
[ 1512995ms] [ERROR] Is Streamlit still running? If you accidentally stopped Streamlit, just restart it in your terminal: @ http://localhost:8511/static/js/index.D2ZqaFuW.js:21
[ 1512995ms] [ERROR] Failed to load resource: net::ERR_CONNECTION_REFUSED @ http://localhost:8511/_stcore/host-config:0
[ 1515324ms] [ERROR] Failed to load resource: net::ERR_CONNECTION_REFUSED @ http://localhost:8511/_stcore/health:0
[ 1515326ms] [ERROR] Client Error in reaching server endpoint - No response received when attempting to reach /_stcore/health @ http://localhost:8511/static/js/index.D2ZqaFuW.js:16
[ 1515329ms] [ERROR] Is Streamlit still running? If you accidentally stopped Streamlit, just restart it in your terminal: @ http://localhost:8511/static/js/index.D2ZqaFuW.js:21
[ 1515332ms] [ERROR] Failed to load resource: net::ERR_CONNECTION_REFUSED @ http://localhost:8511/_stcore/host-config:0
[ 1517337ms] [ERROR] Failed to load resource: net::ERR_CONNECTION_REFUSED @ http://localhost:8511/_stcore/health:0
[ 1517338ms] [ERROR] Client Error in reaching server endpoint - No response received when attempting to reach /_stcore/health @ http://localhost:8511/static/js/index.D2ZqaFuW.js:16
[ 1517338ms] [ERROR] Is Streamlit still running? If you accidentally stopped Streamlit, just restart it in your terminal: @ http://localhost:8511/static/js/index.D2ZqaFuW.js:21
[ 1518497ms] [ERROR] Failed to load resource: net::ERR_CONNECTION_REFUSED @ http://localhost:8511/_stcore/host-config:0
[ 1519343ms] [ERROR] Failed to load resource: net::ERR_CONNECTION_REFUSED @ http://localhost:8511/_stcore/health:0
[ 1519344ms] [ERROR] Client Error in reaching server endpoint - No response received when attempting to reach /_stcore/health @ http://localhost:8511/static/js/index.D2ZqaFuW.js:16
[ 1519344ms] [ERROR] Is Streamlit still running? If you accidentally stopped Streamlit, just restart it in your terminal: @ http://localhost:8511/static/js/index.D2ZqaFuW.js:21
[ 1520131ms] [ERROR] Failed to load resource: net::ERR_CONNECTION_REFUSED @ http://localhost:8511/_stcore/host-config:0
[ 1521353ms] [ERROR] Failed to load resource: net::ERR_CONNECTION_REFUSED @ http://localhost:8511/_stcore/health:0
[ 1521353ms] [ERROR] Client Error in reaching server endpoint - No response received when attempting to reach /_stcore/health @ http://localhost:8511/static/js/index.D2ZqaFuW.js:16
[ 1521353ms] [ERROR] Is Streamlit still running? If you accidentally stopped Streamlit, just restart it in your terminal: @ http://localhost:8511/static/js/index.D2ZqaFuW.js:21
[ 1521353ms] [ERROR] Failed to load resource: net::ERR_CONNECTION_REFUSED @ http://localhost:8511/_stcore/host-config:0
[ 1523360ms] [ERROR] Failed to load resource: net::ERR_CONNECTION_REFUSED @ http://localhost:8511/_stcore/health:0
[ 1523360ms] [ERROR] Client Error in reaching server endpoint - No response received when attempting to reach /_stcore/health @ http://localhost:8511/static/js/index.D2ZqaFuW.js:16
[ 1523360ms] [ERROR] Is Streamlit still running? If you accidentally stopped Streamlit, just restart it in your terminal: @ http://localhost:8511/static/js/index.D2ZqaFuW.js:21
[ 1523487ms] [ERROR] Failed to load resource: net::ERR_CONNECTION_REFUSED @ http://localhost:8511/_stcore/host-config:0
[ 1525367ms] [ERROR] Failed to load resource: net::ERR_CONNECTION_REFUSED @ http://localhost:8511/_stcore/health:0
[ 1525367ms] [ERROR] Client Error in reaching server endpoint - No response received when attempting to reach /_stcore/health @ http://localhost:8511/static/js/index.D2ZqaFuW.js:16
[ 1525368ms] [ERROR] Is Streamlit still running? If you accidentally stopped Streamlit, just restart it in your terminal: @ http://localhost:8511/static/js/index.D2ZqaFuW.js:21
[ 1525490ms] [ERROR] Failed to load resource: net::ERR_CONNECTION_REFUSED @ http://localhost:8511/_stcore/host-config:0
[ 1527376ms] [ERROR] Failed to load resource: net::ERR_CONNECTION_REFUSED @ http://localhost:8511/_stcore/health:0
[ 1527376ms] [ERROR] Client Error in reaching server endpoint - No response received when attempting to reach /_stcore/health @ http://localhost:8511/static/js/index.D2ZqaFuW.js:16
[ 1527376ms] [ERROR] Is Streamlit still running? If you accidentally stopped Streamlit, just restart it in your terminal: @ http://localhost:8511/static/js/index.D2ZqaFuW.js:21
[ 1527507ms] [ERROR] Failed to load resource: net::ERR_CONNECTION_REFUSED @ http://localhost:8511/_stcore/host-config:0
[ 1529384ms] [ERROR] Failed to load resource: net::ERR_CONNECTION_REFUSED @ http://localhost:8511/_stcore/health:0
[ 1529384ms] [ERROR] Client Error in reaching server endpoint - No response received when attempting to reach /_stcore/health @ http://localhost:8511/static/js/index.D2ZqaFuW.js:16
[ 1529384ms] [ERROR] Is Streamlit still running? If you accidentally stopped Streamlit, just restart it in your terminal: @ http://localhost:8511/static/js/index.D2ZqaFuW.js:21
[ 1529506ms] [ERROR] Failed to load resource: net::ERR_CONNECTION_REFUSED @ http://localhost:8511/_stcore/host-config:0
[ 1531391ms] [ERROR] Failed to load resource: net::ERR_CONNECTION_REFUSED @ http://localhost:8511/_stcore/health:0
[ 1531391ms] [ERROR] Client Error in reaching server endpoint - No response received when attempting to reach /_stcore/health @ http://localhost:8511/static/js/index.D2ZqaFuW.js:16
[ 1531391ms] [ERROR] Is Streamlit still running? If you accidentally stopped Streamlit, just restart it in your terminal: @ http://localhost:8511/static/js/index.D2ZqaFuW.js:21
[ 1531529ms] [ERROR] Failed to load resource: net::ERR_CONNECTION_REFUSED @ http://localhost:8511/_stcore/host-config:0
[ 1533397ms] [ERROR] Failed to load resource: net::ERR_CONNECTION_REFUSED @ http://localhost:8511/_stcore/host-config:0
[ 1533397ms] [ERROR] Client Error in reaching server endpoint - No response received when attempting to reach /_stcore/host-config @ http://localhost:8511/static/js/index.D2ZqaFuW.js:16
[ 1533397ms] [ERROR] Is Streamlit still running? If you accidentally stopped Streamlit, just restart it in your terminal: @ http://localhost:8511/static/js/index.D2ZqaFuW.js:21
[ 1533838ms] [ERROR] Failed to load resource: net::ERR_CONNECTION_REFUSED @ http://localhost:8511/_stcore/health:0
[ 1535401ms] [ERROR] Failed to load resource: net::ERR_CONNECTION_REFUSED @ http://localhost:8511/_stcore/health:0
[ 1535402ms] [ERROR] Client Error in reaching server endpoint - No response received when attempting to reach /_stcore/health @ http://localhost:8511/static/js/index.D2ZqaFuW.js:16
[ 1535402ms] [ERROR] Is Streamlit still running? If you accidentally stopped Streamlit, just restart it in your terminal: @ http://localhost:8511/static/js/index.D2ZqaFuW.js:21
[ 1535693ms] [ERROR] Failed to load resource: net::ERR_CONNECTION_REFUSED @ http://localhost:8511/_stcore/host-config:0
[ 1537406ms] [ERROR] Failed to load resource: net::ERR_CONNECTION_REFUSED @ http://localhost:8511/_stcore/health:0
[ 1537406ms] [ERROR] Client Error in reaching server endpoint - No response received when attempting to reach /_stcore/health @ http://localhost:8511/static/js/index.D2ZqaFuW.js:16
[ 1537406ms] [ERROR] Is Streamlit still running? If you accidentally stopped Streamlit, just restart it in your terminal: @ http://localhost:8511/static/js/index.D2ZqaFuW.js:21
[ 1537573ms] [ERROR] Failed to load resource: net::ERR_CONNECTION_REFUSED @ http://localhost:8511/_stcore/host-config:0
[ 1539412ms] [ERROR] Failed to load resource: net::ERR_CONNECTION_REFUSED @ http://localhost:8511/_stcore/health:0
[ 1539412ms] [ERROR] Client Error in reaching server endpoint - No response received when attempting to reach /_stcore/health @ http://localhost:8511/static/js/index.D2ZqaFuW.js:16
[ 1539412ms] [ERROR] Is Streamlit still running? If you accidentally stopped Streamlit, just restart it in your terminal: @ http://localhost:8511/static/js/index.D2ZqaFuW.js:21
[ 1539521ms] [ERROR] Failed to load resource: net::ERR_CONNECTION_REFUSED @ http://localhost:8511/_stcore/host-config:0
[ 1541418ms] [ERROR] Failed to load resource: net::ERR_CONNECTION_REFUSED @ http://localhost:8511/_stcore/health:0
[ 1541418ms] [ERROR] Client Error in reaching server endpoint - No response received when attempting to reach /_stcore/health @ http://localhost:8511/static/js/index.D2ZqaFuW.js:16
[ 1541418ms] [ERROR] Is Streamlit still running? If you accidentally stopped Streamlit, just restart it in your terminal: @ http://localhost:8511/static/js/index.D2ZqaFuW.js:21
[ 1541551ms] [ERROR] Failed to load resource: net::ERR_CONNECTION_REFUSED @ http://localhost:8511/_stcore/host-config:0
[ 1543425ms] [ERROR] Failed to load resource: net::ERR_CONNECTION_REFUSED @ http://localhost:8511/_stcore/health:0
[ 1543425ms] [ERROR] Client Error in reaching server endpoint - No response received when attempting to reach /_stcore/health @ http://localhost:8511/static/js/index.D2ZqaFuW.js:16
[ 1543425ms] [ERROR] Is Streamlit still running? If you accidentally stopped Streamlit, just restart it in your terminal: @ http://localhost:8511/static/js/index.D2ZqaFuW.js:21
[ 1543540ms] [ERROR] Failed to load resource: net::ERR_CONNECTION_REFUSED @ http://localhost:8511/_stcore/host-config:0
[ 1545433ms] [ERROR] Failed to load resource: net::ERR_CONNECTION_REFUSED @ http://localhost:8511/_stcore/health:0
[ 1545433ms] [ERROR] Client Error in reaching server endpoint - No response received when attempting to reach /_stcore/health @ http://localhost:8511/static/js/index.D2ZqaFuW.js:16
[ 1545434ms] [ERROR] Is Streamlit still running? If you accidentally stopped Streamlit, just restart it in your terminal: @ http://localhost:8511/static/js/index.D2ZqaFuW.js:21
[ 1545545ms] [ERROR] Failed to load resource: net::ERR_CONNECTION_REFUSED @ http://localhost:8511/_stcore/host-config:0
[ 1547442ms] [ERROR] Failed to load resource: net::ERR_CONNECTION_REFUSED @ http://localhost:8511/_stcore/host-config:0
[ 1547442ms] [ERROR] Client Error in reaching server endpoint - No response received when attempting to reach /_stcore/host-config @ http://localhost:8511/static/js/index.D2ZqaFuW.js:16
[ 1547442ms] [ERROR] Is Streamlit still running? If you accidentally stopped Streamlit, just restart it in your terminal: @ http://localhost:8511/static/js/index.D2ZqaFuW.js:21
[ 1547575ms] [ERROR] Failed to load resource: net::ERR_CONNECTION_REFUSED @ http://localhost:8511/_stcore/health:0
[ 1549447ms] [ERROR] Failed to load resource: net::ERR_CONNECTION_REFUSED @ http://localhost:8511/_stcore/health:0
[ 1549447ms] [ERROR] Client Error in reaching server endpoint - No response received when attempting to reach /_stcore/health @ http://localhost:8511/static/js/index.D2ZqaFuW.js:16
[ 1549448ms] [ERROR] Is Streamlit still running? If you accidentally stopped Streamlit, just restart it in your terminal: @ http://localhost:8511/static/js/index.D2ZqaFuW.js:21
[ 1549554ms] [ERROR] Failed to load resource: net::ERR_CONNECTION_REFUSED @ http://localhost:8511/_stcore/host-config:0
[ 1551451ms] [ERROR] Failed to load resource: net::ERR_CONNECTION_REFUSED @ http://localhost:8511/_stcore/health:0
[ 1551452ms] [ERROR] Client Error in reaching server endpoint - No response received when attempting to reach /_stcore/health @ http://localhost:8511/static/js/index.D2ZqaFuW.js:16
[ 1551452ms] [ERROR] Is Streamlit still running? If you accidentally stopped Streamlit, just restart it in your terminal: @ http://localhost:8511/static/js/index.D2ZqaFuW.js:21
[ 1551583ms] [ERROR] Failed to load resource: net::ERR_CONNECTION_REFUSED @ http://localhost:8511/_stcore/host-config:0
[ 1553459ms] [ERROR] Failed to load resource: net::ERR_CONNECTION_REFUSED @ http://localhost:8511/_stcore/health:0
[ 1553459ms] [ERROR] Client Error in reaching server endpoint - No response received when attempting to reach /_stcore/health @ http://localhost:8511/static/js/index.D2ZqaFuW.js:16
[ 1553459ms] [ERROR] Is Streamlit still running? If you accidentally stopped Streamlit, just restart it in your terminal: @ http://localhost:8511/static/js/index.D2ZqaFuW.js:21
[ 1553574ms] [ERROR] Failed to load resource: net::ERR_CONNECTION_REFUSED @ http://localhost:8511/_stcore/host-config:0
[ 1555463ms] [ERROR] Failed to load resource: net::ERR_CONNECTION_REFUSED @ http://localhost:8511/_stcore/host-config:0
[ 1555464ms] [ERROR] Client Error in reaching server endpoint - No response received when attempting to reach /_stcore/host-config @ http://localhost:8511/static/js/index.D2ZqaFuW.js:16
[ 1555464ms] [ERROR] Is Streamlit still running? If you accidentally stopped Streamlit, just restart it in your terminal: @ http://localhost:8511/static/js/index.D2ZqaFuW.js:21
[ 1556055ms] [ERROR] Failed to load resource: net::ERR_CONNECTION_REFUSED @ http://localhost:8511/_stcore/health:0
[ 1557471ms] [ERROR] Failed to load resource: net::ERR_CONNECTION_REFUSED @ http://localhost:8511/_stcore/health:0
[ 1557471ms] [ERROR] Client Error in reaching server endpoint - No response received when attempting to reach /_stcore/health @ http://localhost:8511/static/js/index.D2ZqaFuW.js:16
[ 1557471ms] [ERROR] Is Streamlit still running? If you accidentally stopped Streamlit, just restart it in your terminal: @ http://localhost:8511/static/js/index.D2ZqaFuW.js:21
[ 1557606ms] [ERROR] Failed to load resource: net::ERR_CONNECTION_REFUSED @ http://localhost:8511/_stcore/host-config:0
[ 1559478ms] [ERROR] Failed to load resource: net::ERR_CONNECTION_REFUSED @ http://localhost:8511/_stcore/host-config:0
[ 1559478ms] [ERROR] Client Error in reaching server endpoint - No response received when attempting to reach /_stcore/host-config @ http://localhost:8511/static/js/index.D2ZqaFuW.js:16
[ 1559479ms] [ERROR] Is Streamlit still running? If you accidentally stopped Streamlit, just restart it in your terminal: @ http://localhost:8511/static/js/index.D2ZqaFuW.js:21
[ 1559588ms] [ERROR] Failed to load resource: net::ERR_CONNECTION_REFUSED @ http://localhost:8511/_stcore/health:0
[ 1561486ms] [ERROR] Failed to load resource: net::ERR_CONNECTION_REFUSED @ http://localhost:8511/_stcore/host-config:0
[ 1561486ms] [ERROR] Client Error in reaching server endpoint - No response received when attempting to reach /_stcore/host-config @ http://localhost:8511/static/js/index.D2ZqaFuW.js:16
[ 1561486ms] [ERROR] Is Streamlit still running? If you accidentally stopped Streamlit, just restart it in your terminal: @ http://localhost:8511/static/js/index.D2ZqaFuW.js:21
[ 1561600ms] [ERROR] Failed to load resource: net::ERR_CONNECTION_REFUSED @ http://localhost:8511/_stcore/health:0
[ 1563493ms] [ERROR] Failed to load resource: net::ERR_CONNECTION_REFUSED @ http://localhost:8511/_stcore/host-config:0
[ 1563493ms] [ERROR] Client Error in reaching server endpoint - No response received when attempting to reach /_stcore/host-config @ http://localhost:8511/static/js/index.D2ZqaFuW.js:16
[ 1563493ms] [ERROR] Is Streamlit still running? If you accidentally stopped Streamlit, just restart it in your terminal: @ http://localhost:8511/static/js/index.D2ZqaFuW.js:21
[ 1563607ms] [ERROR] Failed to load resource: net::ERR_CONNECTION_REFUSED @ http://localhost:8511/_stcore/health:0
[ 1565504ms] [ERROR] Failed to load resource: net::ERR_CONNECTION_REFUSED @ http://localhost:8511/_stcore/host-config:0
[ 1565504ms] [ERROR] Client Error in reaching server endpoint - No response received when attempting to reach /_stcore/host-config @ http://localhost:8511/static/js/index.D2ZqaFuW.js:16
[ 1565504ms] [ERROR] Is Streamlit still running? If you accidentally stopped Streamlit, just restart it in your terminal: @ http://localhost:8511/static/js/index.D2ZqaFuW.js:21
[ 1565673ms] [ERROR] Failed to load resource: net::ERR_CONNECTION_REFUSED @ http://localhost:8511/_stcore/health:0
[ 1567511ms] [ERROR] Failed to load resource: net::ERR_CONNECTION_REFUSED @ http://localhost:8511/_stcore/health:0
[ 1567511ms] [ERROR] Client Error in reaching server endpoint - No response received when attempting to reach /_stcore/health @ http://localhost:8511/static/js/index.D2ZqaFuW.js:16
[ 1567511ms] [ERROR] Is Streamlit still running? If you accidentally stopped Streamlit, just restart it in your terminal: @ http://localhost:8511/static/js/index.D2ZqaFuW.js:21
[ 1567681ms] [ERROR] Failed to load resource: net::ERR_CONNECTION_REFUSED @ http://localhost:8511/_stcore/host-config:0
[ 1569519ms] [ERROR] Failed to load resource: net::ERR_CONNECTION_REFUSED @ http://localhost:8511/_stcore/health:0
[ 1569519ms] [ERROR] Client Error in reaching server endpoint - No response received when attempting to reach /_stcore/health @ http://localhost:8511/static/js/index.D2ZqaFuW.js:16
[ 1569520ms] [ERROR] Is Streamlit still running? If you accidentally stopped Streamlit, just restart it in your terminal: @ http://localhost:8511/static/js/index.D2ZqaFuW.js:21
[ 1569638ms] [ERROR] Failed to load resource: net::ERR_CONNECTION_REFUSED @ http://localhost:8511/_stcore/host-config:0
[ 1571526ms] [ERROR] Failed to load resource: net::ERR_CONNECTION_REFUSED @ http://localhost:8511/_stcore/health:0
[ 1571527ms] [ERROR] Client Error in reaching server endpoint - No response received when attempting to reach /_stcore/health @ http://localhost:8511/static/js/index.D2ZqaFuW.js:16
[ 1571527ms] [ERROR] Is Streamlit still running? If you accidentally stopped Streamlit, just restart it in your terminal: @ http://localhost:8511/static/js/index.D2ZqaFuW.js:21
[ 1571656ms] [ERROR] Failed to load resource: net::ERR_CONNECTION_REFUSED @ http://localhost:8511/_stcore/host-config:0
[ 1573532ms] [ERROR] Failed to load resource: net::ERR_CONNECTION_REFUSED @ http://localhost:8511/_stcore/host-config:0
[ 1573532ms] [ERROR] Client Error in reaching server endpoint - No response received when attempting to reach /_stcore/host-config @ http://localhost:8511/static/js/index.D2ZqaFuW.js:16
[ 1573532ms] [ERROR] Is Streamlit still running? If you accidentally stopped Streamlit, just restart it in your terminal: @ http://localhost:8511/static/js/index.D2ZqaFuW.js:21
[ 1573658ms] [ERROR] Failed to load resource: net::ERR_CONNECTION_REFUSED @ http://localhost:8511/_stcore/health:0
[ 1575536ms] [ERROR] Failed to load resource: net::ERR_CONNECTION_REFUSED @ http://localhost:8511/_stcore/health:0
[ 1575536ms] [ERROR] Client Error in reaching server endpoint - No response received when attempting to reach /_stcore/health @ http://localhost:8511/static/js/index.D2ZqaFuW.js:16
[ 1575536ms] [ERROR] Is Streamlit still running? If you accidentally stopped Streamlit, just restart it in your terminal: @ http://localhost:8511/static/js/index.D2ZqaFuW.js:21
[ 1575669ms] [ERROR] Failed to load resource: net::ERR_CONNECTION_REFUSED @ http://localhost:8511/_stcore/host-config:0
[ 1577544ms] [ERROR] Failed to load resource: net::ERR_CONNECTION_REFUSED @ http://localhost:8511/_stcore/host-config:0
[ 1577544ms] [ERROR] Client Error in reaching server endpoint - No response received when attempting to reach /_stcore/host-config @ http://localhost:8511/static/js/index.D2ZqaFuW.js:16
[ 1577545ms] [ERROR] Is Streamlit still running? If you accidentally stopped Streamlit, just restart it in your terminal: @ http://localhost:8511/static/js/index.D2ZqaFuW.js:21
[ 1578069ms] [ERROR] Failed to load resource: net::ERR_CONNECTION_REFUSED @ http://localhost:8511/_stcore/health:0
[ 1579553ms] [ERROR] Failed to load resource: net::ERR_CONNECTION_REFUSED @ http://localhost:8511/_stcore/health:0
[ 1579553ms] [ERROR] Client Error in reaching server endpoint - No response received when attempting to reach /_stcore/health @ http://localhost:8511/static/js/index.D2ZqaFuW.js:16
[ 1579554ms] [ERROR] Is Streamlit still running? If you accidentally stopped Streamlit, just restart it in your terminal: @ http://localhost:8511/static/js/index.D2ZqaFuW.js:21
[ 1579747ms] [ERROR] Failed to load resource: net::ERR_CONNECTION_REFUSED @ http://localhost:8511/_stcore/host-config:0
[ 1581558ms] [ERROR] Failed to load resource: net::ERR_CONNECTION_REFUSED @ http://localhost:8511/_stcore/health:0
[ 1581558ms] [ERROR] Client Error in reaching server endpoint - No response received when attempting to reach /_stcore/health @ http://localhost:8511/static/js/index.D2ZqaFuW.js:16
[ 1581558ms] [ERROR] Is Streamlit still running? If you accidentally stopped Streamlit, just restart it in your terminal: @ http://localhost:8511/static/js/index.D2ZqaFuW.js:21
[ 1581822ms] [ERROR] Failed to load resource: net::ERR_CONNECTION_REFUSED @ http://localhost:8511/_stcore/host-config:0
[ 1583564ms] [ERROR] Failed to load resource: net::ERR_CONNECTION_REFUSED @ http://localhost:8511/_stcore/health:0
[ 1583564ms] [ERROR] Client Error in reaching server endpoint - No response received when attempting to reach /_stcore/health @ http://localhost:8511/static/js/index.D2ZqaFuW.js:16
[ 1583565ms] [ERROR] Is Streamlit still running? If you accidentally stopped Streamlit, just restart it in your terminal: @ http://localhost:8511/static/js/index.D2ZqaFuW.js:21
[ 1583680ms] [ERROR] Failed to load resource: net::ERR_CONNECTION_REFUSED @ http://localhost:8511/_stcore/host-config:0
[ 1585569ms] [ERROR] Failed to load resource: net::ERR_CONNECTION_REFUSED @ http://localhost:8511/_stcore/host-config:0
[ 1585569ms] [ERROR] Client Error in reaching server endpoint - No response received when attempting to reach /_stcore/host-config @ http://localhost:8511/static/js/index.D2ZqaFuW.js:16
[ 1585570ms] [ERROR] Is Streamlit still running? If you accidentally stopped Streamlit, just restart it in your terminal: @ http://localhost:8511/static/js/index.D2ZqaFuW.js:21
[ 1585705ms] [ERROR] Failed to load resource: net::ERR_CONNECTION_REFUSED @ http://localhost:8511/_stcore/health:0
[ 1587575ms] [ERROR] Failed to load resource: net::ERR_CONNECTION_REFUSED @ http://localhost:8511/_stcore/health:0
[ 1587576ms] [ERROR] Client Error in reaching server endpoint - No response received when attempting to reach /_stcore/health @ http://localhost:8511/static/js/index.D2ZqaFuW.js:16
[ 1587576ms] [ERROR] Is Streamlit still running? If you accidentally stopped Streamlit, just restart it in your terminal: @ http://localhost:8511/static/js/index.D2ZqaFuW.js:21
[ 1587687ms] [ERROR] Failed to load resource: net::ERR_CONNECTION_REFUSED @ http://localhost:8511/_stcore/host-config:0
[ 1589582ms] [ERROR] Failed to load resource: net::ERR_CONNECTION_REFUSED @ http://localhost:8511/_stcore/host-config:0
[ 1589583ms] [ERROR] Client Error in reaching server endpoint - No response received when attempting to reach /_stcore/host-config @ http://localhost:8511/static/js/index.D2ZqaFuW.js:16
[ 1589583ms] [ERROR] Is Streamlit still running? If you accidentally stopped Streamlit, just restart it in your terminal: @ http://localhost:8511/static/js/index.D2ZqaFuW.js:21
[ 1589726ms] [ERROR] Failed to load resource: net::ERR_CONNECTION_REFUSED @ http://localhost:8511/_stcore/health:0
[ 1591589ms] [ERROR] Failed to load resource: net::ERR_CONNECTION_REFUSED @ http://localhost:8511/_stcore/health:0
[ 1591589ms] [ERROR] Client Error in reaching server endpoint - No response received when attempting to reach /_stcore/health @ http://localhost:8511/static/js/index.D2ZqaFuW.js:16
[ 1591590ms] [ERROR] Is Streamlit still running? If you accidentally stopped Streamlit, just restart it in your terminal: @ http://localhost:8511/static/js/index.D2ZqaFuW.js:21
[ 1591711ms] [ERROR] Failed to load resource: net::ERR_CONNECTION_REFUSED @ http://localhost:8511/_stcore/host-config:0
[ 1593597ms] [ERROR] Failed to load resource: net::ERR_CONNECTION_REFUSED @ http://localhost:8511/_stcore/health:0
[ 1593597ms] [ERROR] Client Error in reaching server endpoint - No response received when attempting to reach /_stcore/health @ http://localhost:8511/static/js/index.D2ZqaFuW.js:16
[ 1593598ms] [ERROR] Is Streamlit still running? If you accidentally stopped Streamlit, just restart it in your terminal: @ http://localhost:8511/static/js/index.D2ZqaFuW.js:21
[ 1593719ms] [ERROR] Failed to load resource: net::ERR_CONNECTION_REFUSED @ http://localhost:8511/_stcore/host-config:0
[ 1595601ms] [ERROR] Failed to load resource: net::ERR_CONNECTION_REFUSED @ http://localhost:8511/_stcore/health:0
[ 1595601ms] [ERROR] Client Error in reaching server endpoint - No response received when attempting to reach /_stcore/health @ http://localhost:8511/static/js/index.D2ZqaFuW.js:16
[ 1595601ms] [ERROR] Is Streamlit still running? If you accidentally stopped Streamlit, just restart it in your terminal: @ http://localhost:8511/static/js/index.D2ZqaFuW.js:21
[ 1596073ms] [ERROR] Failed to load resource: net::ERR_CONNECTION_REFUSED @ http://localhost:8511/_stcore/host-config:0
[ 1597606ms] [ERROR] Failed to load resource: net::ERR_CONNECTION_REFUSED @ http://localhost:8511/_stcore/host-config:0
[ 1597606ms] [ERROR] Client Error in reaching server endpoint - No response received when attempting to reach /_stcore/host-config @ http://localhost:8511/static/js/index.D2ZqaFuW.js:16
[ 1597607ms] [ERROR] Is Streamlit still running? If you accidentally stopped Streamlit, just restart it in your terminal: @ http://localhost:8511/static/js/index.D2ZqaFuW.js:21
[ 1597848ms] [ERROR] Failed to load resource: net::ERR_CONNECTION_REFUSED @ http://localhost:8511/_stcore/health:0
[ 1599612ms] [ERROR] Failed to load resource: net::ERR_CONNECTION_REFUSED @ http://localhost:8511/_stcore/health:0
[ 1599612ms] [ERROR] Client Error in reaching server endpoint - No response received when attempting to reach /_stcore/health @ http://localhost:8511/static/js/index.D2ZqaFuW.js:16
[ 1599612ms] [ERROR] Is Streamlit still running? If you accidentally stopped Streamlit, just restart it in your terminal: @ http://localhost:8511/static/js/index.D2ZqaFuW.js:21
[ 1599770ms] [ERROR] Failed to load resource: net::ERR_CONNECTION_REFUSED @ http://localhost:8511/_stcore/host-config:0
[ 1601617ms] [ERROR] Failed to load resource: net::ERR_CONNECTION_REFUSED @ http://localhost:8511/_stcore/health:0
[ 1601618ms] [ERROR] Client Error in reaching server endpoint - No response received when attempting to reach /_stcore/health @ http://localhost:8511/static/js/index.D2ZqaFuW.js:16
[ 1601618ms] [ERROR] Is Streamlit still running? If you accidentally stopped Streamlit, just restart it in your terminal: @ http://localhost:8511/static/js/index.D2ZqaFuW.js:21
[ 1601766ms] [ERROR] Failed to load resource: net::ERR_CONNECTION_REFUSED @ http://localhost:8511/_stcore/host-config:0
[ 1603627ms] [ERROR] Failed to load resource: net::ERR_CONNECTION_REFUSED @ http://localhost:8511/_stcore/health:0
[ 1603627ms] [ERROR] Client Error in reaching server endpoint - No response received when attempting to reach /_stcore/health @ http://localhost:8511/static/js/index.D2ZqaFuW.js:16
[ 1603628ms] [ERROR] Is Streamlit still running? If you accidentally stopped Streamlit, just restart it in your terminal: @ http://localhost:8511/static/js/index.D2ZqaFuW.js:21
[ 1603816ms] [ERROR] Failed to load resource: net::ERR_CONNECTION_REFUSED @ http://localhost:8511/_stcore/host-config:0
[ 1605639ms] [ERROR] Failed to load resource: net::ERR_CONNECTION_REFUSED @ http://localhost:8511/_stcore/health:0
[ 1605639ms] [ERROR] Client Error in reaching server endpoint - No response received when attempting to reach /_stcore/health @ http://localhost:8511/static/js/index.D2ZqaFuW.js:16
[ 1605640ms] [ERROR] Is Streamlit still running? If you accidentally stopped Streamlit, just restart it in your terminal: @ http://localhost:8511/static/js/index.D2ZqaFuW.js:21
[ 1605765ms] [ERROR] Failed to load resource: net::ERR_CONNECTION_REFUSED @ http://localhost:8511/_stcore/host-config:0
[ 1607648ms] [ERROR] Failed to load resource: net::ERR_CONNECTION_REFUSED @ http://localhost:8511/_stcore/health:0
[ 1607648ms] [ERROR] Client Error in reaching server endpoint - No response received when attempting to reach /_stcore/health @ http://localhost:8511/static/js/index.D2ZqaFuW.js:16
[ 1607648ms] [ERROR] Is Streamlit still running? If you accidentally stopped Streamlit, just restart it in your terminal: @ http://localhost:8511/static/js/index.D2ZqaFuW.js:21
[ 1607649ms] [ERROR] Failed to load resource: net::ERR_CONNECTION_REFUSED @ http://localhost:8511/_stcore/host-config:0
[ 1609652ms] [ERROR] Failed to load resource: net::ERR_CONNECTION_REFUSED @ http://localhost:8511/_stcore/host-config:0
[ 1609652ms] [ERROR] Client Error in reaching server endpoint - No response received when attempting to reach /_stcore/host-config @ http://localhost:8511/static/js/index.D2ZqaFuW.js:16
[ 1609652ms] [ERROR] Is Streamlit still running? If you accidentally stopped Streamlit, just restart it in your terminal: @ http://localhost:8511/static/js/index.D2ZqaFuW.js:21
[ 1609808ms] [ERROR] Failed to load resource: net::ERR_CONNECTION_REFUSED @ http://localhost:8511/_stcore/health:0
[ 1611659ms] [ERROR] Failed to load resource: net::ERR_CONNECTION_REFUSED @ http://localhost:8511/_stcore/health:0
[ 1611659ms] [ERROR] Client Error in reaching server endpoint - No response received when attempting to reach /_stcore/health @ http://localhost:8511/static/js/index.D2ZqaFuW.js:16
[ 1611660ms] [ERROR] Is Streamlit still running? If you accidentally stopped Streamlit, just restart it in your terminal: @ http://localhost:8511/static/js/index.D2ZqaFuW.js:21
[ 1611778ms] [ERROR] Failed to load resource: net::ERR_CONNECTION_REFUSED @ http://localhost:8511/_stcore/host-config:0
[ 1613686ms] [ERROR] Failed to load resource: net::ERR_CONNECTION_REFUSED @ http://localhost:8511/_stcore/health:0
[ 1613686ms] [ERROR] Client Error in reaching server endpoint - No response received when attempting to reach /_stcore/health @ http://localhost:8511/static/js/index.D2ZqaFuW.js:16
[ 1613687ms] [ERROR] Is Streamlit still running? If you accidentally stopped Streamlit, just restart it in your terminal: @ http://localhost:8511/static/js/index.D2ZqaFuW.js:21
[ 1613826ms] [ERROR] Failed to load resource: net::ERR_CONNECTION_REFUSED @ http://localhost:8511/_stcore/host-config:0
[ 1615691ms] [ERROR] Failed to load resource: net::ERR_CONNECTION_REFUSED @ http://localhost:8511/_stcore/health:0
[ 1615691ms] [ERROR] Client Error in reaching server endpoint - No response received when attempting to reach /_stcore/health @ http://localhost:8511/static/js/index.D2ZqaFuW.js:16
[ 1615692ms] [ERROR] Is Streamlit still running? If you accidentally stopped Streamlit, just restart it in your terminal: @ http://localhost:8511/static/js/index.D2ZqaFuW.js:21
[ 1616022ms] [ERROR] Failed to load resource: net::ERR_CONNECTION_REFUSED @ http://localhost:8511/_stcore/host-config:0
[ 1617703ms] [ERROR] Failed to load resource: net::ERR_CONNECTION_REFUSED @ http://localhost:8511/_stcore/health:0
[ 1617703ms] [ERROR] Client Error in reaching server endpoint - No response received when attempting to reach /_stcore/health @ http://localhost:8511/static/js/index.D2ZqaFuW.js:16
[ 1617703ms] [ERROR] Is Streamlit still running? If you accidentally stopped Streamlit, just restart it in your terminal: @ http://localhost:8511/static/js/index.D2ZqaFuW.js:21
[ 1617825ms] [ERROR] Failed to load resource: net::ERR_CONNECTION_REFUSED @ http://localhost:8511/_stcore/host-config:0
[ 1619708ms] [ERROR] Failed to load resource: net::ERR_CONNECTION_REFUSED @ http://localhost:8511/_stcore/health:0
[ 1619708ms] [ERROR] Client Error in reaching server endpoint - No response received when attempting to reach /_stcore/health @ http://localhost:8511/static/js/index.D2ZqaFuW.js:16
[ 1619708ms] [ERROR] Is Streamlit still running? If you accidentally stopped Streamlit, just restart it in your terminal: @ http://localhost:8511/static/js/index.D2ZqaFuW.js:21
[ 1619872ms] [ERROR] Failed to load resource: net::ERR_CONNECTION_REFUSED @ http://localhost:8511/_stcore/host-config:0
[ 1621715ms] [ERROR] Failed to load resource: net::ERR_CONNECTION_REFUSED @ http://localhost:8511/_stcore/health:0
[ 1621715ms] [ERROR] Client Error in reaching server endpoint - No response received when attempting to reach /_stcore/health @ http://localhost:8511/static/js/index.D2ZqaFuW.js:16
[ 1621716ms] [ERROR] Is Streamlit still running? If you accidentally stopped Streamlit, just restart it in your terminal: @ http://localhost:8511/static/js/index.D2ZqaFuW.js:21
[ 1621832ms] [ERROR] Failed to load resource: net::ERR_CONNECTION_REFUSED @ http://localhost:8511/_stcore/host-config:0
[ 1623722ms] [ERROR] Failed to load resource: net::ERR_CONNECTION_REFUSED @ http://localhost:8511/_stcore/health:0
[ 1623722ms] [ERROR] Client Error in reaching server endpoint - No response received when attempting to reach /_stcore/health @ http://localhost:8511/static/js/index.D2ZqaFuW.js:16
[ 1623723ms] [ERROR] Is Streamlit still running? If you accidentally stopped Streamlit, just restart it in your terminal: @ http://localhost:8511/static/js/index.D2ZqaFuW.js:21
[ 1624123ms] [ERROR] Failed to load resource: net::ERR_CONNECTION_REFUSED @ http://localhost:8511/_stcore/host-config:0
[ 1625729ms] [ERROR] Failed to load resource: net::ERR_CONNECTION_REFUSED @ http://localhost:8511/_stcore/host-config:0
[ 1625730ms] [ERROR] Client Error in reaching server endpoint - No response received when attempting to reach /_stcore/host-config @ http://localhost:8511/static/js/index.D2ZqaFuW.js:16
[ 1625730ms] [ERROR] Is Streamlit still running? If you accidentally stopped Streamlit, just restart it in your terminal: @ http://localhost:8511/static/js/index.D2ZqaFuW.js:21
[ 1625865ms] [ERROR] Failed to load resource: net::ERR_CONNECTION_REFUSED @ http://localhost:8511/_stcore/health:0
[ 1627736ms] [ERROR] Failed to load resource: net::ERR_CONNECTION_REFUSED @ http://localhost:8511/_stcore/health:0
[ 1627737ms] [ERROR] Client Error in reaching server endpoint - No response received when attempting to reach /_stcore/health @ http://localhost:8511/static/js/index.D2ZqaFuW.js:16
[ 1627737ms] [ERROR] Is Streamlit still running? If you accidentally stopped Streamlit, just restart it in your terminal: @ http://localhost:8511/static/js/index.D2ZqaFuW.js:21
[ 1627856ms] [ERROR] Failed to load resource: net::ERR_CONNECTION_REFUSED @ http://localhost:8511/_stcore/host-config:0
[ 1629743ms] [ERROR] Failed to load resource: net::ERR_CONNECTION_REFUSED @ http://localhost:8511/_stcore/health:0
[ 1629744ms] [ERROR] Client Error in reaching server endpoint - No response received when attempting to reach /_stcore/health @ http://localhost:8511/static/js/index.D2ZqaFuW.js:16
[ 1629744ms] [ERROR] Is Streamlit still running? If you accidentally stopped Streamlit, just restart it in your terminal: @ http://localhost:8511/static/js/index.D2ZqaFuW.js:21
[ 1629876ms] [ERROR] Failed to load resource: net::ERR_CONNECTION_REFUSED @ http://localhost:8511/_stcore/host-config:0
[ 1631753ms] [ERROR] Failed to load resource: net::ERR_CONNECTION_REFUSED @ http://localhost:8511/_stcore/health:0
[ 1631753ms] [ERROR] Client Error in reaching server endpoint - No response received when attempting to reach /_stcore/health @ http://localhost:8511/static/js/index.D2ZqaFuW.js:16
[ 1631753ms] [ERROR] Is Streamlit still running? If you accidentally stopped Streamlit, just restart it in your terminal: @ http://localhost:8511/static/js/index.D2ZqaFuW.js:21
[ 1631881ms] [ERROR] Failed to load resource: net::ERR_CONNECTION_REFUSED @ http://localhost:8511/_stcore/host-config:0
[ 1633759ms] [ERROR] Failed to load resource: net::ERR_CONNECTION_REFUSED @ http://localhost:8511/_stcore/health:0
[ 1633760ms] [ERROR] Client Error in reaching server endpoint - No response received when attempting to reach /_stcore/health @ http://localhost:8511/static/js/index.D2ZqaFuW.js:16
[ 1633760ms] [ERROR] Is Streamlit still running? If you accidentally stopped Streamlit, just restart it in your terminal: @ http://localhost:8511/static/js/index.D2ZqaFuW.js:21
[ 1633947ms] [ERROR] Failed to load resource: net::ERR_CONNECTION_REFUSED @ http://localhost:8511/_stcore/host-config:0
[ 1635771ms] [ERROR] Failed to load resource: net::ERR_CONNECTION_REFUSED @ http://localhost:8511/_stcore/health:0
[ 1635771ms] [ERROR] Client Error in reaching server endpoint - No response received when attempting to reach /_stcore/health @ http://localhost:8511/static/js/index.D2ZqaFuW.js:16
[ 1635772ms] [ERROR] Is Streamlit still running? If you accidentally stopped Streamlit, just restart it in your terminal: @ http://localhost:8511/static/js/index.D2ZqaFuW.js:21
[ 1635917ms] [ERROR] Failed to load resource: net::ERR_CONNECTION_REFUSED @ http://localhost:8511/_stcore/host-config:0
[ 1637779ms] [ERROR] Failed to load resource: net::ERR_CONNECTION_REFUSED @ http://localhost:8511/_stcore/health:0
[ 1637780ms] [ERROR] Client Error in reaching server endpoint - No response received when attempting to reach /_stcore/health @ http://localhost:8511/static/js/index.D2ZqaFuW.js:16
[ 1637780ms] [ERROR] Is Streamlit still running? If you accidentally stopped Streamlit, just restart it in your terminal: @ http://localhost:8511/static/js/index.D2ZqaFuW.js:21
[ 1637908ms] [ERROR] Failed to load resource: net::ERR_CONNECTION_REFUSED @ http://localhost:8511/_stcore/host-config:0
[ 1639789ms] [ERROR] Failed to load resource: net::ERR_CONNECTION_REFUSED @ http://localhost:8511/_stcore/health:0
[ 1639790ms] [ERROR] Client Error in reaching server endpoint - No response received when attempting to reach /_stcore/health @ http://localhost:8511/static/js/index.D2ZqaFuW.js:16
[ 1639790ms] [ERROR] Is Streamlit still running? If you accidentally stopped Streamlit, just restart it in your terminal: @ http://localhost:8511/static/js/index.D2ZqaFuW.js:21
[ 1639967ms] [ERROR] Failed to load resource: net::ERR_CONNECTION_REFUSED @ http://localhost:8511/_stcore/host-config:0
[ 1641797ms] [ERROR] Failed to load resource: net::ERR_CONNECTION_REFUSED @ http://localhost:8511/_stcore/health:0
[ 1641797ms] [ERROR] Client Error in reaching server endpoint - No response received when attempting to reach /_stcore/health @ http://localhost:8511/static/js/index.D2ZqaFuW.js:16
[ 1641797ms] [ERROR] Is Streamlit still running? If you accidentally stopped Streamlit, just restart it in your terminal: @ http://localhost:8511/static/js/index.D2ZqaFuW.js:21
[ 1641915ms] [ERROR] Failed to load resource: net::ERR_CONNECTION_REFUSED @ http://localhost:8511/_stcore/host-config:0
[ 1643808ms] [ERROR] Failed to load resource: net::ERR_CONNECTION_REFUSED @ http://localhost:8511/_stcore/health:0
[ 1643808ms] [ERROR] Client Error in reaching server endpoint - No response received when attempting to reach /_stcore/health @ http://localhost:8511/static/js/index.D2ZqaFuW.js:16
[ 1643809ms] [ERROR] Is Streamlit still running? If you accidentally stopped Streamlit, just restart it in your terminal: @ http://localhost:8511/static/js/index.D2ZqaFuW.js:21
[ 1643952ms] [ERROR] Failed to load resource: net::ERR_CONNECTION_REFUSED @ http://localhost:8511/_stcore/host-config:0
[ 1645816ms] [ERROR] Failed to load resource: net::ERR_CONNECTION_REFUSED @ http://localhost:8511/_stcore/health:0
[ 1645816ms] [ERROR] Client Error in reaching server endpoint - No response received when attempting to reach /_stcore/health @ http://localhost:8511/static/js/index.D2ZqaFuW.js:16
[ 1645817ms] [ERROR] Is Streamlit still running? If you accidentally stopped Streamlit, just restart it in your terminal: @ http://localhost:8511/static/js/index.D2ZqaFuW.js:21
[ 1645953ms] [ERROR] Failed to load resource: net::ERR_CONNECTION_REFUSED @ http://localhost:8511/_stcore/host-config:0
[ 1647823ms] [ERROR] Failed to load resource: net::ERR_CONNECTION_REFUSED @ http://localhost:8511/_stcore/host-config:0
[ 1647823ms] [ERROR] Client Error in reaching server endpoint - No response received when attempting to reach /_stcore/host-config @ http://localhost:8511/static/js/index.D2ZqaFuW.js:16
[ 1647824ms] [ERROR] Is Streamlit still running? If you accidentally stopped Streamlit, just restart it in your terminal: @ http://localhost:8511/static/js/index.D2ZqaFuW.js:21
[ 1647943ms] [ERROR] Failed to load resource: net::ERR_CONNECTION_REFUSED @ http://localhost:8511/_stcore/health:0
[ 1649829ms] [ERROR] Failed to load resource: net::ERR_CONNECTION_REFUSED @ http://localhost:8511/_stcore/health:0
[ 1649829ms] [ERROR] Client Error in reaching server endpoint - No response received when attempting to reach /_stcore/health @ http://localhost:8511/static/js/index.D2ZqaFuW.js:16
[ 1649830ms] [ERROR] Is Streamlit still running? If you accidentally stopped Streamlit, just restart it in your terminal: @ http://localhost:8511/static/js/index.D2ZqaFuW.js:21
[ 1649967ms] [ERROR] Failed to load resource: net::ERR_CONNECTION_REFUSED @ http://localhost:8511/_stcore/host-config:0
[ 1651838ms] [ERROR] Failed to load resource: net::ERR_CONNECTION_REFUSED @ http://localhost:8511/_stcore/health:0
[ 1651838ms] [ERROR] Client Error in reaching server endpoint - No response received when attempting to reach /_stcore/health @ http://localhost:8511/static/js/index.D2ZqaFuW.js:16
[ 1651838ms] [ERROR] Is Streamlit still running? If you accidentally stopped Streamlit, just restart it in your terminal: @ http://localhost:8511/static/js/index.D2ZqaFuW.js:21
[ 1651957ms] [ERROR] Failed to load resource: net::ERR_CONNECTION_REFUSED @ http://localhost:8511/_stcore/host-config:0
[ 1653846ms] [ERROR] Failed to load resource: net::ERR_CONNECTION_REFUSED @ http://localhost:8511/_stcore/health:0
[ 1653846ms] [ERROR] Client Error in reaching server endpoint - No response received when attempting to reach /_stcore/health @ http://localhost:8511/static/js/index.D2ZqaFuW.js:16
[ 1653847ms] [ERROR] Is Streamlit still running? If you accidentally stopped Streamlit, just restart it in your terminal: @ http://localhost:8511/static/js/index.D2ZqaFuW.js:21
[ 1653979ms] [ERROR] Failed to load resource: net::ERR_CONNECTION_REFUSED @ http://localhost:8511/_stcore/host-config:0
[ 1655856ms] [ERROR] Failed to load resource: net::ERR_CONNECTION_REFUSED @ http://localhost:8511/_stcore/host-config:0
[ 1655856ms] [ERROR] Client Error in reaching server endpoint - No response received when attempting to reach /_stcore/host-config @ http://localhost:8511/static/js/index.D2ZqaFuW.js:16
[ 1655856ms] [ERROR] Is Streamlit still running? If you accidentally stopped Streamlit, just restart it in your terminal: @ http://localhost:8511/static/js/index.D2ZqaFuW.js:21
[ 1656002ms] [ERROR] Failed to load resource: net::ERR_CONNECTION_REFUSED @ http://localhost:8511/_stcore/health:0
[ 1657864ms] [ERROR] Failed to load resource: net::ERR_CONNECTION_REFUSED @ http://localhost:8511/_stcore/health:0
[ 1657864ms] [ERROR] Client Error in reaching server endpoint - No response received when attempting to reach /_stcore/health @ http://localhost:8511/static/js/index.D2ZqaFuW.js:16
[ 1657865ms] [ERROR] Is Streamlit still running? If you accidentally stopped Streamlit, just restart it in your terminal: @ http://localhost:8511/static/js/index.D2ZqaFuW.js:21
[ 1657865ms] [ERROR] Failed to load resource: net::ERR_CONNECTION_REFUSED @ http://localhost:8511/_stcore/host-config:0
[ 1659870ms] [ERROR] Failed to load resource: net::ERR_CONNECTION_REFUSED @ http://localhost:8511/_stcore/host-config:0
[ 1659870ms] [ERROR] Client Error in reaching server endpoint - No response received when attempting to reach /_stcore/host-config @ http://localhost:8511/static/js/index.D2ZqaFuW.js:16
[ 1659870ms] [ERROR] Is Streamlit still running? If you accidentally stopped Streamlit, just restart it in your terminal: @ http://localhost:8511/static/js/index.D2ZqaFuW.js:21
[ 1660067ms] [ERROR] Failed to load resource: net::ERR_CONNECTION_REFUSED @ http://localhost:8511/_stcore/health:0
[ 1661877ms] [ERROR] Failed to load resource: net::ERR_CONNECTION_REFUSED @ http://localhost:8511/_stcore/health:0
[ 1661878ms] [ERROR] Client Error in reaching server endpoint - No response received when attempting to reach /_stcore/health @ http://localhost:8511/static/js/index.D2ZqaFuW.js:16
[ 1661878ms] [ERROR] Is Streamlit still running? If you accidentally stopped Streamlit, just restart it in your terminal: @ http://localhost:8511/static/js/index.D2ZqaFuW.js:21
[ 1661989ms] [ERROR] Failed to load resource: net::ERR_CONNECTION_REFUSED @ http://localhost:8511/_stcore/host-config:0
[ 1663885ms] [ERROR] Failed to load resource: net::ERR_CONNECTION_REFUSED @ http://localhost:8511/_stcore/health:0
[ 1663885ms] [ERROR] Client Error in reaching server endpoint - No response received when attempting to reach /_stcore/health @ http://localhost:8511/static/js/index.D2ZqaFuW.js:16
[ 1663885ms] [ERROR] Is Streamlit still running? If you accidentally stopped Streamlit, just restart it in your terminal: @ http://localhost:8511/static/js/index.D2ZqaFuW.js:21
[ 1664008ms] [ERROR] Failed to load resource: net::ERR_CONNECTION_REFUSED @ http://localhost:8511/_stcore/host-config:0
[ 1665890ms] [ERROR] Failed to load resource: net::ERR_CONNECTION_REFUSED @ http://localhost:8511/_stcore/health:0
[ 1665890ms] [ERROR] Client Error in reaching server endpoint - No response received when attempting to reach /_stcore/health @ http://localhost:8511/static/js/index.D2ZqaFuW.js:16
[ 1665890ms] [ERROR] Is Streamlit still running? If you accidentally stopped Streamlit, just restart it in your terminal: @ http://localhost:8511/static/js/index.D2ZqaFuW.js:21
[ 1666024ms] [ERROR] Failed to load resource: net::ERR_CONNECTION_REFUSED @ http://localhost:8511/_stcore/host-config:0
[ 1667897ms] [ERROR] Failed to load resource: net::ERR_CONNECTION_REFUSED @ http://localhost:8511/_stcore/health:0
[ 1667898ms] [ERROR] Client Error in reaching server endpoint - No response received when attempting to reach /_stcore/health @ http://localhost:8511/static/js/index.D2ZqaFuW.js:16
[ 1667898ms] [ERROR] Is Streamlit still running? If you accidentally stopped Streamlit, just restart it in your terminal: @ http://localhost:8511/static/js/index.D2ZqaFuW.js:21
[ 1668008ms] [ERROR] Failed to load resource: net::ERR_CONNECTION_REFUSED @ http://localhost:8511/_stcore/host-config:0
[ 1669905ms] [ERROR] Failed to load resource: net::ERR_CONNECTION_REFUSED @ http://localhost:8511/_stcore/host-config:0
[ 1669905ms] [ERROR] Client Error in reaching server endpoint - No response received when attempting to reach /_stcore/host-config @ http://localhost:8511/static/js/index.D2ZqaFuW.js:16
[ 1669906ms] [ERROR] Is Streamlit still running? If you accidentally stopped Streamlit, just restart it in your terminal: @ http://localhost:8511/static/js/index.D2ZqaFuW.js:21
[ 1670044ms] [ERROR] Failed to load resource: net::ERR_CONNECTION_REFUSED @ http://localhost:8511/_stcore/health:0
[ 1671913ms] [ERROR] Failed to load resource: net::ERR_CONNECTION_REFUSED @ http://localhost:8511/_stcore/health:0
[ 1671913ms] [ERROR] Client Error in reaching server endpoint - No response received when attempting to reach /_stcore/health @ http://localhost:8511/static/js/index.D2ZqaFuW.js:16
[ 1671914ms] [ERROR] Is Streamlit still running? If you accidentally stopped Streamlit, just restart it in your terminal: @ http://localhost:8511/static/js/index.D2ZqaFuW.js:21
[ 1672026ms] [ERROR] Failed to load resource: net::ERR_CONNECTION_REFUSED @ http://localhost:8511/_stcore/host-config:0
[ 1673920ms] [ERROR] Failed to load resource: net::ERR_CONNECTION_REFUSED @ http://localhost:8511/_stcore/health:0
[ 1673920ms] [ERROR] Client Error in reaching server endpoint - No response received when attempting to reach /_stcore/health @ http://localhost:8511/static/js/index.D2ZqaFuW.js:16
[ 1673920ms] [ERROR] Is Streamlit still running? If you accidentally stopped Streamlit, just restart it in your terminal: @ http://localhost:8511/static/js/index.D2ZqaFuW.js:21
[ 1674397ms] [ERROR] Failed to load resource: net::ERR_CONNECTION_REFUSED @ http://localhost:8511/_stcore/host-config:0
[ 1675925ms] [ERROR] Failed to load resource: net::ERR_CONNECTION_REFUSED @ http://localhost:8511/_stcore/health:0
[ 1675925ms] [ERROR] Client Error in reaching server endpoint - No response received when attempting to reach /_stcore/health @ http://localhost:8511/static/js/index.D2ZqaFuW.js:16
[ 1675925ms] [ERROR] Is Streamlit still running? If you accidentally stopped Streamlit, just restart it in your terminal: @ http://localhost:8511/static/js/index.D2ZqaFuW.js:21
[ 1676042ms] [ERROR] Failed to load resource: net::ERR_CONNECTION_REFUSED @ http://localhost:8511/_stcore/host-config:0
[ 1677934ms] [ERROR] Failed to load resource: net::ERR_CONNECTION_REFUSED @ http://localhost:8511/_stcore/host-config:0
[ 1677934ms] [ERROR] Client Error in reaching server endpoint - No response received when attempting to reach /_stcore/host-config @ http://localhost:8511/static/js/index.D2ZqaFuW.js:16
[ 1677934ms] [ERROR] Is Streamlit still running? If you accidentally stopped Streamlit, just restart it in your terminal: @ http://localhost:8511/static/js/index.D2ZqaFuW.js:21
[ 1678110ms] [ERROR] Failed to load resource: net::ERR_CONNECTION_REFUSED @ http://localhost:8511/_stcore/health:0
[ 1679943ms] [ERROR] Failed to load resource: net::ERR_CONNECTION_REFUSED @ http://localhost:8511/_stcore/health:0
[ 1679943ms] [ERROR] Client Error in reaching server endpoint - No response received when attempting to reach /_stcore/health @ http://localhost:8511/static/js/index.D2ZqaFuW.js:16
[ 1679943ms] [ERROR] Is Streamlit still running? If you accidentally stopped Streamlit, just restart it in your terminal: @ http://localhost:8511/static/js/index.D2ZqaFuW.js:21
[ 1680109ms] [ERROR] Failed to load resource: net::ERR_CONNECTION_REFUSED @ http://localhost:8511/_stcore/host-config:0
[ 1682004ms] [ERROR] Failed to load resource: net::ERR_CONNECTION_REFUSED @ http://localhost:8511/_stcore/health:0
[ 1682004ms] [ERROR] Client Error in reaching server endpoint - No response received when attempting to reach /_stcore/health @ http://localhost:8511/static/js/index.D2ZqaFuW.js:16
[ 1682004ms] [ERROR] Is Streamlit still running? If you accidentally stopped Streamlit, just restart it in your terminal: @ http://localhost:8511/static/js/index.D2ZqaFuW.js:21
[ 1682306ms] [ERROR] Failed to load resource: net::ERR_CONNECTION_REFUSED @ http://localhost:8511/_stcore/host-config:0
[ 1684017ms] [ERROR] Failed to load resource: net::ERR_CONNECTION_REFUSED @ http://localhost:8511/_stcore/host-config:0
[ 1684017ms] [ERROR] Client Error in reaching server endpoint - No response received when attempting to reach /_stcore/host-config @ http://localhost:8511/static/js/index.D2ZqaFuW.js:16
[ 1684018ms] [ERROR] Is Streamlit still running? If you accidentally stopped Streamlit, just restart it in your terminal: @ http://localhost:8511/static/js/index.D2ZqaFuW.js:21
[ 1684188ms] [ERROR] Failed to load resource: net::ERR_CONNECTION_REFUSED @ http://localhost:8511/_stcore/health:0
[ 1686024ms] [ERROR] Failed to load resource: net::ERR_CONNECTION_REFUSED @ http://localhost:8511/_stcore/host-config:0
[ 1686024ms] [ERROR] Client Error in reaching server endpoint - No response received when attempting to reach /_stcore/host-config @ http://localhost:8511/static/js/index.D2ZqaFuW.js:16
[ 1686024ms] [ERROR] Is Streamlit still running? If you accidentally stopped Streamlit, just restart it in your terminal: @ http://localhost:8511/static/js/index.D2ZqaFuW.js:21
[ 1686137ms] [ERROR] Failed to load resource: net::ERR_CONNECTION_REFUSED @ http://localhost:8511/_stcore/health:0
[ 1688029ms] [ERROR] Failed to load resource: net::ERR_CONNECTION_REFUSED @ http://localhost:8511/_stcore/health:0
[ 1688029ms] [ERROR] Client Error in reaching server endpoint - No response received when attempting to reach /_stcore/health @ http://localhost:8511/static/js/index.D2ZqaFuW.js:16
[ 1688029ms] [ERROR] Is Streamlit still running? If you accidentally stopped Streamlit, just restart it in your terminal: @ http://localhost:8511/static/js/index.D2ZqaFuW.js:21
[ 1688203ms] [ERROR] Failed to load resource: net::ERR_CONNECTION_REFUSED @ http://localhost:8511/_stcore/host-config:0
[ 1690034ms] [ERROR] Failed to load resource: net::ERR_CONNECTION_REFUSED @ http://localhost:8511/_stcore/health:0
[ 1690034ms] [ERROR] Client Error in reaching server endpoint - No response received when attempting to reach /_stcore/health @ http://localhost:8511/static/js/index.D2ZqaFuW.js:16
[ 1690034ms] [ERROR] Is Streamlit still running? If you accidentally stopped Streamlit, just restart it in your terminal: @ http://localhost:8511/static/js/index.D2ZqaFuW.js:21
[ 1690161ms] [ERROR] Failed to load resource: net::ERR_CONNECTION_REFUSED @ http://localhost:8511/_stcore/host-config:0
[ 1692040ms] [ERROR] Failed to load resource: net::ERR_CONNECTION_REFUSED @ http://localhost:8511/_stcore/health:0
[ 1692040ms] [ERROR] Client Error in reaching server endpoint - No response received when attempting to reach /_stcore/health @ http://localhost:8511/static/js/index.D2ZqaFuW.js:16
[ 1692040ms] [ERROR] Is Streamlit still running? If you accidentally stopped Streamlit, just restart it in your terminal: @ http://localhost:8511/static/js/index.D2ZqaFuW.js:21
[ 1692152ms] [ERROR] Failed to load resource: net::ERR_CONNECTION_REFUSED @ http://localhost:8511/_stcore/host-config:0
[ 1694048ms] [ERROR] Failed to load resource: net::ERR_CONNECTION_REFUSED @ http://localhost:8511/_stcore/health:0
[ 1694048ms] [ERROR] Client Error in reaching server endpoint - No response received when attempting to reach /_stcore/health @ http://localhost:8511/static/js/index.D2ZqaFuW.js:16
[ 1694048ms] [ERROR] Is Streamlit still running? If you accidentally stopped Streamlit, just restart it in your terminal: @ http://localhost:8511/static/js/index.D2ZqaFuW.js:21
[ 1694164ms] [ERROR] Failed to load resource: net::ERR_CONNECTION_REFUSED @ http://localhost:8511/_stcore/host-config:0
[ 1696053ms] [ERROR] Failed to load resource: net::ERR_CONNECTION_REFUSED @ http://localhost:8511/_stcore/health:0
[ 1696053ms] [ERROR] Client Error in reaching server endpoint - No response received when attempting to reach /_stcore/health @ http://localhost:8511/static/js/index.D2ZqaFuW.js:16
[ 1696054ms] [ERROR] Is Streamlit still running? If you accidentally stopped Streamlit, just restart it in your terminal: @ http://localhost:8511/static/js/index.D2ZqaFuW.js:21
[ 1696172ms] [ERROR] Failed to load resource: net::ERR_CONNECTION_REFUSED @ http://localhost:8511/_stcore/host-config:0
[ 1698061ms] [ERROR] Failed to load resource: net::ERR_CONNECTION_REFUSED @ http://localhost:8511/_stcore/health:0
[ 1698061ms] [ERROR] Client Error in reaching server endpoint - No response received when attempting to reach /_stcore/health @ http://localhost:8511/static/js/index.D2ZqaFuW.js:16
[ 1698062ms] [ERROR] Is Streamlit still running? If you accidentally stopped Streamlit, just restart it in your terminal: @ http://localhost:8511/static/js/index.D2ZqaFuW.js:21
[ 1698198ms] [ERROR] Failed to load resource: net::ERR_CONNECTION_REFUSED @ http://localhost:8511/_stcore/host-config:0
[ 1700067ms] [ERROR] Failed to load resource: net::ERR_CONNECTION_REFUSED @ http://localhost:8511/_stcore/health:0
[ 1700067ms] [ERROR] Client Error in reaching server endpoint - No response received when attempting to reach /_stcore/health @ http://localhost:8511/static/js/index.D2ZqaFuW.js:16
[ 1700068ms] [ERROR] Is Streamlit still running? If you accidentally stopped Streamlit, just restart it in your terminal: @ http://localhost:8511/static/js/index.D2ZqaFuW.js:21
[ 1700193ms] [ERROR] Failed to load resource: net::ERR_CONNECTION_REFUSED @ http://localhost:8511/_stcore/host-config:0
[ 1702075ms] [ERROR] Failed to load resource: net::ERR_CONNECTION_REFUSED @ http://localhost:8511/_stcore/health:0
[ 1702075ms] [ERROR] Client Error in reaching server endpoint - No response received when attempting to reach /_stcore/health @ http://localhost:8511/static/js/index.D2ZqaFuW.js:16
[ 1702075ms] [ERROR] Is Streamlit still running? If you accidentally stopped Streamlit, just restart it in your terminal: @ http://localhost:8511/static/js/index.D2ZqaFuW.js:21
[ 1702211ms] [ERROR] Failed to load resource: net::ERR_CONNECTION_REFUSED @ http://localhost:8511/_stcore/host-config:0
[ 1704082ms] [ERROR] Failed to load resource: net::ERR_CONNECTION_REFUSED @ http://localhost:8511/_stcore/health:0
[ 1704083ms] [ERROR] Client Error in reaching server endpoint - No response received when attempting to reach /_stcore/health @ http://localhost:8511/static/js/index.D2ZqaFuW.js:16
[ 1704083ms] [ERROR] Is Streamlit still running? If you accidentally stopped Streamlit, just restart it in your terminal: @ http://localhost:8511/static/js/index.D2ZqaFuW.js:21
[ 1704224ms] [ERROR] Failed to load resource: net::ERR_CONNECTION_REFUSED @ http://localhost:8511/_stcore/host-config:0
[ 1706089ms] [ERROR] Failed to load resource: net::ERR_CONNECTION_REFUSED @ http://localhost:8511/_stcore/health:0
[ 1706090ms] [ERROR] Client Error in reaching server endpoint - No response received when attempting to reach /_stcore/health @ http://localhost:8511/static/js/index.D2ZqaFuW.js:16
[ 1706090ms] [ERROR] Is Streamlit still running? If you accidentally stopped Streamlit, just restart it in your terminal: @ http://localhost:8511/static/js/index.D2ZqaFuW.js:21
[ 1706208ms] [ERROR] Failed to load resource: net::ERR_CONNECTION_REFUSED @ http://localhost:8511/_stcore/host-config:0
[ 1708098ms] [ERROR] Failed to load resource: net::ERR_CONNECTION_REFUSED @ http://localhost:8511/_stcore/health:0
[ 1708098ms] [ERROR] Client Error in reaching server endpoint - No response received when attempting to reach /_stcore/health @ http://localhost:8511/static/js/index.D2ZqaFuW.js:16
[ 1708098ms] [ERROR] Is Streamlit still running? If you accidentally stopped Streamlit, just restart it in your terminal: @ http://localhost:8511/static/js/index.D2ZqaFuW.js:21
[ 1708231ms] [ERROR] Failed to load resource: net::ERR_CONNECTION_REFUSED @ http://localhost:8511/_stcore/host-config:0
[ 1710106ms] [ERROR] Failed to load resource: net::ERR_CONNECTION_REFUSED @ http://localhost:8511/_stcore/health:0
[ 1710107ms] [ERROR] Client Error in reaching server endpoint - No response received when attempting to reach /_stcore/health @ http://localhost:8511/static/js/index.D2ZqaFuW.js:16
[ 1710107ms] [ERROR] Is Streamlit still running? If you accidentally stopped Streamlit, just restart it in your terminal: @ http://localhost:8511/static/js/index.D2ZqaFuW.js:21
[ 1710225ms] [ERROR] Failed to load resource: net::ERR_CONNECTION_REFUSED @ http://localhost:8511/_stcore/host-config:0
[ 1712113ms] [ERROR] Failed to load resource: net::ERR_CONNECTION_REFUSED @ http://localhost:8511/_stcore/health:0
[ 1712113ms] [ERROR] Client Error in reaching server endpoint - No response received when attempting to reach /_stcore/health @ http://localhost:8511/static/js/index.D2ZqaFuW.js:16
[ 1712113ms] [ERROR] Is Streamlit still running? If you accidentally stopped Streamlit, just restart it in your terminal: @ http://localhost:8511/static/js/index.D2ZqaFuW.js:21
[ 1712113ms] [ERROR] Failed to load resource: net::ERR_CONNECTION_REFUSED @ http://localhost:8511/_stcore/host-config:0
[ 1714120ms] [ERROR] Failed to load resource: net::ERR_CONNECTION_REFUSED @ http://localhost:8511/_stcore/health:0
[ 1714120ms] [ERROR] Client Error in reaching server endpoint - No response received when attempting to reach /_stcore/health @ http://localhost:8511/static/js/index.D2ZqaFuW.js:16
[ 1714120ms] [ERROR] Is Streamlit still running? If you accidentally stopped Streamlit, just restart it in your terminal: @ http://localhost:8511/static/js/index.D2ZqaFuW.js:21
[ 1714253ms] [ERROR] Failed to load resource: net::ERR_CONNECTION_REFUSED @ http://localhost:8511/_stcore/host-config:0
[ 1716127ms] [ERROR] Failed to load resource: net::ERR_CONNECTION_REFUSED @ http://localhost:8511/_stcore/health:0
[ 1716127ms] [ERROR] Client Error in reaching server endpoint - No response received when attempting to reach /_stcore/health @ http://localhost:8511/static/js/index.D2ZqaFuW.js:16
[ 1716127ms] [ERROR] Is Streamlit still running? If you accidentally stopped Streamlit, just restart it in your terminal: @ http://localhost:8511/static/js/index.D2ZqaFuW.js:21
[ 1716248ms] [ERROR] Failed to load resource: net::ERR_CONNECTION_REFUSED @ http://localhost:8511/_stcore/host-config:0
[ 1718135ms] [ERROR] Failed to load resource: net::ERR_CONNECTION_REFUSED @ http://localhost:8511/_stcore/health:0
[ 1718135ms] [ERROR] Client Error in reaching server endpoint - No response received when attempting to reach /_stcore/health @ http://localhost:8511/static/js/index.D2ZqaFuW.js:16
[ 1718135ms] [ERROR] Is Streamlit still running? If you accidentally stopped Streamlit, just restart it in your terminal: @ http://localhost:8511/static/js/index.D2ZqaFuW.js:21
[ 1718265ms] [ERROR] Failed to load resource: net::ERR_CONNECTION_REFUSED @ http://localhost:8511/_stcore/host-config:0
[ 1720142ms] [ERROR] Failed to load resource: net::ERR_CONNECTION_REFUSED @ http://localhost:8511/_stcore/health:0
[ 1720142ms] [ERROR] Client Error in reaching server endpoint - No response received when attempting to reach /_stcore/health @ http://localhost:8511/static/js/index.D2ZqaFuW.js:16
[ 1720142ms] [ERROR] Is Streamlit still running? If you accidentally stopped Streamlit, just restart it in your terminal: @ http://localhost:8511/static/js/index.D2ZqaFuW.js:21
[ 1720255ms] [ERROR] Failed to load resource: net::ERR_CONNECTION_REFUSED @ http://localhost:8511/_stcore/host-config:0
[ 1722150ms] [ERROR] Failed to load resource: net::ERR_CONNECTION_REFUSED @ http://localhost:8511/_stcore/health:0
[ 1722150ms] [ERROR] Client Error in reaching server endpoint - No response received when attempting to reach /_stcore/health @ http://localhost:8511/static/js/index.D2ZqaFuW.js:16
[ 1722150ms] [ERROR] Is Streamlit still running? If you accidentally stopped Streamlit, just restart it in your terminal: @ http://localhost:8511/static/js/index.D2ZqaFuW.js:21
[ 1722263ms] [ERROR] Failed to load resource: net::ERR_CONNECTION_REFUSED @ http://localhost:8511/_stcore/host-config:0
[ 1724158ms] [ERROR] Failed to load resource: net::ERR_CONNECTION_REFUSED @ http://localhost:8511/_stcore/health:0
[ 1724158ms] [ERROR] Client Error in reaching server endpoint - No response received when attempting to reach /_stcore/health @ http://localhost:8511/static/js/index.D2ZqaFuW.js:16
[ 1724159ms] [ERROR] Is Streamlit still running? If you accidentally stopped Streamlit, just restart it in your terminal: @ http://localhost:8511/static/js/index.D2ZqaFuW.js:21
[ 1724286ms] [ERROR] Failed to load resource: net::ERR_CONNECTION_REFUSED @ http://localhost:8511/_stcore/host-config:0
[ 1726166ms] [ERROR] Failed to load resource: net::ERR_CONNECTION_REFUSED @ http://localhost:8511/_stcore/host-config:0
[ 1726166ms] [ERROR] Client Error in reaching server endpoint - No response received when attempting to reach /_stcore/host-config @ http://localhost:8511/static/js/index.D2ZqaFuW.js:16
[ 1726167ms] [ERROR] Is Streamlit still running? If you accidentally stopped Streamlit, just restart it in your terminal: @ http://localhost:8511/static/js/index.D2ZqaFuW.js:21
[ 1726283ms] [ERROR] Failed to load resource: net::ERR_CONNECTION_REFUSED @ http://localhost:8511/_stcore/health:0
[ 1728175ms] [ERROR] Failed to load resource: net::ERR_CONNECTION_REFUSED @ http://localhost:8511/_stcore/health:0
[ 1728175ms] [ERROR] Client Error in reaching server endpoint - No response received when attempting to reach /_stcore/health @ http://localhost:8511/static/js/index.D2ZqaFuW.js:16
[ 1728175ms] [ERROR] Is Streamlit still running? If you accidentally stopped Streamlit, just restart it in your terminal: @ http://localhost:8511/static/js/index.D2ZqaFuW.js:21
[ 1728304ms] [ERROR] Failed to load resource: net::ERR_CONNECTION_REFUSED @ http://localhost:8511/_stcore/host-config:0
[ 1730182ms] [ERROR] Failed to load resource: net::ERR_CONNECTION_REFUSED @ http://localhost:8511/_stcore/health:0
[ 1730182ms] [ERROR] Client Error in reaching server endpoint - No response received when attempting to reach /_stcore/health @ http://localhost:8511/static/js/index.D2ZqaFuW.js:16
[ 1730182ms] [ERROR] Is Streamlit still running? If you accidentally stopped Streamlit, just restart it in your terminal: @ http://localhost:8511/static/js/index.D2ZqaFuW.js:21
[ 1730294ms] [ERROR] Failed to load resource: net::ERR_CONNECTION_REFUSED @ http://localhost:8511/_stcore/host-config:0
[ 1732190ms] [ERROR] Failed to load resource: net::ERR_CONNECTION_REFUSED @ http://localhost:8511/_stcore/health:0
[ 1732190ms] [ERROR] Client Error in reaching server endpoint - No response received when attempting to reach /_stcore/health @ http://localhost:8511/static/js/index.D2ZqaFuW.js:16
[ 1732191ms] [ERROR] Is Streamlit still running? If you accidentally stopped Streamlit, just restart it in your terminal: @ http://localhost:8511/static/js/index.D2ZqaFuW.js:21
[ 1732302ms] [ERROR] Failed to load resource: net::ERR_CONNECTION_REFUSED @ http://localhost:8511/_stcore/host-config:0
[ 1734198ms] [ERROR] Failed to load resource: net::ERR_CONNECTION_REFUSED @ http://localhost:8511/_stcore/host-config:0
[ 1734198ms] [ERROR] Client Error in reaching server endpoint - No response received when attempting to reach /_stcore/host-config @ http://localhost:8511/static/js/index.D2ZqaFuW.js:16
[ 1734199ms] [ERROR] Is Streamlit still running? If you accidentally stopped Streamlit, just restart it in your terminal: @ http://localhost:8511/static/js/index.D2ZqaFuW.js:21
[ 1734328ms] [ERROR] Failed to load resource: net::ERR_CONNECTION_REFUSED @ http://localhost:8511/_stcore/health:0
[ 1736204ms] [ERROR] Failed to load resource: net::ERR_CONNECTION_REFUSED @ http://localhost:8511/_stcore/health:0
[ 1736204ms] [ERROR] Client Error in reaching server endpoint - No response received when attempting to reach /_stcore/health @ http://localhost:8511/static/js/index.D2ZqaFuW.js:16
[ 1736205ms] [ERROR] Is Streamlit still running? If you accidentally stopped Streamlit, just restart it in your terminal: @ http://localhost:8511/static/js/index.D2ZqaFuW.js:21
[ 1736324ms] [ERROR] Failed to load resource: net::ERR_CONNECTION_REFUSED @ http://localhost:8511/_stcore/host-config:0
[ 1738211ms] [ERROR] Failed to load resource: net::ERR_CONNECTION_REFUSED @ http://localhost:8511/_stcore/health:0
[ 1738211ms] [ERROR] Client Error in reaching server endpoint - No response received when attempting to reach /_stcore/health @ http://localhost:8511/static/js/index.D2ZqaFuW.js:16
[ 1738212ms] [ERROR] Is Streamlit still running? If you accidentally stopped Streamlit, just restart it in your terminal: @ http://localhost:8511/static/js/index.D2ZqaFuW.js:21
[ 1738330ms] [ERROR] Failed to load resource: net::ERR_CONNECTION_REFUSED @ http://localhost:8511/_stcore/host-config:0
[ 1740219ms] [ERROR] Failed to load resource: net::ERR_CONNECTION_REFUSED @ http://localhost:8511/_stcore/health:0
[ 1740220ms] [ERROR] Client Error in reaching server endpoint - No response received when attempting to reach /_stcore/health @ http://localhost:8511/static/js/index.D2ZqaFuW.js:16
[ 1740220ms] [ERROR] Is Streamlit still running? If you accidentally stopped Streamlit, just restart it in your terminal: @ http://localhost:8511/static/js/index.D2ZqaFuW.js:21
[ 1740329ms] [ERROR] Failed to load resource: net::ERR_CONNECTION_REFUSED @ http://localhost:8511/_stcore/host-config:0
[ 1742226ms] [ERROR] Failed to load resource: net::ERR_CONNECTION_REFUSED @ http://localhost:8511/_stcore/host-config:0
[ 1742227ms] [ERROR] Client Error in reaching server endpoint - No response received when attempting to reach /_stcore/host-config @ http://localhost:8511/static/js/index.D2ZqaFuW.js:16
[ 1742227ms] [ERROR] Is Streamlit still running? If you accidentally stopped Streamlit, just restart it in your terminal: @ http://localhost:8511/static/js/index.D2ZqaFuW.js:21
[ 1742363ms] [ERROR] Failed to load resource: net::ERR_CONNECTION_REFUSED @ http://localhost:8511/_stcore/health:0
[ 1744234ms] [ERROR] Failed to load resource: net::ERR_CONNECTION_REFUSED @ http://localhost:8511/_stcore/health:0
[ 1744234ms] [ERROR] Client Error in reaching server endpoint - No response received when attempting to reach /_stcore/health @ http://localhost:8511/static/js/index.D2ZqaFuW.js:16
[ 1744235ms] [ERROR] Is Streamlit still running? If you accidentally stopped Streamlit, just restart it in your terminal: @ http://localhost:8511/static/js/index.D2ZqaFuW.js:21
[ 1744348ms] [ERROR] Failed to load resource: net::ERR_CONNECTION_REFUSED @ http://localhost:8511/_stcore/host-config:0
[ 1746242ms] [ERROR] Failed to load resource: net::ERR_CONNECTION_REFUSED @ http://localhost:8511/_stcore/health:0
[ 1746242ms] [ERROR] Client Error in reaching server endpoint - No response received when attempting to reach /_stcore/health @ http://localhost:8511/static/js/index.D2ZqaFuW.js:16
[ 1746242ms] [ERROR] Is Streamlit still running? If you accidentally stopped Streamlit, just restart it in your terminal: @ http://localhost:8511/static/js/index.D2ZqaFuW.js:21
[ 1746353ms] [ERROR] Failed to load resource: net::ERR_CONNECTION_REFUSED @ http://localhost:8511/_stcore/host-config:0
[ 1748250ms] [ERROR] Failed to load resource: net::ERR_CONNECTION_REFUSED @ http://localhost:8511/_stcore/health:0
[ 1748250ms] [ERROR] Client Error in reaching server endpoint - No response received when attempting to reach /_stcore/health @ http://localhost:8511/static/js/index.D2ZqaFuW.js:16
[ 1748250ms] [ERROR] Is Streamlit still running? If you accidentally stopped Streamlit, just restart it in your terminal: @ http://localhost:8511/static/js/index.D2ZqaFuW.js:21
[ 1748382ms] [ERROR] Failed to load resource: net::ERR_CONNECTION_REFUSED @ http://localhost:8511/_stcore/host-config:0
[ 1750257ms] [ERROR] Failed to load resource: net::ERR_CONNECTION_REFUSED @ http://localhost:8511/_stcore/health:0
[ 1750257ms] [ERROR] Client Error in reaching server endpoint - No response received when attempting to reach /_stcore/health @ http://localhost:8511/static/js/index.D2ZqaFuW.js:16
[ 1750257ms] [ERROR] Is Streamlit still running? If you accidentally stopped Streamlit, just restart it in your terminal: @ http://localhost:8511/static/js/index.D2ZqaFuW.js:21
[ 1750370ms] [ERROR] Failed to load resource: net::ERR_CONNECTION_REFUSED @ http://localhost:8511/_stcore/host-config:0
[ 1752265ms] [ERROR] Failed to load resource: net::ERR_CONNECTION_REFUSED @ http://localhost:8511/_stcore/health:0
[ 1752265ms] [ERROR] Client Error in reaching server endpoint - No response received when attempting to reach /_stcore/health @ http://localhost:8511/static/js/index.D2ZqaFuW.js:16
[ 1752266ms] [ERROR] Is Streamlit still running? If you accidentally stopped Streamlit, just restart it in your terminal: @ http://localhost:8511/static/js/index.D2ZqaFuW.js:21
[ 1752400ms] [ERROR] Failed to load resource: net::ERR_CONNECTION_REFUSED @ http://localhost:8511/_stcore/host-config:0
[ 1754273ms] [ERROR] Failed to load resource: net::ERR_CONNECTION_REFUSED @ http://localhost:8511/_stcore/host-config:0
[ 1754274ms] [ERROR] Client Error in reaching server endpoint - No response received when attempting to reach /_stcore/host-config @ http://localhost:8511/static/js/index.D2ZqaFuW.js:16
[ 1754274ms] [ERROR] Is Streamlit still running? If you accidentally stopped Streamlit, just restart it in your terminal: @ http://localhost:8511/static/js/index.D2ZqaFuW.js:21
[ 1754390ms] [ERROR] Failed to load resource: net::ERR_CONNECTION_REFUSED @ http://localhost:8511/_stcore/health:0
[ 1756281ms] [ERROR] Failed to load resource: net::ERR_CONNECTION_REFUSED @ http://localhost:8511/_stcore/health:0
[ 1756281ms] [ERROR] Client Error in reaching server endpoint - No response received when attempting to reach /_stcore/health @ http://localhost:8511/static/js/index.D2ZqaFuW.js:16
[ 1756281ms] [ERROR] Is Streamlit still running? If you accidentally stopped Streamlit, just restart it in your terminal: @ http://localhost:8511/static/js/index.D2ZqaFuW.js:21
[ 1756396ms] [ERROR] Failed to load resource: net::ERR_CONNECTION_REFUSED @ http://localhost:8511/_stcore/host-config:0
[ 1758289ms] [ERROR] Failed to load resource: net::ERR_CONNECTION_REFUSED @ http://localhost:8511/_stcore/health:0
[ 1758289ms] [ERROR] Client Error in reaching server endpoint - No response received when attempting to reach /_stcore/health @ http://localhost:8511/static/js/index.D2ZqaFuW.js:16
[ 1758290ms] [ERROR] Is Streamlit still running? If you accidentally stopped Streamlit, just restart it in your terminal: @ http://localhost:8511/static/js/index.D2ZqaFuW.js:21
[ 1758420ms] [ERROR] Failed to load resource: net::ERR_CONNECTION_REFUSED @ http://localhost:8511/_stcore/host-config:0
[ 1760297ms] [ERROR] Failed to load resource: net::ERR_CONNECTION_REFUSED @ http://localhost:8511/_stcore/health:0
[ 1760297ms] [ERROR] Client Error in reaching server endpoint - No response received when attempting to reach /_stcore/health @ http://localhost:8511/static/js/index.D2ZqaFuW.js:16
[ 1760298ms] [ERROR] Is Streamlit still running? If you accidentally stopped Streamlit, just restart it in your terminal: @ http://localhost:8511/static/js/index.D2ZqaFuW.js:21
[ 1760411ms] [ERROR] Failed to load resource: net::ERR_CONNECTION_REFUSED @ http://localhost:8511/_stcore/host-config:0
[ 1762304ms] [ERROR] Failed to load resource: net::ERR_CONNECTION_REFUSED @ http://localhost:8511/_stcore/health:0
[ 1762304ms] [ERROR] Client Error in reaching server endpoint - No response received when attempting to reach /_stcore/health @ http://localhost:8511/static/js/index.D2ZqaFuW.js:16
[ 1762304ms] [ERROR] Is Streamlit still running? If you accidentally stopped Streamlit, just restart it in your terminal: @ http://localhost:8511/static/js/index.D2ZqaFuW.js:21
[ 1762440ms] [ERROR] Failed to load resource: net::ERR_CONNECTION_REFUSED @ http://localhost:8511/_stcore/host-config:0
[ 1764311ms] [ERROR] Failed to load resource: net::ERR_CONNECTION_REFUSED @ http://localhost:8511/_stcore/health:0
[ 1764312ms] [ERROR] Client Error in reaching server endpoint - No response received when attempting to reach /_stcore/health @ http://localhost:8511/static/js/index.D2ZqaFuW.js:16
[ 1764312ms] [ERROR] Is Streamlit still running? If you accidentally stopped Streamlit, just restart it in your terminal: @ http://localhost:8511/static/js/index.D2ZqaFuW.js:21
[ 1764312ms] [ERROR] Failed to load resource: net::ERR_CONNECTION_REFUSED @ http://localhost:8511/_stcore/host-config:0
[ 1766320ms] [ERROR] Failed to load resource: net::ERR_CONNECTION_REFUSED @ http://localhost:8511/_stcore/host-config:0
[ 1766320ms] [ERROR] Client Error in reaching server endpoint - No response received when attempting to reach /_stcore/host-config @ http://localhost:8511/static/js/index.D2ZqaFuW.js:16
[ 1766320ms] [ERROR] Is Streamlit still running? If you accidentally stopped Streamlit, just restart it in your terminal: @ http://localhost:8511/static/js/index.D2ZqaFuW.js:21
[ 1766432ms] [ERROR] Failed to load resource: net::ERR_CONNECTION_REFUSED @ http://localhost:8511/_stcore/health:0
[ 1768328ms] [ERROR] Failed to load resource: net::ERR_CONNECTION_REFUSED @ http://localhost:8511/_stcore/health:0
[ 1768328ms] [ERROR] Client Error in reaching server endpoint - No response received when attempting to reach /_stcore/health @ http://localhost:8511/static/js/index.D2ZqaFuW.js:16
[ 1768328ms] [ERROR] Is Streamlit still running? If you accidentally stopped Streamlit, just restart it in your terminal: @ http://localhost:8511/static/js/index.D2ZqaFuW.js:21
[ 1768457ms] [ERROR] Failed to load resource: net::ERR_CONNECTION_REFUSED @ http://localhost:8511/_stcore/host-config:0
[ 1770335ms] [ERROR] Failed to load resource: net::ERR_CONNECTION_REFUSED @ http://localhost:8511/_stcore/host-config:0
[ 1770335ms] [ERROR] Client Error in reaching server endpoint - No response received when attempting to reach /_stcore/host-config @ http://localhost:8511/static/js/index.D2ZqaFuW.js:16
[ 1770336ms] [ERROR] Is Streamlit still running? If you accidentally stopped Streamlit, just restart it in your terminal: @ http://localhost:8511/static/js/index.D2ZqaFuW.js:21
[ 1770446ms] [ERROR] Failed to load resource: net::ERR_CONNECTION_REFUSED @ http://localhost:8511/_stcore/health:0
[ 1772343ms] [ERROR] Failed to load resource: net::ERR_CONNECTION_REFUSED @ http://localhost:8511/_stcore/health:0
[ 1772343ms] [ERROR] Client Error in reaching server endpoint - No response received when attempting to reach /_stcore/health @ http://localhost:8511/static/js/index.D2ZqaFuW.js:16
[ 1772343ms] [ERROR] Is Streamlit still running? If you accidentally stopped Streamlit, just restart it in your terminal: @ http://localhost:8511/static/js/index.D2ZqaFuW.js:21
[ 1772474ms] [ERROR] Failed to load resource: net::ERR_CONNECTION_REFUSED @ http://localhost:8511/_stcore/host-config:0
[ 1774351ms] [ERROR] Failed to load resource: net::ERR_CONNECTION_REFUSED @ http://localhost:8511/_stcore/health:0
[ 1774351ms] [ERROR] Client Error in reaching server endpoint - No response received when attempting to reach /_stcore/health @ http://localhost:8511/static/js/index.D2ZqaFuW.js:16
[ 1774351ms] [ERROR] Is Streamlit still running? If you accidentally stopped Streamlit, just restart it in your terminal: @ http://localhost:8511/static/js/index.D2ZqaFuW.js:21
[ 1774470ms] [ERROR] Failed to load resource: net::ERR_CONNECTION_REFUSED @ http://localhost:8511/_stcore/host-config:0
[ 1776359ms] [ERROR] Failed to load resource: net::ERR_CONNECTION_REFUSED @ http://localhost:8511/_stcore/health:0
[ 1776359ms] [ERROR] Client Error in reaching server endpoint - No response received when attempting to reach /_stcore/health @ http://localhost:8511/static/js/index.D2ZqaFuW.js:16
[ 1776359ms] [ERROR] Is Streamlit still running? If you accidentally stopped Streamlit, just restart it in your terminal: @ http://localhost:8511/static/js/index.D2ZqaFuW.js:21
[ 1776470ms] [ERROR] Failed to load resource: net::ERR_CONNECTION_REFUSED @ http://localhost:8511/_stcore/host-config:0
[ 1778367ms] [ERROR] Failed to load resource: net::ERR_CONNECTION_REFUSED @ http://localhost:8511/_stcore/health:0
[ 1778367ms] [ERROR] Client Error in reaching server endpoint - No response received when attempting to reach /_stcore/health @ http://localhost:8511/static/js/index.D2ZqaFuW.js:16
[ 1778367ms] [ERROR] Is Streamlit still running? If you accidentally stopped Streamlit, just restart it in your terminal: @ http://localhost:8511/static/js/index.D2ZqaFuW.js:21
[ 1778367ms] [ERROR] Failed to load resource: net::ERR_CONNECTION_REFUSED @ http://localhost:8511/_stcore/host-config:0
[ 1780375ms] [ERROR] Failed to load resource: net::ERR_CONNECTION_REFUSED @ http://localhost:8511/_stcore/health:0
[ 1780375ms] [ERROR] Client Error in reaching server endpoint - No response received when attempting to reach /_stcore/health @ http://localhost:8511/static/js/index.D2ZqaFuW.js:16
[ 1780375ms] [ERROR] Is Streamlit still running? If you accidentally stopped Streamlit, just restart it in your terminal: @ http://localhost:8511/static/js/index.D2ZqaFuW.js:21
[ 1780489ms] [ERROR] Failed to load resource: net::ERR_CONNECTION_REFUSED @ http://localhost:8511/_stcore/host-config:0
[ 1782383ms] [ERROR] Failed to load resource: net::ERR_CONNECTION_REFUSED @ http://localhost:8511/_stcore/health:0
[ 1782383ms] [ERROR] Client Error in reaching server endpoint - No response received when attempting to reach /_stcore/health @ http://localhost:8511/static/js/index.D2ZqaFuW.js:16
[ 1782384ms] [ERROR] Is Streamlit still running? If you accidentally stopped Streamlit, just restart it in your terminal: @ http://localhost:8511/static/js/index.D2ZqaFuW.js:21
[ 1782505ms] [ERROR] Failed to load resource: net::ERR_CONNECTION_REFUSED @ http://localhost:8511/_stcore/host-config:0
[ 1784391ms] [ERROR] Failed to load resource: net::ERR_CONNECTION_REFUSED @ http://localhost:8511/_stcore/host-config:0
[ 1784391ms] [ERROR] Client Error in reaching server endpoint - No response received when attempting to reach /_stcore/host-config @ http://localhost:8511/static/js/index.D2ZqaFuW.js:16
[ 1784391ms] [ERROR] Is Streamlit still running? If you accidentally stopped Streamlit, just restart it in your terminal: @ http://localhost:8511/static/js/index.D2ZqaFuW.js:21
[ 1784500ms] [ERROR] Failed to load resource: net::ERR_CONNECTION_REFUSED @ http://localhost:8511/_stcore/health:0
[ 1786398ms] [ERROR] Failed to load resource: net::ERR_CONNECTION_REFUSED @ http://localhost:8511/_stcore/health:0
[ 1786398ms] [ERROR] Client Error in reaching server endpoint - No response received when attempting to reach /_stcore/health @ http://localhost:8511/static/js/index.D2ZqaFuW.js:16
[ 1786399ms] [ERROR] Is Streamlit still running? If you accidentally stopped Streamlit, just restart it in your terminal: @ http://localhost:8511/static/js/index.D2ZqaFuW.js:21
[ 1786527ms] [ERROR] Failed to load resource: net::ERR_CONNECTION_REFUSED @ http://localhost:8511/_stcore/host-config:0
[ 1788406ms] [ERROR] Failed to load resource: net::ERR_CONNECTION_REFUSED @ http://localhost:8511/_stcore/host-config:0
[ 1788406ms] [ERROR] Client Error in reaching server endpoint - No response received when attempting to reach /_stcore/host-config @ http://localhost:8511/static/js/index.D2ZqaFuW.js:16
[ 1788407ms] [ERROR] Is Streamlit still running? If you accidentally stopped Streamlit, just restart it in your terminal: @ http://localhost:8511/static/js/index.D2ZqaFuW.js:21
[ 1788407ms] [ERROR] Failed to load resource: net::ERR_CONNECTION_REFUSED @ http://localhost:8511/_stcore/health:0
[ 1790414ms] [ERROR] Failed to load resource: net::ERR_CONNECTION_REFUSED @ http://localhost:8511/_stcore/health:0
[ 1790414ms] [ERROR] Client Error in reaching server endpoint - No response received when attempting to reach /_stcore/health @ http://localhost:8511/static/js/index.D2ZqaFuW.js:16
[ 1790414ms] [ERROR] Is Streamlit still running? If you accidentally stopped Streamlit, just restart it in your terminal: @ http://localhost:8511/static/js/index.D2ZqaFuW.js:21
[ 1790525ms] [ERROR] Failed to load resource: net::ERR_CONNECTION_REFUSED @ http://localhost:8511/_stcore/host-config:0
[ 1792420ms] [ERROR] Failed to load resource: net::ERR_CONNECTION_REFUSED @ http://localhost:8511/_stcore/health:0
[ 1792421ms] [ERROR] Client Error in reaching server endpoint - No response received when attempting to reach /_stcore/health @ http://localhost:8511/static/js/index.D2ZqaFuW.js:16
[ 1792421ms] [ERROR] Is Streamlit still running? If you accidentally stopped Streamlit, just restart it in your terminal: @ http://localhost:8511/static/js/index.D2ZqaFuW.js:21
[ 1792628ms] [ERROR] Failed to load resource: net::ERR_CONNECTION_REFUSED @ http://localhost:8511/_stcore/host-config:0
[ 1794503ms] [ERROR] Failed to load resource: net::ERR_CONNECTION_REFUSED @ http://localhost:8511/_stcore/health:0
[ 1794504ms] [ERROR] Client Error in reaching server endpoint - No response received when attempting to reach /_stcore/health @ http://localhost:8511/static/js/index.D2ZqaFuW.js:16
[ 1794504ms] [ERROR] Is Streamlit still running? If you accidentally stopped Streamlit, just restart it in your terminal: @ http://localhost:8511/static/js/index.D2ZqaFuW.js:21
[ 1794667ms] [ERROR] Failed to load resource: net::ERR_CONNECTION_REFUSED @ http://localhost:8511/_stcore/host-config:0
[ 1796511ms] [ERROR] Failed to load resource: net::ERR_CONNECTION_REFUSED @ http://localhost:8511/_stcore/health:0
[ 1796511ms] [ERROR] Client Error in reaching server endpoint - No response received when attempting to reach /_stcore/health @ http://localhost:8511/static/js/index.D2ZqaFuW.js:16
[ 1796511ms] [ERROR] Is Streamlit still running? If you accidentally stopped Streamlit, just restart it in your terminal: @ http://localhost:8511/static/js/index.D2ZqaFuW.js:21
[ 1796643ms] [ERROR] Failed to load resource: net::ERR_CONNECTION_REFUSED @ http://localhost:8511/_stcore/host-config:0
[ 1798518ms] [ERROR] Failed to load resource: net::ERR_CONNECTION_REFUSED @ http://localhost:8511/_stcore/health:0
[ 1798519ms] [ERROR] Client Error in reaching server endpoint - No response received when attempting to reach /_stcore/health @ http://localhost:8511/static/js/index.D2ZqaFuW.js:16
[ 1798519ms] [ERROR] Is Streamlit still running? If you accidentally stopped Streamlit, just restart it in your terminal: @ http://localhost:8511/static/js/index.D2ZqaFuW.js:21
[ 1798637ms] [ERROR] Failed to load resource: net::ERR_CONNECTION_REFUSED @ http://localhost:8511/_stcore/host-config:0
[ 1800527ms] [ERROR] Failed to load resource: net::ERR_CONNECTION_REFUSED @ http://localhost:8511/_stcore/health:0
[ 1800527ms] [ERROR] Client Error in reaching server endpoint - No response received when attempting to reach /_stcore/health @ http://localhost:8511/static/js/index.D2ZqaFuW.js:16
[ 1800527ms] [ERROR] Is Streamlit still running? If you accidentally stopped Streamlit, just restart it in your terminal: @ http://localhost:8511/static/js/index.D2ZqaFuW.js:21
[ 1800718ms] [ERROR] Failed to load resource: net::ERR_CONNECTION_REFUSED @ http://localhost:8511/_stcore/host-config:0
[ 1802533ms] [ERROR] Failed to load resource: net::ERR_CONNECTION_REFUSED @ http://localhost:8511/_stcore/health:0
[ 1802533ms] [ERROR] Client Error in reaching server endpoint - No response received when attempting to reach /_stcore/health @ http://localhost:8511/static/js/index.D2ZqaFuW.js:16
[ 1802533ms] [ERROR] Is Streamlit still running? If you accidentally stopped Streamlit, just restart it in your terminal: @ http://localhost:8511/static/js/index.D2ZqaFuW.js:21
[ 1802671ms] [ERROR] Failed to load resource: net::ERR_CONNECTION_REFUSED @ http://localhost:8511/_stcore/host-config:0
[ 1804541ms] [ERROR] Failed to load resource: net::ERR_CONNECTION_REFUSED @ http://localhost:8511/_stcore/health:0
[ 1804541ms] [ERROR] Client Error in reaching server endpoint - No response received when attempting to reach /_stcore/health @ http://localhost:8511/static/js/index.D2ZqaFuW.js:16
[ 1804541ms] [ERROR] Is Streamlit still running? If you accidentally stopped Streamlit, just restart it in your terminal: @ http://localhost:8511/static/js/index.D2ZqaFuW.js:21
[ 1804658ms] [ERROR] Failed to load resource: net::ERR_CONNECTION_REFUSED @ http://localhost:8511/_stcore/host-config:0
[ 1806549ms] [ERROR] Failed to load resource: net::ERR_CONNECTION_REFUSED @ http://localhost:8511/_stcore/health:0
[ 1806549ms] [ERROR] Client Error in reaching server endpoint - No response received when attempting to reach /_stcore/health @ http://localhost:8511/static/js/index.D2ZqaFuW.js:16
[ 1806549ms] [ERROR] Is Streamlit still running? If you accidentally stopped Streamlit, just restart it in your terminal: @ http://localhost:8511/static/js/index.D2ZqaFuW.js:21
[ 1806681ms] [ERROR] Failed to load resource: net::ERR_CONNECTION_REFUSED @ http://localhost:8511/_stcore/host-config:0
[ 1808557ms] [ERROR] Failed to load resource: net::ERR_CONNECTION_REFUSED @ http://localhost:8511/_stcore/host-config:0
[ 1808557ms] [ERROR] Client Error in reaching server endpoint - No response received when attempting to reach /_stcore/host-config @ http://localhost:8511/static/js/index.D2ZqaFuW.js:16
[ 1808557ms] [ERROR] Is Streamlit still running? If you accidentally stopped Streamlit, just restart it in your terminal: @ http://localhost:8511/static/js/index.D2ZqaFuW.js:21
[ 1808673ms] [ERROR] Failed to load resource: net::ERR_CONNECTION_REFUSED @ http://localhost:8511/_stcore/health:0
[ 1810564ms] [ERROR] Failed to load resource: net::ERR_CONNECTION_REFUSED @ http://localhost:8511/_stcore/host-config:0
[ 1810564ms] [ERROR] Client Error in reaching server endpoint - No response received when attempting to reach /_stcore/host-config @ http://localhost:8511/static/js/index.D2ZqaFuW.js:16
[ 1810565ms] [ERROR] Is Streamlit still running? If you accidentally stopped Streamlit, just restart it in your terminal: @ http://localhost:8511/static/js/index.D2ZqaFuW.js:21
[ 1810681ms] [ERROR] Failed to load resource: net::ERR_CONNECTION_REFUSED @ http://localhost:8511/_stcore/health:0
[ 1812571ms] [ERROR] Failed to load resource: net::ERR_CONNECTION_REFUSED @ http://localhost:8511/_stcore/health:0
[ 1812572ms] [ERROR] Client Error in reaching server endpoint - No response received when attempting to reach /_stcore/health @ http://localhost:8511/static/js/index.D2ZqaFuW.js:16
[ 1812572ms] [ERROR] Is Streamlit still running? If you accidentally stopped Streamlit, just restart it in your terminal: @ http://localhost:8511/static/js/index.D2ZqaFuW.js:21
[ 1812704ms] [ERROR] Failed to load resource: net::ERR_CONNECTION_REFUSED @ http://localhost:8511/_stcore/host-config:0
[ 1814579ms] [ERROR] Failed to load resource: net::ERR_CONNECTION_REFUSED @ http://localhost:8511/_stcore/health:0
[ 1814579ms] [ERROR] Client Error in reaching server endpoint - No response received when attempting to reach /_stcore/health @ http://localhost:8511/static/js/index.D2ZqaFuW.js:16
[ 1814579ms] [ERROR] Is Streamlit still running? If you accidentally stopped Streamlit, just restart it in your terminal: @ http://localhost:8511/static/js/index.D2ZqaFuW.js:21
[ 1814694ms] [ERROR] Failed to load resource: net::ERR_CONNECTION_REFUSED @ http://localhost:8511/_stcore/host-config:0
[ 1816586ms] [ERROR] Failed to load resource: net::ERR_CONNECTION_REFUSED @ http://localhost:8511/_stcore/host-config:0
[ 1816587ms] [ERROR] Client Error in reaching server endpoint - No response received when attempting to reach /_stcore/host-config @ http://localhost:8511/static/js/index.D2ZqaFuW.js:16
[ 1816587ms] [ERROR] Is Streamlit still running? If you accidentally stopped Streamlit, just restart it in your terminal: @ http://localhost:8511/static/js/index.D2ZqaFuW.js:21
[ 1816721ms] [ERROR] Failed to load resource: net::ERR_CONNECTION_REFUSED @ http://localhost:8511/_stcore/health:0
[ 1818593ms] [ERROR] Failed to load resource: net::ERR_CONNECTION_REFUSED @ http://localhost:8511/_stcore/host-config:0
[ 1818593ms] [ERROR] Client Error in reaching server endpoint - No response received when attempting to reach /_stcore/host-config @ http://localhost:8511/static/js/index.D2ZqaFuW.js:16
[ 1818594ms] [ERROR] Is Streamlit still running? If you accidentally stopped Streamlit, just restart it in your terminal: @ http://localhost:8511/static/js/index.D2ZqaFuW.js:21
[ 1818710ms] [ERROR] Failed to load resource: net::ERR_CONNECTION_REFUSED @ http://localhost:8511/_stcore/health:0
[ 1820602ms] [ERROR] Failed to load resource: net::ERR_CONNECTION_REFUSED @ http://localhost:8511/_stcore/health:0
[ 1820602ms] [ERROR] Client Error in reaching server endpoint - No response received when attempting to reach /_stcore/health @ http://localhost:8511/static/js/index.D2ZqaFuW.js:16
[ 1820602ms] [ERROR] Is Streamlit still running? If you accidentally stopped Streamlit, just restart it in your terminal: @ http://localhost:8511/static/js/index.D2ZqaFuW.js:21
[ 1820717ms] [ERROR] Failed to load resource: net::ERR_CONNECTION_REFUSED @ http://localhost:8511/_stcore/host-config:0
[ 1822612ms] [ERROR] Failed to load resource: net::ERR_CONNECTION_REFUSED @ http://localhost:8511/_stcore/health:0
[ 1822612ms] [ERROR] Client Error in reaching server endpoint - No response received when attempting to reach /_stcore/health @ http://localhost:8511/static/js/index.D2ZqaFuW.js:16
[ 1822612ms] [ERROR] Is Streamlit still running? If you accidentally stopped Streamlit, just restart it in your terminal: @ http://localhost:8511/static/js/index.D2ZqaFuW.js:21
[ 1822742ms] [ERROR] Failed to load resource: net::ERR_CONNECTION_REFUSED @ http://localhost:8511/_stcore/host-config:0
[ 1824621ms] [ERROR] Failed to load resource: net::ERR_CONNECTION_REFUSED @ http://localhost:8511/_stcore/health:0
[ 1824621ms] [ERROR] Client Error in reaching server endpoint - No response received when attempting to reach /_stcore/health @ http://localhost:8511/static/js/index.D2ZqaFuW.js:16
[ 1824622ms] [ERROR] Is Streamlit still running? If you accidentally stopped Streamlit, just restart it in your terminal: @ http://localhost:8511/static/js/index.D2ZqaFuW.js:21
[ 1824740ms] [ERROR] Failed to load resource: net::ERR_CONNECTION_REFUSED @ http://localhost:8511/_stcore/host-config:0
[ 1826628ms] [ERROR] Failed to load resource: net::ERR_CONNECTION_REFUSED @ http://localhost:8511/_stcore/health:0
[ 1826628ms] [ERROR] Client Error in reaching server endpoint - No response received when attempting to reach /_stcore/health @ http://localhost:8511/static/js/index.D2ZqaFuW.js:16
[ 1826629ms] [ERROR] Is Streamlit still running? If you accidentally stopped Streamlit, just restart it in your terminal: @ http://localhost:8511/static/js/index.D2ZqaFuW.js:21
[ 1826743ms] [ERROR] Failed to load resource: net::ERR_CONNECTION_REFUSED @ http://localhost:8511/_stcore/host-config:0
[ 1828637ms] [ERROR] Failed to load resource: net::ERR_CONNECTION_REFUSED @ http://localhost:8511/_stcore/health:0
[ 1828637ms] [ERROR] Client Error in reaching server endpoint - No response received when attempting to reach /_stcore/health @ http://localhost:8511/static/js/index.D2ZqaFuW.js:16
[ 1828637ms] [ERROR] Is Streamlit still running? If you accidentally stopped Streamlit, just restart it in your terminal: @ http://localhost:8511/static/js/index.D2ZqaFuW.js:21
[ 1828757ms] [ERROR] Failed to load resource: net::ERR_CONNECTION_REFUSED @ http://localhost:8511/_stcore/host-config:0
[ 1830645ms] [ERROR] Failed to load resource: net::ERR_CONNECTION_REFUSED @ http://localhost:8511/_stcore/health:0
[ 1830645ms] [ERROR] Client Error in reaching server endpoint - No response received when attempting to reach /_stcore/health @ http://localhost:8511/static/js/index.D2ZqaFuW.js:16
[ 1830645ms] [ERROR] Is Streamlit still running? If you accidentally stopped Streamlit, just restart it in your terminal: @ http://localhost:8511/static/js/index.D2ZqaFuW.js:21
[ 1830779ms] [ERROR] Failed to load resource: net::ERR_CONNECTION_REFUSED @ http://localhost:8511/_stcore/host-config:0
[ 1832653ms] [ERROR] Failed to load resource: net::ERR_CONNECTION_REFUSED @ http://localhost:8511/_stcore/health:0
[ 1832653ms] [ERROR] Client Error in reaching server endpoint - No response received when attempting to reach /_stcore/health @ http://localhost:8511/static/js/index.D2ZqaFuW.js:16
[ 1832653ms] [ERROR] Is Streamlit still running? If you accidentally stopped Streamlit, just restart it in your terminal: @ http://localhost:8511/static/js/index.D2ZqaFuW.js:21
[ 1832768ms] [ERROR] Failed to load resource: net::ERR_CONNECTION_REFUSED @ http://localhost:8511/_stcore/host-config:0
[ 1834662ms] [ERROR] Failed to load resource: net::ERR_CONNECTION_REFUSED @ http://localhost:8511/_stcore/health:0
[ 1834662ms] [ERROR] Client Error in reaching server endpoint - No response received when attempting to reach /_stcore/health @ http://localhost:8511/static/js/index.D2ZqaFuW.js:16
[ 1834662ms] [ERROR] Is Streamlit still running? If you accidentally stopped Streamlit, just restart it in your terminal: @ http://localhost:8511/static/js/index.D2ZqaFuW.js:21
[ 1834775ms] [ERROR] Failed to load resource: net::ERR_CONNECTION_REFUSED @ http://localhost:8511/_stcore/host-config:0
[ 1836669ms] [ERROR] Failed to load resource: net::ERR_CONNECTION_REFUSED @ http://localhost:8511/_stcore/host-config:0
[ 1836670ms] [ERROR] Client Error in reaching server endpoint - No response received when attempting to reach /_stcore/host-config @ http://localhost:8511/static/js/index.D2ZqaFuW.js:16
[ 1836670ms] [ERROR] Is Streamlit still running? If you accidentally stopped Streamlit, just restart it in your terminal: @ http://localhost:8511/static/js/index.D2ZqaFuW.js:21
[ 1836800ms] [ERROR] Failed to load resource: net::ERR_CONNECTION_REFUSED @ http://localhost:8511/_stcore/health:0
[ 1838676ms] [ERROR] Failed to load resource: net::ERR_CONNECTION_REFUSED @ http://localhost:8511/_stcore/health:0
[ 1838677ms] [ERROR] Client Error in reaching server endpoint - No response received when attempting to reach /_stcore/health @ http://localhost:8511/static/js/index.D2ZqaFuW.js:16
[ 1838677ms] [ERROR] Is Streamlit still running? If you accidentally stopped Streamlit, just restart it in your terminal: @ http://localhost:8511/static/js/index.D2ZqaFuW.js:21
[ 1838787ms] [ERROR] Failed to load resource: net::ERR_CONNECTION_REFUSED @ http://localhost:8511/_stcore/host-config:0
[ 1840684ms] [ERROR] Failed to load resource: net::ERR_CONNECTION_REFUSED @ http://localhost:8511/_stcore/health:0
[ 1840684ms] [ERROR] Client Error in reaching server endpoint - No response received when attempting to reach /_stcore/health @ http://localhost:8511/static/js/index.D2ZqaFuW.js:16
[ 1840685ms] [ERROR] Is Streamlit still running? If you accidentally stopped Streamlit, just restart it in your terminal: @ http://localhost:8511/static/js/index.D2ZqaFuW.js:21
[ 1840805ms] [ERROR] Failed to load resource: net::ERR_CONNECTION_REFUSED @ http://localhost:8511/_stcore/host-config:0
[ 1842693ms] [ERROR] Failed to load resource: net::ERR_CONNECTION_REFUSED @ http://localhost:8511/_stcore/health:0
[ 1842694ms] [ERROR] Client Error in reaching server endpoint - No response received when attempting to reach /_stcore/health @ http://localhost:8511/static/js/index.D2ZqaFuW.js:16
[ 1842694ms] [ERROR] Is Streamlit still running? If you accidentally stopped Streamlit, just restart it in your terminal: @ http://localhost:8511/static/js/index.D2ZqaFuW.js:21
[ 1842804ms] [ERROR] Failed to load resource: net::ERR_CONNECTION_REFUSED @ http://localhost:8511/_stcore/host-config:0
[ 1844702ms] [ERROR] Failed to load resource: net::ERR_CONNECTION_REFUSED @ http://localhost:8511/_stcore/health:0
[ 1844702ms] [ERROR] Client Error in reaching server endpoint - No response received when attempting to reach /_stcore/health @ http://localhost:8511/static/js/index.D2ZqaFuW.js:16
[ 1844702ms] [ERROR] Is Streamlit still running? If you accidentally stopped Streamlit, just restart it in your terminal: @ http://localhost:8511/static/js/index.D2ZqaFuW.js:21
[ 1844812ms] [ERROR] Failed to load resource: net::ERR_CONNECTION_REFUSED @ http://localhost:8511/_stcore/host-config:0
[ 1846710ms] [ERROR] Failed to load resource: net::ERR_CONNECTION_REFUSED @ http://localhost:8511/_stcore/health:0
[ 1846710ms] [ERROR] Client Error in reaching server endpoint - No response received when attempting to reach /_stcore/health @ http://localhost:8511/static/js/index.D2ZqaFuW.js:16
[ 1846711ms] [ERROR] Is Streamlit still running? If you accidentally stopped Streamlit, just restart it in your terminal: @ http://localhost:8511/static/js/index.D2ZqaFuW.js:21
[ 1846838ms] [ERROR] Failed to load resource: net::ERR_CONNECTION_REFUSED @ http://localhost:8511/_stcore/host-config:0
[ 1848716ms] [ERROR] Failed to load resource: net::ERR_CONNECTION_REFUSED @ http://localhost:8511/_stcore/health:0
[ 1848716ms] [ERROR] Client Error in reaching server endpoint - No response received when attempting to reach /_stcore/health @ http://localhost:8511/static/js/index.D2ZqaFuW.js:16
[ 1848716ms] [ERROR] Is Streamlit still running? If you accidentally stopped Streamlit, just restart it in your terminal: @ http://localhost:8511/static/js/index.D2ZqaFuW.js:21
[ 1848817ms] [ERROR] Failed to load resource: net::ERR_CONNECTION_REFUSED @ http://localhost:8511/_stcore/host-config:0
[ 1850724ms] [ERROR] Failed to load resource: net::ERR_CONNECTION_REFUSED @ http://localhost:8511/_stcore/host-config:0
[ 1850724ms] [ERROR] Client Error in reaching server endpoint - No response received when attempting to reach /_stcore/host-config @ http://localhost:8511/static/js/index.D2ZqaFuW.js:16
[ 1850725ms] [ERROR] Is Streamlit still running? If you accidentally stopped Streamlit, just restart it in your terminal: @ http://localhost:8511/static/js/index.D2ZqaFuW.js:21
[ 1850848ms] [ERROR] Failed to load resource: net::ERR_CONNECTION_REFUSED @ http://localhost:8511/_stcore/health:0
[ 1852732ms] [ERROR] Failed to load resource: net::ERR_CONNECTION_REFUSED @ http://localhost:8511/_stcore/host-config:0
[ 1852732ms] [ERROR] Client Error in reaching server endpoint - No response received when attempting to reach /_stcore/host-config @ http://localhost:8511/static/js/index.D2ZqaFuW.js:16
[ 1852732ms] [ERROR] Is Streamlit still running? If you accidentally stopped Streamlit, just restart it in your terminal: @ http://localhost:8511/static/js/index.D2ZqaFuW.js:21
[ 1852836ms] [ERROR] Failed to load resource: net::ERR_CONNECTION_REFUSED @ http://localhost:8511/_stcore/health:0
[ 1854742ms] [ERROR] Failed to load resource: net::ERR_CONNECTION_REFUSED @ http://localhost:8511/_stcore/health:0
[ 1854743ms] [ERROR] Client Error in reaching server endpoint - No response received when attempting to reach /_stcore/health @ http://localhost:8511/static/js/index.D2ZqaFuW.js:16
[ 1854743ms] [ERROR] Is Streamlit still running? If you accidentally stopped Streamlit, just restart it in your terminal: @ http://localhost:8511/static/js/index.D2ZqaFuW.js:21
[ 1854929ms] [ERROR] Failed to load resource: net::ERR_CONNECTION_REFUSED @ http://localhost:8511/_stcore/host-config:0
[ 2031327ms] [ERROR] Failed to load resource: net::ERR_CONNECTION_REFUSED @ http://localhost:8511/_stcore/health:0
[ 2031327ms] [ERROR] Client Error in reaching server endpoint - No response received when attempting to reach /_stcore/health @ http://localhost:8511/static/js/index.D2ZqaFuW.js:16
[ 2031327ms] [ERROR] Is Streamlit still running? If you accidentally stopped Streamlit, just restart it in your terminal: @ http://localhost:8511/static/js/index.D2ZqaFuW.js:21
[ 2031787ms] [ERROR] Failed to load resource: net::ERR_CONNECTION_REFUSED @ http://localhost:8511/_stcore/host-config:0
[ 2033331ms] [ERROR] Failed to load resource: net::ERR_CONNECTION_REFUSED @ http://localhost:8511/_stcore/health:0
[ 2033331ms] [ERROR] Client Error in reaching server endpoint - No response received when attempting to reach /_stcore/health @ http://localhost:8511/static/js/index.D2ZqaFuW.js:16
[ 2033331ms] [ERROR] Is Streamlit still running? If you accidentally stopped Streamlit, just restart it in your terminal: @ http://localhost:8511/static/js/index.D2ZqaFuW.js:21
[ 2034043ms] [ERROR] Failed to load resource: net::ERR_CONNECTION_REFUSED @ http://localhost:8511/_stcore/host-config:0
[ 2035336ms] [ERROR] Failed to load resource: net::ERR_CONNECTION_REFUSED @ http://localhost:8511/_stcore/health:0
[ 2035336ms] [ERROR] Client Error in reaching server endpoint - No response received when attempting to reach /_stcore/health @ http://localhost:8511/static/js/index.D2ZqaFuW.js:16
[ 2035337ms] [ERROR] Is Streamlit still running? If you accidentally stopped Streamlit, just restart it in your terminal: @ http://localhost:8511/static/js/index.D2ZqaFuW.js:21
[ 2035834ms] [ERROR] Failed to load resource: net::ERR_CONNECTION_REFUSED @ http://localhost:8511/_stcore/host-config:0
[ 2037341ms] [ERROR] Failed to load resource: net::ERR_CONNECTION_REFUSED @ http://localhost:8511/_stcore/health:0
[ 2037341ms] [ERROR] Client Error in reaching server endpoint - No response received when attempting to reach /_stcore/health @ http://localhost:8511/static/js/index.D2ZqaFuW.js:16
[ 2037341ms] [ERROR] Is Streamlit still running? If you accidentally stopped Streamlit, just restart it in your terminal: @ http://localhost:8511/static/js/index.D2ZqaFuW.js:21
[ 2037739ms] [ERROR] Failed to load resource: net::ERR_CONNECTION_REFUSED @ http://localhost:8511/_stcore/host-config:0
[ 2039346ms] [ERROR] Failed to load resource: net::ERR_CONNECTION_REFUSED @ http://localhost:8511/_stcore/health:0
[ 2039346ms] [ERROR] Client Error in reaching server endpoint - No response received when attempting to reach /_stcore/health @ http://localhost:8511/static/js/index.D2ZqaFuW.js:16
[ 2039346ms] [ERROR] Is Streamlit still running? If you accidentally stopped Streamlit, just restart it in your terminal: @ http://localhost:8511/static/js/index.D2ZqaFuW.js:21
[ 2039595ms] [ERROR] Failed to load resource: net::ERR_CONNECTION_REFUSED @ http://localhost:8511/_stcore/host-config:0
[ 2041352ms] [ERROR] Failed to load resource: net::ERR_CONNECTION_REFUSED @ http://localhost:8511/_stcore/health:0
[ 2041352ms] [ERROR] Client Error in reaching server endpoint - No response received when attempting to reach /_stcore/health @ http://localhost:8511/static/js/index.D2ZqaFuW.js:16
[ 2041353ms] [ERROR] Is Streamlit still running? If you accidentally stopped Streamlit, just restart it in your terminal: @ http://localhost:8511/static/js/index.D2ZqaFuW.js:21
[ 2041498ms] [ERROR] Failed to load resource: net::ERR_CONNECTION_REFUSED @ http://localhost:8511/_stcore/host-config:0
[ 2043359ms] [ERROR] Failed to load resource: net::ERR_CONNECTION_REFUSED @ http://localhost:8511/_stcore/host-config:0
[ 2043359ms] [ERROR] Client Error in reaching server endpoint - No response received when attempting to reach /_stcore/host-config @ http://localhost:8511/static/js/index.D2ZqaFuW.js:16
[ 2043360ms] [ERROR] Is Streamlit still running? If you accidentally stopped Streamlit, just restart it in your terminal: @ http://localhost:8511/static/js/index.D2ZqaFuW.js:21
[ 2043480ms] [ERROR] Failed to load resource: net::ERR_CONNECTION_REFUSED @ http://localhost:8511/_stcore/health:0
[ 2045367ms] [ERROR] Failed to load resource: net::ERR_CONNECTION_REFUSED @ http://localhost:8511/_stcore/health:0
[ 2045367ms] [ERROR] Client Error in reaching server endpoint - No response received when attempting to reach /_stcore/health @ http://localhost:8511/static/js/index.D2ZqaFuW.js:16
[ 2045368ms] [ERROR] Is Streamlit still running? If you accidentally stopped Streamlit, just restart it in your terminal: @ http://localhost:8511/static/js/index.D2ZqaFuW.js:21
[ 2045479ms] [ERROR] Failed to load resource: net::ERR_CONNECTION_REFUSED @ http://localhost:8511/_stcore/host-config:0
[ 2047372ms] [ERROR] Failed to load resource: net::ERR_CONNECTION_REFUSED @ http://localhost:8511/_stcore/health:0
[ 2047373ms] [ERROR] Client Error in reaching server endpoint - No response received when attempting to reach /_stcore/health @ http://localhost:8511/static/js/index.D2ZqaFuW.js:16
[ 2047373ms] [ERROR] Is Streamlit still running? If you accidentally stopped Streamlit, just restart it in your terminal: @ http://localhost:8511/static/js/index.D2ZqaFuW.js:21
[ 2047665ms] [ERROR] Failed to load resource: net::ERR_CONNECTION_REFUSED @ http://localhost:8511/_stcore/host-config:0
[ 2049378ms] [ERROR] Failed to load resource: net::ERR_CONNECTION_REFUSED @ http://localhost:8511/_stcore/health:0
[ 2049378ms] [ERROR] Client Error in reaching server endpoint - No response received when attempting to reach /_stcore/health @ http://localhost:8511/static/js/index.D2ZqaFuW.js:16
[ 2049378ms] [ERROR] Is Streamlit still running? If you accidentally stopped Streamlit, just restart it in your terminal: @ http://localhost:8511/static/js/index.D2ZqaFuW.js:21
[ 2049520ms] [ERROR] Failed to load resource: net::ERR_CONNECTION_REFUSED @ http://localhost:8511/_stcore/host-config:0
[ 2051382ms] [ERROR] Failed to load resource: net::ERR_CONNECTION_REFUSED @ http://localhost:8511/_stcore/health:0
[ 2051383ms] [ERROR] Client Error in reaching server endpoint - No response received when attempting to reach /_stcore/health @ http://localhost:8511/static/js/index.D2ZqaFuW.js:16
[ 2051383ms] [ERROR] Is Streamlit still running? If you accidentally stopped Streamlit, just restart it in your terminal: @ http://localhost:8511/static/js/index.D2ZqaFuW.js:21
[ 2051497ms] [ERROR] Failed to load resource: net::ERR_CONNECTION_REFUSED @ http://localhost:8511/_stcore/host-config:0
[ 2053388ms] [ERROR] Failed to load resource: net::ERR_CONNECTION_REFUSED @ http://localhost:8511/_stcore/health:0
[ 2053389ms] [ERROR] Client Error in reaching server endpoint - No response received when attempting to reach /_stcore/health @ http://localhost:8511/static/js/index.D2ZqaFuW.js:16
[ 2053389ms] [ERROR] Is Streamlit still running? If you accidentally stopped Streamlit, just restart it in your terminal: @ http://localhost:8511/static/js/index.D2ZqaFuW.js:21
[ 2053497ms] [ERROR] Failed to load resource: net::ERR_CONNECTION_REFUSED @ http://localhost:8511/_stcore/host-config:0
[ 2055395ms] [ERROR] Failed to load resource: net::ERR_CONNECTION_REFUSED @ http://localhost:8511/_stcore/health:0
[ 2055395ms] [ERROR] Client Error in reaching server endpoint - No response received when attempting to reach /_stcore/health @ http://localhost:8511/static/js/index.D2ZqaFuW.js:16
[ 2055395ms] [ERROR] Is Streamlit still running? If you accidentally stopped Streamlit, just restart it in your terminal: @ http://localhost:8511/static/js/index.D2ZqaFuW.js:21
[ 2055523ms] [ERROR] Failed to load resource: net::ERR_CONNECTION_REFUSED @ http://localhost:8511/_stcore/host-config:0
[ 2057400ms] [ERROR] Failed to load resource: net::ERR_CONNECTION_REFUSED @ http://localhost:8511/_stcore/health:0
[ 2057400ms] [ERROR] Client Error in reaching server endpoint - No response received when attempting to reach /_stcore/health @ http://localhost:8511/static/js/index.D2ZqaFuW.js:16
[ 2057400ms] [ERROR] Is Streamlit still running? If you accidentally stopped Streamlit, just restart it in your terminal: @ http://localhost:8511/static/js/index.D2ZqaFuW.js:21
[ 2057706ms] [ERROR] Failed to load resource: net::ERR_CONNECTION_REFUSED @ http://localhost:8511/_stcore/host-config:0
[ 2059408ms] [ERROR] Failed to load resource: net::ERR_CONNECTION_REFUSED @ http://localhost:8511/_stcore/health:0
[ 2059408ms] [ERROR] Client Error in reaching server endpoint - No response received when attempting to reach /_stcore/health @ http://localhost:8511/static/js/index.D2ZqaFuW.js:16
[ 2059409ms] [ERROR] Is Streamlit still running? If you accidentally stopped Streamlit, just restart it in your terminal: @ http://localhost:8511/static/js/index.D2ZqaFuW.js:21
[ 2059533ms] [ERROR] Failed to load resource: net::ERR_CONNECTION_REFUSED @ http://localhost:8511/_stcore/host-config:0
[ 2061415ms] [ERROR] Failed to load resource: net::ERR_CONNECTION_REFUSED @ http://localhost:8511/_stcore/host-config:0
[ 2061415ms] [ERROR] Client Error in reaching server endpoint - No response received when attempting to reach /_stcore/host-config @ http://localhost:8511/static/js/index.D2ZqaFuW.js:16
[ 2061415ms] [ERROR] Is Streamlit still running? If you accidentally stopped Streamlit, just restart it in your terminal: @ http://localhost:8511/static/js/index.D2ZqaFuW.js:21
[ 2061527ms] [ERROR] Failed to load resource: net::ERR_CONNECTION_REFUSED @ http://localhost:8511/_stcore/health:0
[ 2063420ms] [ERROR] Failed to load resource: net::ERR_CONNECTION_REFUSED @ http://localhost:8511/_stcore/health:0
[ 2063420ms] [ERROR] Client Error in reaching server endpoint - No response received when attempting to reach /_stcore/health @ http://localhost:8511/static/js/index.D2ZqaFuW.js:16
[ 2063421ms] [ERROR] Is Streamlit still running? If you accidentally stopped Streamlit, just restart it in your terminal: @ http://localhost:8511/static/js/index.D2ZqaFuW.js:21
[ 2063537ms] [ERROR] Failed to load resource: net::ERR_CONNECTION_REFUSED @ http://localhost:8511/_stcore/host-config:0
[ 2065427ms] [ERROR] Failed to load resource: net::ERR_CONNECTION_REFUSED @ http://localhost:8511/_stcore/health:0
[ 2065427ms] [ERROR] Client Error in reaching server endpoint - No response received when attempting to reach /_stcore/health @ http://localhost:8511/static/js/index.D2ZqaFuW.js:16
[ 2065427ms] [ERROR] Is Streamlit still running? If you accidentally stopped Streamlit, just restart it in your terminal: @ http://localhost:8511/static/js/index.D2ZqaFuW.js:21
[ 2065554ms] [ERROR] Failed to load resource: net::ERR_CONNECTION_REFUSED @ http://localhost:8511/_stcore/host-config:0
[ 2067433ms] [ERROR] Failed to load resource: net::ERR_CONNECTION_REFUSED @ http://localhost:8511/_stcore/health:0
[ 2067433ms] [ERROR] Client Error in reaching server endpoint - No response received when attempting to reach /_stcore/health @ http://localhost:8511/static/js/index.D2ZqaFuW.js:16
[ 2067433ms] [ERROR] Is Streamlit still running? If you accidentally stopped Streamlit, just restart it in your terminal: @ http://localhost:8511/static/js/index.D2ZqaFuW.js:21
[ 2067549ms] [ERROR] Failed to load resource: net::ERR_CONNECTION_REFUSED @ http://localhost:8511/_stcore/host-config:0
[ 2069441ms] [ERROR] Failed to load resource: net::ERR_CONNECTION_REFUSED @ http://localhost:8511/_stcore/host-config:0
[ 2069441ms] [ERROR] Client Error in reaching server endpoint - No response received when attempting to reach /_stcore/host-config @ http://localhost:8511/static/js/index.D2ZqaFuW.js:16
[ 2069441ms] [ERROR] Is Streamlit still running? If you accidentally stopped Streamlit, just restart it in your terminal: @ http://localhost:8511/static/js/index.D2ZqaFuW.js:21
[ 2069566ms] [ERROR] Failed to load resource: net::ERR_CONNECTION_REFUSED @ http://localhost:8511/_stcore/health:0
[ 2071448ms] [ERROR] Failed to load resource: net::ERR_CONNECTION_REFUSED @ http://localhost:8511/_stcore/health:0
[ 2071448ms] [ERROR] Client Error in reaching server endpoint - No response received when attempting to reach /_stcore/health @ http://localhost:8511/static/js/index.D2ZqaFuW.js:16
[ 2071449ms] [ERROR] Is Streamlit still running? If you accidentally stopped Streamlit, just restart it in your terminal: @ http://localhost:8511/static/js/index.D2ZqaFuW.js:21
[ 2071571ms] [ERROR] Failed to load resource: net::ERR_CONNECTION_REFUSED @ http://localhost:8511/_stcore/host-config:0
[ 2073456ms] [ERROR] Failed to load resource: net::ERR_CONNECTION_REFUSED @ http://localhost:8511/_stcore/health:0
[ 2073457ms] [ERROR] Client Error in reaching server endpoint - No response received when attempting to reach /_stcore/health @ http://localhost:8511/static/js/index.D2ZqaFuW.js:16
[ 2073457ms] [ERROR] Is Streamlit still running? If you accidentally stopped Streamlit, just restart it in your terminal: @ http://localhost:8511/static/js/index.D2ZqaFuW.js:21
[ 2073571ms] [ERROR] Failed to load resource: net::ERR_CONNECTION_REFUSED @ http://localhost:8511/_stcore/host-config:0
[ 2075461ms] [ERROR] Failed to load resource: net::ERR_CONNECTION_REFUSED @ http://localhost:8511/_stcore/health:0
[ 2075462ms] [ERROR] Client Error in reaching server endpoint - No response received when attempting to reach /_stcore/health @ http://localhost:8511/static/js/index.D2ZqaFuW.js:16
[ 2075462ms] [ERROR] Is Streamlit still running? If you accidentally stopped Streamlit, just restart it in your terminal: @ http://localhost:8511/static/js/index.D2ZqaFuW.js:21
[ 2075589ms] [ERROR] Failed to load resource: net::ERR_CONNECTION_REFUSED @ http://localhost:8511/_stcore/host-config:0
[ 2077468ms] [ERROR] Failed to load resource: net::ERR_CONNECTION_REFUSED @ http://localhost:8511/_stcore/health:0
[ 2077468ms] [ERROR] Client Error in reaching server endpoint - No response received when attempting to reach /_stcore/health @ http://localhost:8511/static/js/index.D2ZqaFuW.js:16
[ 2077468ms] [ERROR] Is Streamlit still running? If you accidentally stopped Streamlit, just restart it in your terminal: @ http://localhost:8511/static/js/index.D2ZqaFuW.js:21
[ 2077583ms] [ERROR] Failed to load resource: net::ERR_CONNECTION_REFUSED @ http://localhost:8511/_stcore/host-config:0
[ 2079475ms] [ERROR] Failed to load resource: net::ERR_CONNECTION_REFUSED @ http://localhost:8511/_stcore/health:0
[ 2079475ms] [ERROR] Client Error in reaching server endpoint - No response received when attempting to reach /_stcore/health @ http://localhost:8511/static/js/index.D2ZqaFuW.js:16
[ 2079475ms] [ERROR] Is Streamlit still running? If you accidentally stopped Streamlit, just restart it in your terminal: @ http://localhost:8511/static/js/index.D2ZqaFuW.js:21
[ 2079601ms] [ERROR] Failed to load resource: net::ERR_CONNECTION_REFUSED @ http://localhost:8511/_stcore/host-config:0
[ 2081482ms] [ERROR] Failed to load resource: net::ERR_CONNECTION_REFUSED @ http://localhost:8511/_stcore/host-config:0
[ 2081482ms] [ERROR] Client Error in reaching server endpoint - No response received when attempting to reach /_stcore/host-config @ http://localhost:8511/static/js/index.D2ZqaFuW.js:16
[ 2081482ms] [ERROR] Is Streamlit still running? If you accidentally stopped Streamlit, just restart it in your terminal: @ http://localhost:8511/static/js/index.D2ZqaFuW.js:21
[ 2081592ms] [ERROR] Failed to load resource: net::ERR_CONNECTION_REFUSED @ http://localhost:8511/_stcore/health:0
[ 2083490ms] [ERROR] Failed to load resource: net::ERR_CONNECTION_REFUSED @ http://localhost:8511/_stcore/health:0
[ 2083490ms] [ERROR] Client Error in reaching server endpoint - No response received when attempting to reach /_stcore/health @ http://localhost:8511/static/js/index.D2ZqaFuW.js:16
[ 2083491ms] [ERROR] Is Streamlit still running? If you accidentally stopped Streamlit, just restart it in your terminal: @ http://localhost:8511/static/js/index.D2ZqaFuW.js:21
[ 2083605ms] [ERROR] Failed to load resource: net::ERR_CONNECTION_REFUSED @ http://localhost:8511/_stcore/host-config:0
[ 2085495ms] [ERROR] Failed to load resource: net::ERR_CONNECTION_REFUSED @ http://localhost:8511/_stcore/health:0
[ 2085495ms] [ERROR] Client Error in reaching server endpoint - No response received when attempting to reach /_stcore/health @ http://localhost:8511/static/js/index.D2ZqaFuW.js:16
[ 2085495ms] [ERROR] Is Streamlit still running? If you accidentally stopped Streamlit, just restart it in your terminal: @ http://localhost:8511/static/js/index.D2ZqaFuW.js:21
[ 2085812ms] [ERROR] Failed to load resource: net::ERR_CONNECTION_REFUSED @ http://localhost:8511/_stcore/host-config:0
[ 2087500ms] [ERROR] Failed to load resource: net::ERR_CONNECTION_REFUSED @ http://localhost:8511/_stcore/host-config:0
[ 2087500ms] [ERROR] Client Error in reaching server endpoint - No response received when attempting to reach /_stcore/host-config @ http://localhost:8511/static/js/index.D2ZqaFuW.js:16
[ 2087500ms] [ERROR] Is Streamlit still running? If you accidentally stopped Streamlit, just restart it in your terminal: @ http://localhost:8511/static/js/index.D2ZqaFuW.js:21
[ 2087613ms] [ERROR] Failed to load resource: net::ERR_CONNECTION_REFUSED @ http://localhost:8511/_stcore/health:0
[ 2089507ms] [ERROR] Failed to load resource: net::ERR_CONNECTION_REFUSED @ http://localhost:8511/_stcore/health:0
[ 2089507ms] [ERROR] Client Error in reaching server endpoint - No response received when attempting to reach /_stcore/health @ http://localhost:8511/static/js/index.D2ZqaFuW.js:16
[ 2089507ms] [ERROR] Is Streamlit still running? If you accidentally stopped Streamlit, just restart it in your terminal: @ http://localhost:8511/static/js/index.D2ZqaFuW.js:21
[ 2089615ms] [ERROR] Failed to load resource: net::ERR_CONNECTION_REFUSED @ http://localhost:8511/_stcore/host-config:0
[ 2091514ms] [ERROR] Failed to load resource: net::ERR_CONNECTION_REFUSED @ http://localhost:8511/_stcore/health:0
[ 2091514ms] [ERROR] Client Error in reaching server endpoint - No response received when attempting to reach /_stcore/health @ http://localhost:8511/static/js/index.D2ZqaFuW.js:16
[ 2091514ms] [ERROR] Is Streamlit still running? If you accidentally stopped Streamlit, just restart it in your terminal: @ http://localhost:8511/static/js/index.D2ZqaFuW.js:21
[ 2091629ms] [ERROR] Failed to load resource: net::ERR_CONNECTION_REFUSED @ http://localhost:8511/_stcore/host-config:0
[ 2093520ms] [ERROR] Failed to load resource: net::ERR_CONNECTION_REFUSED @ http://localhost:8511/_stcore/health:0
[ 2093521ms] [ERROR] Client Error in reaching server endpoint - No response received when attempting to reach /_stcore/health @ http://localhost:8511/static/js/index.D2ZqaFuW.js:16
[ 2093521ms] [ERROR] Is Streamlit still running? If you accidentally stopped Streamlit, just restart it in your terminal: @ http://localhost:8511/static/js/index.D2ZqaFuW.js:21
[ 2093649ms] [ERROR] Failed to load resource: net::ERR_CONNECTION_REFUSED @ http://localhost:8511/_stcore/host-config:0
[ 2095526ms] [ERROR] Failed to load resource: net::ERR_CONNECTION_REFUSED @ http://localhost:8511/_stcore/health:0
[ 2095527ms] [ERROR] Client Error in reaching server endpoint - No response received when attempting to reach /_stcore/health @ http://localhost:8511/static/js/index.D2ZqaFuW.js:16
[ 2095527ms] [ERROR] Is Streamlit still running? If you accidentally stopped Streamlit, just restart it in your terminal: @ http://localhost:8511/static/js/index.D2ZqaFuW.js:21
[ 2095638ms] [ERROR] Failed to load resource: net::ERR_CONNECTION_REFUSED @ http://localhost:8511/_stcore/host-config:0
[ 2097535ms] [ERROR] Failed to load resource: net::ERR_CONNECTION_REFUSED @ http://localhost:8511/_stcore/health:0
[ 2097535ms] [ERROR] Client Error in reaching server endpoint - No response received when attempting to reach /_stcore/health @ http://localhost:8511/static/js/index.D2ZqaFuW.js:16
[ 2097535ms] [ERROR] Is Streamlit still running? If you accidentally stopped Streamlit, just restart it in your terminal: @ http://localhost:8511/static/js/index.D2ZqaFuW.js:21
[ 2097536ms] [ERROR] Failed to load resource: net::ERR_CONNECTION_REFUSED @ http://localhost:8511/_stcore/host-config:0
[ 2099543ms] [ERROR] Failed to load resource: net::ERR_CONNECTION_REFUSED @ http://localhost:8511/_stcore/health:0
[ 2099543ms] [ERROR] Client Error in reaching server endpoint - No response received when attempting to reach /_stcore/health @ http://localhost:8511/static/js/index.D2ZqaFuW.js:16
[ 2099544ms] [ERROR] Is Streamlit still running? If you accidentally stopped Streamlit, just restart it in your terminal: @ http://localhost:8511/static/js/index.D2ZqaFuW.js:21
[ 2099544ms] [ERROR] Failed to load resource: net::ERR_CONNECTION_REFUSED @ http://localhost:8511/_stcore/host-config:0
[ 2101551ms] [ERROR] Failed to load resource: net::ERR_CONNECTION_REFUSED @ http://localhost:8511/_stcore/health:0
[ 2101551ms] [ERROR] Client Error in reaching server endpoint - No response received when attempting to reach /_stcore/health @ http://localhost:8511/static/js/index.D2ZqaFuW.js:16
[ 2101552ms] [ERROR] Is Streamlit still running? If you accidentally stopped Streamlit, just restart it in your terminal: @ http://localhost:8511/static/js/index.D2ZqaFuW.js:21
[ 2101552ms] [ERROR] Failed to load resource: net::ERR_CONNECTION_REFUSED @ http://localhost:8511/_stcore/host-config:0
[ 2103559ms] [ERROR] Failed to load resource: net::ERR_CONNECTION_REFUSED @ http://localhost:8511/_stcore/health:0
[ 2103559ms] [ERROR] Client Error in reaching server endpoint - No response received when attempting to reach /_stcore/health @ http://localhost:8511/static/js/index.D2ZqaFuW.js:16
[ 2103559ms] [ERROR] Is Streamlit still running? If you accidentally stopped Streamlit, just restart it in your terminal: @ http://localhost:8511/static/js/index.D2ZqaFuW.js:21
[ 2103694ms] [ERROR] Failed to load resource: net::ERR_CONNECTION_REFUSED @ http://localhost:8511/_stcore/host-config:0
[ 2105567ms] [ERROR] Failed to load resource: net::ERR_CONNECTION_REFUSED @ http://localhost:8511/_stcore/health:0
[ 2105567ms] [ERROR] Client Error in reaching server endpoint - No response received when attempting to reach /_stcore/health @ http://localhost:8511/static/js/index.D2ZqaFuW.js:16
[ 2105567ms] [ERROR] Is Streamlit still running? If you accidentally stopped Streamlit, just restart it in your terminal: @ http://localhost:8511/static/js/index.D2ZqaFuW.js:21
[ 2105676ms] [ERROR] Failed to load resource: net::ERR_CONNECTION_REFUSED @ http://localhost:8511/_stcore/host-config:0
[ 2107574ms] [ERROR] Failed to load resource: net::ERR_CONNECTION_REFUSED @ http://localhost:8511/_stcore/health:0
[ 2107575ms] [ERROR] Client Error in reaching server endpoint - No response received when attempting to reach /_stcore/health @ http://localhost:8511/static/js/index.D2ZqaFuW.js:16
[ 2107575ms] [ERROR] Is Streamlit still running? If you accidentally stopped Streamlit, just restart it in your terminal: @ http://localhost:8511/static/js/index.D2ZqaFuW.js:21
[ 2107684ms] [ERROR] Failed to load resource: net::ERR_CONNECTION_REFUSED @ http://localhost:8511/_stcore/host-config:0
[ 2109582ms] [ERROR] Failed to load resource: net::ERR_CONNECTION_REFUSED @ http://localhost:8511/_stcore/health:0
[ 2109582ms] [ERROR] Client Error in reaching server endpoint - No response received when attempting to reach /_stcore/health @ http://localhost:8511/static/js/index.D2ZqaFuW.js:16
[ 2109582ms] [ERROR] Is Streamlit still running? If you accidentally stopped Streamlit, just restart it in your terminal: @ http://localhost:8511/static/js/index.D2ZqaFuW.js:21
[ 2109707ms] [ERROR] Failed to load resource: net::ERR_CONNECTION_REFUSED @ http://localhost:8511/_stcore/host-config:0
[ 2111590ms] [ERROR] Failed to load resource: net::ERR_CONNECTION_REFUSED @ http://localhost:8511/_stcore/health:0
[ 2111590ms] [ERROR] Client Error in reaching server endpoint - No response received when attempting to reach /_stcore/health @ http://localhost:8511/static/js/index.D2ZqaFuW.js:16
[ 2111590ms] [ERROR] Is Streamlit still running? If you accidentally stopped Streamlit, just restart it in your terminal: @ http://localhost:8511/static/js/index.D2ZqaFuW.js:21
[ 2111701ms] [ERROR] Failed to load resource: net::ERR_CONNECTION_REFUSED @ http://localhost:8511/_stcore/host-config:0
[ 2113598ms] [ERROR] Failed to load resource: net::ERR_CONNECTION_REFUSED @ http://localhost:8511/_stcore/health:0
[ 2113598ms] [ERROR] Client Error in reaching server endpoint - No response received when attempting to reach /_stcore/health @ http://localhost:8511/static/js/index.D2ZqaFuW.js:16
[ 2113599ms] [ERROR] Is Streamlit still running? If you accidentally stopped Streamlit, just restart it in your terminal: @ http://localhost:8511/static/js/index.D2ZqaFuW.js:21
[ 2113722ms] [ERROR] Failed to load resource: net::ERR_CONNECTION_REFUSED @ http://localhost:8511/_stcore/host-config:0
[ 2115606ms] [ERROR] Failed to load resource: net::ERR_CONNECTION_REFUSED @ http://localhost:8511/_stcore/health:0
[ 2115606ms] [ERROR] Client Error in reaching server endpoint - No response received when attempting to reach /_stcore/health @ http://localhost:8511/static/js/index.D2ZqaFuW.js:16
[ 2115606ms] [ERROR] Is Streamlit still running? If you accidentally stopped Streamlit, just restart it in your terminal: @ http://localhost:8511/static/js/index.D2ZqaFuW.js:21
[ 2115717ms] [ERROR] Failed to load resource: net::ERR_CONNECTION_REFUSED @ http://localhost:8511/_stcore/host-config:0
[ 2117613ms] [ERROR] Failed to load resource: net::ERR_CONNECTION_REFUSED @ http://localhost:8511/_stcore/health:0
[ 2117614ms] [ERROR] Client Error in reaching server endpoint - No response received when attempting to reach /_stcore/health @ http://localhost:8511/static/js/index.D2ZqaFuW.js:16
[ 2117614ms] [ERROR] Is Streamlit still running? If you accidentally stopped Streamlit, just restart it in your terminal: @ http://localhost:8511/static/js/index.D2ZqaFuW.js:21
[ 2117727ms] [ERROR] Failed to load resource: net::ERR_CONNECTION_REFUSED @ http://localhost:8511/_stcore/host-config:0
[ 2119621ms] [ERROR] Failed to load resource: net::ERR_CONNECTION_REFUSED @ http://localhost:8511/_stcore/health:0
[ 2119622ms] [ERROR] Client Error in reaching server endpoint - No response received when attempting to reach /_stcore/health @ http://localhost:8511/static/js/index.D2ZqaFuW.js:16
[ 2119622ms] [ERROR] Is Streamlit still running? If you accidentally stopped Streamlit, just restart it in your terminal: @ http://localhost:8511/static/js/index.D2ZqaFuW.js:21
[ 2119747ms] [ERROR] Failed to load resource: net::ERR_CONNECTION_REFUSED @ http://localhost:8511/_stcore/host-config:0
[ 2121630ms] [ERROR] Failed to load resource: net::ERR_CONNECTION_REFUSED @ http://localhost:8511/_stcore/host-config:0
[ 2121630ms] [ERROR] Client Error in reaching server endpoint - No response received when attempting to reach /_stcore/host-config @ http://localhost:8511/static/js/index.D2ZqaFuW.js:16
[ 2121631ms] [ERROR] Is Streamlit still running? If you accidentally stopped Streamlit, just restart it in your terminal: @ http://localhost:8511/static/js/index.D2ZqaFuW.js:21
[ 2121631ms] [ERROR] Failed to load resource: net::ERR_CONNECTION_REFUSED @ http://localhost:8511/_stcore/health:0
[ 2123635ms] [ERROR] Failed to load resource: net::ERR_CONNECTION_REFUSED @ http://localhost:8511/_stcore/health:0
[ 2123635ms] [ERROR] Client Error in reaching server endpoint - No response received when attempting to reach /_stcore/health @ http://localhost:8511/static/js/index.D2ZqaFuW.js:16
[ 2123635ms] [ERROR] Is Streamlit still running? If you accidentally stopped Streamlit, just restart it in your terminal: @ http://localhost:8511/static/js/index.D2ZqaFuW.js:21
[ 2123772ms] [ERROR] Failed to load resource: net::ERR_CONNECTION_REFUSED @ http://localhost:8511/_stcore/host-config:0
[ 2125643ms] [ERROR] Failed to load resource: net::ERR_CONNECTION_REFUSED @ http://localhost:8511/_stcore/health:0
[ 2125643ms] [ERROR] Client Error in reaching server endpoint - No response received when attempting to reach /_stcore/health @ http://localhost:8511/static/js/index.D2ZqaFuW.js:16
[ 2125643ms] [ERROR] Is Streamlit still running? If you accidentally stopped Streamlit, just restart it in your terminal: @ http://localhost:8511/static/js/index.D2ZqaFuW.js:21
[ 2125759ms] [ERROR] Failed to load resource: net::ERR_CONNECTION_REFUSED @ http://localhost:8511/_stcore/host-config:0
[ 2127650ms] [ERROR] Failed to load resource: net::ERR_CONNECTION_REFUSED @ http://localhost:8511/_stcore/health:0
[ 2127651ms] [ERROR] Client Error in reaching server endpoint - No response received when attempting to reach /_stcore/health @ http://localhost:8511/static/js/index.D2ZqaFuW.js:16
[ 2127651ms] [ERROR] Is Streamlit still running? If you accidentally stopped Streamlit, just restart it in your terminal: @ http://localhost:8511/static/js/index.D2ZqaFuW.js:21
[ 2127762ms] [ERROR] Failed to load resource: net::ERR_CONNECTION_REFUSED @ http://localhost:8511/_stcore/host-config:0
[ 2129658ms] [ERROR] Failed to load resource: net::ERR_CONNECTION_REFUSED @ http://localhost:8511/_stcore/host-config:0
[ 2129658ms] [ERROR] Client Error in reaching server endpoint - No response received when attempting to reach /_stcore/host-config @ http://localhost:8511/static/js/index.D2ZqaFuW.js:16
[ 2129658ms] [ERROR] Is Streamlit still running? If you accidentally stopped Streamlit, just restart it in your terminal: @ http://localhost:8511/static/js/index.D2ZqaFuW.js:21
[ 2129785ms] [ERROR] Failed to load resource: net::ERR_CONNECTION_REFUSED @ http://localhost:8511/_stcore/health:0
[ 2131666ms] [ERROR] Failed to load resource: net::ERR_CONNECTION_REFUSED @ http://localhost:8511/_stcore/host-config:0
[ 2131666ms] [ERROR] Client Error in reaching server endpoint - No response received when attempting to reach /_stcore/host-config @ http://localhost:8511/static/js/index.D2ZqaFuW.js:16
[ 2131667ms] [ERROR] Is Streamlit still running? If you accidentally stopped Streamlit, just restart it in your terminal: @ http://localhost:8511/static/js/index.D2ZqaFuW.js:21
[ 2131786ms] [ERROR] Failed to load resource: net::ERR_CONNECTION_REFUSED @ http://localhost:8511/_stcore/health:0
[ 2133674ms] [ERROR] Failed to load resource: net::ERR_CONNECTION_REFUSED @ http://localhost:8511/_stcore/health:0
[ 2133674ms] [ERROR] Client Error in reaching server endpoint - No response received when attempting to reach /_stcore/health @ http://localhost:8511/static/js/index.D2ZqaFuW.js:16
[ 2133674ms] [ERROR] Is Streamlit still running? If you accidentally stopped Streamlit, just restart it in your terminal: @ http://localhost:8511/static/js/index.D2ZqaFuW.js:21
[ 2133784ms] [ERROR] Failed to load resource: net::ERR_CONNECTION_REFUSED @ http://localhost:8511/_stcore/host-config:0
[ 2135682ms] [ERROR] Failed to load resource: net::ERR_CONNECTION_REFUSED @ http://localhost:8511/_stcore/health:0
[ 2135682ms] [ERROR] Client Error in reaching server endpoint - No response received when attempting to reach /_stcore/health @ http://localhost:8511/static/js/index.D2ZqaFuW.js:16
[ 2135682ms] [ERROR] Is Streamlit still running? If you accidentally stopped Streamlit, just restart it in your terminal: @ http://localhost:8511/static/js/index.D2ZqaFuW.js:21
[ 2135796ms] [ERROR] Failed to load resource: net::ERR_CONNECTION_REFUSED @ http://localhost:8511/_stcore/host-config:0
[ 2137689ms] [ERROR] Failed to load resource: net::ERR_CONNECTION_REFUSED @ http://localhost:8511/_stcore/health:0
[ 2137689ms] [ERROR] Client Error in reaching server endpoint - No response received when attempting to reach /_stcore/health @ http://localhost:8511/static/js/index.D2ZqaFuW.js:16
[ 2137690ms] [ERROR] Is Streamlit still running? If you accidentally stopped Streamlit, just restart it in your terminal: @ http://localhost:8511/static/js/index.D2ZqaFuW.js:21
[ 2137820ms] [ERROR] Failed to load resource: net::ERR_CONNECTION_REFUSED @ http://localhost:8511/_stcore/host-config:0
[ 2139697ms] [ERROR] Failed to load resource: net::ERR_CONNECTION_REFUSED @ http://localhost:8511/_stcore/health:0
[ 2139697ms] [ERROR] Client Error in reaching server endpoint - No response received when attempting to reach /_stcore/health @ http://localhost:8511/static/js/index.D2ZqaFuW.js:16
[ 2139697ms] [ERROR] Is Streamlit still running? If you accidentally stopped Streamlit, just restart it in your terminal: @ http://localhost:8511/static/js/index.D2ZqaFuW.js:21
[ 2139811ms] [ERROR] Failed to load resource: net::ERR_CONNECTION_REFUSED @ http://localhost:8511/_stcore/host-config:0
[ 2141705ms] [ERROR] Failed to load resource: net::ERR_CONNECTION_REFUSED @ http://localhost:8511/_stcore/health:0
[ 2141705ms] [ERROR] Client Error in reaching server endpoint - No response received when attempting to reach /_stcore/health @ http://localhost:8511/static/js/index.D2ZqaFuW.js:16
[ 2141705ms] [ERROR] Is Streamlit still running? If you accidentally stopped Streamlit, just restart it in your terminal: @ http://localhost:8511/static/js/index.D2ZqaFuW.js:21
[ 2141819ms] [ERROR] Failed to load resource: net::ERR_CONNECTION_REFUSED @ http://localhost:8511/_stcore/host-config:0
[ 2143712ms] [ERROR] Failed to load resource: net::ERR_CONNECTION_REFUSED @ http://localhost:8511/_stcore/health:0
[ 2143712ms] [ERROR] Client Error in reaching server endpoint - No response received when attempting to reach /_stcore/health @ http://localhost:8511/static/js/index.D2ZqaFuW.js:16
[ 2143713ms] [ERROR] Is Streamlit still running? If you accidentally stopped Streamlit, just restart it in your terminal: @ http://localhost:8511/static/js/index.D2ZqaFuW.js:21
[ 2143844ms] [ERROR] Failed to load resource: net::ERR_CONNECTION_REFUSED @ http://localhost:8511/_stcore/host-config:0
[ 2145720ms] [ERROR] Failed to load resource: net::ERR_CONNECTION_REFUSED @ http://localhost:8511/_stcore/health:0
[ 2145720ms] [ERROR] Client Error in reaching server endpoint - No response received when attempting to reach /_stcore/health @ http://localhost:8511/static/js/index.D2ZqaFuW.js:16
[ 2145720ms] [ERROR] Is Streamlit still running? If you accidentally stopped Streamlit, just restart it in your terminal: @ http://localhost:8511/static/js/index.D2ZqaFuW.js:21
[ 2145837ms] [ERROR] Failed to load resource: net::ERR_CONNECTION_REFUSED @ http://localhost:8511/_stcore/host-config:0
[ 2147725ms] [ERROR] Failed to load resource: net::ERR_CONNECTION_REFUSED @ http://localhost:8511/_stcore/health:0
[ 2147726ms] [ERROR] Client Error in reaching server endpoint - No response received when attempting to reach /_stcore/health @ http://localhost:8511/static/js/index.D2ZqaFuW.js:16
[ 2147726ms] [ERROR] Is Streamlit still running? If you accidentally stopped Streamlit, just restart it in your terminal: @ http://localhost:8511/static/js/index.D2ZqaFuW.js:21
[ 2148020ms] [ERROR] Failed to load resource: net::ERR_CONNECTION_REFUSED @ http://localhost:8511/_stcore/host-config:0
[ 2149732ms] [ERROR] Failed to load resource: net::ERR_CONNECTION_REFUSED @ http://localhost:8511/_stcore/health:0
[ 2149732ms] [ERROR] Client Error in reaching server endpoint - No response received when attempting to reach /_stcore/health @ http://localhost:8511/static/js/index.D2ZqaFuW.js:16
[ 2149732ms] [ERROR] Is Streamlit still running? If you accidentally stopped Streamlit, just restart it in your terminal: @ http://localhost:8511/static/js/index.D2ZqaFuW.js:21
[ 2149869ms] [ERROR] Failed to load resource: net::ERR_CONNECTION_REFUSED @ http://localhost:8511/_stcore/host-config:0
[ 2151739ms] [ERROR] Failed to load resource: net::ERR_CONNECTION_REFUSED @ http://localhost:8511/_stcore/health:0
[ 2151739ms] [ERROR] Client Error in reaching server endpoint - No response received when attempting to reach /_stcore/health @ http://localhost:8511/static/js/index.D2ZqaFuW.js:16
[ 2151739ms] [ERROR] Is Streamlit still running? If you accidentally stopped Streamlit, just restart it in your terminal: @ http://localhost:8511/static/js/index.D2ZqaFuW.js:21
[ 2151854ms] [ERROR] Failed to load resource: net::ERR_CONNECTION_REFUSED @ http://localhost:8511/_stcore/host-config:0
[ 2153747ms] [ERROR] Failed to load resource: net::ERR_CONNECTION_REFUSED @ http://localhost:8511/_stcore/health:0
[ 2153747ms] [ERROR] Client Error in reaching server endpoint - No response received when attempting to reach /_stcore/health @ http://localhost:8511/static/js/index.D2ZqaFuW.js:16
[ 2153747ms] [ERROR] Is Streamlit still running? If you accidentally stopped Streamlit, just restart it in your terminal: @ http://localhost:8511/static/js/index.D2ZqaFuW.js:21
[ 2153878ms] [ERROR] Failed to load resource: net::ERR_CONNECTION_REFUSED @ http://localhost:8511/_stcore/host-config:0
[ 2155756ms] [ERROR] Failed to load resource: net::ERR_CONNECTION_REFUSED @ http://localhost:8511/_stcore/health:0
[ 2155756ms] [ERROR] Client Error in reaching server endpoint - No response received when attempting to reach /_stcore/health @ http://localhost:8511/static/js/index.D2ZqaFuW.js:16
[ 2155757ms] [ERROR] Is Streamlit still running? If you accidentally stopped Streamlit, just restart it in your terminal: @ http://localhost:8511/static/js/index.D2ZqaFuW.js:21
[ 2155867ms] [ERROR] Failed to load resource: net::ERR_CONNECTION_REFUSED @ http://localhost:8511/_stcore/host-config:0
[ 2157764ms] [ERROR] Failed to load resource: net::ERR_CONNECTION_REFUSED @ http://localhost:8511/_stcore/health:0
[ 2157764ms] [ERROR] Client Error in reaching server endpoint - No response received when attempting to reach /_stcore/health @ http://localhost:8511/static/js/index.D2ZqaFuW.js:16
[ 2157764ms] [ERROR] Is Streamlit still running? If you accidentally stopped Streamlit, just restart it in your terminal: @ http://localhost:8511/static/js/index.D2ZqaFuW.js:21
[ 2157892ms] [ERROR] Failed to load resource: net::ERR_CONNECTION_REFUSED @ http://localhost:8511/_stcore/host-config:0
[ 2159773ms] [ERROR] Failed to load resource: net::ERR_CONNECTION_REFUSED @ http://localhost:8511/_stcore/health:0
[ 2159773ms] [ERROR] Client Error in reaching server endpoint - No response received when attempting to reach /_stcore/health @ http://localhost:8511/static/js/index.D2ZqaFuW.js:16
[ 2159774ms] [ERROR] Is Streamlit still running? If you accidentally stopped Streamlit, just restart it in your terminal: @ http://localhost:8511/static/js/index.D2ZqaFuW.js:21
[ 2159891ms] [ERROR] Failed to load resource: net::ERR_CONNECTION_REFUSED @ http://localhost:8511/_stcore/host-config:0
[ 2161781ms] [ERROR] Failed to load resource: net::ERR_CONNECTION_REFUSED @ http://localhost:8511/_stcore/health:0
[ 2161782ms] [ERROR] Client Error in reaching server endpoint - No response received when attempting to reach /_stcore/health @ http://localhost:8511/static/js/index.D2ZqaFuW.js:16
[ 2161782ms] [ERROR] Is Streamlit still running? If you accidentally stopped Streamlit, just restart it in your terminal: @ http://localhost:8511/static/js/index.D2ZqaFuW.js:21
[ 2161893ms] [ERROR] Failed to load resource: net::ERR_CONNECTION_REFUSED @ http://localhost:8511/_stcore/host-config:0
[ 2163788ms] [ERROR] Failed to load resource: net::ERR_CONNECTION_REFUSED @ http://localhost:8511/_stcore/host-config:0
[ 2163789ms] [ERROR] Client Error in reaching server endpoint - No response received when attempting to reach /_stcore/host-config @ http://localhost:8511/static/js/index.D2ZqaFuW.js:16
[ 2163789ms] [ERROR] Is Streamlit still running? If you accidentally stopped Streamlit, just restart it in your terminal: @ http://localhost:8511/static/js/index.D2ZqaFuW.js:21
[ 2163913ms] [ERROR] Failed to load resource: net::ERR_CONNECTION_REFUSED @ http://localhost:8511/_stcore/health:0
[ 2165796ms] [ERROR] Failed to load resource: net::ERR_CONNECTION_REFUSED @ http://localhost:8511/_stcore/health:0
[ 2165797ms] [ERROR] Client Error in reaching server endpoint - No response received when attempting to reach /_stcore/health @ http://localhost:8511/static/js/index.D2ZqaFuW.js:16
[ 2165797ms] [ERROR] Is Streamlit still running? If you accidentally stopped Streamlit, just restart it in your terminal: @ http://localhost:8511/static/js/index.D2ZqaFuW.js:21
[ 2165906ms] [ERROR] Failed to load resource: net::ERR_CONNECTION_REFUSED @ http://localhost:8511/_stcore/host-config:0
[ 2167804ms] [ERROR] Failed to load resource: net::ERR_CONNECTION_REFUSED @ http://localhost:8511/_stcore/health:0
[ 2167804ms] [ERROR] Client Error in reaching server endpoint - No response received when attempting to reach /_stcore/health @ http://localhost:8511/static/js/index.D2ZqaFuW.js:16
[ 2167804ms] [ERROR] Is Streamlit still running? If you accidentally stopped Streamlit, just restart it in your terminal: @ http://localhost:8511/static/js/index.D2ZqaFuW.js:21
[ 2167928ms] [ERROR] Failed to load resource: net::ERR_CONNECTION_REFUSED @ http://localhost:8511/_stcore/host-config:0
[ 2169811ms] [ERROR] Failed to load resource: net::ERR_CONNECTION_REFUSED @ http://localhost:8511/_stcore/health:0
[ 2169811ms] [ERROR] Client Error in reaching server endpoint - No response received when attempting to reach /_stcore/health @ http://localhost:8511/static/js/index.D2ZqaFuW.js:16
[ 2169812ms] [ERROR] Is Streamlit still running? If you accidentally stopped Streamlit, just restart it in your terminal: @ http://localhost:8511/static/js/index.D2ZqaFuW.js:21
[ 2169922ms] [ERROR] Failed to load resource: net::ERR_CONNECTION_REFUSED @ http://localhost:8511/_stcore/host-config:0
[ 2171816ms] [ERROR] Failed to load resource: net::ERR_CONNECTION_REFUSED @ http://localhost:8511/_stcore/health:0
[ 2171816ms] [ERROR] Client Error in reaching server endpoint - No response received when attempting to reach /_stcore/health @ http://localhost:8511/static/js/index.D2ZqaFuW.js:16
[ 2171817ms] [ERROR] Is Streamlit still running? If you accidentally stopped Streamlit, just restart it in your terminal: @ http://localhost:8511/static/js/index.D2ZqaFuW.js:21
[ 2172083ms] [ERROR] Failed to load resource: net::ERR_CONNECTION_REFUSED @ http://localhost:8511/_stcore/host-config:0
[ 2173825ms] [ERROR] Failed to load resource: net::ERR_CONNECTION_REFUSED @ http://localhost:8511/_stcore/host-config:0
[ 2173826ms] [ERROR] Client Error in reaching server endpoint - No response received when attempting to reach /_stcore/host-config @ http://localhost:8511/static/js/index.D2ZqaFuW.js:16
[ 2173826ms] [ERROR] Is Streamlit still running? If you accidentally stopped Streamlit, just restart it in your terminal: @ http://localhost:8511/static/js/index.D2ZqaFuW.js:21
[ 2173951ms] [ERROR] Failed to load resource: net::ERR_CONNECTION_REFUSED @ http://localhost:8511/_stcore/health:0
[ 2175830ms] [ERROR] Failed to load resource: net::ERR_CONNECTION_REFUSED @ http://localhost:8511/_stcore/health:0
[ 2175830ms] [ERROR] Client Error in reaching server endpoint - No response received when attempting to reach /_stcore/health @ http://localhost:8511/static/js/index.D2ZqaFuW.js:16
[ 2175831ms] [ERROR] Is Streamlit still running? If you accidentally stopped Streamlit, just restart it in your terminal: @ http://localhost:8511/static/js/index.D2ZqaFuW.js:21
[ 2175939ms] [ERROR] Failed to load resource: net::ERR_CONNECTION_REFUSED @ http://localhost:8511/_stcore/host-config:0
[ 2177839ms] [ERROR] Failed to load resource: net::ERR_CONNECTION_REFUSED @ http://localhost:8511/_stcore/health:0
[ 2177839ms] [ERROR] Client Error in reaching server endpoint - No response received when attempting to reach /_stcore/health @ http://localhost:8511/static/js/index.D2ZqaFuW.js:16
[ 2177840ms] [ERROR] Is Streamlit still running? If you accidentally stopped Streamlit, just restart it in your terminal: @ http://localhost:8511/static/js/index.D2ZqaFuW.js:21
[ 2177840ms] [ERROR] Failed to load resource: net::ERR_CONNECTION_REFUSED @ http://localhost:8511/_stcore/host-config:0
[ 2179848ms] [ERROR] Failed to load resource: net::ERR_CONNECTION_REFUSED @ http://localhost:8511/_stcore/health:0
[ 2179848ms] [ERROR] Client Error in reaching server endpoint - No response received when attempting to reach /_stcore/health @ http://localhost:8511/static/js/index.D2ZqaFuW.js:16
[ 2179848ms] [ERROR] Is Streamlit still running? If you accidentally stopped Streamlit, just restart it in your terminal: @ http://localhost:8511/static/js/index.D2ZqaFuW.js:21
[ 2179957ms] [ERROR] Failed to load resource: net::ERR_CONNECTION_REFUSED @ http://localhost:8511/_stcore/host-config:0
[ 2181856ms] [ERROR] Failed to load resource: net::ERR_CONNECTION_REFUSED @ http://localhost:8511/_stcore/health:0
[ 2181857ms] [ERROR] Client Error in reaching server endpoint - No response received when attempting to reach /_stcore/health @ http://localhost:8511/static/js/index.D2ZqaFuW.js:16
[ 2181857ms] [ERROR] Is Streamlit still running? If you accidentally stopped Streamlit, just restart it in your terminal: @ http://localhost:8511/static/js/index.D2ZqaFuW.js:21
[ 2181857ms] [ERROR] Failed to load resource: net::ERR_CONNECTION_REFUSED @ http://localhost:8511/_stcore/host-config:0
[ 2183866ms] [ERROR] Failed to load resource: net::ERR_CONNECTION_REFUSED @ http://localhost:8511/_stcore/host-config:0
[ 2183866ms] [ERROR] Client Error in reaching server endpoint - No response received when attempting to reach /_stcore/host-config @ http://localhost:8511/static/js/index.D2ZqaFuW.js:16
[ 2183866ms] [ERROR] Is Streamlit still running? If you accidentally stopped Streamlit, just restart it in your terminal: @ http://localhost:8511/static/js/index.D2ZqaFuW.js:21
[ 2183975ms] [ERROR] Failed to load resource: net::ERR_CONNECTION_REFUSED @ http://localhost:8511/_stcore/health:0
[ 2185874ms] [ERROR] Failed to load resource: net::ERR_CONNECTION_REFUSED @ http://localhost:8511/_stcore/health:0
[ 2185874ms] [ERROR] Client Error in reaching server endpoint - No response received when attempting to reach /_stcore/health @ http://localhost:8511/static/js/index.D2ZqaFuW.js:16
[ 2185874ms] [ERROR] Is Streamlit still running? If you accidentally stopped Streamlit, just restart it in your terminal: @ http://localhost:8511/static/js/index.D2ZqaFuW.js:21
[ 2185984ms] [ERROR] Failed to load resource: net::ERR_CONNECTION_REFUSED @ http://localhost:8511/_stcore/host-config:0
[ 2187881ms] [ERROR] Failed to load resource: net::ERR_CONNECTION_REFUSED @ http://localhost:8511/_stcore/health:0
[ 2187882ms] [ERROR] Client Error in reaching server endpoint - No response received when attempting to reach /_stcore/health @ http://localhost:8511/static/js/index.D2ZqaFuW.js:16
[ 2187882ms] [ERROR] Is Streamlit still running? If you accidentally stopped Streamlit, just restart it in your terminal: @ http://localhost:8511/static/js/index.D2ZqaFuW.js:21
[ 2188008ms] [ERROR] Failed to load resource: net::ERR_CONNECTION_REFUSED @ http://localhost:8511/_stcore/host-config:0
[ 2189889ms] [ERROR] Failed to load resource: net::ERR_CONNECTION_REFUSED @ http://localhost:8511/_stcore/health:0
[ 2189889ms] [ERROR] Client Error in reaching server endpoint - No response received when attempting to reach /_stcore/health @ http://localhost:8511/static/js/index.D2ZqaFuW.js:16
[ 2189889ms] [ERROR] Is Streamlit still running? If you accidentally stopped Streamlit, just restart it in your terminal: @ http://localhost:8511/static/js/index.D2ZqaFuW.js:21
[ 2189999ms] [ERROR] Failed to load resource: net::ERR_CONNECTION_REFUSED @ http://localhost:8511/_stcore/host-config:0
[ 2978495ms] [ERROR] Failed to load resource: net::ERR_CONNECTION_REFUSED @ http://localhost:8511/_stcore/health:0
[ 2978495ms] [ERROR] Client Error in reaching server endpoint - No response received when attempting to reach /_stcore/health @ http://localhost:8511/static/js/index.D2ZqaFuW.js:16
[ 2978495ms] [ERROR] Is Streamlit still running? If you accidentally stopped Streamlit, just restart it in your terminal: @ http://localhost:8511/static/js/index.D2ZqaFuW.js:21
[ 2979191ms] [ERROR] Failed to load resource: net::ERR_CONNECTION_REFUSED @ http://localhost:8511/_stcore/host-config:0
[ 2980499ms] [ERROR] Failed to load resource: net::ERR_CONNECTION_REFUSED @ http://localhost:8511/_stcore/health:0
[ 2980500ms] [ERROR] Client Error in reaching server endpoint - No response received when attempting to reach /_stcore/health @ http://localhost:8511/static/js/index.D2ZqaFuW.js:16
[ 2980500ms] [ERROR] Is Streamlit still running? If you accidentally stopped Streamlit, just restart it in your terminal: @ http://localhost:8511/static/js/index.D2ZqaFuW.js:21
[ 2980996ms] [ERROR] Failed to load resource: net::ERR_CONNECTION_REFUSED @ http://localhost:8511/_stcore/host-config:0
[ 2982705ms] [ERROR] Failed to load resource: net::ERR_CONNECTION_REFUSED @ http://localhost:8511/_stcore/health:0
[ 2982705ms] [ERROR] Client Error in reaching server endpoint - No response received when attempting to reach /_stcore/health @ http://localhost:8511/static/js/index.D2ZqaFuW.js:16
[ 2982706ms] [ERROR] Is Streamlit still running? If you accidentally stopped Streamlit, just restart it in your terminal: @ http://localhost:8511/static/js/index.D2ZqaFuW.js:21
[ 2983000ms] [ERROR] Failed to load resource: net::ERR_CONNECTION_REFUSED @ http://localhost:8511/_stcore/host-config:0
[ 2984711ms] [ERROR] Failed to load resource: net::ERR_CONNECTION_REFUSED @ http://localhost:8511/_stcore/host-config:0
[ 2984711ms] [ERROR] Client Error in reaching server endpoint - No response received when attempting to reach /_stcore/host-config @ http://localhost:8511/static/js/index.D2ZqaFuW.js:16
[ 2984712ms] [ERROR] Is Streamlit still running? If you accidentally stopped Streamlit, just restart it in your terminal: @ http://localhost:8511/static/js/index.D2ZqaFuW.js:21
[ 2984886ms] [ERROR] Failed to load resource: net::ERR_CONNECTION_REFUSED @ http://localhost:8511/_stcore/health:0
[ 2986719ms] [ERROR] Failed to load resource: net::ERR_CONNECTION_REFUSED @ http://localhost:8511/_stcore/health:0
[ 2986719ms] [ERROR] Client Error in reaching server endpoint - No response received when attempting to reach /_stcore/health @ http://localhost:8511/static/js/index.D2ZqaFuW.js:16
[ 2986719ms] [ERROR] Is Streamlit still running? If you accidentally stopped Streamlit, just restart it in your terminal: @ http://localhost:8511/static/js/index.D2ZqaFuW.js:21
[ 2986931ms] [ERROR] Failed to load resource: net::ERR_CONNECTION_REFUSED @ http://localhost:8511/_stcore/host-config:0
[ 2988730ms] [ERROR] Failed to load resource: net::ERR_CONNECTION_REFUSED @ http://localhost:8511/_stcore/health:0
[ 2988730ms] [ERROR] Client Error in reaching server endpoint - No response received when attempting to reach /_stcore/health @ http://localhost:8511/static/js/index.D2ZqaFuW.js:16
[ 2988730ms] [ERROR] Is Streamlit still running? If you accidentally stopped Streamlit, just restart it in your terminal: @ http://localhost:8511/static/js/index.D2ZqaFuW.js:21
[ 2988966ms] [ERROR] Failed to load resource: net::ERR_CONNECTION_REFUSED @ http://localhost:8511/_stcore/host-config:0
[ 2990734ms] [ERROR] Failed to load resource: net::ERR_CONNECTION_REFUSED @ http://localhost:8511/_stcore/health:0
[ 2990734ms] [ERROR] Client Error in reaching server endpoint - No response received when attempting to reach /_stcore/health @ http://localhost:8511/static/js/index.D2ZqaFuW.js:16
[ 2990735ms] [ERROR] Is Streamlit still running? If you accidentally stopped Streamlit, just restart it in your terminal: @ http://localhost:8511/static/js/index.D2ZqaFuW.js:21
[ 2990855ms] [ERROR] Failed to load resource: net::ERR_CONNECTION_REFUSED @ http://localhost:8511/_stcore/host-config:0
[ 2992741ms] [ERROR] Failed to load resource: net::ERR_CONNECTION_REFUSED @ http://localhost:8511/_stcore/host-config:0
[ 2992741ms] [ERROR] Client Error in reaching server endpoint - No response received when attempting to reach /_stcore/host-config @ http://localhost:8511/static/js/index.D2ZqaFuW.js:16
[ 2992741ms] [ERROR] Is Streamlit still running? If you accidentally stopped Streamlit, just restart it in your terminal: @ http://localhost:8511/static/js/index.D2ZqaFuW.js:21
[ 2992899ms] [ERROR] Failed to load resource: net::ERR_CONNECTION_REFUSED @ http://localhost:8511/_stcore/health:0
[ 2994749ms] [ERROR] Failed to load resource: net::ERR_CONNECTION_REFUSED @ http://localhost:8511/_stcore/health:0
[ 2994749ms] [ERROR] Client Error in reaching server endpoint - No response received when attempting to reach /_stcore/health @ http://localhost:8511/static/js/index.D2ZqaFuW.js:16
[ 2994749ms] [ERROR] Is Streamlit still running? If you accidentally stopped Streamlit, just restart it in your terminal: @ http://localhost:8511/static/js/index.D2ZqaFuW.js:21
[ 2994905ms] [ERROR] Failed to load resource: net::ERR_CONNECTION_REFUSED @ http://localhost:8511/_stcore/host-config:0
[ 2996756ms] [ERROR] Failed to load resource: net::ERR_CONNECTION_REFUSED @ http://localhost:8511/_stcore/health:0
[ 2996756ms] [ERROR] Client Error in reaching server endpoint - No response received when attempting to reach /_stcore/health @ http://localhost:8511/static/js/index.D2ZqaFuW.js:16
[ 2996756ms] [ERROR] Is Streamlit still running? If you accidentally stopped Streamlit, just restart it in your terminal: @ http://localhost:8511/static/js/index.D2ZqaFuW.js:21
[ 2996884ms] [ERROR] Failed to load resource: net::ERR_CONNECTION_REFUSED @ http://localhost:8511/_stcore/host-config:0
[ 2998761ms] [ERROR] Failed to load resource: net::ERR_CONNECTION_REFUSED @ http://localhost:8511/_stcore/health:0
[ 2998761ms] [ERROR] Client Error in reaching server endpoint - No response received when attempting to reach /_stcore/health @ http://localhost:8511/static/js/index.D2ZqaFuW.js:16
[ 2998761ms] [ERROR] Is Streamlit still running? If you accidentally stopped Streamlit, just restart it in your terminal: @ http://localhost:8511/static/js/index.D2ZqaFuW.js:21
[ 2998894ms] [ERROR] Failed to load resource: net::ERR_CONNECTION_REFUSED @ http://localhost:8511/_stcore/host-config:0
[ 3000768ms] [ERROR] Failed to load resource: net::ERR_CONNECTION_REFUSED @ http://localhost:8511/_stcore/health:0
[ 3000768ms] [ERROR] Client Error in reaching server endpoint - No response received when attempting to reach /_stcore/health @ http://localhost:8511/static/js/index.D2ZqaFuW.js:16
[ 3000769ms] [ERROR] Is Streamlit still running? If you accidentally stopped Streamlit, just restart it in your terminal: @ http://localhost:8511/static/js/index.D2ZqaFuW.js:21
[ 3000923ms] [ERROR] Failed to load resource: net::ERR_CONNECTION_REFUSED @ http://localhost:8511/_stcore/host-config:0
[ 3002774ms] [ERROR] Failed to load resource: net::ERR_CONNECTION_REFUSED @ http://localhost:8511/_stcore/health:0
[ 3002775ms] [ERROR] Client Error in reaching server endpoint - No response received when attempting to reach /_stcore/health @ http://localhost:8511/static/js/index.D2ZqaFuW.js:16
[ 3002775ms] [ERROR] Is Streamlit still running? If you accidentally stopped Streamlit, just restart it in your terminal: @ http://localhost:8511/static/js/index.D2ZqaFuW.js:21
[ 3003073ms] [ERROR] Failed to load resource: net::ERR_CONNECTION_REFUSED @ http://localhost:8511/_stcore/host-config:0
[ 3004782ms] [ERROR] Failed to load resource: net::ERR_CONNECTION_REFUSED @ http://localhost:8511/_stcore/health:0
[ 3004782ms] [ERROR] Client Error in reaching server endpoint - No response received when attempting to reach /_stcore/health @ http://localhost:8511/static/js/index.D2ZqaFuW.js:16
[ 3004783ms] [ERROR] Is Streamlit still running? If you accidentally stopped Streamlit, just restart it in your terminal: @ http://localhost:8511/static/js/index.D2ZqaFuW.js:21
[ 3004978ms] [ERROR] Failed to load resource: net::ERR_CONNECTION_REFUSED @ http://localhost:8511/_stcore/host-config:0
[ 3006788ms] [ERROR] Failed to load resource: net::ERR_CONNECTION_REFUSED @ http://localhost:8511/_stcore/health:0
[ 3006788ms] [ERROR] Client Error in reaching server endpoint - No response received when attempting to reach /_stcore/health @ http://localhost:8511/static/js/index.D2ZqaFuW.js:16
[ 3006788ms] [ERROR] Is Streamlit still running? If you accidentally stopped Streamlit, just restart it in your terminal: @ http://localhost:8511/static/js/index.D2ZqaFuW.js:21
[ 3006920ms] [ERROR] Failed to load resource: net::ERR_CONNECTION_REFUSED @ http://localhost:8511/_stcore/host-config:0
[ 3008797ms] [ERROR] Failed to load resource: net::ERR_CONNECTION_REFUSED @ http://localhost:8511/_stcore/health:0
[ 3008797ms] [ERROR] Client Error in reaching server endpoint - No response received when attempting to reach /_stcore/health @ http://localhost:8511/static/js/index.D2ZqaFuW.js:16
[ 3008797ms] [ERROR] Is Streamlit still running? If you accidentally stopped Streamlit, just restart it in your terminal: @ http://localhost:8511/static/js/index.D2ZqaFuW.js:21
[ 3008947ms] [ERROR] Failed to load resource: net::ERR_CONNECTION_REFUSED @ http://localhost:8511/_stcore/host-config:0
[ 3010806ms] [ERROR] Failed to load resource: net::ERR_CONNECTION_REFUSED @ http://localhost:8511/_stcore/health:0
[ 3010806ms] [ERROR] Client Error in reaching server endpoint - No response received when attempting to reach /_stcore/health @ http://localhost:8511/static/js/index.D2ZqaFuW.js:16
[ 3010806ms] [ERROR] Is Streamlit still running? If you accidentally stopped Streamlit, just restart it in your terminal: @ http://localhost:8511/static/js/index.D2ZqaFuW.js:21
[ 3010929ms] [ERROR] Failed to load resource: net::ERR_CONNECTION_REFUSED @ http://localhost:8511/_stcore/host-config:0
[ 3012814ms] [ERROR] Failed to load resource: net::ERR_CONNECTION_REFUSED @ http://localhost:8511/_stcore/host-config:0
[ 3012814ms] [ERROR] Client Error in reaching server endpoint - No response received when attempting to reach /_stcore/host-config @ http://localhost:8511/static/js/index.D2ZqaFuW.js:16
[ 3012814ms] [ERROR] Is Streamlit still running? If you accidentally stopped Streamlit, just restart it in your terminal: @ http://localhost:8511/static/js/index.D2ZqaFuW.js:21
[ 3012973ms] [ERROR] Failed to load resource: net::ERR_CONNECTION_REFUSED @ http://localhost:8511/_stcore/health:0
[ 3014820ms] [ERROR] Failed to load resource: net::ERR_CONNECTION_REFUSED @ http://localhost:8511/_stcore/health:0
[ 3014820ms] [ERROR] Client Error in reaching server endpoint - No response received when attempting to reach /_stcore/health @ http://localhost:8511/static/js/index.D2ZqaFuW.js:16
[ 3014820ms] [ERROR] Is Streamlit still running? If you accidentally stopped Streamlit, just restart it in your terminal: @ http://localhost:8511/static/js/index.D2ZqaFuW.js:21
[ 3014961ms] [ERROR] Failed to load resource: net::ERR_CONNECTION_REFUSED @ http://localhost:8511/_stcore/host-config:0
[ 3016827ms] [ERROR] Failed to load resource: net::ERR_CONNECTION_REFUSED @ http://localhost:8511/_stcore/health:0
[ 3016827ms] [ERROR] Client Error in reaching server endpoint - No response received when attempting to reach /_stcore/health @ http://localhost:8511/static/js/index.D2ZqaFuW.js:16
[ 3016827ms] [ERROR] Is Streamlit still running? If you accidentally stopped Streamlit, just restart it in your terminal: @ http://localhost:8511/static/js/index.D2ZqaFuW.js:21
[ 3016963ms] [ERROR] Failed to load resource: net::ERR_CONNECTION_REFUSED @ http://localhost:8511/_stcore/host-config:0
[ 3018834ms] [ERROR] Failed to load resource: net::ERR_CONNECTION_REFUSED @ http://localhost:8511/_stcore/health:0
[ 3018834ms] [ERROR] Client Error in reaching server endpoint - No response received when attempting to reach /_stcore/health @ http://localhost:8511/static/js/index.D2ZqaFuW.js:16
[ 3018835ms] [ERROR] Is Streamlit still running? If you accidentally stopped Streamlit, just restart it in your terminal: @ http://localhost:8511/static/js/index.D2ZqaFuW.js:21
[ 3018977ms] [ERROR] Failed to load resource: net::ERR_CONNECTION_REFUSED @ http://localhost:8511/_stcore/host-config:0
[ 3020839ms] [ERROR] Failed to load resource: net::ERR_CONNECTION_REFUSED @ http://localhost:8511/_stcore/health:0
[ 3020840ms] [ERROR] Client Error in reaching server endpoint - No response received when attempting to reach /_stcore/health @ http://localhost:8511/static/js/index.D2ZqaFuW.js:16
[ 3020840ms] [ERROR] Is Streamlit still running? If you accidentally stopped Streamlit, just restart it in your terminal: @ http://localhost:8511/static/js/index.D2ZqaFuW.js:21
[ 3020840ms] [ERROR] Failed to load resource: net::ERR_CONNECTION_REFUSED @ http://localhost:8511/_stcore/host-config:0
[ 3022845ms] [ERROR] Failed to load resource: net::ERR_CONNECTION_REFUSED @ http://localhost:8511/_stcore/health:0
[ 3022845ms] [ERROR] Client Error in reaching server endpoint - No response received when attempting to reach /_stcore/health @ http://localhost:8511/static/js/index.D2ZqaFuW.js:16
[ 3022845ms] [ERROR] Is Streamlit still running? If you accidentally stopped Streamlit, just restart it in your terminal: @ http://localhost:8511/static/js/index.D2ZqaFuW.js:21
[ 3023348ms] [ERROR] Failed to load resource: net::ERR_CONNECTION_REFUSED @ http://localhost:8511/_stcore/host-config:0
[ 3024853ms] [ERROR] Failed to load resource: net::ERR_CONNECTION_REFUSED @ http://localhost:8511/_stcore/host-config:0
[ 3024853ms] [ERROR] Client Error in reaching server endpoint - No response received when attempting to reach /_stcore/host-config @ http://localhost:8511/static/js/index.D2ZqaFuW.js:16
[ 3024853ms] [ERROR] Is Streamlit still running? If you accidentally stopped Streamlit, just restart it in your terminal: @ http://localhost:8511/static/js/index.D2ZqaFuW.js:21
[ 3025030ms] [ERROR] Failed to load resource: net::ERR_CONNECTION_REFUSED @ http://localhost:8511/_stcore/health:0
[ 3026859ms] [ERROR] Failed to load resource: net::ERR_CONNECTION_REFUSED @ http://localhost:8511/_stcore/host-config:0
[ 3026859ms] [ERROR] Client Error in reaching server endpoint - No response received when attempting to reach /_stcore/host-config @ http://localhost:8511/static/js/index.D2ZqaFuW.js:16
[ 3026859ms] [ERROR] Is Streamlit still running? If you accidentally stopped Streamlit, just restart it in your terminal: @ http://localhost:8511/static/js/index.D2ZqaFuW.js:21
[ 3026859ms] [ERROR] Failed to load resource: net::ERR_CONNECTION_REFUSED @ http://localhost:8511/_stcore/health:0
[ 3028869ms] [ERROR] Failed to load resource: net::ERR_CONNECTION_REFUSED @ http://localhost:8511/_stcore/health:0
[ 3028869ms] [ERROR] Client Error in reaching server endpoint - No response received when attempting to reach /_stcore/health @ http://localhost:8511/static/js/index.D2ZqaFuW.js:16
[ 3028869ms] [ERROR] Is Streamlit still running? If you accidentally stopped Streamlit, just restart it in your terminal: @ http://localhost:8511/static/js/index.D2ZqaFuW.js:21
[ 3029003ms] [ERROR] Failed to load resource: net::ERR_CONNECTION_REFUSED @ http://localhost:8511/_stcore/host-config:0
[ 3030879ms] [ERROR] Failed to load resource: net::ERR_CONNECTION_REFUSED @ http://localhost:8511/_stcore/health:0
[ 3030880ms] [ERROR] Client Error in reaching server endpoint - No response received when attempting to reach /_stcore/health @ http://localhost:8511/static/js/index.D2ZqaFuW.js:16
[ 3030880ms] [ERROR] Is Streamlit still running? If you accidentally stopped Streamlit, just restart it in your terminal: @ http://localhost:8511/static/js/index.D2ZqaFuW.js:21
[ 3031136ms] [ERROR] Failed to load resource: net::ERR_CONNECTION_REFUSED @ http://localhost:8511/_stcore/host-config:0
[ 3032887ms] [ERROR] Failed to load resource: net::ERR_CONNECTION_REFUSED @ http://localhost:8511/_stcore/health:0
[ 3032887ms] [ERROR] Client Error in reaching server endpoint - No response received when attempting to reach /_stcore/health @ http://localhost:8511/static/js/index.D2ZqaFuW.js:16
[ 3032888ms] [ERROR] Is Streamlit still running? If you accidentally stopped Streamlit, just restart it in your terminal: @ http://localhost:8511/static/js/index.D2ZqaFuW.js:21
[ 3033012ms] [ERROR] Failed to load resource: net::ERR_CONNECTION_REFUSED @ http://localhost:8511/_stcore/host-config:0
[ 3034895ms] [ERROR] Failed to load resource: net::ERR_CONNECTION_REFUSED @ http://localhost:8511/_stcore/health:0
[ 3034895ms] [ERROR] Client Error in reaching server endpoint - No response received when attempting to reach /_stcore/health @ http://localhost:8511/static/js/index.D2ZqaFuW.js:16
[ 3034895ms] [ERROR] Is Streamlit still running? If you accidentally stopped Streamlit, just restart it in your terminal: @ http://localhost:8511/static/js/index.D2ZqaFuW.js:21
[ 3035001ms] [ERROR] Failed to load resource: net::ERR_CONNECTION_REFUSED @ http://localhost:8511/_stcore/host-config:0
[ 3036902ms] [ERROR] Failed to load resource: net::ERR_CONNECTION_REFUSED @ http://localhost:8511/_stcore/host-config:0
[ 3036902ms] [ERROR] Client Error in reaching server endpoint - No response received when attempting to reach /_stcore/host-config @ http://localhost:8511/static/js/index.D2ZqaFuW.js:16
[ 3036902ms] [ERROR] Is Streamlit still running? If you accidentally stopped Streamlit, just restart it in your terminal: @ http://localhost:8511/static/js/index.D2ZqaFuW.js:21
[ 3037041ms] [ERROR] Failed to load resource: net::ERR_CONNECTION_REFUSED @ http://localhost:8511/_stcore/health:0
[ 3038909ms] [ERROR] Failed to load resource: net::ERR_CONNECTION_REFUSED @ http://localhost:8511/_stcore/health:0
[ 3038909ms] [ERROR] Client Error in reaching server endpoint - No response received when attempting to reach /_stcore/health @ http://localhost:8511/static/js/index.D2ZqaFuW.js:16
[ 3038909ms] [ERROR] Is Streamlit still running? If you accidentally stopped Streamlit, just restart it in your terminal: @ http://localhost:8511/static/js/index.D2ZqaFuW.js:21
[ 3039046ms] [ERROR] Failed to load resource: net::ERR_CONNECTION_REFUSED @ http://localhost:8511/_stcore/host-config:0
[ 3040918ms] [ERROR] Failed to load resource: net::ERR_CONNECTION_REFUSED @ http://localhost:8511/_stcore/health:0
[ 3040918ms] [ERROR] Client Error in reaching server endpoint - No response received when attempting to reach /_stcore/health @ http://localhost:8511/static/js/index.D2ZqaFuW.js:16
[ 3040918ms] [ERROR] Is Streamlit still running? If you accidentally stopped Streamlit, just restart it in your terminal: @ http://localhost:8511/static/js/index.D2ZqaFuW.js:21
[ 3041040ms] [ERROR] Failed to load resource: net::ERR_CONNECTION_REFUSED @ http://localhost:8511/_stcore/host-config:0
[ 3042924ms] [ERROR] Failed to load resource: net::ERR_CONNECTION_REFUSED @ http://localhost:8511/_stcore/health:0
[ 3042924ms] [ERROR] Client Error in reaching server endpoint - No response received when attempting to reach /_stcore/health @ http://localhost:8511/static/js/index.D2ZqaFuW.js:16
[ 3042924ms] [ERROR] Is Streamlit still running? If you accidentally stopped Streamlit, just restart it in your terminal: @ http://localhost:8511/static/js/index.D2ZqaFuW.js:21
[ 3043055ms] [ERROR] Failed to load resource: net::ERR_CONNECTION_REFUSED @ http://localhost:8511/_stcore/host-config:0
[ 3044933ms] [ERROR] Failed to load resource: net::ERR_CONNECTION_REFUSED @ http://localhost:8511/_stcore/health:0
[ 3044933ms] [ERROR] Client Error in reaching server endpoint - No response received when attempting to reach /_stcore/health @ http://localhost:8511/static/js/index.D2ZqaFuW.js:16
[ 3044933ms] [ERROR] Is Streamlit still running? If you accidentally stopped Streamlit, just restart it in your terminal: @ http://localhost:8511/static/js/index.D2ZqaFuW.js:21
[ 3045047ms] [ERROR] Failed to load resource: net::ERR_CONNECTION_REFUSED @ http://localhost:8511/_stcore/host-config:0
[ 3046938ms] [ERROR] Failed to load resource: net::ERR_CONNECTION_REFUSED @ http://localhost:8511/_stcore/health:0
[ 3046938ms] [ERROR] Client Error in reaching server endpoint - No response received when attempting to reach /_stcore/health @ http://localhost:8511/static/js/index.D2ZqaFuW.js:16
[ 3046938ms] [ERROR] Is Streamlit still running? If you accidentally stopped Streamlit, just restart it in your terminal: @ http://localhost:8511/static/js/index.D2ZqaFuW.js:21
[ 3047109ms] [ERROR] Failed to load resource: net::ERR_CONNECTION_REFUSED @ http://localhost:8511/_stcore/host-config:0
[ 3048944ms] [ERROR] Failed to load resource: net::ERR_CONNECTION_REFUSED @ http://localhost:8511/_stcore/health:0
[ 3048945ms] [ERROR] Client Error in reaching server endpoint - No response received when attempting to reach /_stcore/health @ http://localhost:8511/static/js/index.D2ZqaFuW.js:16
[ 3048945ms] [ERROR] Is Streamlit still running? If you accidentally stopped Streamlit, just restart it in your terminal: @ http://localhost:8511/static/js/index.D2ZqaFuW.js:21
[ 3049083ms] [ERROR] Failed to load resource: net::ERR_CONNECTION_REFUSED @ http://localhost:8511/_stcore/host-config:0
[ 3050954ms] [ERROR] Failed to load resource: net::ERR_CONNECTION_REFUSED @ http://localhost:8511/_stcore/health:0
[ 3050954ms] [ERROR] Client Error in reaching server endpoint - No response received when attempting to reach /_stcore/health @ http://localhost:8511/static/js/index.D2ZqaFuW.js:16
[ 3050954ms] [ERROR] Is Streamlit still running? If you accidentally stopped Streamlit, just restart it in your terminal: @ http://localhost:8511/static/js/index.D2ZqaFuW.js:21
[ 3051070ms] [ERROR] Failed to load resource: net::ERR_CONNECTION_REFUSED @ http://localhost:8511/_stcore/host-config:0
[ 3052961ms] [ERROR] Failed to load resource: net::ERR_CONNECTION_REFUSED @ http://localhost:8511/_stcore/health:0
[ 3052961ms] [ERROR] Client Error in reaching server endpoint - No response received when attempting to reach /_stcore/health @ http://localhost:8511/static/js/index.D2ZqaFuW.js:16
[ 3052961ms] [ERROR] Is Streamlit still running? If you accidentally stopped Streamlit, just restart it in your terminal: @ http://localhost:8511/static/js/index.D2ZqaFuW.js:21
[ 3053076ms] [ERROR] Failed to load resource: net::ERR_CONNECTION_REFUSED @ http://localhost:8511/_stcore/host-config:0
[ 3054970ms] [ERROR] Failed to load resource: net::ERR_CONNECTION_REFUSED @ http://localhost:8511/_stcore/health:0
[ 3054971ms] [ERROR] Client Error in reaching server endpoint - No response received when attempting to reach /_stcore/health @ http://localhost:8511/static/js/index.D2ZqaFuW.js:16
[ 3054971ms] [ERROR] Is Streamlit still running? If you accidentally stopped Streamlit, just restart it in your terminal: @ http://localhost:8511/static/js/index.D2ZqaFuW.js:21
[ 3055113ms] [ERROR] Failed to load resource: net::ERR_CONNECTION_REFUSED @ http://localhost:8511/_stcore/host-config:0
[ 3056977ms] [ERROR] Failed to load resource: net::ERR_CONNECTION_REFUSED @ http://localhost:8511/_stcore/health:0
[ 3056977ms] [ERROR] Client Error in reaching server endpoint - No response received when attempting to reach /_stcore/health @ http://localhost:8511/static/js/index.D2ZqaFuW.js:16
[ 3056978ms] [ERROR] Is Streamlit still running? If you accidentally stopped Streamlit, just restart it in your terminal: @ http://localhost:8511/static/js/index.D2ZqaFuW.js:21
[ 3057130ms] [ERROR] Failed to load resource: net::ERR_CONNECTION_REFUSED @ http://localhost:8511/_stcore/host-config:0
[ 3058985ms] [ERROR] Failed to load resource: net::ERR_CONNECTION_REFUSED @ http://localhost:8511/_stcore/health:0
[ 3058985ms] [ERROR] Client Error in reaching server endpoint - No response received when attempting to reach /_stcore/health @ http://localhost:8511/static/js/index.D2ZqaFuW.js:16
[ 3058985ms] [ERROR] Is Streamlit still running? If you accidentally stopped Streamlit, just restart it in your terminal: @ http://localhost:8511/static/js/index.D2ZqaFuW.js:21
[ 3059105ms] [ERROR] Failed to load resource: net::ERR_CONNECTION_REFUSED @ http://localhost:8511/_stcore/host-config:0
[ 3060993ms] [ERROR] Failed to load resource: net::ERR_CONNECTION_REFUSED @ http://localhost:8511/_stcore/health:0
[ 3060993ms] [ERROR] Client Error in reaching server endpoint - No response received when attempting to reach /_stcore/health @ http://localhost:8511/static/js/index.D2ZqaFuW.js:16
[ 3060994ms] [ERROR] Is Streamlit still running? If you accidentally stopped Streamlit, just restart it in your terminal: @ http://localhost:8511/static/js/index.D2ZqaFuW.js:21
[ 3061107ms] [ERROR] Failed to load resource: net::ERR_CONNECTION_REFUSED @ http://localhost:8511/_stcore/host-config:0
[ 3063001ms] [ERROR] Failed to load resource: net::ERR_CONNECTION_REFUSED @ http://localhost:8511/_stcore/health:0
[ 3063001ms] [ERROR] Client Error in reaching server endpoint - No response received when attempting to reach /_stcore/health @ http://localhost:8511/static/js/index.D2ZqaFuW.js:16
[ 3063002ms] [ERROR] Is Streamlit still running? If you accidentally stopped Streamlit, just restart it in your terminal: @ http://localhost:8511/static/js/index.D2ZqaFuW.js:21
[ 3063127ms] [ERROR] Failed to load resource: net::ERR_CONNECTION_REFUSED @ http://localhost:8511/_stcore/host-config:0
[ 3065009ms] [ERROR] Failed to load resource: net::ERR_CONNECTION_REFUSED @ http://localhost:8511/_stcore/health:0
[ 3065009ms] [ERROR] Client Error in reaching server endpoint - No response received when attempting to reach /_stcore/health @ http://localhost:8511/static/js/index.D2ZqaFuW.js:16
[ 3065009ms] [ERROR] Is Streamlit still running? If you accidentally stopped Streamlit, just restart it in your terminal: @ http://localhost:8511/static/js/index.D2ZqaFuW.js:21
[ 3065122ms] [ERROR] Failed to load resource: net::ERR_CONNECTION_REFUSED @ http://localhost:8511/_stcore/host-config:0
[ 3067020ms] [ERROR] Failed to load resource: net::ERR_CONNECTION_REFUSED @ http://localhost:8511/_stcore/health:0
[ 3067020ms] [ERROR] Client Error in reaching server endpoint - No response received when attempting to reach /_stcore/health @ http://localhost:8511/static/js/index.D2ZqaFuW.js:16
[ 3067020ms] [ERROR] Is Streamlit still running? If you accidentally stopped Streamlit, just restart it in your terminal: @ http://localhost:8511/static/js/index.D2ZqaFuW.js:21
[ 3067171ms] [ERROR] Failed to load resource: net::ERR_CONNECTION_REFUSED @ http://localhost:8511/_stcore/host-config:0
[ 3069026ms] [ERROR] Failed to load resource: net::ERR_CONNECTION_REFUSED @ http://localhost:8511/_stcore/health:0
[ 3069027ms] [ERROR] Client Error in reaching server endpoint - No response received when attempting to reach /_stcore/health @ http://localhost:8511/static/js/index.D2ZqaFuW.js:16
[ 3069027ms] [ERROR] Is Streamlit still running? If you accidentally stopped Streamlit, just restart it in your terminal: @ http://localhost:8511/static/js/index.D2ZqaFuW.js:21
[ 3069155ms] [ERROR] Failed to load resource: net::ERR_CONNECTION_REFUSED @ http://localhost:8511/_stcore/host-config:0
[ 3071033ms] [ERROR] Failed to load resource: net::ERR_CONNECTION_REFUSED @ http://localhost:8511/_stcore/health:0
[ 3071033ms] [ERROR] Client Error in reaching server endpoint - No response received when attempting to reach /_stcore/health @ http://localhost:8511/static/js/index.D2ZqaFuW.js:16
[ 3071034ms] [ERROR] Is Streamlit still running? If you accidentally stopped Streamlit, just restart it in your terminal: @ http://localhost:8511/static/js/index.D2ZqaFuW.js:21
[ 3071153ms] [ERROR] Failed to load resource: net::ERR_CONNECTION_REFUSED @ http://localhost:8511/_stcore/host-config:0
[ 3073038ms] [ERROR] Failed to load resource: net::ERR_CONNECTION_REFUSED @ http://localhost:8511/_stcore/health:0
[ 3073038ms] [ERROR] Client Error in reaching server endpoint - No response received when attempting to reach /_stcore/health @ http://localhost:8511/static/js/index.D2ZqaFuW.js:16
[ 3073038ms] [ERROR] Is Streamlit still running? If you accidentally stopped Streamlit, just restart it in your terminal: @ http://localhost:8511/static/js/index.D2ZqaFuW.js:21
[ 3073340ms] [ERROR] Failed to load resource: net::ERR_CONNECTION_REFUSED @ http://localhost:8511/_stcore/host-config:0
[ 3075046ms] [ERROR] Failed to load resource: net::ERR_CONNECTION_REFUSED @ http://localhost:8511/_stcore/health:0
[ 3075046ms] [ERROR] Client Error in reaching server endpoint - No response received when attempting to reach /_stcore/health @ http://localhost:8511/static/js/index.D2ZqaFuW.js:16
[ 3075046ms] [ERROR] Is Streamlit still running? If you accidentally stopped Streamlit, just restart it in your terminal: @ http://localhost:8511/static/js/index.D2ZqaFuW.js:21
[ 3075151ms] [ERROR] Failed to load resource: net::ERR_CONNECTION_REFUSED @ http://localhost:8511/_stcore/host-config:0
[ 3077053ms] [ERROR] Failed to load resource: net::ERR_CONNECTION_REFUSED @ http://localhost:8511/_stcore/health:0
[ 3077053ms] [ERROR] Client Error in reaching server endpoint - No response received when attempting to reach /_stcore/health @ http://localhost:8511/static/js/index.D2ZqaFuW.js:16
[ 3077054ms] [ERROR] Is Streamlit still running? If you accidentally stopped Streamlit, just restart it in your terminal: @ http://localhost:8511/static/js/index.D2ZqaFuW.js:21
[ 3077181ms] [ERROR] Failed to load resource: net::ERR_CONNECTION_REFUSED @ http://localhost:8511/_stcore/host-config:0
[ 3079061ms] [ERROR] Failed to load resource: net::ERR_CONNECTION_REFUSED @ http://localhost:8511/_stcore/health:0
[ 3079061ms] [ERROR] Client Error in reaching server endpoint - No response received when attempting to reach /_stcore/health @ http://localhost:8511/static/js/index.D2ZqaFuW.js:16
[ 3079062ms] [ERROR] Is Streamlit still running? If you accidentally stopped Streamlit, just restart it in your terminal: @ http://localhost:8511/static/js/index.D2ZqaFuW.js:21
[ 3079062ms] [ERROR] Failed to load resource: net::ERR_CONNECTION_REFUSED @ http://localhost:8511/_stcore/host-config:0
[ 3081068ms] [ERROR] Failed to load resource: net::ERR_CONNECTION_REFUSED @ http://localhost:8511/_stcore/health:0
[ 3081068ms] [ERROR] Client Error in reaching server endpoint - No response received when attempting to reach /_stcore/health @ http://localhost:8511/static/js/index.D2ZqaFuW.js:16
[ 3081069ms] [ERROR] Is Streamlit still running? If you accidentally stopped Streamlit, just restart it in your terminal: @ http://localhost:8511/static/js/index.D2ZqaFuW.js:21
[ 3081203ms] [ERROR] Failed to load resource: net::ERR_CONNECTION_REFUSED @ http://localhost:8511/_stcore/host-config:0
[ 3083076ms] [ERROR] Failed to load resource: net::ERR_CONNECTION_REFUSED @ http://localhost:8511/_stcore/health:0
[ 3083076ms] [ERROR] Client Error in reaching server endpoint - No response received when attempting to reach /_stcore/health @ http://localhost:8511/static/js/index.D2ZqaFuW.js:16
[ 3083076ms] [ERROR] Is Streamlit still running? If you accidentally stopped Streamlit, just restart it in your terminal: @ http://localhost:8511/static/js/index.D2ZqaFuW.js:21
[ 3083204ms] [ERROR] Failed to load resource: net::ERR_CONNECTION_REFUSED @ http://localhost:8511/_stcore/host-config:0
[ 3085085ms] [ERROR] Failed to load resource: net::ERR_CONNECTION_REFUSED @ http://localhost:8511/_stcore/host-config:0
[ 3085085ms] [ERROR] Client Error in reaching server endpoint - No response received when attempting to reach /_stcore/host-config @ http://localhost:8511/static/js/index.D2ZqaFuW.js:16
[ 3085085ms] [ERROR] Is Streamlit still running? If you accidentally stopped Streamlit, just restart it in your terminal: @ http://localhost:8511/static/js/index.D2ZqaFuW.js:21
[ 3085202ms] [ERROR] Failed to load resource: net::ERR_CONNECTION_REFUSED @ http://localhost:8511/_stcore/health:0
[ 3087092ms] [ERROR] Failed to load resource: net::ERR_CONNECTION_REFUSED @ http://localhost:8511/_stcore/health:0
[ 3087092ms] [ERROR] Client Error in reaching server endpoint - No response received when attempting to reach /_stcore/health @ http://localhost:8511/static/js/index.D2ZqaFuW.js:16
[ 3087092ms] [ERROR] Is Streamlit still running? If you accidentally stopped Streamlit, just restart it in your terminal: @ http://localhost:8511/static/js/index.D2ZqaFuW.js:21
[ 3087220ms] [ERROR] Failed to load resource: net::ERR_CONNECTION_REFUSED @ http://localhost:8511/_stcore/host-config:0
[ 3089100ms] [ERROR] Failed to load resource: net::ERR_CONNECTION_REFUSED @ http://localhost:8511/_stcore/health:0
[ 3089100ms] [ERROR] Client Error in reaching server endpoint - No response received when attempting to reach /_stcore/health @ http://localhost:8511/static/js/index.D2ZqaFuW.js:16
[ 3089100ms] [ERROR] Is Streamlit still running? If you accidentally stopped Streamlit, just restart it in your terminal: @ http://localhost:8511/static/js/index.D2ZqaFuW.js:21
[ 3089213ms] [ERROR] Failed to load resource: net::ERR_CONNECTION_REFUSED @ http://localhost:8511/_stcore/host-config:0
[ 3091108ms] [ERROR] Failed to load resource: net::ERR_CONNECTION_REFUSED @ http://localhost:8511/_stcore/host-config:0
[ 3091108ms] [ERROR] Client Error in reaching server endpoint - No response received when attempting to reach /_stcore/host-config @ http://localhost:8511/static/js/index.D2ZqaFuW.js:16
[ 3091108ms] [ERROR] Is Streamlit still running? If you accidentally stopped Streamlit, just restart it in your terminal: @ http://localhost:8511/static/js/index.D2ZqaFuW.js:21
[ 3091219ms] [ERROR] Failed to load resource: net::ERR_CONNECTION_REFUSED @ http://localhost:8511/_stcore/health:0
[ 3093115ms] [ERROR] Failed to load resource: net::ERR_CONNECTION_REFUSED @ http://localhost:8511/_stcore/health:0
[ 3093116ms] [ERROR] Client Error in reaching server endpoint - No response received when attempting to reach /_stcore/health @ http://localhost:8511/static/js/index.D2ZqaFuW.js:16
[ 3093116ms] [ERROR] Is Streamlit still running? If you accidentally stopped Streamlit, just restart it in your terminal: @ http://localhost:8511/static/js/index.D2ZqaFuW.js:21
[ 3093246ms] [ERROR] Failed to load resource: net::ERR_CONNECTION_REFUSED @ http://localhost:8511/_stcore/host-config:0
[ 3095123ms] [ERROR] Failed to load resource: net::ERR_CONNECTION_REFUSED @ http://localhost:8511/_stcore/health:0
[ 3095123ms] [ERROR] Client Error in reaching server endpoint - No response received when attempting to reach /_stcore/health @ http://localhost:8511/static/js/index.D2ZqaFuW.js:16
[ 3095124ms] [ERROR] Is Streamlit still running? If you accidentally stopped Streamlit, just restart it in your terminal: @ http://localhost:8511/static/js/index.D2ZqaFuW.js:21
[ 3095255ms] [ERROR] Failed to load resource: net::ERR_CONNECTION_REFUSED @ http://localhost:8511/_stcore/host-config:0
[ 3097131ms] [ERROR] Failed to load resource: net::ERR_CONNECTION_REFUSED @ http://localhost:8511/_stcore/host-config:0
[ 3097131ms] [ERROR] Client Error in reaching server endpoint - No response received when attempting to reach /_stcore/host-config @ http://localhost:8511/static/js/index.D2ZqaFuW.js:16
[ 3097131ms] [ERROR] Is Streamlit still running? If you accidentally stopped Streamlit, just restart it in your terminal: @ http://localhost:8511/static/js/index.D2ZqaFuW.js:21
[ 3097243ms] [ERROR] Failed to load resource: net::ERR_CONNECTION_REFUSED @ http://localhost:8511/_stcore/health:0
[ 3099138ms] [ERROR] Failed to load resource: net::ERR_CONNECTION_REFUSED @ http://localhost:8511/_stcore/health:0
[ 3099138ms] [ERROR] Client Error in reaching server endpoint - No response received when attempting to reach /_stcore/health @ http://localhost:8511/static/js/index.D2ZqaFuW.js:16
[ 3099138ms] [ERROR] Is Streamlit still running? If you accidentally stopped Streamlit, just restart it in your terminal: @ http://localhost:8511/static/js/index.D2ZqaFuW.js:21
[ 3099250ms] [ERROR] Failed to load resource: net::ERR_CONNECTION_REFUSED @ http://localhost:8511/_stcore/host-config:0
[ 3101146ms] [ERROR] Failed to load resource: net::ERR_CONNECTION_REFUSED @ http://localhost:8511/_stcore/health:0
[ 3101146ms] [ERROR] Client Error in reaching server endpoint - No response received when attempting to reach /_stcore/health @ http://localhost:8511/static/js/index.D2ZqaFuW.js:16
[ 3101147ms] [ERROR] Is Streamlit still running? If you accidentally stopped Streamlit, just restart it in your terminal: @ http://localhost:8511/static/js/index.D2ZqaFuW.js:21
[ 3101281ms] [ERROR] Failed to load resource: net::ERR_CONNECTION_REFUSED @ http://localhost:8511/_stcore/host-config:0
[ 3103152ms] [ERROR] Failed to load resource: net::ERR_CONNECTION_REFUSED @ http://localhost:8511/_stcore/host-config:0
[ 3103153ms] [ERROR] Client Error in reaching server endpoint - No response received when attempting to reach /_stcore/host-config @ http://localhost:8511/static/js/index.D2ZqaFuW.js:16
[ 3103153ms] [ERROR] Is Streamlit still running? If you accidentally stopped Streamlit, just restart it in your terminal: @ http://localhost:8511/static/js/index.D2ZqaFuW.js:21
[ 3103267ms] [ERROR] Failed to load resource: net::ERR_CONNECTION_REFUSED @ http://localhost:8511/_stcore/health:0
[ 3105159ms] [ERROR] Failed to load resource: net::ERR_CONNECTION_REFUSED @ http://localhost:8511/_stcore/host-config:0
[ 3105160ms] [ERROR] Client Error in reaching server endpoint - No response received when attempting to reach /_stcore/host-config @ http://localhost:8511/static/js/index.D2ZqaFuW.js:16
[ 3105160ms] [ERROR] Is Streamlit still running? If you accidentally stopped Streamlit, just restart it in your terminal: @ http://localhost:8511/static/js/index.D2ZqaFuW.js:21
[ 3105281ms] [ERROR] Failed to load resource: net::ERR_CONNECTION_REFUSED @ http://localhost:8511/_stcore/health:0
[ 3107167ms] [ERROR] Failed to load resource: net::ERR_CONNECTION_REFUSED @ http://localhost:8511/_stcore/health:0
[ 3107168ms] [ERROR] Client Error in reaching server endpoint - No response received when attempting to reach /_stcore/health @ http://localhost:8511/static/js/index.D2ZqaFuW.js:16
[ 3107168ms] [ERROR] Is Streamlit still running? If you accidentally stopped Streamlit, just restart it in your terminal: @ http://localhost:8511/static/js/index.D2ZqaFuW.js:21
[ 3107169ms] [ERROR] Failed to load resource: net::ERR_CONNECTION_REFUSED @ http://localhost:8511/_stcore/host-config:0
[ 3109175ms] [ERROR] Failed to load resource: net::ERR_CONNECTION_REFUSED @ http://localhost:8511/_stcore/health:0
[ 3109175ms] [ERROR] Client Error in reaching server endpoint - No response received when attempting to reach /_stcore/health @ http://localhost:8511/static/js/index.D2ZqaFuW.js:16
[ 3109176ms] [ERROR] Is Streamlit still running? If you accidentally stopped Streamlit, just restart it in your terminal: @ http://localhost:8511/static/js/index.D2ZqaFuW.js:21
[ 3109293ms] [ERROR] Failed to load resource: net::ERR_CONNECTION_REFUSED @ http://localhost:8511/_stcore/host-config:0
[ 3111183ms] [ERROR] Failed to load resource: net::ERR_CONNECTION_REFUSED @ http://localhost:8511/_stcore/health:0
[ 3111183ms] [ERROR] Client Error in reaching server endpoint - No response received when attempting to reach /_stcore/health @ http://localhost:8511/static/js/index.D2ZqaFuW.js:16
[ 3111183ms] [ERROR] Is Streamlit still running? If you accidentally stopped Streamlit, just restart it in your terminal: @ http://localhost:8511/static/js/index.D2ZqaFuW.js:21
[ 3111319ms] [ERROR] Failed to load resource: net::ERR_CONNECTION_REFUSED @ http://localhost:8511/_stcore/host-config:0
[ 3113190ms] [ERROR] Failed to load resource: net::ERR_CONNECTION_REFUSED @ http://localhost:8511/_stcore/health:0
[ 3113191ms] [ERROR] Client Error in reaching server endpoint - No response received when attempting to reach /_stcore/health @ http://localhost:8511/static/js/index.D2ZqaFuW.js:16
[ 3113191ms] [ERROR] Is Streamlit still running? If you accidentally stopped Streamlit, just restart it in your terminal: @ http://localhost:8511/static/js/index.D2ZqaFuW.js:21
[ 3113307ms] [ERROR] Failed to load resource: net::ERR_CONNECTION_REFUSED @ http://localhost:8511/_stcore/host-config:0
[ 3115197ms] [ERROR] Failed to load resource: net::ERR_CONNECTION_REFUSED @ http://localhost:8511/_stcore/health:0
[ 3115198ms] [ERROR] Client Error in reaching server endpoint - No response received when attempting to reach /_stcore/health @ http://localhost:8511/static/js/index.D2ZqaFuW.js:16
[ 3115198ms] [ERROR] Is Streamlit still running? If you accidentally stopped Streamlit, just restart it in your terminal: @ http://localhost:8511/static/js/index.D2ZqaFuW.js:21
[ 3115324ms] [ERROR] Failed to load resource: net::ERR_CONNECTION_REFUSED @ http://localhost:8511/_stcore/host-config:0
[ 3117205ms] [ERROR] Failed to load resource: net::ERR_CONNECTION_REFUSED @ http://localhost:8511/_stcore/health:0
[ 3117206ms] [ERROR] Client Error in reaching server endpoint - No response received when attempting to reach /_stcore/health @ http://localhost:8511/static/js/index.D2ZqaFuW.js:16
[ 3117206ms] [ERROR] Is Streamlit still running? If you accidentally stopped Streamlit, just restart it in your terminal: @ http://localhost:8511/static/js/index.D2ZqaFuW.js:21
[ 3117341ms] [ERROR] Failed to load resource: net::ERR_CONNECTION_REFUSED @ http://localhost:8511/_stcore/host-config:0
[ 3119212ms] [ERROR] Failed to load resource: net::ERR_CONNECTION_REFUSED @ http://localhost:8511/_stcore/health:0
[ 3119213ms] [ERROR] Client Error in reaching server endpoint - No response received when attempting to reach /_stcore/health @ http://localhost:8511/static/js/index.D2ZqaFuW.js:16
[ 3119213ms] [ERROR] Is Streamlit still running? If you accidentally stopped Streamlit, just restart it in your terminal: @ http://localhost:8511/static/js/index.D2ZqaFuW.js:21
[ 3119330ms] [ERROR] Failed to load resource: net::ERR_CONNECTION_REFUSED @ http://localhost:8511/_stcore/host-config:0
[ 3121220ms] [ERROR] Failed to load resource: net::ERR_CONNECTION_REFUSED @ http://localhost:8511/_stcore/health:0
[ 3121221ms] [ERROR] Client Error in reaching server endpoint - No response received when attempting to reach /_stcore/health @ http://localhost:8511/static/js/index.D2ZqaFuW.js:16
[ 3121221ms] [ERROR] Is Streamlit still running? If you accidentally stopped Streamlit, just restart it in your terminal: @ http://localhost:8511/static/js/index.D2ZqaFuW.js:21
[ 3121355ms] [ERROR] Failed to load resource: net::ERR_CONNECTION_REFUSED @ http://localhost:8511/_stcore/host-config:0
[ 3123228ms] [ERROR] Failed to load resource: net::ERR_CONNECTION_REFUSED @ http://localhost:8511/_stcore/health:0
[ 3123228ms] [ERROR] Client Error in reaching server endpoint - No response received when attempting to reach /_stcore/health @ http://localhost:8511/static/js/index.D2ZqaFuW.js:16
[ 3123229ms] [ERROR] Is Streamlit still running? If you accidentally stopped Streamlit, just restart it in your terminal: @ http://localhost:8511/static/js/index.D2ZqaFuW.js:21
[ 3123346ms] [ERROR] Failed to load resource: net::ERR_CONNECTION_REFUSED @ http://localhost:8511/_stcore/host-config:0
[ 3125234ms] [ERROR] Failed to load resource: net::ERR_CONNECTION_REFUSED @ http://localhost:8511/_stcore/health:0
[ 3125235ms] [ERROR] Client Error in reaching server endpoint - No response received when attempting to reach /_stcore/health @ http://localhost:8511/static/js/index.D2ZqaFuW.js:16
[ 3125235ms] [ERROR] Is Streamlit still running? If you accidentally stopped Streamlit, just restart it in your terminal: @ http://localhost:8511/static/js/index.D2ZqaFuW.js:21
[ 3125359ms] [ERROR] Failed to load resource: net::ERR_CONNECTION_REFUSED @ http://localhost:8511/_stcore/host-config:0
[ 3127242ms] [ERROR] Failed to load resource: net::ERR_CONNECTION_REFUSED @ http://localhost:8511/_stcore/host-config:0
[ 3127242ms] [ERROR] Client Error in reaching server endpoint - No response received when attempting to reach /_stcore/host-config @ http://localhost:8511/static/js/index.D2ZqaFuW.js:16
[ 3127242ms] [ERROR] Is Streamlit still running? If you accidentally stopped Streamlit, just restart it in your terminal: @ http://localhost:8511/static/js/index.D2ZqaFuW.js:21
[ 3127375ms] [ERROR] Failed to load resource: net::ERR_CONNECTION_REFUSED @ http://localhost:8511/_stcore/health:0
[ 3129250ms] [ERROR] Failed to load resource: net::ERR_CONNECTION_REFUSED @ http://localhost:8511/_stcore/health:0
[ 3129251ms] [ERROR] Client Error in reaching server endpoint - No response received when attempting to reach /_stcore/health @ http://localhost:8511/static/js/index.D2ZqaFuW.js:16
[ 3129251ms] [ERROR] Is Streamlit still running? If you accidentally stopped Streamlit, just restart it in your terminal: @ http://localhost:8511/static/js/index.D2ZqaFuW.js:21
[ 3129366ms] [ERROR] Failed to load resource: net::ERR_CONNECTION_REFUSED @ http://localhost:8511/_stcore/host-config:0
[ 3131259ms] [ERROR] Failed to load resource: net::ERR_CONNECTION_REFUSED @ http://localhost:8511/_stcore/health:0
[ 3131259ms] [ERROR] Client Error in reaching server endpoint - No response received when attempting to reach /_stcore/health @ http://localhost:8511/static/js/index.D2ZqaFuW.js:16
[ 3131259ms] [ERROR] Is Streamlit still running? If you accidentally stopped Streamlit, just restart it in your terminal: @ http://localhost:8511/static/js/index.D2ZqaFuW.js:21
[ 3131391ms] [ERROR] Failed to load resource: net::ERR_CONNECTION_REFUSED @ http://localhost:8511/_stcore/host-config:0
[ 3133267ms] [ERROR] Failed to load resource: net::ERR_CONNECTION_REFUSED @ http://localhost:8511/_stcore/health:0
[ 3133267ms] [ERROR] Client Error in reaching server endpoint - No response received when attempting to reach /_stcore/health @ http://localhost:8511/static/js/index.D2ZqaFuW.js:16
[ 3133267ms] [ERROR] Is Streamlit still running? If you accidentally stopped Streamlit, just restart it in your terminal: @ http://localhost:8511/static/js/index.D2ZqaFuW.js:21
[ 3133381ms] [ERROR] Failed to load resource: net::ERR_CONNECTION_REFUSED @ http://localhost:8511/_stcore/host-config:0
[ 3135275ms] [ERROR] Failed to load resource: net::ERR_CONNECTION_REFUSED @ http://localhost:8511/_stcore/health:0
[ 3135275ms] [ERROR] Client Error in reaching server endpoint - No response received when attempting to reach /_stcore/health @ http://localhost:8511/static/js/index.D2ZqaFuW.js:16
[ 3135275ms] [ERROR] Is Streamlit still running? If you accidentally stopped Streamlit, just restart it in your terminal: @ http://localhost:8511/static/js/index.D2ZqaFuW.js:21
[ 3135388ms] [ERROR] Failed to load resource: net::ERR_CONNECTION_REFUSED @ http://localhost:8511/_stcore/host-config:0
[ 3137283ms] [ERROR] Failed to load resource: net::ERR_CONNECTION_REFUSED @ http://localhost:8511/_stcore/health:0
[ 3137283ms] [ERROR] Client Error in reaching server endpoint - No response received when attempting to reach /_stcore/health @ http://localhost:8511/static/js/index.D2ZqaFuW.js:16
[ 3137284ms] [ERROR] Is Streamlit still running? If you accidentally stopped Streamlit, just restart it in your terminal: @ http://localhost:8511/static/js/index.D2ZqaFuW.js:21
[ 3137414ms] [ERROR] Failed to load resource: net::ERR_CONNECTION_REFUSED @ http://localhost:8511/_stcore/host-config:0
[ 3139291ms] [ERROR] Failed to load resource: net::ERR_CONNECTION_REFUSED @ http://localhost:8511/_stcore/health:0
[ 3139292ms] [ERROR] Client Error in reaching server endpoint - No response received when attempting to reach /_stcore/health @ http://localhost:8511/static/js/index.D2ZqaFuW.js:16
[ 3139292ms] [ERROR] Is Streamlit still running? If you accidentally stopped Streamlit, just restart it in your terminal: @ http://localhost:8511/static/js/index.D2ZqaFuW.js:21
[ 3139408ms] [ERROR] Failed to load resource: net::ERR_CONNECTION_REFUSED @ http://localhost:8511/_stcore/host-config:0
[ 3141298ms] [ERROR] Failed to load resource: net::ERR_CONNECTION_REFUSED @ http://localhost:8511/_stcore/health:0
[ 3141298ms] [ERROR] Client Error in reaching server endpoint - No response received when attempting to reach /_stcore/health @ http://localhost:8511/static/js/index.D2ZqaFuW.js:16
[ 3141299ms] [ERROR] Is Streamlit still running? If you accidentally stopped Streamlit, just restart it in your terminal: @ http://localhost:8511/static/js/index.D2ZqaFuW.js:21
[ 3141413ms] [ERROR] Failed to load resource: net::ERR_CONNECTION_REFUSED @ http://localhost:8511/_stcore/host-config:0
[ 3143307ms] [ERROR] Failed to load resource: net::ERR_CONNECTION_REFUSED @ http://localhost:8511/_stcore/health:0
[ 3143307ms] [ERROR] Client Error in reaching server endpoint - No response received when attempting to reach /_stcore/health @ http://localhost:8511/static/js/index.D2ZqaFuW.js:16
[ 3143307ms] [ERROR] Is Streamlit still running? If you accidentally stopped Streamlit, just restart it in your terminal: @ http://localhost:8511/static/js/index.D2ZqaFuW.js:21
[ 3143420ms] [ERROR] Failed to load resource: net::ERR_CONNECTION_REFUSED @ http://localhost:8511/_stcore/host-config:0
[ 3145316ms] [ERROR] Failed to load resource: net::ERR_CONNECTION_REFUSED @ http://localhost:8511/_stcore/health:0
[ 3145316ms] [ERROR] Client Error in reaching server endpoint - No response received when attempting to reach /_stcore/health @ http://localhost:8511/static/js/index.D2ZqaFuW.js:16
[ 3145317ms] [ERROR] Is Streamlit still running? If you accidentally stopped Streamlit, just restart it in your terminal: @ http://localhost:8511/static/js/index.D2ZqaFuW.js:21
[ 3145447ms] [ERROR] Failed to load resource: net::ERR_CONNECTION_REFUSED @ http://localhost:8511/_stcore/host-config:0
[ 3147323ms] [ERROR] Failed to load resource: net::ERR_CONNECTION_REFUSED @ http://localhost:8511/_stcore/health:0
[ 3147324ms] [ERROR] Client Error in reaching server endpoint - No response received when attempting to reach /_stcore/health @ http://localhost:8511/static/js/index.D2ZqaFuW.js:16
[ 3147324ms] [ERROR] Is Streamlit still running? If you accidentally stopped Streamlit, just restart it in your terminal: @ http://localhost:8511/static/js/index.D2ZqaFuW.js:21
[ 3147436ms] [ERROR] Failed to load resource: net::ERR_CONNECTION_REFUSED @ http://localhost:8511/_stcore/host-config:0
[ 3149332ms] [ERROR] Failed to load resource: net::ERR_CONNECTION_REFUSED @ http://localhost:8511/_stcore/health:0
[ 3149332ms] [ERROR] Client Error in reaching server endpoint - No response received when attempting to reach /_stcore/health @ http://localhost:8511/static/js/index.D2ZqaFuW.js:16
[ 3149332ms] [ERROR] Is Streamlit still running? If you accidentally stopped Streamlit, just restart it in your terminal: @ http://localhost:8511/static/js/index.D2ZqaFuW.js:21
[ 3149448ms] [ERROR] Failed to load resource: net::ERR_CONNECTION_REFUSED @ http://localhost:8511/_stcore/host-config:0
[ 3151340ms] [ERROR] Failed to load resource: net::ERR_CONNECTION_REFUSED @ http://localhost:8511/_stcore/host-config:0
[ 3151340ms] [ERROR] Client Error in reaching server endpoint - No response received when attempting to reach /_stcore/host-config @ http://localhost:8511/static/js/index.D2ZqaFuW.js:16
[ 3151341ms] [ERROR] Is Streamlit still running? If you accidentally stopped Streamlit, just restart it in your terminal: @ http://localhost:8511/static/js/index.D2ZqaFuW.js:21
[ 3151341ms] [ERROR] Failed to load resource: net::ERR_CONNECTION_REFUSED @ http://localhost:8511/_stcore/health:0
[ 3153348ms] [ERROR] Failed to load resource: net::ERR_CONNECTION_REFUSED @ http://localhost:8511/_stcore/health:0
[ 3153348ms] [ERROR] Client Error in reaching server endpoint - No response received when attempting to reach /_stcore/health @ http://localhost:8511/static/js/index.D2ZqaFuW.js:16
[ 3153348ms] [ERROR] Is Streamlit still running? If you accidentally stopped Streamlit, just restart it in your terminal: @ http://localhost:8511/static/js/index.D2ZqaFuW.js:21
[ 3153459ms] [ERROR] Failed to load resource: net::ERR_CONNECTION_REFUSED @ http://localhost:8511/_stcore/host-config:0
[ 3155355ms] [ERROR] Failed to load resource: net::ERR_CONNECTION_REFUSED @ http://localhost:8511/_stcore/health:0
[ 3155355ms] [ERROR] Client Error in reaching server endpoint - No response received when attempting to reach /_stcore/health @ http://localhost:8511/static/js/index.D2ZqaFuW.js:16
[ 3155356ms] [ERROR] Is Streamlit still running? If you accidentally stopped Streamlit, just restart it in your terminal: @ http://localhost:8511/static/js/index.D2ZqaFuW.js:21
[ 3155484ms] [ERROR] Failed to load resource: net::ERR_CONNECTION_REFUSED @ http://localhost:8511/_stcore/host-config:0
[ 3157362ms] [ERROR] Failed to load resource: net::ERR_CONNECTION_REFUSED @ http://localhost:8511/_stcore/health:0
[ 3157363ms] [ERROR] Client Error in reaching server endpoint - No response received when attempting to reach /_stcore/health @ http://localhost:8511/static/js/index.D2ZqaFuW.js:16
[ 3157363ms] [ERROR] Is Streamlit still running? If you accidentally stopped Streamlit, just restart it in your terminal: @ http://localhost:8511/static/js/index.D2ZqaFuW.js:21
[ 3157474ms] [ERROR] Failed to load resource: net::ERR_CONNECTION_REFUSED @ http://localhost:8511/_stcore/host-config:0
[ 3159370ms] [ERROR] Failed to load resource: net::ERR_CONNECTION_REFUSED @ http://localhost:8511/_stcore/health:0
[ 3159370ms] [ERROR] Client Error in reaching server endpoint - No response received when attempting to reach /_stcore/health @ http://localhost:8511/static/js/index.D2ZqaFuW.js:16
[ 3159371ms] [ERROR] Is Streamlit still running? If you accidentally stopped Streamlit, just restart it in your terminal: @ http://localhost:8511/static/js/index.D2ZqaFuW.js:21
[ 3159479ms] [ERROR] Failed to load resource: net::ERR_CONNECTION_REFUSED @ http://localhost:8511/_stcore/host-config:0
[ 3161378ms] [ERROR] Failed to load resource: net::ERR_CONNECTION_REFUSED @ http://localhost:8511/_stcore/host-config:0
[ 3161378ms] [ERROR] Client Error in reaching server endpoint - No response received when attempting to reach /_stcore/host-config @ http://localhost:8511/static/js/index.D2ZqaFuW.js:16
[ 3161378ms] [ERROR] Is Streamlit still running? If you accidentally stopped Streamlit, just restart it in your terminal: @ http://localhost:8511/static/js/index.D2ZqaFuW.js:21
[ 3161507ms] [ERROR] Failed to load resource: net::ERR_CONNECTION_REFUSED @ http://localhost:8511/_stcore/health:0
[ 3163385ms] [ERROR] Failed to load resource: net::ERR_CONNECTION_REFUSED @ http://localhost:8511/_stcore/health:0
[ 3163386ms] [ERROR] Client Error in reaching server endpoint - No response received when attempting to reach /_stcore/health @ http://localhost:8511/static/js/index.D2ZqaFuW.js:16
[ 3163386ms] [ERROR] Is Streamlit still running? If you accidentally stopped Streamlit, just restart it in your terminal: @ http://localhost:8511/static/js/index.D2ZqaFuW.js:21
[ 3163505ms] [ERROR] Failed to load resource: net::ERR_CONNECTION_REFUSED @ http://localhost:8511/_stcore/host-config:0
[ 3165393ms] [ERROR] Failed to load resource: net::ERR_CONNECTION_REFUSED @ http://localhost:8511/_stcore/health:0
[ 3165393ms] [ERROR] Client Error in reaching server endpoint - No response received when attempting to reach /_stcore/health @ http://localhost:8511/static/js/index.D2ZqaFuW.js:16
[ 3165394ms] [ERROR] Is Streamlit still running? If you accidentally stopped Streamlit, just restart it in your terminal: @ http://localhost:8511/static/js/index.D2ZqaFuW.js:21
[ 3165523ms] [ERROR] Failed to load resource: net::ERR_CONNECTION_REFUSED @ http://localhost:8511/_stcore/host-config:0
[ 3167400ms] [ERROR] Failed to load resource: net::ERR_CONNECTION_REFUSED @ http://localhost:8511/_stcore/health:0
[ 3167400ms] [ERROR] Client Error in reaching server endpoint - No response received when attempting to reach /_stcore/health @ http://localhost:8511/static/js/index.D2ZqaFuW.js:16
[ 3167401ms] [ERROR] Is Streamlit still running? If you accidentally stopped Streamlit, just restart it in your terminal: @ http://localhost:8511/static/js/index.D2ZqaFuW.js:21
[ 3167509ms] [ERROR] Failed to load resource: net::ERR_CONNECTION_REFUSED @ http://localhost:8511/_stcore/host-config:0
[ 3169408ms] [ERROR] Failed to load resource: net::ERR_CONNECTION_REFUSED @ http://localhost:8511/_stcore/health:0
[ 3169408ms] [ERROR] Client Error in reaching server endpoint - No response received when attempting to reach /_stcore/health @ http://localhost:8511/static/js/index.D2ZqaFuW.js:16
[ 3169408ms] [ERROR] Is Streamlit still running? If you accidentally stopped Streamlit, just restart it in your terminal: @ http://localhost:8511/static/js/index.D2ZqaFuW.js:21
[ 3169409ms] [ERROR] Failed to load resource: net::ERR_CONNECTION_REFUSED @ http://localhost:8511/_stcore/host-config:0
[ 3171416ms] [ERROR] Failed to load resource: net::ERR_CONNECTION_REFUSED @ http://localhost:8511/_stcore/health:0
[ 3171417ms] [ERROR] Client Error in reaching server endpoint - No response received when attempting to reach /_stcore/health @ http://localhost:8511/static/js/index.D2ZqaFuW.js:16
[ 3171417ms] [ERROR] Is Streamlit still running? If you accidentally stopped Streamlit, just restart it in your terminal: @ http://localhost:8511/static/js/index.D2ZqaFuW.js:21
[ 3171417ms] [ERROR] Failed to load resource: net::ERR_CONNECTION_REFUSED @ http://localhost:8511/_stcore/host-config:0
[ 3173424ms] [ERROR] Failed to load resource: net::ERR_CONNECTION_REFUSED @ http://localhost:8511/_stcore/health:0
[ 3173425ms] [ERROR] Client Error in reaching server endpoint - No response received when attempting to reach /_stcore/health @ http://localhost:8511/static/js/index.D2ZqaFuW.js:16
[ 3173425ms] [ERROR] Is Streamlit still running? If you accidentally stopped Streamlit, just restart it in your terminal: @ http://localhost:8511/static/js/index.D2ZqaFuW.js:21
[ 3173535ms] [ERROR] Failed to load resource: net::ERR_CONNECTION_REFUSED @ http://localhost:8511/_stcore/host-config:0
[ 3175433ms] [ERROR] Failed to load resource: net::ERR_CONNECTION_REFUSED @ http://localhost:8511/_stcore/health:0
[ 3175433ms] [ERROR] Client Error in reaching server endpoint - No response received when attempting to reach /_stcore/health @ http://localhost:8511/static/js/index.D2ZqaFuW.js:16
[ 3175433ms] [ERROR] Is Streamlit still running? If you accidentally stopped Streamlit, just restart it in your terminal: @ http://localhost:8511/static/js/index.D2ZqaFuW.js:21
[ 3175559ms] [ERROR] Failed to load resource: net::ERR_CONNECTION_REFUSED @ http://localhost:8511/_stcore/host-config:0
[ 3177441ms] [ERROR] Failed to load resource: net::ERR_CONNECTION_REFUSED @ http://localhost:8511/_stcore/health:0
[ 3177441ms] [ERROR] Client Error in reaching server endpoint - No response received when attempting to reach /_stcore/health @ http://localhost:8511/static/js/index.D2ZqaFuW.js:16
[ 3177441ms] [ERROR] Is Streamlit still running? If you accidentally stopped Streamlit, just restart it in your terminal: @ http://localhost:8511/static/js/index.D2ZqaFuW.js:21
[ 3177550ms] [ERROR] Failed to load resource: net::ERR_CONNECTION_REFUSED @ http://localhost:8511/_stcore/host-config:0
[ 3179449ms] [ERROR] Failed to load resource: net::ERR_CONNECTION_REFUSED @ http://localhost:8511/_stcore/health:0
[ 3179449ms] [ERROR] Client Error in reaching server endpoint - No response received when attempting to reach /_stcore/health @ http://localhost:8511/static/js/index.D2ZqaFuW.js:16
[ 3179449ms] [ERROR] Is Streamlit still running? If you accidentally stopped Streamlit, just restart it in your terminal: @ http://localhost:8511/static/js/index.D2ZqaFuW.js:21
[ 3179561ms] [ERROR] Failed to load resource: net::ERR_CONNECTION_REFUSED @ http://localhost:8511/_stcore/host-config:0
[ 3181454ms] [ERROR] Failed to load resource: net::ERR_CONNECTION_REFUSED @ http://localhost:8511/_stcore/health:0
[ 3181454ms] [ERROR] Client Error in reaching server endpoint - No response received when attempting to reach /_stcore/health @ http://localhost:8511/static/js/index.D2ZqaFuW.js:16
[ 3181455ms] [ERROR] Is Streamlit still running? If you accidentally stopped Streamlit, just restart it in your terminal: @ http://localhost:8511/static/js/index.D2ZqaFuW.js:21
[ 3181646ms] [ERROR] Failed to load resource: net::ERR_CONNECTION_REFUSED @ http://localhost:8511/_stcore/host-config:0
[ 3183463ms] [ERROR] Failed to load resource: net::ERR_CONNECTION_REFUSED @ http://localhost:8511/_stcore/host-config:0
[ 3183463ms] [ERROR] Client Error in reaching server endpoint - No response received when attempting to reach /_stcore/host-config @ http://localhost:8511/static/js/index.D2ZqaFuW.js:16
[ 3183463ms] [ERROR] Is Streamlit still running? If you accidentally stopped Streamlit, just restart it in your terminal: @ http://localhost:8511/static/js/index.D2ZqaFuW.js:21
[ 3183464ms] [ERROR] Failed to load resource: net::ERR_CONNECTION_REFUSED @ http://localhost:8511/_stcore/health:0
[ 3185471ms] [ERROR] Failed to load resource: net::ERR_CONNECTION_REFUSED @ http://localhost:8511/_stcore/health:0
[ 3185471ms] [ERROR] Client Error in reaching server endpoint - No response received when attempting to reach /_stcore/health @ http://localhost:8511/static/js/index.D2ZqaFuW.js:16
[ 3185471ms] [ERROR] Is Streamlit still running? If you accidentally stopped Streamlit, just restart it in your terminal: @ http://localhost:8511/static/js/index.D2ZqaFuW.js:21
[ 3185585ms] [ERROR] Failed to load resource: net::ERR_CONNECTION_REFUSED @ http://localhost:8511/_stcore/host-config:0
[ 3187479ms] [ERROR] Failed to load resource: net::ERR_CONNECTION_REFUSED @ http://localhost:8511/_stcore/host-config:0
[ 3187480ms] [ERROR] Client Error in reaching server endpoint - No response received when attempting to reach /_stcore/host-config @ http://localhost:8511/static/js/index.D2ZqaFuW.js:16
[ 3187480ms] [ERROR] Is Streamlit still running? If you accidentally stopped Streamlit, just restart it in your terminal: @ http://localhost:8511/static/js/index.D2ZqaFuW.js:21
[ 3187588ms] [ERROR] Failed to load resource: net::ERR_CONNECTION_REFUSED @ http://localhost:8511/_stcore/health:0
[ 3189487ms] [ERROR] Failed to load resource: net::ERR_CONNECTION_REFUSED @ http://localhost:8511/_stcore/health:0
[ 3189487ms] [ERROR] Client Error in reaching server endpoint - No response received when attempting to reach /_stcore/health @ http://localhost:8511/static/js/index.D2ZqaFuW.js:16
[ 3189487ms] [ERROR] Is Streamlit still running? If you accidentally stopped Streamlit, just restart it in your terminal: @ http://localhost:8511/static/js/index.D2ZqaFuW.js:21
[ 3189622ms] [ERROR] Failed to load resource: net::ERR_CONNECTION_REFUSED @ http://localhost:8511/_stcore/host-config:0
[ 3191492ms] [ERROR] Failed to load resource: net::ERR_CONNECTION_REFUSED @ http://localhost:8511/_stcore/health:0
[ 3191492ms] [ERROR] Client Error in reaching server endpoint - No response received when attempting to reach /_stcore/health @ http://localhost:8511/static/js/index.D2ZqaFuW.js:16
[ 3191493ms] [ERROR] Is Streamlit still running? If you accidentally stopped Streamlit, just restart it in your terminal: @ http://localhost:8511/static/js/index.D2ZqaFuW.js:21
[ 3191602ms] [ERROR] Failed to load resource: net::ERR_CONNECTION_REFUSED @ http://localhost:8511/_stcore/host-config:0
[ 3193500ms] [ERROR] Failed to load resource: net::ERR_CONNECTION_REFUSED @ http://localhost:8511/_stcore/health:0
[ 3193500ms] [ERROR] Client Error in reaching server endpoint - No response received when attempting to reach /_stcore/health @ http://localhost:8511/static/js/index.D2ZqaFuW.js:16
[ 3193500ms] [ERROR] Is Streamlit still running? If you accidentally stopped Streamlit, just restart it in your terminal: @ http://localhost:8511/static/js/index.D2ZqaFuW.js:21
[ 3193608ms] [ERROR] Failed to load resource: net::ERR_CONNECTION_REFUSED @ http://localhost:8511/_stcore/host-config:0
[ 3195508ms] [ERROR] Failed to load resource: net::ERR_CONNECTION_REFUSED @ http://localhost:8511/_stcore/health:0
[ 3195508ms] [ERROR] Client Error in reaching server endpoint - No response received when attempting to reach /_stcore/health @ http://localhost:8511/static/js/index.D2ZqaFuW.js:16
[ 3195508ms] [ERROR] Is Streamlit still running? If you accidentally stopped Streamlit, just restart it in your terminal: @ http://localhost:8511/static/js/index.D2ZqaFuW.js:21
[ 3195635ms] [ERROR] Failed to load resource: net::ERR_CONNECTION_REFUSED @ http://localhost:8511/_stcore/host-config:0
[ 3197516ms] [ERROR] Failed to load resource: net::ERR_CONNECTION_REFUSED @ http://localhost:8511/_stcore/health:0
[ 3197516ms] [ERROR] Client Error in reaching server endpoint - No response received when attempting to reach /_stcore/health @ http://localhost:8511/static/js/index.D2ZqaFuW.js:16
[ 3197517ms] [ERROR] Is Streamlit still running? If you accidentally stopped Streamlit, just restart it in your terminal: @ http://localhost:8511/static/js/index.D2ZqaFuW.js:21
[ 3197626ms] [ERROR] Failed to load resource: net::ERR_CONNECTION_REFUSED @ http://localhost:8511/_stcore/host-config:0
[ 3199524ms] [ERROR] Failed to load resource: net::ERR_CONNECTION_REFUSED @ http://localhost:8511/_stcore/health:0
[ 3199524ms] [ERROR] Client Error in reaching server endpoint - No response received when attempting to reach /_stcore/health @ http://localhost:8511/static/js/index.D2ZqaFuW.js:16
[ 3199524ms] [ERROR] Is Streamlit still running? If you accidentally stopped Streamlit, just restart it in your terminal: @ http://localhost:8511/static/js/index.D2ZqaFuW.js:21
[ 3199651ms] [ERROR] Failed to load resource: net::ERR_CONNECTION_REFUSED @ http://localhost:8511/_stcore/host-config:0
[ 3201532ms] [ERROR] Failed to load resource: net::ERR_CONNECTION_REFUSED @ http://localhost:8511/_stcore/health:0
[ 3201532ms] [ERROR] Client Error in reaching server endpoint - No response received when attempting to reach /_stcore/health @ http://localhost:8511/static/js/index.D2ZqaFuW.js:16
[ 3201533ms] [ERROR] Is Streamlit still running? If you accidentally stopped Streamlit, just restart it in your terminal: @ http://localhost:8511/static/js/index.D2ZqaFuW.js:21
[ 3201647ms] [ERROR] Failed to load resource: net::ERR_CONNECTION_REFUSED @ http://localhost:8511/_stcore/host-config:0
[ 3203540ms] [ERROR] Failed to load resource: net::ERR_CONNECTION_REFUSED @ http://localhost:8511/_stcore/host-config:0
[ 3203540ms] [ERROR] Client Error in reaching server endpoint - No response received when attempting to reach /_stcore/host-config @ http://localhost:8511/static/js/index.D2ZqaFuW.js:16
[ 3203541ms] [ERROR] Is Streamlit still running? If you accidentally stopped Streamlit, just restart it in your terminal: @ http://localhost:8511/static/js/index.D2ZqaFuW.js:21
[ 3203650ms] [ERROR] Failed to load resource: net::ERR_CONNECTION_REFUSED @ http://localhost:8511/_stcore/health:0
[ 3205549ms] [ERROR] Failed to load resource: net::ERR_CONNECTION_REFUSED @ http://localhost:8511/_stcore/health:0
[ 3205549ms] [ERROR] Client Error in reaching server endpoint - No response received when attempting to reach /_stcore/health @ http://localhost:8511/static/js/index.D2ZqaFuW.js:16
[ 3205549ms] [ERROR] Is Streamlit still running? If you accidentally stopped Streamlit, just restart it in your terminal: @ http://localhost:8511/static/js/index.D2ZqaFuW.js:21
[ 3205687ms] [ERROR] Failed to load resource: net::ERR_CONNECTION_REFUSED @ http://localhost:8511/_stcore/host-config:0
[ 3207557ms] [ERROR] Failed to load resource: net::ERR_CONNECTION_REFUSED @ http://localhost:8511/_stcore/health:0
[ 3207557ms] [ERROR] Client Error in reaching server endpoint - No response received when attempting to reach /_stcore/health @ http://localhost:8511/static/js/index.D2ZqaFuW.js:16
[ 3207558ms] [ERROR] Is Streamlit still running? If you accidentally stopped Streamlit, just restart it in your terminal: @ http://localhost:8511/static/js/index.D2ZqaFuW.js:21
[ 3207667ms] [ERROR] Failed to load resource: net::ERR_CONNECTION_REFUSED @ http://localhost:8511/_stcore/host-config:0
[ 3209565ms] [ERROR] Failed to load resource: net::ERR_CONNECTION_REFUSED @ http://localhost:8511/_stcore/health:0
[ 3209565ms] [ERROR] Client Error in reaching server endpoint - No response received when attempting to reach /_stcore/health @ http://localhost:8511/static/js/index.D2ZqaFuW.js:16
[ 3209565ms] [ERROR] Is Streamlit still running? If you accidentally stopped Streamlit, just restart it in your terminal: @ http://localhost:8511/static/js/index.D2ZqaFuW.js:21
[ 3209566ms] [ERROR] Failed to load resource: net::ERR_CONNECTION_REFUSED @ http://localhost:8511/_stcore/host-config:0
[ 3211573ms] [ERROR] Failed to load resource: net::ERR_CONNECTION_REFUSED @ http://localhost:8511/_stcore/health:0
[ 3211574ms] [ERROR] Client Error in reaching server endpoint - No response received when attempting to reach /_stcore/health @ http://localhost:8511/static/js/index.D2ZqaFuW.js:16
[ 3211574ms] [ERROR] Is Streamlit still running? If you accidentally stopped Streamlit, just restart it in your terminal: @ http://localhost:8511/static/js/index.D2ZqaFuW.js:21
[ 3211685ms] [ERROR] Failed to load resource: net::ERR_CONNECTION_REFUSED @ http://localhost:8511/_stcore/host-config:0
[ 3213581ms] [ERROR] Failed to load resource: net::ERR_CONNECTION_REFUSED @ http://localhost:8511/_stcore/health:0
[ 3213581ms] [ERROR] Client Error in reaching server endpoint - No response received when attempting to reach /_stcore/health @ http://localhost:8511/static/js/index.D2ZqaFuW.js:16
[ 3213582ms] [ERROR] Is Streamlit still running? If you accidentally stopped Streamlit, just restart it in your terminal: @ http://localhost:8511/static/js/index.D2ZqaFuW.js:21
[ 3213692ms] [ERROR] Failed to load resource: net::ERR_CONNECTION_REFUSED @ http://localhost:8511/_stcore/host-config:0
[ 3215588ms] [ERROR] Failed to load resource: net::ERR_CONNECTION_REFUSED @ http://localhost:8511/_stcore/host-config:0
[ 3215588ms] [ERROR] Client Error in reaching server endpoint - No response received when attempting to reach /_stcore/host-config @ http://localhost:8511/static/js/index.D2ZqaFuW.js:16
[ 3215589ms] [ERROR] Is Streamlit still running? If you accidentally stopped Streamlit, just restart it in your terminal: @ http://localhost:8511/static/js/index.D2ZqaFuW.js:21
[ 3215713ms] [ERROR] Failed to load resource: net::ERR_CONNECTION_REFUSED @ http://localhost:8511/_stcore/health:0
[ 3217596ms] [ERROR] Failed to load resource: net::ERR_CONNECTION_REFUSED @ http://localhost:8511/_stcore/health:0
[ 3217596ms] [ERROR] Client Error in reaching server endpoint - No response received when attempting to reach /_stcore/health @ http://localhost:8511/static/js/index.D2ZqaFuW.js:16
[ 3217597ms] [ERROR] Is Streamlit still running? If you accidentally stopped Streamlit, just restart it in your terminal: @ http://localhost:8511/static/js/index.D2ZqaFuW.js:21
[ 3217706ms] [ERROR] Failed to load resource: net::ERR_CONNECTION_REFUSED @ http://localhost:8511/_stcore/host-config:0
[ 3219604ms] [ERROR] Failed to load resource: net::ERR_CONNECTION_REFUSED @ http://localhost:8511/_stcore/health:0
[ 3219604ms] [ERROR] Client Error in reaching server endpoint - No response received when attempting to reach /_stcore/health @ http://localhost:8511/static/js/index.D2ZqaFuW.js:16
[ 3219605ms] [ERROR] Is Streamlit still running? If you accidentally stopped Streamlit, just restart it in your terminal: @ http://localhost:8511/static/js/index.D2ZqaFuW.js:21
[ 3219732ms] [ERROR] Failed to load resource: net::ERR_CONNECTION_REFUSED @ http://localhost:8511/_stcore/host-config:0
[ 3221612ms] [ERROR] Failed to load resource: net::ERR_CONNECTION_REFUSED @ http://localhost:8511/_stcore/health:0
[ 3221613ms] [ERROR] Client Error in reaching server endpoint - No response received when attempting to reach /_stcore/health @ http://localhost:8511/static/js/index.D2ZqaFuW.js:16
[ 3221613ms] [ERROR] Is Streamlit still running? If you accidentally stopped Streamlit, just restart it in your terminal: @ http://localhost:8511/static/js/index.D2ZqaFuW.js:21
[ 3221723ms] [ERROR] Failed to load resource: net::ERR_CONNECTION_REFUSED @ http://localhost:8511/_stcore/host-config:0
[ 3223621ms] [ERROR] Failed to load resource: net::ERR_CONNECTION_REFUSED @ http://localhost:8511/_stcore/health:0
[ 3223621ms] [ERROR] Client Error in reaching server endpoint - No response received when attempting to reach /_stcore/health @ http://localhost:8511/static/js/index.D2ZqaFuW.js:16
[ 3223622ms] [ERROR] Is Streamlit still running? If you accidentally stopped Streamlit, just restart it in your terminal: @ http://localhost:8511/static/js/index.D2ZqaFuW.js:21
[ 3223733ms] [ERROR] Failed to load resource: net::ERR_CONNECTION_REFUSED @ http://localhost:8511/_stcore/host-config:0
[ 3225629ms] [ERROR] Failed to load resource: net::ERR_CONNECTION_REFUSED @ http://localhost:8511/_stcore/health:0
[ 3225629ms] [ERROR] Client Error in reaching server endpoint - No response received when attempting to reach /_stcore/health @ http://localhost:8511/static/js/index.D2ZqaFuW.js:16
[ 3225630ms] [ERROR] Is Streamlit still running? If you accidentally stopped Streamlit, just restart it in your terminal: @ http://localhost:8511/static/js/index.D2ZqaFuW.js:21
[ 3225630ms] [ERROR] Failed to load resource: net::ERR_CONNECTION_REFUSED @ http://localhost:8511/_stcore/host-config:0
[ 3227637ms] [ERROR] Failed to load resource: net::ERR_CONNECTION_REFUSED @ http://localhost:8511/_stcore/health:0
[ 3227638ms] [ERROR] Client Error in reaching server endpoint - No response received when attempting to reach /_stcore/health @ http://localhost:8511/static/js/index.D2ZqaFuW.js:16
[ 3227638ms] [ERROR] Is Streamlit still running? If you accidentally stopped Streamlit, just restart it in your terminal: @ http://localhost:8511/static/js/index.D2ZqaFuW.js:21
[ 3227757ms] [ERROR] Failed to load resource: net::ERR_CONNECTION_REFUSED @ http://localhost:8511/_stcore/host-config:0
[ 3229645ms] [ERROR] Failed to load resource: net::ERR_CONNECTION_REFUSED @ http://localhost:8511/_stcore/health:0
[ 3229645ms] [ERROR] Client Error in reaching server endpoint - No response received when attempting to reach /_stcore/health @ http://localhost:8511/static/js/index.D2ZqaFuW.js:16
[ 3229645ms] [ERROR] Is Streamlit still running? If you accidentally stopped Streamlit, just restart it in your terminal: @ http://localhost:8511/static/js/index.D2ZqaFuW.js:21
[ 3229759ms] [ERROR] Failed to load resource: net::ERR_CONNECTION_REFUSED @ http://localhost:8511/_stcore/host-config:0
[ 3231652ms] [ERROR] Failed to load resource: net::ERR_CONNECTION_REFUSED @ http://localhost:8511/_stcore/health:0
[ 3231653ms] [ERROR] Client Error in reaching server endpoint - No response received when attempting to reach /_stcore/health @ http://localhost:8511/static/js/index.D2ZqaFuW.js:16
[ 3231653ms] [ERROR] Is Streamlit still running? If you accidentally stopped Streamlit, just restart it in your terminal: @ http://localhost:8511/static/js/index.D2ZqaFuW.js:21
[ 3231763ms] [ERROR] Failed to load resource: net::ERR_CONNECTION_REFUSED @ http://localhost:8511/_stcore/host-config:0
[ 3233660ms] [ERROR] Failed to load resource: net::ERR_CONNECTION_REFUSED @ http://localhost:8511/_stcore/health:0
[ 3233661ms] [ERROR] Client Error in reaching server endpoint - No response received when attempting to reach /_stcore/health @ http://localhost:8511/static/js/index.D2ZqaFuW.js:16
[ 3233661ms] [ERROR] Is Streamlit still running? If you accidentally stopped Streamlit, just restart it in your terminal: @ http://localhost:8511/static/js/index.D2ZqaFuW.js:21
[ 3233794ms] [ERROR] Failed to load resource: net::ERR_CONNECTION_REFUSED @ http://localhost:8511/_stcore/host-config:0
[ 3235669ms] [ERROR] Failed to load resource: net::ERR_CONNECTION_REFUSED @ http://localhost:8511/_stcore/health:0
[ 3235669ms] [ERROR] Client Error in reaching server endpoint - No response received when attempting to reach /_stcore/health @ http://localhost:8511/static/js/index.D2ZqaFuW.js:16
[ 3235669ms] [ERROR] Is Streamlit still running? If you accidentally stopped Streamlit, just restart it in your terminal: @ http://localhost:8511/static/js/index.D2ZqaFuW.js:21
[ 3235783ms] [ERROR] Failed to load resource: net::ERR_CONNECTION_REFUSED @ http://localhost:8511/_stcore/host-config:0
[ 3237676ms] [ERROR] Failed to load resource: net::ERR_CONNECTION_REFUSED @ http://localhost:8511/_stcore/health:0
[ 3237677ms] [ERROR] Client Error in reaching server endpoint - No response received when attempting to reach /_stcore/health @ http://localhost:8511/static/js/index.D2ZqaFuW.js:16
[ 3237677ms] [ERROR] Is Streamlit still running? If you accidentally stopped Streamlit, just restart it in your terminal: @ http://localhost:8511/static/js/index.D2ZqaFuW.js:21
[ 3237795ms] [ERROR] Failed to load resource: net::ERR_CONNECTION_REFUSED @ http://localhost:8511/_stcore/host-config:0
[ 3239684ms] [ERROR] Failed to load resource: net::ERR_CONNECTION_REFUSED @ http://localhost:8511/_stcore/health:0
[ 3239685ms] [ERROR] Client Error in reaching server endpoint - No response received when attempting to reach /_stcore/health @ http://localhost:8511/static/js/index.D2ZqaFuW.js:16
[ 3239685ms] [ERROR] Is Streamlit still running? If you accidentally stopped Streamlit, just restart it in your terminal: @ http://localhost:8511/static/js/index.D2ZqaFuW.js:21
[ 3239818ms] [ERROR] Failed to load resource: net::ERR_CONNECTION_REFUSED @ http://localhost:8511/_stcore/host-config:0
[ 3241693ms] [ERROR] Failed to load resource: net::ERR_CONNECTION_REFUSED @ http://localhost:8511/_stcore/health:0
[ 3241693ms] [ERROR] Client Error in reaching server endpoint - No response received when attempting to reach /_stcore/health @ http://localhost:8511/static/js/index.D2ZqaFuW.js:16
[ 3241693ms] [ERROR] Is Streamlit still running? If you accidentally stopped Streamlit, just restart it in your terminal: @ http://localhost:8511/static/js/index.D2ZqaFuW.js:21
[ 3241807ms] [ERROR] Failed to load resource: net::ERR_CONNECTION_REFUSED @ http://localhost:8511/_stcore/host-config:0
[ 3243701ms] [ERROR] Failed to load resource: net::ERR_CONNECTION_REFUSED @ http://localhost:8511/_stcore/health:0
[ 3243701ms] [ERROR] Client Error in reaching server endpoint - No response received when attempting to reach /_stcore/health @ http://localhost:8511/static/js/index.D2ZqaFuW.js:16
[ 3243701ms] [ERROR] Is Streamlit still running? If you accidentally stopped Streamlit, just restart it in your terminal: @ http://localhost:8511/static/js/index.D2ZqaFuW.js:21
[ 3243836ms] [ERROR] Failed to load resource: net::ERR_CONNECTION_REFUSED @ http://localhost:8511/_stcore/host-config:0
[ 3245709ms] [ERROR] Failed to load resource: net::ERR_CONNECTION_REFUSED @ http://localhost:8511/_stcore/health:0
[ 3245709ms] [ERROR] Client Error in reaching server endpoint - No response received when attempting to reach /_stcore/health @ http://localhost:8511/static/js/index.D2ZqaFuW.js:16
[ 3245709ms] [ERROR] Is Streamlit still running? If you accidentally stopped Streamlit, just restart it in your terminal: @ http://localhost:8511/static/js/index.D2ZqaFuW.js:21
[ 3245826ms] [ERROR] Failed to load resource: net::ERR_CONNECTION_REFUSED @ http://localhost:8511/_stcore/host-config:0
[ 3247724ms] [ERROR] Failed to load resource: net::ERR_CONNECTION_REFUSED @ http://localhost:8511/_stcore/health:0
[ 3247725ms] [ERROR] Client Error in reaching server endpoint - No response received when attempting to reach /_stcore/health @ http://localhost:8511/static/js/index.D2ZqaFuW.js:16
[ 3247725ms] [ERROR] Is Streamlit still running? If you accidentally stopped Streamlit, just restart it in your terminal: @ http://localhost:8511/static/js/index.D2ZqaFuW.js:21
[ 3247917ms] [ERROR] Failed to load resource: net::ERR_CONNECTION_REFUSED @ http://localhost:8511/_stcore/host-config:0
[ 3249732ms] [ERROR] Failed to load resource: net::ERR_CONNECTION_REFUSED @ http://localhost:8511/_stcore/health:0
[ 3249732ms] [ERROR] Client Error in reaching server endpoint - No response received when attempting to reach /_stcore/health @ http://localhost:8511/static/js/index.D2ZqaFuW.js:16
[ 3249733ms] [ERROR] Is Streamlit still running? If you accidentally stopped Streamlit, just restart it in your terminal: @ http://localhost:8511/static/js/index.D2ZqaFuW.js:21
[ 3249864ms] [ERROR] Failed to load resource: net::ERR_CONNECTION_REFUSED @ http://localhost:8511/_stcore/host-config:0
[ 3251740ms] [ERROR] Failed to load resource: net::ERR_CONNECTION_REFUSED @ http://localhost:8511/_stcore/host-config:0
[ 3251741ms] [ERROR] Client Error in reaching server endpoint - No response received when attempting to reach /_stcore/host-config @ http://localhost:8511/static/js/index.D2ZqaFuW.js:16
[ 3251741ms] [ERROR] Is Streamlit still running? If you accidentally stopped Streamlit, just restart it in your terminal: @ http://localhost:8511/static/js/index.D2ZqaFuW.js:21
[ 3251854ms] [ERROR] Failed to load resource: net::ERR_CONNECTION_REFUSED @ http://localhost:8511/_stcore/health:0
[ 3253747ms] [ERROR] Failed to load resource: net::ERR_CONNECTION_REFUSED @ http://localhost:8511/_stcore/health:0
[ 3253748ms] [ERROR] Client Error in reaching server endpoint - No response received when attempting to reach /_stcore/health @ http://localhost:8511/static/js/index.D2ZqaFuW.js:16
[ 3253748ms] [ERROR] Is Streamlit still running? If you accidentally stopped Streamlit, just restart it in your terminal: @ http://localhost:8511/static/js/index.D2ZqaFuW.js:21
[ 3253876ms] [ERROR] Failed to load resource: net::ERR_CONNECTION_REFUSED @ http://localhost:8511/_stcore/host-config:0
[ 3255755ms] [ERROR] Failed to load resource: net::ERR_CONNECTION_REFUSED @ http://localhost:8511/_stcore/health:0
[ 3255756ms] [ERROR] Client Error in reaching server endpoint - No response received when attempting to reach /_stcore/health @ http://localhost:8511/static/js/index.D2ZqaFuW.js:16
[ 3255756ms] [ERROR] Is Streamlit still running? If you accidentally stopped Streamlit, just restart it in your terminal: @ http://localhost:8511/static/js/index.D2ZqaFuW.js:21
[ 3255869ms] [ERROR] Failed to load resource: net::ERR_CONNECTION_REFUSED @ http://localhost:8511/_stcore/host-config:0
[ 3257762ms] [ERROR] Failed to load resource: net::ERR_CONNECTION_REFUSED @ http://localhost:8511/_stcore/health:0
[ 3257762ms] [ERROR] Client Error in reaching server endpoint - No response received when attempting to reach /_stcore/health @ http://localhost:8511/static/js/index.D2ZqaFuW.js:16
[ 3257762ms] [ERROR] Is Streamlit still running? If you accidentally stopped Streamlit, just restart it in your terminal: @ http://localhost:8511/static/js/index.D2ZqaFuW.js:21
[ 3257762ms] [ERROR] Failed to load resource: net::ERR_CONNECTION_REFUSED @ http://localhost:8511/_stcore/host-config:0
[ 3259767ms] [ERROR] Failed to load resource: net::ERR_CONNECTION_REFUSED @ http://localhost:8511/_stcore/health:0
[ 3259767ms] [ERROR] Client Error in reaching server endpoint - No response received when attempting to reach /_stcore/health @ http://localhost:8511/static/js/index.D2ZqaFuW.js:16
[ 3259767ms] [ERROR] Is Streamlit still running? If you accidentally stopped Streamlit, just restart it in your terminal: @ http://localhost:8511/static/js/index.D2ZqaFuW.js:21
[ 3259904ms] [ERROR] Failed to load resource: net::ERR_CONNECTION_REFUSED @ http://localhost:8511/_stcore/host-config:0
[ 3261774ms] [ERROR] Failed to load resource: net::ERR_CONNECTION_REFUSED @ http://localhost:8511/_stcore/health:0
[ 3261775ms] [ERROR] Client Error in reaching server endpoint - No response received when attempting to reach /_stcore/health @ http://localhost:8511/static/js/index.D2ZqaFuW.js:16
[ 3261775ms] [ERROR] Is Streamlit still running? If you accidentally stopped Streamlit, just restart it in your terminal: @ http://localhost:8511/static/js/index.D2ZqaFuW.js:21
[ 3261887ms] [ERROR] Failed to load resource: net::ERR_CONNECTION_REFUSED @ http://localhost:8511/_stcore/host-config:0
[ 3263782ms] [ERROR] Failed to load resource: net::ERR_CONNECTION_REFUSED @ http://localhost:8511/_stcore/health:0
[ 3263783ms] [ERROR] Client Error in reaching server endpoint - No response received when attempting to reach /_stcore/health @ http://localhost:8511/static/js/index.D2ZqaFuW.js:16
[ 3263783ms] [ERROR] Is Streamlit still running? If you accidentally stopped Streamlit, just restart it in your terminal: @ http://localhost:8511/static/js/index.D2ZqaFuW.js:21
[ 3263912ms] [ERROR] Failed to load resource: net::ERR_CONNECTION_REFUSED @ http://localhost:8511/_stcore/host-config:0
[ 3265790ms] [ERROR] Failed to load resource: net::ERR_CONNECTION_REFUSED @ http://localhost:8511/_stcore/health:0
[ 3265790ms] [ERROR] Client Error in reaching server endpoint - No response received when attempting to reach /_stcore/health @ http://localhost:8511/static/js/index.D2ZqaFuW.js:16
[ 3265791ms] [ERROR] Is Streamlit still running? If you accidentally stopped Streamlit, just restart it in your terminal: @ http://localhost:8511/static/js/index.D2ZqaFuW.js:21
[ 3265902ms] [ERROR] Failed to load resource: net::ERR_CONNECTION_REFUSED @ http://localhost:8511/_stcore/host-config:0
[ 3267798ms] [ERROR] Failed to load resource: net::ERR_CONNECTION_REFUSED @ http://localhost:8511/_stcore/health:0
[ 3267799ms] [ERROR] Client Error in reaching server endpoint - No response received when attempting to reach /_stcore/health @ http://localhost:8511/static/js/index.D2ZqaFuW.js:16
[ 3267799ms] [ERROR] Is Streamlit still running? If you accidentally stopped Streamlit, just restart it in your terminal: @ http://localhost:8511/static/js/index.D2ZqaFuW.js:21
[ 3267912ms] [ERROR] Failed to load resource: net::ERR_CONNECTION_REFUSED @ http://localhost:8511/_stcore/host-config:0
[ 3269806ms] [ERROR] Failed to load resource: net::ERR_CONNECTION_REFUSED @ http://localhost:8511/_stcore/health:0
[ 3269807ms] [ERROR] Client Error in reaching server endpoint - No response received when attempting to reach /_stcore/health @ http://localhost:8511/static/js/index.D2ZqaFuW.js:16
[ 3269807ms] [ERROR] Is Streamlit still running? If you accidentally stopped Streamlit, just restart it in your terminal: @ http://localhost:8511/static/js/index.D2ZqaFuW.js:21
[ 3269943ms] [ERROR] Failed to load resource: net::ERR_CONNECTION_REFUSED @ http://localhost:8511/_stcore/host-config:0
[ 3271814ms] [ERROR] Failed to load resource: net::ERR_CONNECTION_REFUSED @ http://localhost:8511/_stcore/health:0
[ 3271814ms] [ERROR] Client Error in reaching server endpoint - No response received when attempting to reach /_stcore/health @ http://localhost:8511/static/js/index.D2ZqaFuW.js:16
[ 3271815ms] [ERROR] Is Streamlit still running? If you accidentally stopped Streamlit, just restart it in your terminal: @ http://localhost:8511/static/js/index.D2ZqaFuW.js:21
[ 3271929ms] [ERROR] Failed to load resource: net::ERR_CONNECTION_REFUSED @ http://localhost:8511/_stcore/host-config:0
[ 3273822ms] [ERROR] Failed to load resource: net::ERR_CONNECTION_REFUSED @ http://localhost:8511/_stcore/health:0
[ 3273822ms] [ERROR] Client Error in reaching server endpoint - No response received when attempting to reach /_stcore/health @ http://localhost:8511/static/js/index.D2ZqaFuW.js:16
[ 3273822ms] [ERROR] Is Streamlit still running? If you accidentally stopped Streamlit, just restart it in your terminal: @ http://localhost:8511/static/js/index.D2ZqaFuW.js:21
[ 3273934ms] [ERROR] Failed to load resource: net::ERR_CONNECTION_REFUSED @ http://localhost:8511/_stcore/host-config:0
[ 3275829ms] [ERROR] Failed to load resource: net::ERR_CONNECTION_REFUSED @ http://localhost:8511/_stcore/health:0
[ 3275830ms] [ERROR] Client Error in reaching server endpoint - No response received when attempting to reach /_stcore/health @ http://localhost:8511/static/js/index.D2ZqaFuW.js:16
[ 3275830ms] [ERROR] Is Streamlit still running? If you accidentally stopped Streamlit, just restart it in your terminal: @ http://localhost:8511/static/js/index.D2ZqaFuW.js:21
[ 3275939ms] [ERROR] Failed to load resource: net::ERR_CONNECTION_REFUSED @ http://localhost:8511/_stcore/host-config:0
[ 3277837ms] [ERROR] Failed to load resource: net::ERR_CONNECTION_REFUSED @ http://localhost:8511/_stcore/health:0
[ 3277837ms] [ERROR] Client Error in reaching server endpoint - No response received when attempting to reach /_stcore/health @ http://localhost:8511/static/js/index.D2ZqaFuW.js:16
[ 3277837ms] [ERROR] Is Streamlit still running? If you accidentally stopped Streamlit, just restart it in your terminal: @ http://localhost:8511/static/js/index.D2ZqaFuW.js:21
[ 3277968ms] [ERROR] Failed to load resource: net::ERR_CONNECTION_REFUSED @ http://localhost:8511/_stcore/host-config:0
[ 3279845ms] [ERROR] Failed to load resource: net::ERR_CONNECTION_REFUSED @ http://localhost:8511/_stcore/host-config:0
[ 3279845ms] [ERROR] Client Error in reaching server endpoint - No response received when attempting to reach /_stcore/host-config @ http://localhost:8511/static/js/index.D2ZqaFuW.js:16
[ 3279846ms] [ERROR] Is Streamlit still running? If you accidentally stopped Streamlit, just restart it in your terminal: @ http://localhost:8511/static/js/index.D2ZqaFuW.js:21
[ 3279955ms] [ERROR] Failed to load resource: net::ERR_CONNECTION_REFUSED @ http://localhost:8511/_stcore/health:0
[ 3281853ms] [ERROR] Failed to load resource: net::ERR_CONNECTION_REFUSED @ http://localhost:8511/_stcore/host-config:0
[ 3281853ms] [ERROR] Client Error in reaching server endpoint - No response received when attempting to reach /_stcore/host-config @ http://localhost:8511/static/js/index.D2ZqaFuW.js:16
[ 3281853ms] [ERROR] Is Streamlit still running? If you accidentally stopped Streamlit, just restart it in your terminal: @ http://localhost:8511/static/js/index.D2ZqaFuW.js:21
[ 3281965ms] [ERROR] Failed to load resource: net::ERR_CONNECTION_REFUSED @ http://localhost:8511/_stcore/health:0
[ 3283861ms] [ERROR] Failed to load resource: net::ERR_CONNECTION_REFUSED @ http://localhost:8511/_stcore/health:0
[ 3283862ms] [ERROR] Client Error in reaching server endpoint - No response received when attempting to reach /_stcore/health @ http://localhost:8511/static/js/index.D2ZqaFuW.js:16
[ 3283862ms] [ERROR] Is Streamlit still running? If you accidentally stopped Streamlit, just restart it in your terminal: @ http://localhost:8511/static/js/index.D2ZqaFuW.js:21
[ 3283991ms] [ERROR] Failed to load resource: net::ERR_CONNECTION_REFUSED @ http://localhost:8511/_stcore/host-config:0
[ 3285870ms] [ERROR] Failed to load resource: net::ERR_CONNECTION_REFUSED @ http://localhost:8511/_stcore/host-config:0
[ 3285870ms] [ERROR] Client Error in reaching server endpoint - No response received when attempting to reach /_stcore/host-config @ http://localhost:8511/static/js/index.D2ZqaFuW.js:16
[ 3285870ms] [ERROR] Is Streamlit still running? If you accidentally stopped Streamlit, just restart it in your terminal: @ http://localhost:8511/static/js/index.D2ZqaFuW.js:21
[ 3285979ms] [ERROR] Failed to load resource: net::ERR_CONNECTION_REFUSED @ http://localhost:8511/_stcore/health:0
[ 3287879ms] [ERROR] Failed to load resource: net::ERR_CONNECTION_REFUSED @ http://localhost:8511/_stcore/health:0
[ 3287879ms] [ERROR] Client Error in reaching server endpoint - No response received when attempting to reach /_stcore/health @ http://localhost:8511/static/js/index.D2ZqaFuW.js:16
[ 3287880ms] [ERROR] Is Streamlit still running? If you accidentally stopped Streamlit, just restart it in your terminal: @ http://localhost:8511/static/js/index.D2ZqaFuW.js:21
[ 3288022ms] [ERROR] Failed to load resource: net::ERR_CONNECTION_REFUSED @ http://localhost:8511/_stcore/host-config:0
[ 3289888ms] [ERROR] Failed to load resource: net::ERR_CONNECTION_REFUSED @ http://localhost:8511/_stcore/health:0
[ 3289888ms] [ERROR] Client Error in reaching server endpoint - No response received when attempting to reach /_stcore/health @ http://localhost:8511/static/js/index.D2ZqaFuW.js:16
[ 3289888ms] [ERROR] Is Streamlit still running? If you accidentally stopped Streamlit, just restart it in your terminal: @ http://localhost:8511/static/js/index.D2ZqaFuW.js:21
[ 3290008ms] [ERROR] Failed to load resource: net::ERR_CONNECTION_REFUSED @ http://localhost:8511/_stcore/host-config:0
[ 3291894ms] [ERROR] Failed to load resource: net::ERR_CONNECTION_REFUSED @ http://localhost:8511/_stcore/health:0
[ 3291894ms] [ERROR] Client Error in reaching server endpoint - No response received when attempting to reach /_stcore/health @ http://localhost:8511/static/js/index.D2ZqaFuW.js:16
[ 3291894ms] [ERROR] Is Streamlit still running? If you accidentally stopped Streamlit, just restart it in your terminal: @ http://localhost:8511/static/js/index.D2ZqaFuW.js:21
[ 3292009ms] [ERROR] Failed to load resource: net::ERR_CONNECTION_REFUSED @ http://localhost:8511/_stcore/host-config:0
[ 3293901ms] [ERROR] Failed to load resource: net::ERR_CONNECTION_REFUSED @ http://localhost:8511/_stcore/health:0
[ 3293901ms] [ERROR] Client Error in reaching server endpoint - No response received when attempting to reach /_stcore/health @ http://localhost:8511/static/js/index.D2ZqaFuW.js:16
[ 3293901ms] [ERROR] Is Streamlit still running? If you accidentally stopped Streamlit, just restart it in your terminal: @ http://localhost:8511/static/js/index.D2ZqaFuW.js:21
[ 3294037ms] [ERROR] Failed to load resource: net::ERR_CONNECTION_REFUSED @ http://localhost:8511/_stcore/host-config:0
[ 3295909ms] [ERROR] Failed to load resource: net::ERR_CONNECTION_REFUSED @ http://localhost:8511/_stcore/health:0
[ 3295910ms] [ERROR] Client Error in reaching server endpoint - No response received when attempting to reach /_stcore/health @ http://localhost:8511/static/js/index.D2ZqaFuW.js:16
[ 3295910ms] [ERROR] Is Streamlit still running? If you accidentally stopped Streamlit, just restart it in your terminal: @ http://localhost:8511/static/js/index.D2ZqaFuW.js:21
[ 3296022ms] [ERROR] Failed to load resource: net::ERR_CONNECTION_REFUSED @ http://localhost:8511/_stcore/host-config:0
[ 3297917ms] [ERROR] Failed to load resource: net::ERR_CONNECTION_REFUSED @ http://localhost:8511/_stcore/host-config:0
[ 3297918ms] [ERROR] Client Error in reaching server endpoint - No response received when attempting to reach /_stcore/host-config @ http://localhost:8511/static/js/index.D2ZqaFuW.js:16
[ 3297918ms] [ERROR] Is Streamlit still running? If you accidentally stopped Streamlit, just restart it in your terminal: @ http://localhost:8511/static/js/index.D2ZqaFuW.js:21
[ 3298052ms] [ERROR] Failed to load resource: net::ERR_CONNECTION_REFUSED @ http://localhost:8511/_stcore/health:0
[ 3299925ms] [ERROR] Failed to load resource: net::ERR_CONNECTION_REFUSED @ http://localhost:8511/_stcore/host-config:0
[ 3299925ms] [ERROR] Client Error in reaching server endpoint - No response received when attempting to reach /_stcore/host-config @ http://localhost:8511/static/js/index.D2ZqaFuW.js:16
[ 3299925ms] [ERROR] Is Streamlit still running? If you accidentally stopped Streamlit, just restart it in your terminal: @ http://localhost:8511/static/js/index.D2ZqaFuW.js:21
[ 3300036ms] [ERROR] Failed to load resource: net::ERR_CONNECTION_REFUSED @ http://localhost:8511/_stcore/health:0
[ 3301932ms] [ERROR] Failed to load resource: net::ERR_CONNECTION_REFUSED @ http://localhost:8511/_stcore/health:0
[ 3301933ms] [ERROR] Client Error in reaching server endpoint - No response received when attempting to reach /_stcore/health @ http://localhost:8511/static/js/index.D2ZqaFuW.js:16
[ 3301933ms] [ERROR] Is Streamlit still running? If you accidentally stopped Streamlit, just restart it in your terminal: @ http://localhost:8511/static/js/index.D2ZqaFuW.js:21
[ 3302046ms] [ERROR] Failed to load resource: net::ERR_CONNECTION_REFUSED @ http://localhost:8511/_stcore/host-config:0
[ 3303940ms] [ERROR] Failed to load resource: net::ERR_CONNECTION_REFUSED @ http://localhost:8511/_stcore/health:0
[ 3303941ms] [ERROR] Client Error in reaching server endpoint - No response received when attempting to reach /_stcore/health @ http://localhost:8511/static/js/index.D2ZqaFuW.js:16
[ 3303941ms] [ERROR] Is Streamlit still running? If you accidentally stopped Streamlit, just restart it in your terminal: @ http://localhost:8511/static/js/index.D2ZqaFuW.js:21
[ 3304075ms] [ERROR] Failed to load resource: net::ERR_CONNECTION_REFUSED @ http://localhost:8511/_stcore/host-config:0
[ 3305949ms] [ERROR] Failed to load resource: net::ERR_CONNECTION_REFUSED @ http://localhost:8511/_stcore/host-config:0
[ 3305949ms] [ERROR] Client Error in reaching server endpoint - No response received when attempting to reach /_stcore/host-config @ http://localhost:8511/static/js/index.D2ZqaFuW.js:16
[ 3305949ms] [ERROR] Is Streamlit still running? If you accidentally stopped Streamlit, just restart it in your terminal: @ http://localhost:8511/static/js/index.D2ZqaFuW.js:21
[ 3306060ms] [ERROR] Failed to load resource: net::ERR_CONNECTION_REFUSED @ http://localhost:8511/_stcore/health:0
[ 3307954ms] [ERROR] Failed to load resource: net::ERR_CONNECTION_REFUSED @ http://localhost:8511/_stcore/health:0
[ 3307954ms] [ERROR] Client Error in reaching server endpoint - No response received when attempting to reach /_stcore/health @ http://localhost:8511/static/js/index.D2ZqaFuW.js:16
[ 3307955ms] [ERROR] Is Streamlit still running? If you accidentally stopped Streamlit, just restart it in your terminal: @ http://localhost:8511/static/js/index.D2ZqaFuW.js:21
[ 3308089ms] [ERROR] Failed to load resource: net::ERR_CONNECTION_REFUSED @ http://localhost:8511/_stcore/host-config:0
[ 3309962ms] [ERROR] Failed to load resource: net::ERR_CONNECTION_REFUSED @ http://localhost:8511/_stcore/health:0
[ 3309962ms] [ERROR] Client Error in reaching server endpoint - No response received when attempting to reach /_stcore/health @ http://localhost:8511/static/js/index.D2ZqaFuW.js:16
[ 3309962ms] [ERROR] Is Streamlit still running? If you accidentally stopped Streamlit, just restart it in your terminal: @ http://localhost:8511/static/js/index.D2ZqaFuW.js:21
[ 3310076ms] [ERROR] Failed to load resource: net::ERR_CONNECTION_REFUSED @ http://localhost:8511/_stcore/host-config:0
[ 3311969ms] [ERROR] Failed to load resource: net::ERR_CONNECTION_REFUSED @ http://localhost:8511/_stcore/health:0
[ 3311969ms] [ERROR] Client Error in reaching server endpoint - No response received when attempting to reach /_stcore/health @ http://localhost:8511/static/js/index.D2ZqaFuW.js:16
[ 3311969ms] [ERROR] Is Streamlit still running? If you accidentally stopped Streamlit, just restart it in your terminal: @ http://localhost:8511/static/js/index.D2ZqaFuW.js:21
[ 3312080ms] [ERROR] Failed to load resource: net::ERR_CONNECTION_REFUSED @ http://localhost:8511/_stcore/host-config:0
[ 3313977ms] [ERROR] Failed to load resource: net::ERR_CONNECTION_REFUSED @ http://localhost:8511/_stcore/health:0
[ 3313977ms] [ERROR] Client Error in reaching server endpoint - No response received when attempting to reach /_stcore/health @ http://localhost:8511/static/js/index.D2ZqaFuW.js:16
[ 3313978ms] [ERROR] Is Streamlit still running? If you accidentally stopped Streamlit, just restart it in your terminal: @ http://localhost:8511/static/js/index.D2ZqaFuW.js:21
[ 3314112ms] [ERROR] Failed to load resource: net::ERR_CONNECTION_REFUSED @ http://localhost:8511/_stcore/host-config:0
[ 3315984ms] [ERROR] Failed to load resource: net::ERR_CONNECTION_REFUSED @ http://localhost:8511/_stcore/host-config:0
[ 3315984ms] [ERROR] Client Error in reaching server endpoint - No response received when attempting to reach /_stcore/host-config @ http://localhost:8511/static/js/index.D2ZqaFuW.js:16
[ 3315984ms] [ERROR] Is Streamlit still running? If you accidentally stopped Streamlit, just restart it in your terminal: @ http://localhost:8511/static/js/index.D2ZqaFuW.js:21
[ 3316098ms] [ERROR] Failed to load resource: net::ERR_CONNECTION_REFUSED @ http://localhost:8511/_stcore/health:0
[ 3317992ms] [ERROR] Failed to load resource: net::ERR_CONNECTION_REFUSED @ http://localhost:8511/_stcore/health:0
[ 3317992ms] [ERROR] Client Error in reaching server endpoint - No response received when attempting to reach /_stcore/health @ http://localhost:8511/static/js/index.D2ZqaFuW.js:16
[ 3317992ms] [ERROR] Is Streamlit still running? If you accidentally stopped Streamlit, just restart it in your terminal: @ http://localhost:8511/static/js/index.D2ZqaFuW.js:21
[ 3318104ms] [ERROR] Failed to load resource: net::ERR_CONNECTION_REFUSED @ http://localhost:8511/_stcore/host-config:0
[ 3320000ms] [ERROR] Failed to load resource: net::ERR_CONNECTION_REFUSED @ http://localhost:8511/_stcore/host-config:0
[ 3320000ms] [ERROR] Client Error in reaching server endpoint - No response received when attempting to reach /_stcore/host-config @ http://localhost:8511/static/js/index.D2ZqaFuW.js:16
[ 3320001ms] [ERROR] Is Streamlit still running? If you accidentally stopped Streamlit, just restart it in your terminal: @ http://localhost:8511/static/js/index.D2ZqaFuW.js:21
[ 3320001ms] [ERROR] Failed to load resource: net::ERR_CONNECTION_REFUSED @ http://localhost:8511/_stcore/health:0
[ 3322008ms] [ERROR] Failed to load resource: net::ERR_CONNECTION_REFUSED @ http://localhost:8511/_stcore/host-config:0
[ 3322009ms] [ERROR] Client Error in reaching server endpoint - No response received when attempting to reach /_stcore/host-config @ http://localhost:8511/static/js/index.D2ZqaFuW.js:16
[ 3322009ms] [ERROR] Is Streamlit still running? If you accidentally stopped Streamlit, just restart it in your terminal: @ http://localhost:8511/static/js/index.D2ZqaFuW.js:21
[ 3322147ms] [ERROR] Failed to load resource: net::ERR_CONNECTION_REFUSED @ http://localhost:8511/_stcore/health:0
[ 3324013ms] [ERROR] Failed to load resource: net::ERR_CONNECTION_REFUSED @ http://localhost:8511/_stcore/health:0
[ 3324013ms] [ERROR] Client Error in reaching server endpoint - No response received when attempting to reach /_stcore/health @ http://localhost:8511/static/js/index.D2ZqaFuW.js:16
[ 3324013ms] [ERROR] Is Streamlit still running? If you accidentally stopped Streamlit, just restart it in your terminal: @ http://localhost:8511/static/js/index.D2ZqaFuW.js:21
[ 3324125ms] [ERROR] Failed to load resource: net::ERR_CONNECTION_REFUSED @ http://localhost:8511/_stcore/host-config:0
[ 3326021ms] [ERROR] Failed to load resource: net::ERR_CONNECTION_REFUSED @ http://localhost:8511/_stcore/health:0
[ 3326022ms] [ERROR] Client Error in reaching server endpoint - No response received when attempting to reach /_stcore/health @ http://localhost:8511/static/js/index.D2ZqaFuW.js:16
[ 3326022ms] [ERROR] Is Streamlit still running? If you accidentally stopped Streamlit, just restart it in your terminal: @ http://localhost:8511/static/js/index.D2ZqaFuW.js:21
[ 3326133ms] [ERROR] Failed to load resource: net::ERR_CONNECTION_REFUSED @ http://localhost:8511/_stcore/host-config:0
[ 3328030ms] [ERROR] Failed to load resource: net::ERR_CONNECTION_REFUSED @ http://localhost:8511/_stcore/health:0
[ 3328030ms] [ERROR] Client Error in reaching server endpoint - No response received when attempting to reach /_stcore/health @ http://localhost:8511/static/js/index.D2ZqaFuW.js:16
[ 3328030ms] [ERROR] Is Streamlit still running? If you accidentally stopped Streamlit, just restart it in your terminal: @ http://localhost:8511/static/js/index.D2ZqaFuW.js:21
[ 3328161ms] [ERROR] Failed to load resource: net::ERR_CONNECTION_REFUSED @ http://localhost:8511/_stcore/host-config:0
[ 3330038ms] [ERROR] Failed to load resource: net::ERR_CONNECTION_REFUSED @ http://localhost:8511/_stcore/health:0
[ 3330038ms] [ERROR] Client Error in reaching server endpoint - No response received when attempting to reach /_stcore/health @ http://localhost:8511/static/js/index.D2ZqaFuW.js:16
[ 3330038ms] [ERROR] Is Streamlit still running? If you accidentally stopped Streamlit, just restart it in your terminal: @ http://localhost:8511/static/js/index.D2ZqaFuW.js:21
[ 3330150ms] [ERROR] Failed to load resource: net::ERR_CONNECTION_REFUSED @ http://localhost:8511/_stcore/host-config:0
[ 3332046ms] [ERROR] Failed to load resource: net::ERR_CONNECTION_REFUSED @ http://localhost:8511/_stcore/health:0
[ 3332046ms] [ERROR] Client Error in reaching server endpoint - No response received when attempting to reach /_stcore/health @ http://localhost:8511/static/js/index.D2ZqaFuW.js:16
[ 3332046ms] [ERROR] Is Streamlit still running? If you accidentally stopped Streamlit, just restart it in your terminal: @ http://localhost:8511/static/js/index.D2ZqaFuW.js:21
[ 3332177ms] [ERROR] Failed to load resource: net::ERR_CONNECTION_REFUSED @ http://localhost:8511/_stcore/host-config:0
[ 3334053ms] [ERROR] Failed to load resource: net::ERR_CONNECTION_REFUSED @ http://localhost:8511/_stcore/health:0
[ 3334054ms] [ERROR] Client Error in reaching server endpoint - No response received when attempting to reach /_stcore/health @ http://localhost:8511/static/js/index.D2ZqaFuW.js:16
[ 3334054ms] [ERROR] Is Streamlit still running? If you accidentally stopped Streamlit, just restart it in your terminal: @ http://localhost:8511/static/js/index.D2ZqaFuW.js:21
[ 3334168ms] [ERROR] Failed to load resource: net::ERR_CONNECTION_REFUSED @ http://localhost:8511/_stcore/host-config:0
[ 3336061ms] [ERROR] Failed to load resource: net::ERR_CONNECTION_REFUSED @ http://localhost:8511/_stcore/host-config:0
[ 3336062ms] [ERROR] Client Error in reaching server endpoint - No response received when attempting to reach /_stcore/host-config @ http://localhost:8511/static/js/index.D2ZqaFuW.js:16
[ 3336062ms] [ERROR] Is Streamlit still running? If you accidentally stopped Streamlit, just restart it in your terminal: @ http://localhost:8511/static/js/index.D2ZqaFuW.js:21
[ 3336175ms] [ERROR] Failed to load resource: net::ERR_CONNECTION_REFUSED @ http://localhost:8511/_stcore/health:0
[ 3338069ms] [ERROR] Failed to load resource: net::ERR_CONNECTION_REFUSED @ http://localhost:8511/_stcore/health:0
[ 3338070ms] [ERROR] Client Error in reaching server endpoint - No response received when attempting to reach /_stcore/health @ http://localhost:8511/static/js/index.D2ZqaFuW.js:16
[ 3338070ms] [ERROR] Is Streamlit still running? If you accidentally stopped Streamlit, just restart it in your terminal: @ http://localhost:8511/static/js/index.D2ZqaFuW.js:21
[ 3338202ms] [ERROR] Failed to load resource: net::ERR_CONNECTION_REFUSED @ http://localhost:8511/_stcore/host-config:0
[ 3340078ms] [ERROR] Failed to load resource: net::ERR_CONNECTION_REFUSED @ http://localhost:8511/_stcore/health:0
[ 3340078ms] [ERROR] Client Error in reaching server endpoint - No response received when attempting to reach /_stcore/health @ http://localhost:8511/static/js/index.D2ZqaFuW.js:16
[ 3340079ms] [ERROR] Is Streamlit still running? If you accidentally stopped Streamlit, just restart it in your terminal: @ http://localhost:8511/static/js/index.D2ZqaFuW.js:21
[ 3340192ms] [ERROR] Failed to load resource: net::ERR_CONNECTION_REFUSED @ http://localhost:8511/_stcore/host-config:0
[ 3342086ms] [ERROR] Failed to load resource: net::ERR_CONNECTION_REFUSED @ http://localhost:8511/_stcore/health:0
[ 3342087ms] [ERROR] Client Error in reaching server endpoint - No response received when attempting to reach /_stcore/health @ http://localhost:8511/static/js/index.D2ZqaFuW.js:16
[ 3342087ms] [ERROR] Is Streamlit still running? If you accidentally stopped Streamlit, just restart it in your terminal: @ http://localhost:8511/static/js/index.D2ZqaFuW.js:21
[ 3342219ms] [ERROR] Failed to load resource: net::ERR_CONNECTION_REFUSED @ http://localhost:8511/_stcore/host-config:0
[ 3344094ms] [ERROR] Failed to load resource: net::ERR_CONNECTION_REFUSED @ http://localhost:8511/_stcore/health:0
[ 3344095ms] [ERROR] Client Error in reaching server endpoint - No response received when attempting to reach /_stcore/health @ http://localhost:8511/static/js/index.D2ZqaFuW.js:16
[ 3344095ms] [ERROR] Is Streamlit still running? If you accidentally stopped Streamlit, just restart it in your terminal: @ http://localhost:8511/static/js/index.D2ZqaFuW.js:21
[ 3344209ms] [ERROR] Failed to load resource: net::ERR_CONNECTION_REFUSED @ http://localhost:8511/_stcore/host-config:0
[ 3346102ms] [ERROR] Failed to load resource: net::ERR_CONNECTION_REFUSED @ http://localhost:8511/_stcore/health:0
[ 3346102ms] [ERROR] Client Error in reaching server endpoint - No response received when attempting to reach /_stcore/health @ http://localhost:8511/static/js/index.D2ZqaFuW.js:16
[ 3346103ms] [ERROR] Is Streamlit still running? If you accidentally stopped Streamlit, just restart it in your terminal: @ http://localhost:8511/static/js/index.D2ZqaFuW.js:21
[ 3346215ms] [ERROR] Failed to load resource: net::ERR_CONNECTION_REFUSED @ http://localhost:8511/_stcore/host-config:0
[ 3348110ms] [ERROR] Failed to load resource: net::ERR_CONNECTION_REFUSED @ http://localhost:8511/_stcore/health:0
[ 3348110ms] [ERROR] Client Error in reaching server endpoint - No response received when attempting to reach /_stcore/health @ http://localhost:8511/static/js/index.D2ZqaFuW.js:16
[ 3348110ms] [ERROR] Is Streamlit still running? If you accidentally stopped Streamlit, just restart it in your terminal: @ http://localhost:8511/static/js/index.D2ZqaFuW.js:21
[ 3348243ms] [ERROR] Failed to load resource: net::ERR_CONNECTION_REFUSED @ http://localhost:8511/_stcore/host-config:0
[ 3350118ms] [ERROR] Failed to load resource: net::ERR_CONNECTION_REFUSED @ http://localhost:8511/_stcore/health:0
[ 3350119ms] [ERROR] Client Error in reaching server endpoint - No response received when attempting to reach /_stcore/health @ http://localhost:8511/static/js/index.D2ZqaFuW.js:16
[ 3350119ms] [ERROR] Is Streamlit still running? If you accidentally stopped Streamlit, just restart it in your terminal: @ http://localhost:8511/static/js/index.D2ZqaFuW.js:21
[ 3350239ms] [ERROR] Failed to load resource: net::ERR_CONNECTION_REFUSED @ http://localhost:8511/_stcore/host-config:0
[ 3352125ms] [ERROR] Failed to load resource: net::ERR_CONNECTION_REFUSED @ http://localhost:8511/_stcore/health:0
[ 3352125ms] [ERROR] Client Error in reaching server endpoint - No response received when attempting to reach /_stcore/health @ http://localhost:8511/static/js/index.D2ZqaFuW.js:16
[ 3352126ms] [ERROR] Is Streamlit still running? If you accidentally stopped Streamlit, just restart it in your terminal: @ http://localhost:8511/static/js/index.D2ZqaFuW.js:21
[ 3352257ms] [ERROR] Failed to load resource: net::ERR_CONNECTION_REFUSED @ http://localhost:8511/_stcore/host-config:0
[ 3354133ms] [ERROR] Failed to load resource: net::ERR_CONNECTION_REFUSED @ http://localhost:8511/_stcore/health:0
[ 3354133ms] [ERROR] Client Error in reaching server endpoint - No response received when attempting to reach /_stcore/health @ http://localhost:8511/static/js/index.D2ZqaFuW.js:16
[ 3354133ms] [ERROR] Is Streamlit still running? If you accidentally stopped Streamlit, just restart it in your terminal: @ http://localhost:8511/static/js/index.D2ZqaFuW.js:21
[ 3354252ms] [ERROR] Failed to load resource: net::ERR_CONNECTION_REFUSED @ http://localhost:8511/_stcore/host-config:0
[ 3356140ms] [ERROR] Failed to load resource: net::ERR_CONNECTION_REFUSED @ http://localhost:8511/_stcore/health:0
[ 3356140ms] [ERROR] Client Error in reaching server endpoint - No response received when attempting to reach /_stcore/health @ http://localhost:8511/static/js/index.D2ZqaFuW.js:16
[ 3356140ms] [ERROR] Is Streamlit still running? If you accidentally stopped Streamlit, just restart it in your terminal: @ http://localhost:8511/static/js/index.D2ZqaFuW.js:21
[ 3356256ms] [ERROR] Failed to load resource: net::ERR_CONNECTION_REFUSED @ http://localhost:8511/_stcore/host-config:0
[ 3358148ms] [ERROR] Failed to load resource: net::ERR_CONNECTION_REFUSED @ http://localhost:8511/_stcore/health:0
[ 3358148ms] [ERROR] Client Error in reaching server endpoint - No response received when attempting to reach /_stcore/health @ http://localhost:8511/static/js/index.D2ZqaFuW.js:16
[ 3358148ms] [ERROR] Is Streamlit still running? If you accidentally stopped Streamlit, just restart it in your terminal: @ http://localhost:8511/static/js/index.D2ZqaFuW.js:21
[ 3358284ms] [ERROR] Failed to load resource: net::ERR_CONNECTION_REFUSED @ http://localhost:8511/_stcore/host-config:0
[ 3360157ms] [ERROR] Failed to load resource: net::ERR_CONNECTION_REFUSED @ http://localhost:8511/_stcore/health:0
[ 3360157ms] [ERROR] Client Error in reaching server endpoint - No response received when attempting to reach /_stcore/health @ http://localhost:8511/static/js/index.D2ZqaFuW.js:16
[ 3360157ms] [ERROR] Is Streamlit still running? If you accidentally stopped Streamlit, just restart it in your terminal: @ http://localhost:8511/static/js/index.D2ZqaFuW.js:21
[ 3360276ms] [ERROR] Failed to load resource: net::ERR_CONNECTION_REFUSED @ http://localhost:8511/_stcore/host-config:0
[ 3362165ms] [ERROR] Failed to load resource: net::ERR_CONNECTION_REFUSED @ http://localhost:8511/_stcore/health:0
[ 3362165ms] [ERROR] Client Error in reaching server endpoint - No response received when attempting to reach /_stcore/health @ http://localhost:8511/static/js/index.D2ZqaFuW.js:16
[ 3362165ms] [ERROR] Is Streamlit still running? If you accidentally stopped Streamlit, just restart it in your terminal: @ http://localhost:8511/static/js/index.D2ZqaFuW.js:21
[ 3362287ms] [ERROR] Failed to load resource: net::ERR_CONNECTION_REFUSED @ http://localhost:8511/_stcore/host-config:0
[ 3364173ms] [ERROR] Failed to load resource: net::ERR_CONNECTION_REFUSED @ http://localhost:8511/_stcore/health:0
[ 3364173ms] [ERROR] Client Error in reaching server endpoint - No response received when attempting to reach /_stcore/health @ http://localhost:8511/static/js/index.D2ZqaFuW.js:16
[ 3364173ms] [ERROR] Is Streamlit still running? If you accidentally stopped Streamlit, just restart it in your terminal: @ http://localhost:8511/static/js/index.D2ZqaFuW.js:21
[ 3364297ms] [ERROR] Failed to load resource: net::ERR_CONNECTION_REFUSED @ http://localhost:8511/_stcore/host-config:0
[ 3366180ms] [ERROR] Failed to load resource: net::ERR_CONNECTION_REFUSED @ http://localhost:8511/_stcore/health:0
[ 3366180ms] [ERROR] Client Error in reaching server endpoint - No response received when attempting to reach /_stcore/health @ http://localhost:8511/static/js/index.D2ZqaFuW.js:16
[ 3366180ms] [ERROR] Is Streamlit still running? If you accidentally stopped Streamlit, just restart it in your terminal: @ http://localhost:8511/static/js/index.D2ZqaFuW.js:21
[ 3366316ms] [ERROR] Failed to load resource: net::ERR_CONNECTION_REFUSED @ http://localhost:8511/_stcore/host-config:0
[ 3368188ms] [ERROR] Failed to load resource: net::ERR_CONNECTION_REFUSED @ http://localhost:8511/_stcore/health:0
[ 3368188ms] [ERROR] Client Error in reaching server endpoint - No response received when attempting to reach /_stcore/health @ http://localhost:8511/static/js/index.D2ZqaFuW.js:16
[ 3368189ms] [ERROR] Is Streamlit still running? If you accidentally stopped Streamlit, just restart it in your terminal: @ http://localhost:8511/static/js/index.D2ZqaFuW.js:21
[ 3368306ms] [ERROR] Failed to load resource: net::ERR_CONNECTION_REFUSED @ http://localhost:8511/_stcore/host-config:0
[ 3370195ms] [ERROR] Failed to load resource: net::ERR_CONNECTION_REFUSED @ http://localhost:8511/_stcore/health:0
[ 3370196ms] [ERROR] Client Error in reaching server endpoint - No response received when attempting to reach /_stcore/health @ http://localhost:8511/static/js/index.D2ZqaFuW.js:16
[ 3370196ms] [ERROR] Is Streamlit still running? If you accidentally stopped Streamlit, just restart it in your terminal: @ http://localhost:8511/static/js/index.D2ZqaFuW.js:21
[ 3370399ms] [ERROR] Failed to load resource: net::ERR_CONNECTION_REFUSED @ http://localhost:8511/_stcore/host-config:0
[ 3372203ms] [ERROR] Failed to load resource: net::ERR_CONNECTION_REFUSED @ http://localhost:8511/_stcore/host-config:0
[ 3372203ms] [ERROR] Client Error in reaching server endpoint - No response received when attempting to reach /_stcore/host-config @ http://localhost:8511/static/js/index.D2ZqaFuW.js:16
[ 3372203ms] [ERROR] Is Streamlit still running? If you accidentally stopped Streamlit, just restart it in your terminal: @ http://localhost:8511/static/js/index.D2ZqaFuW.js:21
[ 3372373ms] [ERROR] Failed to load resource: net::ERR_CONNECTION_REFUSED @ http://localhost:8511/_stcore/health:0
[ 3374210ms] [ERROR] Failed to load resource: net::ERR_CONNECTION_REFUSED @ http://localhost:8511/_stcore/health:0
[ 3374210ms] [ERROR] Client Error in reaching server endpoint - No response received when attempting to reach /_stcore/health @ http://localhost:8511/static/js/index.D2ZqaFuW.js:16
[ 3374211ms] [ERROR] Is Streamlit still running? If you accidentally stopped Streamlit, just restart it in your terminal: @ http://localhost:8511/static/js/index.D2ZqaFuW.js:21
[ 3374404ms] [ERROR] Failed to load resource: net::ERR_CONNECTION_REFUSED @ http://localhost:8511/_stcore/host-config:0
[ 3376216ms] [ERROR] Failed to load resource: net::ERR_CONNECTION_REFUSED @ http://localhost:8511/_stcore/health:0
[ 3376216ms] [ERROR] Client Error in reaching server endpoint - No response received when attempting to reach /_stcore/health @ http://localhost:8511/static/js/index.D2ZqaFuW.js:16
[ 3376216ms] [ERROR] Is Streamlit still running? If you accidentally stopped Streamlit, just restart it in your terminal: @ http://localhost:8511/static/js/index.D2ZqaFuW.js:21
[ 3376602ms] [ERROR] Failed to load resource: net::ERR_CONNECTION_REFUSED @ http://localhost:8511/_stcore/host-config:0
[ 3378234ms] [ERROR] Failed to load resource: net::ERR_CONNECTION_REFUSED @ http://localhost:8511/_stcore/health:0
[ 3378234ms] [ERROR] Client Error in reaching server endpoint - No response received when attempting to reach /_stcore/health @ http://localhost:8511/static/js/index.D2ZqaFuW.js:16
[ 3378234ms] [ERROR] Is Streamlit still running? If you accidentally stopped Streamlit, just restart it in your terminal: @ http://localhost:8511/static/js/index.D2ZqaFuW.js:21
[ 3378576ms] [ERROR] Failed to load resource: net::ERR_CONNECTION_REFUSED @ http://localhost:8511/_stcore/host-config:0
[ 3380238ms] [ERROR] Failed to load resource: net::ERR_CONNECTION_REFUSED @ http://localhost:8511/_stcore/health:0
[ 3380238ms] [ERROR] Client Error in reaching server endpoint - No response received when attempting to reach /_stcore/health @ http://localhost:8511/static/js/index.D2ZqaFuW.js:16
[ 3380238ms] [ERROR] Is Streamlit still running? If you accidentally stopped Streamlit, just restart it in your terminal: @ http://localhost:8511/static/js/index.D2ZqaFuW.js:21
[ 3381093ms] [ERROR] Failed to load resource: net::ERR_CONNECTION_REFUSED @ http://localhost:8511/_stcore/host-config:0
[ 3382242ms] [ERROR] Failed to load resource: net::ERR_CONNECTION_REFUSED @ http://localhost:8511/_stcore/health:0
[ 3382243ms] [ERROR] Client Error in reaching server endpoint - No response received when attempting to reach /_stcore/health @ http://localhost:8511/static/js/index.D2ZqaFuW.js:16
[ 3382243ms] [ERROR] Is Streamlit still running? If you accidentally stopped Streamlit, just restart it in your terminal: @ http://localhost:8511/static/js/index.D2ZqaFuW.js:21
[ 3382378ms] [ERROR] Failed to load resource: net::ERR_CONNECTION_REFUSED @ http://localhost:8511/_stcore/host-config:0
[ 3384247ms] [ERROR] Failed to load resource: net::ERR_CONNECTION_REFUSED @ http://localhost:8511/_stcore/host-config:0
[ 3384247ms] [ERROR] Client Error in reaching server endpoint - No response received when attempting to reach /_stcore/host-config @ http://localhost:8511/static/js/index.D2ZqaFuW.js:16
[ 3384247ms] [ERROR] Is Streamlit still running? If you accidentally stopped Streamlit, just restart it in your terminal: @ http://localhost:8511/static/js/index.D2ZqaFuW.js:21
[ 3384248ms] [ERROR] Failed to load resource: net::ERR_CONNECTION_REFUSED @ http://localhost:8511/_stcore/health:0
[ 3386252ms] [ERROR] Failed to load resource: net::ERR_CONNECTION_REFUSED @ http://localhost:8511/_stcore/health:0
[ 3386252ms] [ERROR] Client Error in reaching server endpoint - No response received when attempting to reach /_stcore/health @ http://localhost:8511/static/js/index.D2ZqaFuW.js:16
[ 3386252ms] [ERROR] Is Streamlit still running? If you accidentally stopped Streamlit, just restart it in your terminal: @ http://localhost:8511/static/js/index.D2ZqaFuW.js:21
[ 3386954ms] [ERROR] Failed to load resource: net::ERR_CONNECTION_REFUSED @ http://localhost:8511/_stcore/host-config:0
[ 3388257ms] [ERROR] Failed to load resource: net::ERR_CONNECTION_REFUSED @ http://localhost:8511/_stcore/health:0
[ 3388257ms] [ERROR] Client Error in reaching server endpoint - No response received when attempting to reach /_stcore/health @ http://localhost:8511/static/js/index.D2ZqaFuW.js:16
[ 3388257ms] [ERROR] Is Streamlit still running? If you accidentally stopped Streamlit, just restart it in your terminal: @ http://localhost:8511/static/js/index.D2ZqaFuW.js:21
[ 3388450ms] [ERROR] Failed to load resource: net::ERR_CONNECTION_REFUSED @ http://localhost:8511/_stcore/host-config:0
[ 3390261ms] [ERROR] Failed to load resource: net::ERR_CONNECTION_REFUSED @ http://localhost:8511/_stcore/health:0
[ 3390261ms] [ERROR] Client Error in reaching server endpoint - No response received when attempting to reach /_stcore/health @ http://localhost:8511/static/js/index.D2ZqaFuW.js:16
[ 3390262ms] [ERROR] Is Streamlit still running? If you accidentally stopped Streamlit, just restart it in your terminal: @ http://localhost:8511/static/js/index.D2ZqaFuW.js:21
[ 3390363ms] [ERROR] Failed to load resource: net::ERR_CONNECTION_REFUSED @ http://localhost:8511/_stcore/host-config:0
[ 3392268ms] [ERROR] Failed to load resource: net::ERR_CONNECTION_REFUSED @ http://localhost:8511/_stcore/health:0
[ 3392269ms] [ERROR] Client Error in reaching server endpoint - No response received when attempting to reach /_stcore/health @ http://localhost:8511/static/js/index.D2ZqaFuW.js:16
[ 3392269ms] [ERROR] Is Streamlit still running? If you accidentally stopped Streamlit, just restart it in your terminal: @ http://localhost:8511/static/js/index.D2ZqaFuW.js:21
[ 3392395ms] [ERROR] Failed to load resource: net::ERR_CONNECTION_REFUSED @ http://localhost:8511/_stcore/host-config:0
[ 3394276ms] [ERROR] Failed to load resource: net::ERR_CONNECTION_REFUSED @ http://localhost:8511/_stcore/health:0
[ 3394276ms] [ERROR] Client Error in reaching server endpoint - No response received when attempting to reach /_stcore/health @ http://localhost:8511/static/js/index.D2ZqaFuW.js:16
[ 3394276ms] [ERROR] Is Streamlit still running? If you accidentally stopped Streamlit, just restart it in your terminal: @ http://localhost:8511/static/js/index.D2ZqaFuW.js:21
[ 3394392ms] [ERROR] Failed to load resource: net::ERR_CONNECTION_REFUSED @ http://localhost:8511/_stcore/host-config:0
[ 3396284ms] [ERROR] Failed to load resource: net::ERR_CONNECTION_REFUSED @ http://localhost:8511/_stcore/health:0
[ 3396284ms] [ERROR] Client Error in reaching server endpoint - No response received when attempting to reach /_stcore/health @ http://localhost:8511/static/js/index.D2ZqaFuW.js:16
[ 3396285ms] [ERROR] Is Streamlit still running? If you accidentally stopped Streamlit, just restart it in your terminal: @ http://localhost:8511/static/js/index.D2ZqaFuW.js:21
[ 3396413ms] [ERROR] Failed to load resource: net::ERR_CONNECTION_REFUSED @ http://localhost:8511/_stcore/host-config:0
[ 3398292ms] [ERROR] Failed to load resource: net::ERR_CONNECTION_REFUSED @ http://localhost:8511/_stcore/host-config:0
[ 3398292ms] [ERROR] Client Error in reaching server endpoint - No response received when attempting to reach /_stcore/host-config @ http://localhost:8511/static/js/index.D2ZqaFuW.js:16
[ 3398292ms] [ERROR] Is Streamlit still running? If you accidentally stopped Streamlit, just restart it in your terminal: @ http://localhost:8511/static/js/index.D2ZqaFuW.js:21
[ 3398403ms] [ERROR] Failed to load resource: net::ERR_CONNECTION_REFUSED @ http://localhost:8511/_stcore/health:0
[ 3400300ms] [ERROR] Failed to load resource: net::ERR_CONNECTION_REFUSED @ http://localhost:8511/_stcore/health:0
[ 3400300ms] [ERROR] Client Error in reaching server endpoint - No response received when attempting to reach /_stcore/health @ http://localhost:8511/static/js/index.D2ZqaFuW.js:16
[ 3400301ms] [ERROR] Is Streamlit still running? If you accidentally stopped Streamlit, just restart it in your terminal: @ http://localhost:8511/static/js/index.D2ZqaFuW.js:21
[ 3400411ms] [ERROR] Failed to load resource: net::ERR_CONNECTION_REFUSED @ http://localhost:8511/_stcore/host-config:0
[ 3402308ms] [ERROR] Failed to load resource: net::ERR_CONNECTION_REFUSED @ http://localhost:8511/_stcore/health:0
[ 3402308ms] [ERROR] Client Error in reaching server endpoint - No response received when attempting to reach /_stcore/health @ http://localhost:8511/static/js/index.D2ZqaFuW.js:16
[ 3402309ms] [ERROR] Is Streamlit still running? If you accidentally stopped Streamlit, just restart it in your terminal: @ http://localhost:8511/static/js/index.D2ZqaFuW.js:21
[ 3402438ms] [ERROR] Failed to load resource: net::ERR_CONNECTION_REFUSED @ http://localhost:8511/_stcore/host-config:0
[ 3404316ms] [ERROR] Failed to load resource: net::ERR_CONNECTION_REFUSED @ http://localhost:8511/_stcore/health:0
[ 3404317ms] [ERROR] Client Error in reaching server endpoint - No response received when attempting to reach /_stcore/health @ http://localhost:8511/static/js/index.D2ZqaFuW.js:16
[ 3404317ms] [ERROR] Is Streamlit still running? If you accidentally stopped Streamlit, just restart it in your terminal: @ http://localhost:8511/static/js/index.D2ZqaFuW.js:21
[ 3404431ms] [ERROR] Failed to load resource: net::ERR_CONNECTION_REFUSED @ http://localhost:8511/_stcore/host-config:0
[ 3406325ms] [ERROR] Failed to load resource: net::ERR_CONNECTION_REFUSED @ http://localhost:8511/_stcore/health:0
[ 3406325ms] [ERROR] Client Error in reaching server endpoint - No response received when attempting to reach /_stcore/health @ http://localhost:8511/static/js/index.D2ZqaFuW.js:16
[ 3406325ms] [ERROR] Is Streamlit still running? If you accidentally stopped Streamlit, just restart it in your terminal: @ http://localhost:8511/static/js/index.D2ZqaFuW.js:21
[ 3406438ms] [ERROR] Failed to load resource: net::ERR_CONNECTION_REFUSED @ http://localhost:8511/_stcore/host-config:0
[ 3408333ms] [ERROR] Failed to load resource: net::ERR_CONNECTION_REFUSED @ http://localhost:8511/_stcore/health:0
[ 3408333ms] [ERROR] Client Error in reaching server endpoint - No response received when attempting to reach /_stcore/health @ http://localhost:8511/static/js/index.D2ZqaFuW.js:16
[ 3408333ms] [ERROR] Is Streamlit still running? If you accidentally stopped Streamlit, just restart it in your terminal: @ http://localhost:8511/static/js/index.D2ZqaFuW.js:21
[ 3408446ms] [ERROR] Failed to load resource: net::ERR_CONNECTION_REFUSED @ http://localhost:8511/_stcore/host-config:0
[ 3410341ms] [ERROR] Failed to load resource: net::ERR_CONNECTION_REFUSED @ http://localhost:8511/_stcore/health:0
[ 3410341ms] [ERROR] Client Error in reaching server endpoint - No response received when attempting to reach /_stcore/health @ http://localhost:8511/static/js/index.D2ZqaFuW.js:16
[ 3410341ms] [ERROR] Is Streamlit still running? If you accidentally stopped Streamlit, just restart it in your terminal: @ http://localhost:8511/static/js/index.D2ZqaFuW.js:21
[ 3410474ms] [ERROR] Failed to load resource: net::ERR_CONNECTION_REFUSED @ http://localhost:8511/_stcore/host-config:0
[ 3412347ms] [ERROR] Failed to load resource: net::ERR_CONNECTION_REFUSED @ http://localhost:8511/_stcore/host-config:0
[ 3412347ms] [ERROR] Client Error in reaching server endpoint - No response received when attempting to reach /_stcore/host-config @ http://localhost:8511/static/js/index.D2ZqaFuW.js:16
[ 3412347ms] [ERROR] Is Streamlit still running? If you accidentally stopped Streamlit, just restart it in your terminal: @ http://localhost:8511/static/js/index.D2ZqaFuW.js:21
[ 3412460ms] [ERROR] Failed to load resource: net::ERR_CONNECTION_REFUSED @ http://localhost:8511/_stcore/health:0
[ 3414357ms] [ERROR] Failed to load resource: net::ERR_CONNECTION_REFUSED @ http://localhost:8511/_stcore/health:0
[ 3414357ms] [ERROR] Client Error in reaching server endpoint - No response received when attempting to reach /_stcore/health @ http://localhost:8511/static/js/index.D2ZqaFuW.js:16
[ 3414357ms] [ERROR] Is Streamlit still running? If you accidentally stopped Streamlit, just restart it in your terminal: @ http://localhost:8511/static/js/index.D2ZqaFuW.js:21
[ 3414501ms] [ERROR] Failed to load resource: net::ERR_CONNECTION_REFUSED @ http://localhost:8511/_stcore/host-config:0
[ 3416364ms] [ERROR] Failed to load resource: net::ERR_CONNECTION_REFUSED @ http://localhost:8511/_stcore/health:0
[ 3416365ms] [ERROR] Client Error in reaching server endpoint - No response received when attempting to reach /_stcore/health @ http://localhost:8511/static/js/index.D2ZqaFuW.js:16
[ 3416365ms] [ERROR] Is Streamlit still running? If you accidentally stopped Streamlit, just restart it in your terminal: @ http://localhost:8511/static/js/index.D2ZqaFuW.js:21
[ 3416587ms] [ERROR] Failed to load resource: net::ERR_CONNECTION_REFUSED @ http://localhost:8511/_stcore/host-config:0
[ 3418373ms] [ERROR] Failed to load resource: net::ERR_CONNECTION_REFUSED @ http://localhost:8511/_stcore/health:0
[ 3418373ms] [ERROR] Client Error in reaching server endpoint - No response received when attempting to reach /_stcore/health @ http://localhost:8511/static/js/index.D2ZqaFuW.js:16
[ 3418374ms] [ERROR] Is Streamlit still running? If you accidentally stopped Streamlit, just restart it in your terminal: @ http://localhost:8511/static/js/index.D2ZqaFuW.js:21
[ 3418504ms] [ERROR] Failed to load resource: net::ERR_CONNECTION_REFUSED @ http://localhost:8511/_stcore/host-config:0
[ 3420381ms] [ERROR] Failed to load resource: net::ERR_CONNECTION_REFUSED @ http://localhost:8511/_stcore/host-config:0
[ 3420381ms] [ERROR] Client Error in reaching server endpoint - No response received when attempting to reach /_stcore/host-config @ http://localhost:8511/static/js/index.D2ZqaFuW.js:16
[ 3420381ms] [ERROR] Is Streamlit still running? If you accidentally stopped Streamlit, just restart it in your terminal: @ http://localhost:8511/static/js/index.D2ZqaFuW.js:21
[ 3420518ms] [ERROR] Failed to load resource: net::ERR_CONNECTION_REFUSED @ http://localhost:8511/_stcore/health:0
[ 3422388ms] [ERROR] Failed to load resource: net::ERR_CONNECTION_REFUSED @ http://localhost:8511/_stcore/health:0
[ 3422388ms] [ERROR] Client Error in reaching server endpoint - No response received when attempting to reach /_stcore/health @ http://localhost:8511/static/js/index.D2ZqaFuW.js:16
[ 3422389ms] [ERROR] Is Streamlit still running? If you accidentally stopped Streamlit, just restart it in your terminal: @ http://localhost:8511/static/js/index.D2ZqaFuW.js:21
[ 3422501ms] [ERROR] Failed to load resource: net::ERR_CONNECTION_REFUSED @ http://localhost:8511/_stcore/host-config:0
[ 3424397ms] [ERROR] Failed to load resource: net::ERR_CONNECTION_REFUSED @ http://localhost:8511/_stcore/health:0
[ 3424397ms] [ERROR] Client Error in reaching server endpoint - No response received when attempting to reach /_stcore/health @ http://localhost:8511/static/js/index.D2ZqaFuW.js:16
[ 3424398ms] [ERROR] Is Streamlit still running? If you accidentally stopped Streamlit, just restart it in your terminal: @ http://localhost:8511/static/js/index.D2ZqaFuW.js:21
[ 3424512ms] [ERROR] Failed to load resource: net::ERR_CONNECTION_REFUSED @ http://localhost:8511/_stcore/host-config:0
[ 3426404ms] [ERROR] Failed to load resource: net::ERR_CONNECTION_REFUSED @ http://localhost:8511/_stcore/health:0
[ 3426405ms] [ERROR] Client Error in reaching server endpoint - No response received when attempting to reach /_stcore/health @ http://localhost:8511/static/js/index.D2ZqaFuW.js:16
[ 3426405ms] [ERROR] Is Streamlit still running? If you accidentally stopped Streamlit, just restart it in your terminal: @ http://localhost:8511/static/js/index.D2ZqaFuW.js:21
[ 3426536ms] [ERROR] Failed to load resource: net::ERR_CONNECTION_REFUSED @ http://localhost:8511/_stcore/host-config:0
[ 3428413ms] [ERROR] Failed to load resource: net::ERR_CONNECTION_REFUSED @ http://localhost:8511/_stcore/health:0
[ 3428413ms] [ERROR] Client Error in reaching server endpoint - No response received when attempting to reach /_stcore/health @ http://localhost:8511/static/js/index.D2ZqaFuW.js:16
[ 3428413ms] [ERROR] Is Streamlit still running? If you accidentally stopped Streamlit, just restart it in your terminal: @ http://localhost:8511/static/js/index.D2ZqaFuW.js:21
[ 3428524ms] [ERROR] Failed to load resource: net::ERR_CONNECTION_REFUSED @ http://localhost:8511/_stcore/host-config:0
[ 3430421ms] [ERROR] Failed to load resource: net::ERR_CONNECTION_REFUSED @ http://localhost:8511/_stcore/health:0
[ 3430421ms] [ERROR] Client Error in reaching server endpoint - No response received when attempting to reach /_stcore/health @ http://localhost:8511/static/js/index.D2ZqaFuW.js:16
[ 3430421ms] [ERROR] Is Streamlit still running? If you accidentally stopped Streamlit, just restart it in your terminal: @ http://localhost:8511/static/js/index.D2ZqaFuW.js:21
[ 3430551ms] [ERROR] Failed to load resource: net::ERR_CONNECTION_REFUSED @ http://localhost:8511/_stcore/host-config:0
[ 3432428ms] [ERROR] Failed to load resource: net::ERR_CONNECTION_REFUSED @ http://localhost:8511/_stcore/health:0
[ 3432428ms] [ERROR] Client Error in reaching server endpoint - No response received when attempting to reach /_stcore/health @ http://localhost:8511/static/js/index.D2ZqaFuW.js:16
[ 3432428ms] [ERROR] Is Streamlit still running? If you accidentally stopped Streamlit, just restart it in your terminal: @ http://localhost:8511/static/js/index.D2ZqaFuW.js:21
[ 3432539ms] [ERROR] Failed to load resource: net::ERR_CONNECTION_REFUSED @ http://localhost:8511/_stcore/host-config:0
[ 3434434ms] [ERROR] Failed to load resource: net::ERR_CONNECTION_REFUSED @ http://localhost:8511/_stcore/health:0
[ 3434434ms] [ERROR] Client Error in reaching server endpoint - No response received when attempting to reach /_stcore/health @ http://localhost:8511/static/js/index.D2ZqaFuW.js:16
[ 3434434ms] [ERROR] Is Streamlit still running? If you accidentally stopped Streamlit, just restart it in your terminal: @ http://localhost:8511/static/js/index.D2ZqaFuW.js:21
[ 3434549ms] [ERROR] Failed to load resource: net::ERR_CONNECTION_REFUSED @ http://localhost:8511/_stcore/host-config:0
[ 3436441ms] [ERROR] Failed to load resource: net::ERR_CONNECTION_REFUSED @ http://localhost:8511/_stcore/health:0
[ 3436441ms] [ERROR] Client Error in reaching server endpoint - No response received when attempting to reach /_stcore/health @ http://localhost:8511/static/js/index.D2ZqaFuW.js:16
[ 3436442ms] [ERROR] Is Streamlit still running? If you accidentally stopped Streamlit, just restart it in your terminal: @ http://localhost:8511/static/js/index.D2ZqaFuW.js:21
[ 3436571ms] [ERROR] Failed to load resource: net::ERR_CONNECTION_REFUSED @ http://localhost:8511/_stcore/host-config:0
[ 3438448ms] [ERROR] Failed to load resource: net::ERR_CONNECTION_REFUSED @ http://localhost:8511/_stcore/host-config:0
[ 3438449ms] [ERROR] Client Error in reaching server endpoint - No response received when attempting to reach /_stcore/host-config @ http://localhost:8511/static/js/index.D2ZqaFuW.js:16
[ 3438449ms] [ERROR] Is Streamlit still running? If you accidentally stopped Streamlit, just restart it in your terminal: @ http://localhost:8511/static/js/index.D2ZqaFuW.js:21
[ 3438559ms] [ERROR] Failed to load resource: net::ERR_CONNECTION_REFUSED @ http://localhost:8511/_stcore/health:0
[ 3440456ms] [ERROR] Failed to load resource: net::ERR_CONNECTION_REFUSED @ http://localhost:8511/_stcore/health:0
[ 3440456ms] [ERROR] Client Error in reaching server endpoint - No response received when attempting to reach /_stcore/health @ http://localhost:8511/static/js/index.D2ZqaFuW.js:16
[ 3440456ms] [ERROR] Is Streamlit still running? If you accidentally stopped Streamlit, just restart it in your terminal: @ http://localhost:8511/static/js/index.D2ZqaFuW.js:21
[ 3440584ms] [ERROR] Failed to load resource: net::ERR_CONNECTION_REFUSED @ http://localhost:8511/_stcore/host-config:0
[ 3442461ms] [ERROR] Failed to load resource: net::ERR_CONNECTION_REFUSED @ http://localhost:8511/_stcore/health:0
[ 3442461ms] [ERROR] Client Error in reaching server endpoint - No response received when attempting to reach /_stcore/health @ http://localhost:8511/static/js/index.D2ZqaFuW.js:16
[ 3442462ms] [ERROR] Is Streamlit still running? If you accidentally stopped Streamlit, just restart it in your terminal: @ http://localhost:8511/static/js/index.D2ZqaFuW.js:21
[ 3442572ms] [ERROR] Failed to load resource: net::ERR_CONNECTION_REFUSED @ http://localhost:8511/_stcore/host-config:0
[ 3444467ms] [ERROR] Failed to load resource: net::ERR_CONNECTION_REFUSED @ http://localhost:8511/_stcore/health:0
[ 3444467ms] [ERROR] Client Error in reaching server endpoint - No response received when attempting to reach /_stcore/health @ http://localhost:8511/static/js/index.D2ZqaFuW.js:16
[ 3444467ms] [ERROR] Is Streamlit still running? If you accidentally stopped Streamlit, just restart it in your terminal: @ http://localhost:8511/static/js/index.D2ZqaFuW.js:21
[ 3444587ms] [ERROR] Failed to load resource: net::ERR_CONNECTION_REFUSED @ http://localhost:8511/_stcore/host-config:0
[ 3446472ms] [ERROR] Failed to load resource: net::ERR_CONNECTION_REFUSED @ http://localhost:8511/_stcore/health:0
[ 3446473ms] [ERROR] Client Error in reaching server endpoint - No response received when attempting to reach /_stcore/health @ http://localhost:8511/static/js/index.D2ZqaFuW.js:16
[ 3446473ms] [ERROR] Is Streamlit still running? If you accidentally stopped Streamlit, just restart it in your terminal: @ http://localhost:8511/static/js/index.D2ZqaFuW.js:21
[ 3446602ms] [ERROR] Failed to load resource: net::ERR_CONNECTION_REFUSED @ http://localhost:8511/_stcore/host-config:0
[ 3448482ms] [ERROR] Failed to load resource: net::ERR_CONNECTION_REFUSED @ http://localhost:8511/_stcore/health:0
[ 3448482ms] [ERROR] Client Error in reaching server endpoint - No response received when attempting to reach /_stcore/health @ http://localhost:8511/static/js/index.D2ZqaFuW.js:16
[ 3448482ms] [ERROR] Is Streamlit still running? If you accidentally stopped Streamlit, just restart it in your terminal: @ http://localhost:8511/static/js/index.D2ZqaFuW.js:21
[ 3448598ms] [ERROR] Failed to load resource: net::ERR_CONNECTION_REFUSED @ http://localhost:8511/_stcore/host-config:0
[ 3450489ms] [ERROR] Failed to load resource: net::ERR_CONNECTION_REFUSED @ http://localhost:8511/_stcore/health:0
[ 3450490ms] [ERROR] Client Error in reaching server endpoint - No response received when attempting to reach /_stcore/health @ http://localhost:8511/static/js/index.D2ZqaFuW.js:16
[ 3450490ms] [ERROR] Is Streamlit still running? If you accidentally stopped Streamlit, just restart it in your terminal: @ http://localhost:8511/static/js/index.D2ZqaFuW.js:21
[ 3450601ms] [ERROR] Failed to load resource: net::ERR_CONNECTION_REFUSED @ http://localhost:8511/_stcore/host-config:0
[ 3452499ms] [ERROR] Failed to load resource: net::ERR_CONNECTION_REFUSED @ http://localhost:8511/_stcore/health:0
[ 3452499ms] [ERROR] Client Error in reaching server endpoint - No response received when attempting to reach /_stcore/health @ http://localhost:8511/static/js/index.D2ZqaFuW.js:16
[ 3452499ms] [ERROR] Is Streamlit still running? If you accidentally stopped Streamlit, just restart it in your terminal: @ http://localhost:8511/static/js/index.D2ZqaFuW.js:21
[ 3452633ms] [ERROR] Failed to load resource: net::ERR_CONNECTION_REFUSED @ http://localhost:8511/_stcore/host-config:0
[ 3454507ms] [ERROR] Failed to load resource: net::ERR_CONNECTION_REFUSED @ http://localhost:8511/_stcore/health:0
[ 3454507ms] [ERROR] Client Error in reaching server endpoint - No response received when attempting to reach /_stcore/health @ http://localhost:8511/static/js/index.D2ZqaFuW.js:16
[ 3454507ms] [ERROR] Is Streamlit still running? If you accidentally stopped Streamlit, just restart it in your terminal: @ http://localhost:8511/static/js/index.D2ZqaFuW.js:21
[ 3454644ms] [ERROR] Failed to load resource: net::ERR_CONNECTION_REFUSED @ http://localhost:8511/_stcore/host-config:0
[ 3456514ms] [ERROR] Failed to load resource: net::ERR_CONNECTION_REFUSED @ http://localhost:8511/_stcore/health:0
[ 3456514ms] [ERROR] Client Error in reaching server endpoint - No response received when attempting to reach /_stcore/health @ http://localhost:8511/static/js/index.D2ZqaFuW.js:16
[ 3456515ms] [ERROR] Is Streamlit still running? If you accidentally stopped Streamlit, just restart it in your terminal: @ http://localhost:8511/static/js/index.D2ZqaFuW.js:21
[ 3456626ms] [ERROR] Failed to load resource: net::ERR_CONNECTION_REFUSED @ http://localhost:8511/_stcore/host-config:0
[ 3458521ms] [ERROR] Failed to load resource: net::ERR_CONNECTION_REFUSED @ http://localhost:8511/_stcore/health:0
[ 3458521ms] [ERROR] Client Error in reaching server endpoint - No response received when attempting to reach /_stcore/health @ http://localhost:8511/static/js/index.D2ZqaFuW.js:16
[ 3458521ms] [ERROR] Is Streamlit still running? If you accidentally stopped Streamlit, just restart it in your terminal: @ http://localhost:8511/static/js/index.D2ZqaFuW.js:21
[ 3458637ms] [ERROR] Failed to load resource: net::ERR_CONNECTION_REFUSED @ http://localhost:8511/_stcore/host-config:0
[ 3460529ms] [ERROR] Failed to load resource: net::ERR_CONNECTION_REFUSED @ http://localhost:8511/_stcore/health:0
[ 3460529ms] [ERROR] Client Error in reaching server endpoint - No response received when attempting to reach /_stcore/health @ http://localhost:8511/static/js/index.D2ZqaFuW.js:16
[ 3460530ms] [ERROR] Is Streamlit still running? If you accidentally stopped Streamlit, just restart it in your terminal: @ http://localhost:8511/static/js/index.D2ZqaFuW.js:21
[ 3460657ms] [ERROR] Failed to load resource: net::ERR_CONNECTION_REFUSED @ http://localhost:8511/_stcore/host-config:0
[ 3462537ms] [ERROR] Failed to load resource: net::ERR_CONNECTION_REFUSED @ http://localhost:8511/_stcore/health:0
[ 3462537ms] [ERROR] Client Error in reaching server endpoint - No response received when attempting to reach /_stcore/health @ http://localhost:8511/static/js/index.D2ZqaFuW.js:16
[ 3462537ms] [ERROR] Is Streamlit still running? If you accidentally stopped Streamlit, just restart it in your terminal: @ http://localhost:8511/static/js/index.D2ZqaFuW.js:21
[ 3462648ms] [ERROR] Failed to load resource: net::ERR_CONNECTION_REFUSED @ http://localhost:8511/_stcore/host-config:0
[ 3464545ms] [ERROR] Failed to load resource: net::ERR_CONNECTION_REFUSED @ http://localhost:8511/_stcore/health:0
[ 3464545ms] [ERROR] Client Error in reaching server endpoint - No response received when attempting to reach /_stcore/health @ http://localhost:8511/static/js/index.D2ZqaFuW.js:16
[ 3464545ms] [ERROR] Is Streamlit still running? If you accidentally stopped Streamlit, just restart it in your terminal: @ http://localhost:8511/static/js/index.D2ZqaFuW.js:21
[ 3464674ms] [ERROR] Failed to load resource: net::ERR_CONNECTION_REFUSED @ http://localhost:8511/_stcore/host-config:0
[ 3466552ms] [ERROR] Failed to load resource: net::ERR_CONNECTION_REFUSED @ http://localhost:8511/_stcore/host-config:0
[ 3466553ms] [ERROR] Client Error in reaching server endpoint - No response received when attempting to reach /_stcore/host-config @ http://localhost:8511/static/js/index.D2ZqaFuW.js:16
[ 3466553ms] [ERROR] Is Streamlit still running? If you accidentally stopped Streamlit, just restart it in your terminal: @ http://localhost:8511/static/js/index.D2ZqaFuW.js:21
[ 3466663ms] [ERROR] Failed to load resource: net::ERR_CONNECTION_REFUSED @ http://localhost:8511/_stcore/health:0
[ 3468560ms] [ERROR] Failed to load resource: net::ERR_CONNECTION_REFUSED @ http://localhost:8511/_stcore/health:0
[ 3468560ms] [ERROR] Client Error in reaching server endpoint - No response received when attempting to reach /_stcore/health @ http://localhost:8511/static/js/index.D2ZqaFuW.js:16
[ 3468561ms] [ERROR] Is Streamlit still running? If you accidentally stopped Streamlit, just restart it in your terminal: @ http://localhost:8511/static/js/index.D2ZqaFuW.js:21
[ 3468673ms] [ERROR] Failed to load resource: net::ERR_CONNECTION_REFUSED @ http://localhost:8511/_stcore/host-config:0
[ 3470569ms] [ERROR] Failed to load resource: net::ERR_CONNECTION_REFUSED @ http://localhost:8511/_stcore/health:0
[ 3470569ms] [ERROR] Client Error in reaching server endpoint - No response received when attempting to reach /_stcore/health @ http://localhost:8511/static/js/index.D2ZqaFuW.js:16
[ 3470569ms] [ERROR] Is Streamlit still running? If you accidentally stopped Streamlit, just restart it in your terminal: @ http://localhost:8511/static/js/index.D2ZqaFuW.js:21
[ 3470570ms] [ERROR] Failed to load resource: net::ERR_CONNECTION_REFUSED @ http://localhost:8511/_stcore/host-config:0
[ 3472576ms] [ERROR] Failed to load resource: net::ERR_CONNECTION_REFUSED @ http://localhost:8511/_stcore/health:0
[ 3472576ms] [ERROR] Client Error in reaching server endpoint - No response received when attempting to reach /_stcore/health @ http://localhost:8511/static/js/index.D2ZqaFuW.js:16
[ 3472577ms] [ERROR] Is Streamlit still running? If you accidentally stopped Streamlit, just restart it in your terminal: @ http://localhost:8511/static/js/index.D2ZqaFuW.js:21
[ 3472688ms] [ERROR] Failed to load resource: net::ERR_CONNECTION_REFUSED @ http://localhost:8511/_stcore/host-config:0
[ 3474586ms] [ERROR] Failed to load resource: net::ERR_CONNECTION_REFUSED @ http://localhost:8511/_stcore/health:0
[ 3474586ms] [ERROR] Client Error in reaching server endpoint - No response received when attempting to reach /_stcore/health @ http://localhost:8511/static/js/index.D2ZqaFuW.js:16
[ 3474586ms] [ERROR] Is Streamlit still running? If you accidentally stopped Streamlit, just restart it in your terminal: @ http://localhost:8511/static/js/index.D2ZqaFuW.js:21
[ 3474721ms] [ERROR] Failed to load resource: net::ERR_CONNECTION_REFUSED @ http://localhost:8511/_stcore/host-config:0
[ 3476593ms] [ERROR] Failed to load resource: net::ERR_CONNECTION_REFUSED @ http://localhost:8511/_stcore/health:0
[ 3476593ms] [ERROR] Client Error in reaching server endpoint - No response received when attempting to reach /_stcore/health @ http://localhost:8511/static/js/index.D2ZqaFuW.js:16
[ 3476593ms] [ERROR] Is Streamlit still running? If you accidentally stopped Streamlit, just restart it in your terminal: @ http://localhost:8511/static/js/index.D2ZqaFuW.js:21
[ 3476712ms] [ERROR] Failed to load resource: net::ERR_CONNECTION_REFUSED @ http://localhost:8511/_stcore/host-config:0
[ 3478598ms] [ERROR] Failed to load resource: net::ERR_CONNECTION_REFUSED @ http://localhost:8511/_stcore/host-config:0
[ 3478598ms] [ERROR] Client Error in reaching server endpoint - No response received when attempting to reach /_stcore/host-config @ http://localhost:8511/static/js/index.D2ZqaFuW.js:16
[ 3478599ms] [ERROR] Is Streamlit still running? If you accidentally stopped Streamlit, just restart it in your terminal: @ http://localhost:8511/static/js/index.D2ZqaFuW.js:21
[ 3478729ms] [ERROR] Failed to load resource: net::ERR_CONNECTION_REFUSED @ http://localhost:8511/_stcore/health:0
[ 3480606ms] [ERROR] Failed to load resource: net::ERR_CONNECTION_REFUSED @ http://localhost:8511/_stcore/health:0
[ 3480606ms] [ERROR] Client Error in reaching server endpoint - No response received when attempting to reach /_stcore/health @ http://localhost:8511/static/js/index.D2ZqaFuW.js:16
[ 3480607ms] [ERROR] Is Streamlit still running? If you accidentally stopped Streamlit, just restart it in your terminal: @ http://localhost:8511/static/js/index.D2ZqaFuW.js:21
[ 3480741ms] [ERROR] Failed to load resource: net::ERR_CONNECTION_REFUSED @ http://localhost:8511/_stcore/host-config:0
[ 3482614ms] [ERROR] Failed to load resource: net::ERR_CONNECTION_REFUSED @ http://localhost:8511/_stcore/host-config:0
[ 3482614ms] [ERROR] Client Error in reaching server endpoint - No response received when attempting to reach /_stcore/host-config @ http://localhost:8511/static/js/index.D2ZqaFuW.js:16
[ 3482614ms] [ERROR] Is Streamlit still running? If you accidentally stopped Streamlit, just restart it in your terminal: @ http://localhost:8511/static/js/index.D2ZqaFuW.js:21
[ 3482729ms] [ERROR] Failed to load resource: net::ERR_CONNECTION_REFUSED @ http://localhost:8511/_stcore/health:0
[ 3484622ms] [ERROR] Failed to load resource: net::ERR_CONNECTION_REFUSED @ http://localhost:8511/_stcore/health:0
[ 3484622ms] [ERROR] Client Error in reaching server endpoint - No response received when attempting to reach /_stcore/health @ http://localhost:8511/static/js/index.D2ZqaFuW.js:16
[ 3484623ms] [ERROR] Is Streamlit still running? If you accidentally stopped Streamlit, just restart it in your terminal: @ http://localhost:8511/static/js/index.D2ZqaFuW.js:21
[ 3484755ms] [ERROR] Failed to load resource: net::ERR_CONNECTION_REFUSED @ http://localhost:8511/_stcore/host-config:0
[ 3486630ms] [ERROR] Failed to load resource: net::ERR_CONNECTION_REFUSED @ http://localhost:8511/_stcore/health:0
[ 3486630ms] [ERROR] Client Error in reaching server endpoint - No response received when attempting to reach /_stcore/health @ http://localhost:8511/static/js/index.D2ZqaFuW.js:16
[ 3486631ms] [ERROR] Is Streamlit still running? If you accidentally stopped Streamlit, just restart it in your terminal: @ http://localhost:8511/static/js/index.D2ZqaFuW.js:21
[ 3486750ms] [ERROR] Failed to load resource: net::ERR_CONNECTION_REFUSED @ http://localhost:8511/_stcore/host-config:0
[ 3488639ms] [ERROR] Failed to load resource: net::ERR_CONNECTION_REFUSED @ http://localhost:8511/_stcore/health:0
[ 3488639ms] [ERROR] Client Error in reaching server endpoint - No response received when attempting to reach /_stcore/health @ http://localhost:8511/static/js/index.D2ZqaFuW.js:16
[ 3488639ms] [ERROR] Is Streamlit still running? If you accidentally stopped Streamlit, just restart it in your terminal: @ http://localhost:8511/static/js/index.D2ZqaFuW.js:21
[ 3488756ms] [ERROR] Failed to load resource: net::ERR_CONNECTION_REFUSED @ http://localhost:8511/_stcore/host-config:0
[ 3490646ms] [ERROR] Failed to load resource: net::ERR_CONNECTION_REFUSED @ http://localhost:8511/_stcore/health:0
[ 3490646ms] [ERROR] Client Error in reaching server endpoint - No response received when attempting to reach /_stcore/health @ http://localhost:8511/static/js/index.D2ZqaFuW.js:16
[ 3490646ms] [ERROR] Is Streamlit still running? If you accidentally stopped Streamlit, just restart it in your terminal: @ http://localhost:8511/static/js/index.D2ZqaFuW.js:21
[ 3490779ms] [ERROR] Failed to load resource: net::ERR_CONNECTION_REFUSED @ http://localhost:8511/_stcore/host-config:0
[ 3492653ms] [ERROR] Failed to load resource: net::ERR_CONNECTION_REFUSED @ http://localhost:8511/_stcore/health:0
[ 3492654ms] [ERROR] Client Error in reaching server endpoint - No response received when attempting to reach /_stcore/health @ http://localhost:8511/static/js/index.D2ZqaFuW.js:16
[ 3492654ms] [ERROR] Is Streamlit still running? If you accidentally stopped Streamlit, just restart it in your terminal: @ http://localhost:8511/static/js/index.D2ZqaFuW.js:21
[ 3492775ms] [ERROR] Failed to load resource: net::ERR_CONNECTION_REFUSED @ http://localhost:8511/_stcore/host-config:0
[ 3494661ms] [ERROR] Failed to load resource: net::ERR_CONNECTION_REFUSED @ http://localhost:8511/_stcore/health:0
[ 3494662ms] [ERROR] Client Error in reaching server endpoint - No response received when attempting to reach /_stcore/health @ http://localhost:8511/static/js/index.D2ZqaFuW.js:16
[ 3494662ms] [ERROR] Is Streamlit still running? If you accidentally stopped Streamlit, just restart it in your terminal: @ http://localhost:8511/static/js/index.D2ZqaFuW.js:21
[ 3494780ms] [ERROR] Failed to load resource: net::ERR_CONNECTION_REFUSED @ http://localhost:8511/_stcore/host-config:0
[ 3496669ms] [ERROR] Failed to load resource: net::ERR_CONNECTION_REFUSED @ http://localhost:8511/_stcore/health:0
[ 3496669ms] [ERROR] Client Error in reaching server endpoint - No response received when attempting to reach /_stcore/health @ http://localhost:8511/static/js/index.D2ZqaFuW.js:16
[ 3496670ms] [ERROR] Is Streamlit still running? If you accidentally stopped Streamlit, just restart it in your terminal: @ http://localhost:8511/static/js/index.D2ZqaFuW.js:21
[ 3496786ms] [ERROR] Failed to load resource: net::ERR_CONNECTION_REFUSED @ http://localhost:8511/_stcore/host-config:0
[ 3498679ms] [ERROR] Failed to load resource: net::ERR_CONNECTION_REFUSED @ http://localhost:8511/_stcore/health:0
[ 3498680ms] [ERROR] Client Error in reaching server endpoint - No response received when attempting to reach /_stcore/health @ http://localhost:8511/static/js/index.D2ZqaFuW.js:16
[ 3498680ms] [ERROR] Is Streamlit still running? If you accidentally stopped Streamlit, just restart it in your terminal: @ http://localhost:8511/static/js/index.D2ZqaFuW.js:21
[ 3498680ms] [ERROR] Failed to load resource: net::ERR_CONNECTION_REFUSED @ http://localhost:8511/_stcore/host-config:0
[ 3500687ms] [ERROR] Failed to load resource: net::ERR_CONNECTION_REFUSED @ http://localhost:8511/_stcore/health:0
[ 3500687ms] [ERROR] Client Error in reaching server endpoint - No response received when attempting to reach /_stcore/health @ http://localhost:8511/static/js/index.D2ZqaFuW.js:16
[ 3500688ms] [ERROR] Is Streamlit still running? If you accidentally stopped Streamlit, just restart it in your terminal: @ http://localhost:8511/static/js/index.D2ZqaFuW.js:21
[ 3500804ms] [ERROR] Failed to load resource: net::ERR_CONNECTION_REFUSED @ http://localhost:8511/_stcore/host-config:0
[ 3502696ms] [ERROR] Failed to load resource: net::ERR_CONNECTION_REFUSED @ http://localhost:8511/_stcore/health:0
[ 3502696ms] [ERROR] Client Error in reaching server endpoint - No response received when attempting to reach /_stcore/health @ http://localhost:8511/static/js/index.D2ZqaFuW.js:16
[ 3502696ms] [ERROR] Is Streamlit still running? If you accidentally stopped Streamlit, just restart it in your terminal: @ http://localhost:8511/static/js/index.D2ZqaFuW.js:21
[ 3502811ms] [ERROR] Failed to load resource: net::ERR_CONNECTION_REFUSED @ http://localhost:8511/_stcore/host-config:0
[ 3504705ms] [ERROR] Failed to load resource: net::ERR_CONNECTION_REFUSED @ http://localhost:8511/_stcore/health:0
[ 3504705ms] [ERROR] Client Error in reaching server endpoint - No response received when attempting to reach /_stcore/health @ http://localhost:8511/static/js/index.D2ZqaFuW.js:16
[ 3504705ms] [ERROR] Is Streamlit still running? If you accidentally stopped Streamlit, just restart it in your terminal: @ http://localhost:8511/static/js/index.D2ZqaFuW.js:21
[ 3504843ms] [ERROR] Failed to load resource: net::ERR_CONNECTION_REFUSED @ http://localhost:8511/_stcore/host-config:0
[ 3506712ms] [ERROR] Failed to load resource: net::ERR_CONNECTION_REFUSED @ http://localhost:8511/_stcore/health:0
[ 3506712ms] [ERROR] Client Error in reaching server endpoint - No response received when attempting to reach /_stcore/health @ http://localhost:8511/static/js/index.D2ZqaFuW.js:16
[ 3506713ms] [ERROR] Is Streamlit still running? If you accidentally stopped Streamlit, just restart it in your terminal: @ http://localhost:8511/static/js/index.D2ZqaFuW.js:21
[ 3506826ms] [ERROR] Failed to load resource: net::ERR_CONNECTION_REFUSED @ http://localhost:8511/_stcore/host-config:0
[ 3508720ms] [ERROR] Failed to load resource: net::ERR_CONNECTION_REFUSED @ http://localhost:8511/_stcore/health:0
[ 3508720ms] [ERROR] Client Error in reaching server endpoint - No response received when attempting to reach /_stcore/health @ http://localhost:8511/static/js/index.D2ZqaFuW.js:16
[ 3508720ms] [ERROR] Is Streamlit still running? If you accidentally stopped Streamlit, just restart it in your terminal: @ http://localhost:8511/static/js/index.D2ZqaFuW.js:21
[ 3508851ms] [ERROR] Failed to load resource: net::ERR_CONNECTION_REFUSED @ http://localhost:8511/_stcore/host-config:0
[ 3510727ms] [ERROR] Failed to load resource: net::ERR_CONNECTION_REFUSED @ http://localhost:8511/_stcore/health:0
[ 3510728ms] [ERROR] Client Error in reaching server endpoint - No response received when attempting to reach /_stcore/health @ http://localhost:8511/static/js/index.D2ZqaFuW.js:16
[ 3510728ms] [ERROR] Is Streamlit still running? If you accidentally stopped Streamlit, just restart it in your terminal: @ http://localhost:8511/static/js/index.D2ZqaFuW.js:21
[ 3510843ms] [ERROR] Failed to load resource: net::ERR_CONNECTION_REFUSED @ http://localhost:8511/_stcore/host-config:0
[ 3512735ms] [ERROR] Failed to load resource: net::ERR_CONNECTION_REFUSED @ http://localhost:8511/_stcore/health:0
[ 3512735ms] [ERROR] Client Error in reaching server endpoint - No response received when attempting to reach /_stcore/health @ http://localhost:8511/static/js/index.D2ZqaFuW.js:16
[ 3512736ms] [ERROR] Is Streamlit still running? If you accidentally stopped Streamlit, just restart it in your terminal: @ http://localhost:8511/static/js/index.D2ZqaFuW.js:21
[ 3512848ms] [ERROR] Failed to load resource: net::ERR_CONNECTION_REFUSED @ http://localhost:8511/_stcore/host-config:0
[ 3514744ms] [ERROR] Failed to load resource: net::ERR_CONNECTION_REFUSED @ http://localhost:8511/_stcore/health:0
[ 3514744ms] [ERROR] Client Error in reaching server endpoint - No response received when attempting to reach /_stcore/health @ http://localhost:8511/static/js/index.D2ZqaFuW.js:16
[ 3514745ms] [ERROR] Is Streamlit still running? If you accidentally stopped Streamlit, just restart it in your terminal: @ http://localhost:8511/static/js/index.D2ZqaFuW.js:21
[ 3514745ms] [ERROR] Failed to load resource: net::ERR_CONNECTION_REFUSED @ http://localhost:8511/_stcore/host-config:0
[ 3516752ms] [ERROR] Failed to load resource: net::ERR_CONNECTION_REFUSED @ http://localhost:8511/_stcore/health:0
[ 3516752ms] [ERROR] Client Error in reaching server endpoint - No response received when attempting to reach /_stcore/health @ http://localhost:8511/static/js/index.D2ZqaFuW.js:16
[ 3516753ms] [ERROR] Is Streamlit still running? If you accidentally stopped Streamlit, just restart it in your terminal: @ http://localhost:8511/static/js/index.D2ZqaFuW.js:21
[ 3516867ms] [ERROR] Failed to load resource: net::ERR_CONNECTION_REFUSED @ http://localhost:8511/_stcore/host-config:0
[ 3518759ms] [ERROR] Failed to load resource: net::ERR_CONNECTION_REFUSED @ http://localhost:8511/_stcore/health:0
[ 3518759ms] [ERROR] Client Error in reaching server endpoint - No response received when attempting to reach /_stcore/health @ http://localhost:8511/static/js/index.D2ZqaFuW.js:16
[ 3518759ms] [ERROR] Is Streamlit still running? If you accidentally stopped Streamlit, just restart it in your terminal: @ http://localhost:8511/static/js/index.D2ZqaFuW.js:21
[ 3518887ms] [ERROR] Failed to load resource: net::ERR_CONNECTION_REFUSED @ http://localhost:8511/_stcore/host-config:0
[ 3520767ms] [ERROR] Failed to load resource: net::ERR_CONNECTION_REFUSED @ http://localhost:8511/_stcore/health:0
[ 3520768ms] [ERROR] Client Error in reaching server endpoint - No response received when attempting to reach /_stcore/health @ http://localhost:8511/static/js/index.D2ZqaFuW.js:16
[ 3520768ms] [ERROR] Is Streamlit still running? If you accidentally stopped Streamlit, just restart it in your terminal: @ http://localhost:8511/static/js/index.D2ZqaFuW.js:21
[ 3520879ms] [ERROR] Failed to load resource: net::ERR_CONNECTION_REFUSED @ http://localhost:8511/_stcore/host-config:0
[ 3522776ms] [ERROR] Failed to load resource: net::ERR_CONNECTION_REFUSED @ http://localhost:8511/_stcore/host-config:0
[ 3522776ms] [ERROR] Client Error in reaching server endpoint - No response received when attempting to reach /_stcore/host-config @ http://localhost:8511/static/js/index.D2ZqaFuW.js:16
[ 3522776ms] [ERROR] Is Streamlit still running? If you accidentally stopped Streamlit, just restart it in your terminal: @ http://localhost:8511/static/js/index.D2ZqaFuW.js:21
[ 3522889ms] [ERROR] Failed to load resource: net::ERR_CONNECTION_REFUSED @ http://localhost:8511/_stcore/health:0
[ 3524784ms] [ERROR] Failed to load resource: net::ERR_CONNECTION_REFUSED @ http://localhost:8511/_stcore/health:0
[ 3524784ms] [ERROR] Client Error in reaching server endpoint - No response received when attempting to reach /_stcore/health @ http://localhost:8511/static/js/index.D2ZqaFuW.js:16
[ 3524784ms] [ERROR] Is Streamlit still running? If you accidentally stopped Streamlit, just restart it in your terminal: @ http://localhost:8511/static/js/index.D2ZqaFuW.js:21
[ 3525004ms] [ERROR] Failed to load resource: net::ERR_CONNECTION_REFUSED @ http://localhost:8511/_stcore/host-config:0
[ 3526791ms] [ERROR] Failed to load resource: net::ERR_CONNECTION_REFUSED @ http://localhost:8511/_stcore/health:0
[ 3526791ms] [ERROR] Client Error in reaching server endpoint - No response received when attempting to reach /_stcore/health @ http://localhost:8511/static/js/index.D2ZqaFuW.js:16
[ 3526791ms] [ERROR] Is Streamlit still running? If you accidentally stopped Streamlit, just restart it in your terminal: @ http://localhost:8511/static/js/index.D2ZqaFuW.js:21
[ 3526906ms] [ERROR] Failed to load resource: net::ERR_CONNECTION_REFUSED @ http://localhost:8511/_stcore/host-config:0
[ 3528799ms] [ERROR] Failed to load resource: net::ERR_CONNECTION_REFUSED @ http://localhost:8511/_stcore/host-config:0
[ 3528799ms] [ERROR] Client Error in reaching server endpoint - No response received when attempting to reach /_stcore/host-config @ http://localhost:8511/static/js/index.D2ZqaFuW.js:16
[ 3528799ms] [ERROR] Is Streamlit still running? If you accidentally stopped Streamlit, just restart it in your terminal: @ http://localhost:8511/static/js/index.D2ZqaFuW.js:21
[ 3528931ms] [ERROR] Failed to load resource: net::ERR_CONNECTION_REFUSED @ http://localhost:8511/_stcore/health:0
[ 3530806ms] [ERROR] Failed to load resource: net::ERR_CONNECTION_REFUSED @ http://localhost:8511/_stcore/health:0
[ 3530806ms] [ERROR] Client Error in reaching server endpoint - No response received when attempting to reach /_stcore/health @ http://localhost:8511/static/js/index.D2ZqaFuW.js:16
[ 3530807ms] [ERROR] Is Streamlit still running? If you accidentally stopped Streamlit, just restart it in your terminal: @ http://localhost:8511/static/js/index.D2ZqaFuW.js:21
[ 3530917ms] [ERROR] Failed to load resource: net::ERR_CONNECTION_REFUSED @ http://localhost:8511/_stcore/host-config:0
[ 3532813ms] [ERROR] Failed to load resource: net::ERR_CONNECTION_REFUSED @ http://localhost:8511/_stcore/host-config:0
[ 3532813ms] [ERROR] Client Error in reaching server endpoint - No response received when attempting to reach /_stcore/host-config @ http://localhost:8511/static/js/index.D2ZqaFuW.js:16
[ 3532813ms] [ERROR] Is Streamlit still running? If you accidentally stopped Streamlit, just restart it in your terminal: @ http://localhost:8511/static/js/index.D2ZqaFuW.js:21
[ 3532922ms] [ERROR] Failed to load resource: net::ERR_CONNECTION_REFUSED @ http://localhost:8511/_stcore/health:0
[ 3534818ms] [ERROR] Failed to load resource: net::ERR_CONNECTION_REFUSED @ http://localhost:8511/_stcore/health:0
[ 3534818ms] [ERROR] Client Error in reaching server endpoint - No response received when attempting to reach /_stcore/health @ http://localhost:8511/static/js/index.D2ZqaFuW.js:16
[ 3534818ms] [ERROR] Is Streamlit still running? If you accidentally stopped Streamlit, just restart it in your terminal: @ http://localhost:8511/static/js/index.D2ZqaFuW.js:21
[ 3534950ms] [ERROR] Failed to load resource: net::ERR_CONNECTION_REFUSED @ http://localhost:8511/_stcore/host-config:0
[ 3536825ms] [ERROR] Failed to load resource: net::ERR_CONNECTION_REFUSED @ http://localhost:8511/_stcore/health:0
[ 3536826ms] [ERROR] Client Error in reaching server endpoint - No response received when attempting to reach /_stcore/health @ http://localhost:8511/static/js/index.D2ZqaFuW.js:16
[ 3536826ms] [ERROR] Is Streamlit still running? If you accidentally stopped Streamlit, just restart it in your terminal: @ http://localhost:8511/static/js/index.D2ZqaFuW.js:21
[ 3536945ms] [ERROR] Failed to load resource: net::ERR_CONNECTION_REFUSED @ http://localhost:8511/_stcore/host-config:0
[ 3538834ms] [ERROR] Failed to load resource: net::ERR_CONNECTION_REFUSED @ http://localhost:8511/_stcore/health:0
[ 3538834ms] [ERROR] Client Error in reaching server endpoint - No response received when attempting to reach /_stcore/health @ http://localhost:8511/static/js/index.D2ZqaFuW.js:16
[ 3538835ms] [ERROR] Is Streamlit still running? If you accidentally stopped Streamlit, just restart it in your terminal: @ http://localhost:8511/static/js/index.D2ZqaFuW.js:21
[ 3538947ms] [ERROR] Failed to load resource: net::ERR_CONNECTION_REFUSED @ http://localhost:8511/_stcore/host-config:0
[ 3540842ms] [ERROR] Failed to load resource: net::ERR_CONNECTION_REFUSED @ http://localhost:8511/_stcore/health:0
[ 3540842ms] [ERROR] Client Error in reaching server endpoint - No response received when attempting to reach /_stcore/health @ http://localhost:8511/static/js/index.D2ZqaFuW.js:16
[ 3540843ms] [ERROR] Is Streamlit still running? If you accidentally stopped Streamlit, just restart it in your terminal: @ http://localhost:8511/static/js/index.D2ZqaFuW.js:21
[ 3540953ms] [ERROR] Failed to load resource: net::ERR_CONNECTION_REFUSED @ http://localhost:8511/_stcore/host-config:0
[ 3542850ms] [ERROR] Failed to load resource: net::ERR_CONNECTION_REFUSED @ http://localhost:8511/_stcore/health:0
[ 3542850ms] [ERROR] Client Error in reaching server endpoint - No response received when attempting to reach /_stcore/health @ http://localhost:8511/static/js/index.D2ZqaFuW.js:16
[ 3542851ms] [ERROR] Is Streamlit still running? If you accidentally stopped Streamlit, just restart it in your terminal: @ http://localhost:8511/static/js/index.D2ZqaFuW.js:21
[ 3542983ms] [ERROR] Failed to load resource: net::ERR_CONNECTION_REFUSED @ http://localhost:8511/_stcore/host-config:0
[ 3544858ms] [ERROR] Failed to load resource: net::ERR_CONNECTION_REFUSED @ http://localhost:8511/_stcore/health:0
[ 3544858ms] [ERROR] Client Error in reaching server endpoint - No response received when attempting to reach /_stcore/health @ http://localhost:8511/static/js/index.D2ZqaFuW.js:16
[ 3544858ms] [ERROR] Is Streamlit still running? If you accidentally stopped Streamlit, just restart it in your terminal: @ http://localhost:8511/static/js/index.D2ZqaFuW.js:21
[ 3544976ms] [ERROR] Failed to load resource: net::ERR_CONNECTION_REFUSED @ http://localhost:8511/_stcore/host-config:0
[ 3546864ms] [ERROR] Failed to load resource: net::ERR_CONNECTION_REFUSED @ http://localhost:8511/_stcore/health:0
[ 3546864ms] [ERROR] Client Error in reaching server endpoint - No response received when attempting to reach /_stcore/health @ http://localhost:8511/static/js/index.D2ZqaFuW.js:16
[ 3546865ms] [ERROR] Is Streamlit still running? If you accidentally stopped Streamlit, just restart it in your terminal: @ http://localhost:8511/static/js/index.D2ZqaFuW.js:21
[ 3546977ms] [ERROR] Failed to load resource: net::ERR_CONNECTION_REFUSED @ http://localhost:8511/_stcore/host-config:0
[ 3548870ms] [ERROR] Failed to load resource: net::ERR_CONNECTION_REFUSED @ http://localhost:8511/_stcore/health:0
[ 3548870ms] [ERROR] Client Error in reaching server endpoint - No response received when attempting to reach /_stcore/health @ http://localhost:8511/static/js/index.D2ZqaFuW.js:16
[ 3548870ms] [ERROR] Is Streamlit still running? If you accidentally stopped Streamlit, just restart it in your terminal: @ http://localhost:8511/static/js/index.D2ZqaFuW.js:21
[ 3549001ms] [ERROR] Failed to load resource: net::ERR_CONNECTION_REFUSED @ http://localhost:8511/_stcore/host-config:0
[ 3550878ms] [ERROR] Failed to load resource: net::ERR_CONNECTION_REFUSED @ http://localhost:8511/_stcore/host-config:0
[ 3550878ms] [ERROR] Client Error in reaching server endpoint - No response received when attempting to reach /_stcore/host-config @ http://localhost:8511/static/js/index.D2ZqaFuW.js:16
[ 3550878ms] [ERROR] Is Streamlit still running? If you accidentally stopped Streamlit, just restart it in your terminal: @ http://localhost:8511/static/js/index.D2ZqaFuW.js:21
[ 3550987ms] [ERROR] Failed to load resource: net::ERR_CONNECTION_REFUSED @ http://localhost:8511/_stcore/health:0
[ 3552885ms] [ERROR] Failed to load resource: net::ERR_CONNECTION_REFUSED @ http://localhost:8511/_stcore/health:0
[ 3552885ms] [ERROR] Client Error in reaching server endpoint - No response received when attempting to reach /_stcore/health @ http://localhost:8511/static/js/index.D2ZqaFuW.js:16
[ 3552886ms] [ERROR] Is Streamlit still running? If you accidentally stopped Streamlit, just restart it in your terminal: @ http://localhost:8511/static/js/index.D2ZqaFuW.js:21
[ 3553017ms] [ERROR] Failed to load resource: net::ERR_CONNECTION_REFUSED @ http://localhost:8511/_stcore/host-config:0
[ 3554893ms] [ERROR] Failed to load resource: net::ERR_CONNECTION_REFUSED @ http://localhost:8511/_stcore/health:0
[ 3554894ms] [ERROR] Client Error in reaching server endpoint - No response received when attempting to reach /_stcore/health @ http://localhost:8511/static/js/index.D2ZqaFuW.js:16
[ 3554894ms] [ERROR] Is Streamlit still running? If you accidentally stopped Streamlit, just restart it in your terminal: @ http://localhost:8511/static/js/index.D2ZqaFuW.js:21
[ 3555004ms] [ERROR] Failed to load resource: net::ERR_CONNECTION_REFUSED @ http://localhost:8511/_stcore/host-config:0
[ 3556901ms] [ERROR] Failed to load resource: net::ERR_CONNECTION_REFUSED @ http://localhost:8511/_stcore/health:0
[ 3556901ms] [ERROR] Client Error in reaching server endpoint - No response received when attempting to reach /_stcore/health @ http://localhost:8511/static/js/index.D2ZqaFuW.js:16
[ 3556902ms] [ERROR] Is Streamlit still running? If you accidentally stopped Streamlit, just restart it in your terminal: @ http://localhost:8511/static/js/index.D2ZqaFuW.js:21
[ 3557013ms] [ERROR] Failed to load resource: net::ERR_CONNECTION_REFUSED @ http://localhost:8511/_stcore/host-config:0
[ 3558909ms] [ERROR] Failed to load resource: net::ERR_CONNECTION_REFUSED @ http://localhost:8511/_stcore/health:0
[ 3558909ms] [ERROR] Client Error in reaching server endpoint - No response received when attempting to reach /_stcore/health @ http://localhost:8511/static/js/index.D2ZqaFuW.js:16
[ 3558909ms] [ERROR] Is Streamlit still running? If you accidentally stopped Streamlit, just restart it in your terminal: @ http://localhost:8511/static/js/index.D2ZqaFuW.js:21
[ 3559027ms] [ERROR] Failed to load resource: net::ERR_CONNECTION_REFUSED @ http://localhost:8511/_stcore/host-config:0
[ 3560917ms] [ERROR] Failed to load resource: net::ERR_CONNECTION_REFUSED @ http://localhost:8511/_stcore/health:0
[ 3560917ms] [ERROR] Client Error in reaching server endpoint - No response received when attempting to reach /_stcore/health @ http://localhost:8511/static/js/index.D2ZqaFuW.js:16
[ 3560917ms] [ERROR] Is Streamlit still running? If you accidentally stopped Streamlit, just restart it in your terminal: @ http://localhost:8511/static/js/index.D2ZqaFuW.js:21
[ 3561028ms] [ERROR] Failed to load resource: net::ERR_CONNECTION_REFUSED @ http://localhost:8511/_stcore/host-config:0
[ 3562924ms] [ERROR] Failed to load resource: net::ERR_CONNECTION_REFUSED @ http://localhost:8511/_stcore/health:0
[ 3562925ms] [ERROR] Client Error in reaching server endpoint - No response received when attempting to reach /_stcore/health @ http://localhost:8511/static/js/index.D2ZqaFuW.js:16
[ 3562925ms] [ERROR] Is Streamlit still running? If you accidentally stopped Streamlit, just restart it in your terminal: @ http://localhost:8511/static/js/index.D2ZqaFuW.js:21
[ 3563052ms] [ERROR] Failed to load resource: net::ERR_CONNECTION_REFUSED @ http://localhost:8511/_stcore/host-config:0
[ 3564933ms] [ERROR] Failed to load resource: net::ERR_CONNECTION_REFUSED @ http://localhost:8511/_stcore/health:0
[ 3564933ms] [ERROR] Client Error in reaching server endpoint - No response received when attempting to reach /_stcore/health @ http://localhost:8511/static/js/index.D2ZqaFuW.js:16
[ 3564934ms] [ERROR] Is Streamlit still running? If you accidentally stopped Streamlit, just restart it in your terminal: @ http://localhost:8511/static/js/index.D2ZqaFuW.js:21
[ 3565044ms] [ERROR] Failed to load resource: net::ERR_CONNECTION_REFUSED @ http://localhost:8511/_stcore/host-config:0
[ 3566941ms] [ERROR] Failed to load resource: net::ERR_CONNECTION_REFUSED @ http://localhost:8511/_stcore/health:0
[ 3566941ms] [ERROR] Client Error in reaching server endpoint - No response received when attempting to reach /_stcore/health @ http://localhost:8511/static/js/index.D2ZqaFuW.js:16
[ 3566942ms] [ERROR] Is Streamlit still running? If you accidentally stopped Streamlit, just restart it in your terminal: @ http://localhost:8511/static/js/index.D2ZqaFuW.js:21
[ 3567051ms] [ERROR] Failed to load resource: net::ERR_CONNECTION_REFUSED @ http://localhost:8511/_stcore/host-config:0
[ 3568950ms] [ERROR] Failed to load resource: net::ERR_CONNECTION_REFUSED @ http://localhost:8511/_stcore/health:0
[ 3568950ms] [ERROR] Client Error in reaching server endpoint - No response received when attempting to reach /_stcore/health @ http://localhost:8511/static/js/index.D2ZqaFuW.js:16
[ 3568950ms] [ERROR] Is Streamlit still running? If you accidentally stopped Streamlit, just restart it in your terminal: @ http://localhost:8511/static/js/index.D2ZqaFuW.js:21
[ 3569077ms] [ERROR] Failed to load resource: net::ERR_CONNECTION_REFUSED @ http://localhost:8511/_stcore/host-config:0
[ 3570958ms] [ERROR] Failed to load resource: net::ERR_CONNECTION_REFUSED @ http://localhost:8511/_stcore/health:0
[ 3570959ms] [ERROR] Client Error in reaching server endpoint - No response received when attempting to reach /_stcore/health @ http://localhost:8511/static/js/index.D2ZqaFuW.js:16
[ 3570959ms] [ERROR] Is Streamlit still running? If you accidentally stopped Streamlit, just restart it in your terminal: @ http://localhost:8511/static/js/index.D2ZqaFuW.js:21
[ 3571080ms] [ERROR] Failed to load resource: net::ERR_CONNECTION_REFUSED @ http://localhost:8511/_stcore/host-config:0
[ 3572966ms] [ERROR] Failed to load resource: net::ERR_CONNECTION_REFUSED @ http://localhost:8511/_stcore/health:0
[ 3572967ms] [ERROR] Client Error in reaching server endpoint - No response received when attempting to reach /_stcore/health @ http://localhost:8511/static/js/index.D2ZqaFuW.js:16
[ 3572967ms] [ERROR] Is Streamlit still running? If you accidentally stopped Streamlit, just restart it in your terminal: @ http://localhost:8511/static/js/index.D2ZqaFuW.js:21
[ 3573176ms] [ERROR] Failed to load resource: net::ERR_CONNECTION_REFUSED @ http://localhost:8511/_stcore/host-config:0
[ 3574975ms] [ERROR] Failed to load resource: net::ERR_CONNECTION_REFUSED @ http://localhost:8511/_stcore/health:0
[ 3574975ms] [ERROR] Client Error in reaching server endpoint - No response received when attempting to reach /_stcore/health @ http://localhost:8511/static/js/index.D2ZqaFuW.js:16
[ 3574975ms] [ERROR] Is Streamlit still running? If you accidentally stopped Streamlit, just restart it in your terminal: @ http://localhost:8511/static/js/index.D2ZqaFuW.js:21
[ 3575087ms] [ERROR] Failed to load resource: net::ERR_CONNECTION_REFUSED @ http://localhost:8511/_stcore/host-config:0
[ 3576983ms] [ERROR] Failed to load resource: net::ERR_CONNECTION_REFUSED @ http://localhost:8511/_stcore/health:0
[ 3576983ms] [ERROR] Client Error in reaching server endpoint - No response received when attempting to reach /_stcore/health @ http://localhost:8511/static/js/index.D2ZqaFuW.js:16
[ 3576983ms] [ERROR] Is Streamlit still running? If you accidentally stopped Streamlit, just restart it in your terminal: @ http://localhost:8511/static/js/index.D2ZqaFuW.js:21
[ 3577093ms] [ERROR] Failed to load resource: net::ERR_CONNECTION_REFUSED @ http://localhost:8511/_stcore/host-config:0
[ 3578990ms] [ERROR] Failed to load resource: net::ERR_CONNECTION_REFUSED @ http://localhost:8511/_stcore/health:0
[ 3578990ms] [ERROR] Client Error in reaching server endpoint - No response received when attempting to reach /_stcore/health @ http://localhost:8511/static/js/index.D2ZqaFuW.js:16
[ 3578990ms] [ERROR] Is Streamlit still running? If you accidentally stopped Streamlit, just restart it in your terminal: @ http://localhost:8511/static/js/index.D2ZqaFuW.js:21
[ 3579119ms] [ERROR] Failed to load resource: net::ERR_CONNECTION_REFUSED @ http://localhost:8511/_stcore/host-config:0
[ 3580997ms] [ERROR] Failed to load resource: net::ERR_CONNECTION_REFUSED @ http://localhost:8511/_stcore/host-config:0
[ 3580997ms] [ERROR] Client Error in reaching server endpoint - No response received when attempting to reach /_stcore/host-config @ http://localhost:8511/static/js/index.D2ZqaFuW.js:16
[ 3580997ms] [ERROR] Is Streamlit still running? If you accidentally stopped Streamlit, just restart it in your terminal: @ http://localhost:8511/static/js/index.D2ZqaFuW.js:21
[ 3580998ms] [ERROR] Failed to load resource: net::ERR_CONNECTION_REFUSED @ http://localhost:8511/_stcore/health:0
[ 3583005ms] [ERROR] Failed to load resource: net::ERR_CONNECTION_REFUSED @ http://localhost:8511/_stcore/health:0
[ 3583005ms] [ERROR] Client Error in reaching server endpoint - No response received when attempting to reach /_stcore/health @ http://localhost:8511/static/js/index.D2ZqaFuW.js:16
[ 3583005ms] [ERROR] Is Streamlit still running? If you accidentally stopped Streamlit, just restart it in your terminal: @ http://localhost:8511/static/js/index.D2ZqaFuW.js:21
[ 3583117ms] [ERROR] Failed to load resource: net::ERR_CONNECTION_REFUSED @ http://localhost:8511/_stcore/host-config:0
[ 3585012ms] [ERROR] Failed to load resource: net::ERR_CONNECTION_REFUSED @ http://localhost:8511/_stcore/health:0
[ 3585012ms] [ERROR] Client Error in reaching server endpoint - No response received when attempting to reach /_stcore/health @ http://localhost:8511/static/js/index.D2ZqaFuW.js:16
[ 3585012ms] [ERROR] Is Streamlit still running? If you accidentally stopped Streamlit, just restart it in your terminal: @ http://localhost:8511/static/js/index.D2ZqaFuW.js:21
[ 3585121ms] [ERROR] Failed to load resource: net::ERR_CONNECTION_REFUSED @ http://localhost:8511/_stcore/host-config:0
[ 3587020ms] [ERROR] Failed to load resource: net::ERR_CONNECTION_REFUSED @ http://localhost:8511/_stcore/host-config:0
[ 3587020ms] [ERROR] Client Error in reaching server endpoint - No response received when attempting to reach /_stcore/host-config @ http://localhost:8511/static/js/index.D2ZqaFuW.js:16
[ 3587020ms] [ERROR] Is Streamlit still running? If you accidentally stopped Streamlit, just restart it in your terminal: @ http://localhost:8511/static/js/index.D2ZqaFuW.js:21
[ 3587167ms] [ERROR] Failed to load resource: net::ERR_CONNECTION_REFUSED @ http://localhost:8511/_stcore/health:0
[ 3589026ms] [ERROR] Failed to load resource: net::ERR_CONNECTION_REFUSED @ http://localhost:8511/_stcore/host-config:0
[ 3589026ms] [ERROR] Client Error in reaching server endpoint - No response received when attempting to reach /_stcore/host-config @ http://localhost:8511/static/js/index.D2ZqaFuW.js:16
[ 3589027ms] [ERROR] Is Streamlit still running? If you accidentally stopped Streamlit, just restart it in your terminal: @ http://localhost:8511/static/js/index.D2ZqaFuW.js:21
[ 3589215ms] [ERROR] Failed to load resource: net::ERR_CONNECTION_REFUSED @ http://localhost:8511/_stcore/health:0
[ 3591048ms] [ERROR] Failed to load resource: net::ERR_CONNECTION_REFUSED @ http://localhost:8511/_stcore/host-config:0
[ 3591048ms] [ERROR] Client Error in reaching server endpoint - No response received when attempting to reach /_stcore/host-config @ http://localhost:8511/static/js/index.D2ZqaFuW.js:16
[ 3591048ms] [ERROR] Is Streamlit still running? If you accidentally stopped Streamlit, just restart it in your terminal: @ http://localhost:8511/static/js/index.D2ZqaFuW.js:21
[ 3591204ms] [ERROR] Failed to load resource: net::ERR_CONNECTION_REFUSED @ http://localhost:8511/_stcore/health:0
[ 3593055ms] [ERROR] Failed to load resource: net::ERR_CONNECTION_REFUSED @ http://localhost:8511/_stcore/health:0
[ 3593055ms] [ERROR] Client Error in reaching server endpoint - No response received when attempting to reach /_stcore/health @ http://localhost:8511/static/js/index.D2ZqaFuW.js:16
[ 3593056ms] [ERROR] Is Streamlit still running? If you accidentally stopped Streamlit, just restart it in your terminal: @ http://localhost:8511/static/js/index.D2ZqaFuW.js:21
[ 3593211ms] [ERROR] Failed to load resource: net::ERR_CONNECTION_REFUSED @ http://localhost:8511/_stcore/host-config:0
[ 3595063ms] [ERROR] Failed to load resource: net::ERR_CONNECTION_REFUSED @ http://localhost:8511/_stcore/health:0
[ 3595063ms] [ERROR] Client Error in reaching server endpoint - No response received when attempting to reach /_stcore/health @ http://localhost:8511/static/js/index.D2ZqaFuW.js:16
[ 3595064ms] [ERROR] Is Streamlit still running? If you accidentally stopped Streamlit, just restart it in your terminal: @ http://localhost:8511/static/js/index.D2ZqaFuW.js:21
[ 3595186ms] [ERROR] Failed to load resource: net::ERR_CONNECTION_REFUSED @ http://localhost:8511/_stcore/host-config:0
[ 3597071ms] [ERROR] Failed to load resource: net::ERR_CONNECTION_REFUSED @ http://localhost:8511/_stcore/health:0
[ 3597072ms] [ERROR] Client Error in reaching server endpoint - No response received when attempting to reach /_stcore/health @ http://localhost:8511/static/js/index.D2ZqaFuW.js:16
[ 3597072ms] [ERROR] Is Streamlit still running? If you accidentally stopped Streamlit, just restart it in your terminal: @ http://localhost:8511/static/js/index.D2ZqaFuW.js:21
[ 3597218ms] [ERROR] Failed to load resource: net::ERR_CONNECTION_REFUSED @ http://localhost:8511/_stcore/host-config:0
[ 3599076ms] [ERROR] Failed to load resource: net::ERR_CONNECTION_REFUSED @ http://localhost:8511/_stcore/health:0
[ 3599077ms] [ERROR] Client Error in reaching server endpoint - No response received when attempting to reach /_stcore/health @ http://localhost:8511/static/js/index.D2ZqaFuW.js:16
[ 3599077ms] [ERROR] Is Streamlit still running? If you accidentally stopped Streamlit, just restart it in your terminal: @ http://localhost:8511/static/js/index.D2ZqaFuW.js:21
[ 3599236ms] [ERROR] Failed to load resource: net::ERR_CONNECTION_REFUSED @ http://localhost:8511/_stcore/host-config:0
[ 3601082ms] [ERROR] Failed to load resource: net::ERR_CONNECTION_REFUSED @ http://localhost:8511/_stcore/health:0
[ 3601082ms] [ERROR] Client Error in reaching server endpoint - No response received when attempting to reach /_stcore/health @ http://localhost:8511/static/js/index.D2ZqaFuW.js:16
[ 3601082ms] [ERROR] Is Streamlit still running? If you accidentally stopped Streamlit, just restart it in your terminal: @ http://localhost:8511/static/js/index.D2ZqaFuW.js:21
[ 3601223ms] [ERROR] Failed to load resource: net::ERR_CONNECTION_REFUSED @ http://localhost:8511/_stcore/host-config:0
[ 3603090ms] [ERROR] Failed to load resource: net::ERR_CONNECTION_REFUSED @ http://localhost:8511/_stcore/host-config:0
[ 3603090ms] [ERROR] Client Error in reaching server endpoint - No response received when attempting to reach /_stcore/host-config @ http://localhost:8511/static/js/index.D2ZqaFuW.js:16
[ 3603090ms] [ERROR] Is Streamlit still running? If you accidentally stopped Streamlit, just restart it in your terminal: @ http://localhost:8511/static/js/index.D2ZqaFuW.js:21
[ 3603229ms] [ERROR] Failed to load resource: net::ERR_CONNECTION_REFUSED @ http://localhost:8511/_stcore/health:0
[ 3605098ms] [ERROR] Failed to load resource: net::ERR_CONNECTION_REFUSED @ http://localhost:8511/_stcore/health:0
[ 3605098ms] [ERROR] Client Error in reaching server endpoint - No response received when attempting to reach /_stcore/health @ http://localhost:8511/static/js/index.D2ZqaFuW.js:16
[ 3605099ms] [ERROR] Is Streamlit still running? If you accidentally stopped Streamlit, just restart it in your terminal: @ http://localhost:8511/static/js/index.D2ZqaFuW.js:21
[ 3605220ms] [ERROR] Failed to load resource: net::ERR_CONNECTION_REFUSED @ http://localhost:8511/_stcore/host-config:0
[ 3607105ms] [ERROR] Failed to load resource: net::ERR_CONNECTION_REFUSED @ http://localhost:8511/_stcore/health:0
[ 3607106ms] [ERROR] Client Error in reaching server endpoint - No response received when attempting to reach /_stcore/health @ http://localhost:8511/static/js/index.D2ZqaFuW.js:16
[ 3607106ms] [ERROR] Is Streamlit still running? If you accidentally stopped Streamlit, just restart it in your terminal: @ http://localhost:8511/static/js/index.D2ZqaFuW.js:21
[ 3607245ms] [ERROR] Failed to load resource: net::ERR_CONNECTION_REFUSED @ http://localhost:8511/_stcore/host-config:0
[ 3609118ms] [ERROR] Failed to load resource: net::ERR_CONNECTION_REFUSED @ http://localhost:8511/_stcore/health:0
[ 3609118ms] [ERROR] Client Error in reaching server endpoint - No response received when attempting to reach /_stcore/health @ http://localhost:8511/static/js/index.D2ZqaFuW.js:16
[ 3609118ms] [ERROR] Is Streamlit still running? If you accidentally stopped Streamlit, just restart it in your terminal: @ http://localhost:8511/static/js/index.D2ZqaFuW.js:21
[ 3609256ms] [ERROR] Failed to load resource: net::ERR_CONNECTION_REFUSED @ http://localhost:8511/_stcore/host-config:0
[ 3611126ms] [ERROR] Failed to load resource: net::ERR_CONNECTION_REFUSED @ http://localhost:8511/_stcore/health:0
[ 3611126ms] [ERROR] Client Error in reaching server endpoint - No response received when attempting to reach /_stcore/health @ http://localhost:8511/static/js/index.D2ZqaFuW.js:16
[ 3611127ms] [ERROR] Is Streamlit still running? If you accidentally stopped Streamlit, just restart it in your terminal: @ http://localhost:8511/static/js/index.D2ZqaFuW.js:21
[ 3611241ms] [ERROR] Failed to load resource: net::ERR_CONNECTION_REFUSED @ http://localhost:8511/_stcore/host-config:0
[ 3613134ms] [ERROR] Failed to load resource: net::ERR_CONNECTION_REFUSED @ http://localhost:8511/_stcore/health:0
[ 3613134ms] [ERROR] Client Error in reaching server endpoint - No response received when attempting to reach /_stcore/health @ http://localhost:8511/static/js/index.D2ZqaFuW.js:16
[ 3613134ms] [ERROR] Is Streamlit still running? If you accidentally stopped Streamlit, just restart it in your terminal: @ http://localhost:8511/static/js/index.D2ZqaFuW.js:21
[ 3613272ms] [ERROR] Failed to load resource: net::ERR_CONNECTION_REFUSED @ http://localhost:8511/_stcore/host-config:0
[ 3615143ms] [ERROR] Failed to load resource: net::ERR_CONNECTION_REFUSED @ http://localhost:8511/_stcore/health:0
[ 3615143ms] [ERROR] Client Error in reaching server endpoint - No response received when attempting to reach /_stcore/health @ http://localhost:8511/static/js/index.D2ZqaFuW.js:16
[ 3615143ms] [ERROR] Is Streamlit still running? If you accidentally stopped Streamlit, just restart it in your terminal: @ http://localhost:8511/static/js/index.D2ZqaFuW.js:21
[ 3615263ms] [ERROR] Failed to load resource: net::ERR_CONNECTION_REFUSED @ http://localhost:8511/_stcore/host-config:0
[ 3617154ms] [ERROR] Failed to load resource: net::ERR_CONNECTION_REFUSED @ http://localhost:8511/_stcore/health:0
[ 3617154ms] [ERROR] Client Error in reaching server endpoint - No response received when attempting to reach /_stcore/health @ http://localhost:8511/static/js/index.D2ZqaFuW.js:16
[ 3617155ms] [ERROR] Is Streamlit still running? If you accidentally stopped Streamlit, just restart it in your terminal: @ http://localhost:8511/static/js/index.D2ZqaFuW.js:21
[ 3617291ms] [ERROR] Failed to load resource: net::ERR_CONNECTION_REFUSED @ http://localhost:8511/_stcore/host-config:0
[ 3619161ms] [ERROR] Failed to load resource: net::ERR_CONNECTION_REFUSED @ http://localhost:8511/_stcore/health:0
[ 3619161ms] [ERROR] Client Error in reaching server endpoint - No response received when attempting to reach /_stcore/health @ http://localhost:8511/static/js/index.D2ZqaFuW.js:16
[ 3619162ms] [ERROR] Is Streamlit still running? If you accidentally stopped Streamlit, just restart it in your terminal: @ http://localhost:8511/static/js/index.D2ZqaFuW.js:21
[ 3619311ms] [ERROR] Failed to load resource: net::ERR_CONNECTION_REFUSED @ http://localhost:8511/_stcore/host-config:0
[ 3621172ms] [ERROR] Failed to load resource: net::ERR_CONNECTION_REFUSED @ http://localhost:8511/_stcore/health:0
[ 3621172ms] [ERROR] Client Error in reaching server endpoint - No response received when attempting to reach /_stcore/health @ http://localhost:8511/static/js/index.D2ZqaFuW.js:16
[ 3621172ms] [ERROR] Is Streamlit still running? If you accidentally stopped Streamlit, just restart it in your terminal: @ http://localhost:8511/static/js/index.D2ZqaFuW.js:21
[ 3621286ms] [ERROR] Failed to load resource: net::ERR_CONNECTION_REFUSED @ http://localhost:8511/_stcore/host-config:0
[ 3623179ms] [ERROR] Failed to load resource: net::ERR_CONNECTION_REFUSED @ http://localhost:8511/_stcore/health:0
[ 3623179ms] [ERROR] Client Error in reaching server endpoint - No response received when attempting to reach /_stcore/health @ http://localhost:8511/static/js/index.D2ZqaFuW.js:16
[ 3623180ms] [ERROR] Is Streamlit still running? If you accidentally stopped Streamlit, just restart it in your terminal: @ http://localhost:8511/static/js/index.D2ZqaFuW.js:21
[ 3623315ms] [ERROR] Failed to load resource: net::ERR_CONNECTION_REFUSED @ http://localhost:8511/_stcore/host-config:0
[ 3625189ms] [ERROR] Failed to load resource: net::ERR_CONNECTION_REFUSED @ http://localhost:8511/_stcore/health:0
[ 3625189ms] [ERROR] Client Error in reaching server endpoint - No response received when attempting to reach /_stcore/health @ http://localhost:8511/static/js/index.D2ZqaFuW.js:16
[ 3625190ms] [ERROR] Is Streamlit still running? If you accidentally stopped Streamlit, just restart it in your terminal: @ http://localhost:8511/static/js/index.D2ZqaFuW.js:21
[ 3625336ms] [ERROR] Failed to load resource: net::ERR_CONNECTION_REFUSED @ http://localhost:8511/_stcore/host-config:0
[ 3627199ms] [ERROR] Failed to load resource: net::ERR_CONNECTION_REFUSED @ http://localhost:8511/_stcore/host-config:0
[ 3627199ms] [ERROR] Client Error in reaching server endpoint - No response received when attempting to reach /_stcore/host-config @ http://localhost:8511/static/js/index.D2ZqaFuW.js:16
[ 3627199ms] [ERROR] Is Streamlit still running? If you accidentally stopped Streamlit, just restart it in your terminal: @ http://localhost:8511/static/js/index.D2ZqaFuW.js:21
[ 3627325ms] [ERROR] Failed to load resource: net::ERR_CONNECTION_REFUSED @ http://localhost:8511/_stcore/health:0
[ 3629207ms] [ERROR] Failed to load resource: net::ERR_CONNECTION_REFUSED @ http://localhost:8511/_stcore/health:0
[ 3629207ms] [ERROR] Client Error in reaching server endpoint - No response received when attempting to reach /_stcore/health @ http://localhost:8511/static/js/index.D2ZqaFuW.js:16
[ 3629207ms] [ERROR] Is Streamlit still running? If you accidentally stopped Streamlit, just restart it in your terminal: @ http://localhost:8511/static/js/index.D2ZqaFuW.js:21
[ 3629341ms] [ERROR] Failed to load resource: net::ERR_CONNECTION_REFUSED @ http://localhost:8511/_stcore/host-config:0
[ 3631215ms] [ERROR] Failed to load resource: net::ERR_CONNECTION_REFUSED @ http://localhost:8511/_stcore/health:0
[ 3631216ms] [ERROR] Client Error in reaching server endpoint - No response received when attempting to reach /_stcore/health @ http://localhost:8511/static/js/index.D2ZqaFuW.js:16
[ 3631216ms] [ERROR] Is Streamlit still running? If you accidentally stopped Streamlit, just restart it in your terminal: @ http://localhost:8511/static/js/index.D2ZqaFuW.js:21
[ 3631369ms] [ERROR] Failed to load resource: net::ERR_CONNECTION_REFUSED @ http://localhost:8511/_stcore/host-config:0
[ 3633223ms] [ERROR] Failed to load resource: net::ERR_CONNECTION_REFUSED @ http://localhost:8511/_stcore/health:0
[ 3633223ms] [ERROR] Client Error in reaching server endpoint - No response received when attempting to reach /_stcore/health @ http://localhost:8511/static/js/index.D2ZqaFuW.js:16
[ 3633224ms] [ERROR] Is Streamlit still running? If you accidentally stopped Streamlit, just restart it in your terminal: @ http://localhost:8511/static/js/index.D2ZqaFuW.js:21
[ 3633334ms] [ERROR] Failed to load resource: net::ERR_CONNECTION_REFUSED @ http://localhost:8511/_stcore/host-config:0
[ 3635231ms] [ERROR] Failed to load resource: net::ERR_CONNECTION_REFUSED @ http://localhost:8511/_stcore/health:0
[ 3635232ms] [ERROR] Client Error in reaching server endpoint - No response received when attempting to reach /_stcore/health @ http://localhost:8511/static/js/index.D2ZqaFuW.js:16
[ 3635232ms] [ERROR] Is Streamlit still running? If you accidentally stopped Streamlit, just restart it in your terminal: @ http://localhost:8511/static/js/index.D2ZqaFuW.js:21
[ 3635341ms] [ERROR] Failed to load resource: net::ERR_CONNECTION_REFUSED @ http://localhost:8511/_stcore/host-config:0
[ 3637239ms] [ERROR] Failed to load resource: net::ERR_CONNECTION_REFUSED @ http://localhost:8511/_stcore/health:0
[ 3637239ms] [ERROR] Client Error in reaching server endpoint - No response received when attempting to reach /_stcore/health @ http://localhost:8511/static/js/index.D2ZqaFuW.js:16
[ 3637239ms] [ERROR] Is Streamlit still running? If you accidentally stopped Streamlit, just restart it in your terminal: @ http://localhost:8511/static/js/index.D2ZqaFuW.js:21
[ 3637368ms] [ERROR] Failed to load resource: net::ERR_CONNECTION_REFUSED @ http://localhost:8511/_stcore/host-config:0
[ 3639245ms] [ERROR] Failed to load resource: net::ERR_CONNECTION_REFUSED @ http://localhost:8511/_stcore/health:0
[ 3639245ms] [ERROR] Client Error in reaching server endpoint - No response received when attempting to reach /_stcore/health @ http://localhost:8511/static/js/index.D2ZqaFuW.js:16
[ 3639246ms] [ERROR] Is Streamlit still running? If you accidentally stopped Streamlit, just restart it in your terminal: @ http://localhost:8511/static/js/index.D2ZqaFuW.js:21
[ 3639360ms] [ERROR] Failed to load resource: net::ERR_CONNECTION_REFUSED @ http://localhost:8511/_stcore/host-config:0
[ 3641252ms] [ERROR] Failed to load resource: net::ERR_CONNECTION_REFUSED @ http://localhost:8511/_stcore/health:0
[ 3641252ms] [ERROR] Client Error in reaching server endpoint - No response received when attempting to reach /_stcore/health @ http://localhost:8511/static/js/index.D2ZqaFuW.js:16
[ 3641253ms] [ERROR] Is Streamlit still running? If you accidentally stopped Streamlit, just restart it in your terminal: @ http://localhost:8511/static/js/index.D2ZqaFuW.js:21
[ 3641397ms] [ERROR] Failed to load resource: net::ERR_CONNECTION_REFUSED @ http://localhost:8511/_stcore/host-config:0
[ 3643260ms] [ERROR] Failed to load resource: net::ERR_CONNECTION_REFUSED @ http://localhost:8511/_stcore/health:0
[ 3643260ms] [ERROR] Client Error in reaching server endpoint - No response received when attempting to reach /_stcore/health @ http://localhost:8511/static/js/index.D2ZqaFuW.js:16
[ 3643260ms] [ERROR] Is Streamlit still running? If you accidentally stopped Streamlit, just restart it in your terminal: @ http://localhost:8511/static/js/index.D2ZqaFuW.js:21
[ 3643371ms] [ERROR] Failed to load resource: net::ERR_CONNECTION_REFUSED @ http://localhost:8511/_stcore/host-config:0
[ 3645267ms] [ERROR] Failed to load resource: net::ERR_CONNECTION_REFUSED @ http://localhost:8511/_stcore/health:0
[ 3645267ms] [ERROR] Client Error in reaching server endpoint - No response received when attempting to reach /_stcore/health @ http://localhost:8511/static/js/index.D2ZqaFuW.js:16
[ 3645267ms] [ERROR] Is Streamlit still running? If you accidentally stopped Streamlit, just restart it in your terminal: @ http://localhost:8511/static/js/index.D2ZqaFuW.js:21
[ 3645374ms] [ERROR] Failed to load resource: net::ERR_CONNECTION_REFUSED @ http://localhost:8511/_stcore/host-config:0
[ 3647272ms] [ERROR] Failed to load resource: net::ERR_CONNECTION_REFUSED @ http://localhost:8511/_stcore/health:0
[ 3647272ms] [ERROR] Client Error in reaching server endpoint - No response received when attempting to reach /_stcore/health @ http://localhost:8511/static/js/index.D2ZqaFuW.js:16
[ 3647273ms] [ERROR] Is Streamlit still running? If you accidentally stopped Streamlit, just restart it in your terminal: @ http://localhost:8511/static/js/index.D2ZqaFuW.js:21
[ 3647437ms] [ERROR] Failed to load resource: net::ERR_CONNECTION_REFUSED @ http://localhost:8511/_stcore/host-config:0
[ 3649279ms] [ERROR] Failed to load resource: net::ERR_CONNECTION_REFUSED @ http://localhost:8511/_stcore/health:0
[ 3649280ms] [ERROR] Client Error in reaching server endpoint - No response received when attempting to reach /_stcore/health @ http://localhost:8511/static/js/index.D2ZqaFuW.js:16
[ 3649280ms] [ERROR] Is Streamlit still running? If you accidentally stopped Streamlit, just restart it in your terminal: @ http://localhost:8511/static/js/index.D2ZqaFuW.js:21
[ 3649392ms] [ERROR] Failed to load resource: net::ERR_CONNECTION_REFUSED @ http://localhost:8511/_stcore/host-config:0
[ 3651287ms] [ERROR] Failed to load resource: net::ERR_CONNECTION_REFUSED @ http://localhost:8511/_stcore/health:0
[ 3651287ms] [ERROR] Client Error in reaching server endpoint - No response received when attempting to reach /_stcore/health @ http://localhost:8511/static/js/index.D2ZqaFuW.js:16
[ 3651288ms] [ERROR] Is Streamlit still running? If you accidentally stopped Streamlit, just restart it in your terminal: @ http://localhost:8511/static/js/index.D2ZqaFuW.js:21
[ 3651426ms] [ERROR] Failed to load resource: net::ERR_CONNECTION_REFUSED @ http://localhost:8511/_stcore/host-config:0
[ 3653295ms] [ERROR] Failed to load resource: net::ERR_CONNECTION_REFUSED @ http://localhost:8511/_stcore/host-config:0
[ 3653295ms] [ERROR] Client Error in reaching server endpoint - No response received when attempting to reach /_stcore/host-config @ http://localhost:8511/static/js/index.D2ZqaFuW.js:16
[ 3653295ms] [ERROR] Is Streamlit still running? If you accidentally stopped Streamlit, just restart it in your terminal: @ http://localhost:8511/static/js/index.D2ZqaFuW.js:21
[ 3653408ms] [ERROR] Failed to load resource: net::ERR_CONNECTION_REFUSED @ http://localhost:8511/_stcore/health:0
[ 3655301ms] [ERROR] Failed to load resource: net::ERR_CONNECTION_REFUSED @ http://localhost:8511/_stcore/host-config:0
[ 3655301ms] [ERROR] Client Error in reaching server endpoint - No response received when attempting to reach /_stcore/host-config @ http://localhost:8511/static/js/index.D2ZqaFuW.js:16
[ 3655301ms] [ERROR] Is Streamlit still running? If you accidentally stopped Streamlit, just restart it in your terminal: @ http://localhost:8511/static/js/index.D2ZqaFuW.js:21
[ 3655430ms] [ERROR] Failed to load resource: net::ERR_CONNECTION_REFUSED @ http://localhost:8511/_stcore/health:0
[ 3657309ms] [ERROR] Failed to load resource: net::ERR_CONNECTION_REFUSED @ http://localhost:8511/_stcore/host-config:0
[ 3657309ms] [ERROR] Client Error in reaching server endpoint - No response received when attempting to reach /_stcore/host-config @ http://localhost:8511/static/js/index.D2ZqaFuW.js:16
[ 3657309ms] [ERROR] Is Streamlit still running? If you accidentally stopped Streamlit, just restart it in your terminal: @ http://localhost:8511/static/js/index.D2ZqaFuW.js:21
[ 3657449ms] [ERROR] Failed to load resource: net::ERR_CONNECTION_REFUSED @ http://localhost:8511/_stcore/health:0
[ 3659320ms] [ERROR] Failed to load resource: net::ERR_CONNECTION_REFUSED @ http://localhost:8511/_stcore/health:0
[ 3659320ms] [ERROR] Client Error in reaching server endpoint - No response received when attempting to reach /_stcore/health @ http://localhost:8511/static/js/index.D2ZqaFuW.js:16
[ 3659320ms] [ERROR] Is Streamlit still running? If you accidentally stopped Streamlit, just restart it in your terminal: @ http://localhost:8511/static/js/index.D2ZqaFuW.js:21
[ 3659580ms] [ERROR] Failed to load resource: net::ERR_CONNECTION_REFUSED @ http://localhost:8511/_stcore/host-config:0
[ 3661329ms] [ERROR] Failed to load resource: net::ERR_CONNECTION_REFUSED @ http://localhost:8511/_stcore/health:0
[ 3661329ms] [ERROR] Client Error in reaching server endpoint - No response received when attempting to reach /_stcore/health @ http://localhost:8511/static/js/index.D2ZqaFuW.js:16
[ 3661329ms] [ERROR] Is Streamlit still running? If you accidentally stopped Streamlit, just restart it in your terminal: @ http://localhost:8511/static/js/index.D2ZqaFuW.js:21
[ 3661329ms] [ERROR] Failed to load resource: net::ERR_CONNECTION_REFUSED @ http://localhost:8511/_stcore/host-config:0
[ 3663336ms] [ERROR] Failed to load resource: net::ERR_CONNECTION_REFUSED @ http://localhost:8511/_stcore/health:0
[ 3663336ms] [ERROR] Client Error in reaching server endpoint - No response received when attempting to reach /_stcore/health @ http://localhost:8511/static/js/index.D2ZqaFuW.js:16
[ 3663337ms] [ERROR] Is Streamlit still running? If you accidentally stopped Streamlit, just restart it in your terminal: @ http://localhost:8511/static/js/index.D2ZqaFuW.js:21
[ 3663449ms] [ERROR] Failed to load resource: net::ERR_CONNECTION_REFUSED @ http://localhost:8511/_stcore/host-config:0
[ 3665351ms] [ERROR] Failed to load resource: net::ERR_CONNECTION_REFUSED @ http://localhost:8511/_stcore/host-config:0
[ 3665351ms] [ERROR] Client Error in reaching server endpoint - No response received when attempting to reach /_stcore/host-config @ http://localhost:8511/static/js/index.D2ZqaFuW.js:16
[ 3665351ms] [ERROR] Is Streamlit still running? If you accidentally stopped Streamlit, just restart it in your terminal: @ http://localhost:8511/static/js/index.D2ZqaFuW.js:21
[ 3665583ms] [ERROR] Failed to load resource: net::ERR_CONNECTION_REFUSED @ http://localhost:8511/_stcore/health:0
[ 3667355ms] [ERROR] Failed to load resource: net::ERR_CONNECTION_REFUSED @ http://localhost:8511/_stcore/health:0
[ 3667355ms] [ERROR] Client Error in reaching server endpoint - No response received when attempting to reach /_stcore/health @ http://localhost:8511/static/js/index.D2ZqaFuW.js:16
[ 3667355ms] [ERROR] Is Streamlit still running? If you accidentally stopped Streamlit, just restart it in your terminal: @ http://localhost:8511/static/js/index.D2ZqaFuW.js:21
[ 3667552ms] [ERROR] Failed to load resource: net::ERR_CONNECTION_REFUSED @ http://localhost:8511/_stcore/host-config:0
[ 3669361ms] [ERROR] Failed to load resource: net::ERR_CONNECTION_REFUSED @ http://localhost:8511/_stcore/health:0
[ 3669361ms] [ERROR] Client Error in reaching server endpoint - No response received when attempting to reach /_stcore/health @ http://localhost:8511/static/js/index.D2ZqaFuW.js:16
[ 3669361ms] [ERROR] Is Streamlit still running? If you accidentally stopped Streamlit, just restart it in your terminal: @ http://localhost:8511/static/js/index.D2ZqaFuW.js:21
[ 3669489ms] [ERROR] Failed to load resource: net::ERR_CONNECTION_REFUSED @ http://localhost:8511/_stcore/host-config:0
[ 3671370ms] [ERROR] Failed to load resource: net::ERR_CONNECTION_REFUSED @ http://localhost:8511/_stcore/host-config:0
[ 3671370ms] [ERROR] Client Error in reaching server endpoint - No response received when attempting to reach /_stcore/host-config @ http://localhost:8511/static/js/index.D2ZqaFuW.js:16
[ 3671370ms] [ERROR] Is Streamlit still running? If you accidentally stopped Streamlit, just restart it in your terminal: @ http://localhost:8511/static/js/index.D2ZqaFuW.js:21
[ 3671484ms] [ERROR] Failed to load resource: net::ERR_CONNECTION_REFUSED @ http://localhost:8511/_stcore/health:0
[ 3673376ms] [ERROR] Failed to load resource: net::ERR_CONNECTION_REFUSED @ http://localhost:8511/_stcore/health:0
[ 3673376ms] [ERROR] Client Error in reaching server endpoint - No response received when attempting to reach /_stcore/health @ http://localhost:8511/static/js/index.D2ZqaFuW.js:16
[ 3673376ms] [ERROR] Is Streamlit still running? If you accidentally stopped Streamlit, just restart it in your terminal: @ http://localhost:8511/static/js/index.D2ZqaFuW.js:21
[ 3673487ms] [ERROR] Failed to load resource: net::ERR_CONNECTION_REFUSED @ http://localhost:8511/_stcore/host-config:0
[ 3675384ms] [ERROR] Failed to load resource: net::ERR_CONNECTION_REFUSED @ http://localhost:8511/_stcore/health:0
[ 3675384ms] [ERROR] Client Error in reaching server endpoint - No response received when attempting to reach /_stcore/health @ http://localhost:8511/static/js/index.D2ZqaFuW.js:16
[ 3675384ms] [ERROR] Is Streamlit still running? If you accidentally stopped Streamlit, just restart it in your terminal: @ http://localhost:8511/static/js/index.D2ZqaFuW.js:21
[ 3675525ms] [ERROR] Failed to load resource: net::ERR_CONNECTION_REFUSED @ http://localhost:8511/_stcore/host-config:0
[ 3677390ms] [ERROR] Failed to load resource: net::ERR_CONNECTION_REFUSED @ http://localhost:8511/_stcore/health:0
[ 3677391ms] [ERROR] Client Error in reaching server endpoint - No response received when attempting to reach /_stcore/health @ http://localhost:8511/static/js/index.D2ZqaFuW.js:16
[ 3677391ms] [ERROR] Is Streamlit still running? If you accidentally stopped Streamlit, just restart it in your terminal: @ http://localhost:8511/static/js/index.D2ZqaFuW.js:21
[ 3677536ms] [ERROR] Failed to load resource: net::ERR_CONNECTION_REFUSED @ http://localhost:8511/_stcore/host-config:0
[ 3679397ms] [ERROR] Failed to load resource: net::ERR_CONNECTION_REFUSED @ http://localhost:8511/_stcore/health:0
[ 3679397ms] [ERROR] Client Error in reaching server endpoint - No response received when attempting to reach /_stcore/health @ http://localhost:8511/static/js/index.D2ZqaFuW.js:16
[ 3679397ms] [ERROR] Is Streamlit still running? If you accidentally stopped Streamlit, just restart it in your terminal: @ http://localhost:8511/static/js/index.D2ZqaFuW.js:21
[ 3679510ms] [ERROR] Failed to load resource: net::ERR_CONNECTION_REFUSED @ http://localhost:8511/_stcore/host-config:0
[ 3681405ms] [ERROR] Failed to load resource: net::ERR_CONNECTION_REFUSED @ http://localhost:8511/_stcore/health:0
[ 3681405ms] [ERROR] Client Error in reaching server endpoint - No response received when attempting to reach /_stcore/health @ http://localhost:8511/static/js/index.D2ZqaFuW.js:16
[ 3681405ms] [ERROR] Is Streamlit still running? If you accidentally stopped Streamlit, just restart it in your terminal: @ http://localhost:8511/static/js/index.D2ZqaFuW.js:21
[ 3681545ms] [ERROR] Failed to load resource: net::ERR_CONNECTION_REFUSED @ http://localhost:8511/_stcore/host-config:0
[ 3683412ms] [ERROR] Failed to load resource: net::ERR_CONNECTION_REFUSED @ http://localhost:8511/_stcore/health:0
[ 3683412ms] [ERROR] Client Error in reaching server endpoint - No response received when attempting to reach /_stcore/health @ http://localhost:8511/static/js/index.D2ZqaFuW.js:16
[ 3683412ms] [ERROR] Is Streamlit still running? If you accidentally stopped Streamlit, just restart it in your terminal: @ http://localhost:8511/static/js/index.D2ZqaFuW.js:21
[ 3683529ms] [ERROR] Failed to load resource: net::ERR_CONNECTION_REFUSED @ http://localhost:8511/_stcore/host-config:0
[ 3685421ms] [ERROR] Failed to load resource: net::ERR_CONNECTION_REFUSED @ http://localhost:8511/_stcore/health:0
[ 3685421ms] [ERROR] Client Error in reaching server endpoint - No response received when attempting to reach /_stcore/health @ http://localhost:8511/static/js/index.D2ZqaFuW.js:16
[ 3685422ms] [ERROR] Is Streamlit still running? If you accidentally stopped Streamlit, just restart it in your terminal: @ http://localhost:8511/static/js/index.D2ZqaFuW.js:21
[ 3685576ms] [ERROR] Failed to load resource: net::ERR_CONNECTION_REFUSED @ http://localhost:8511/_stcore/host-config:0
[ 3687429ms] [ERROR] Failed to load resource: net::ERR_CONNECTION_REFUSED @ http://localhost:8511/_stcore/health:0
[ 3687429ms] [ERROR] Client Error in reaching server endpoint - No response received when attempting to reach /_stcore/health @ http://localhost:8511/static/js/index.D2ZqaFuW.js:16
[ 3687429ms] [ERROR] Is Streamlit still running? If you accidentally stopped Streamlit, just restart it in your terminal: @ http://localhost:8511/static/js/index.D2ZqaFuW.js:21
[ 3687545ms] [ERROR] Failed to load resource: net::ERR_CONNECTION_REFUSED @ http://localhost:8511/_stcore/host-config:0
[ 3689438ms] [ERROR] Failed to load resource: net::ERR_CONNECTION_REFUSED @ http://localhost:8511/_stcore/health:0
[ 3689438ms] [ERROR] Client Error in reaching server endpoint - No response received when attempting to reach /_stcore/health @ http://localhost:8511/static/js/index.D2ZqaFuW.js:16
[ 3689438ms] [ERROR] Is Streamlit still running? If you accidentally stopped Streamlit, just restart it in your terminal: @ http://localhost:8511/static/js/index.D2ZqaFuW.js:21
[ 3689550ms] [ERROR] Failed to load resource: net::ERR_CONNECTION_REFUSED @ http://localhost:8511/_stcore/host-config:0
[ 3691445ms] [ERROR] Failed to load resource: net::ERR_CONNECTION_REFUSED @ http://localhost:8511/_stcore/health:0
[ 3691446ms] [ERROR] Client Error in reaching server endpoint - No response received when attempting to reach /_stcore/health @ http://localhost:8511/static/js/index.D2ZqaFuW.js:16
[ 3691446ms] [ERROR] Is Streamlit still running? If you accidentally stopped Streamlit, just restart it in your terminal: @ http://localhost:8511/static/js/index.D2ZqaFuW.js:21
[ 3691591ms] [ERROR] Failed to load resource: net::ERR_CONNECTION_REFUSED @ http://localhost:8511/_stcore/host-config:0
[ 3693453ms] [ERROR] Failed to load resource: net::ERR_CONNECTION_REFUSED @ http://localhost:8511/_stcore/health:0
[ 3693453ms] [ERROR] Client Error in reaching server endpoint - No response received when attempting to reach /_stcore/health @ http://localhost:8511/static/js/index.D2ZqaFuW.js:16
[ 3693454ms] [ERROR] Is Streamlit still running? If you accidentally stopped Streamlit, just restart it in your terminal: @ http://localhost:8511/static/js/index.D2ZqaFuW.js:21
[ 3693566ms] [ERROR] Failed to load resource: net::ERR_CONNECTION_REFUSED @ http://localhost:8511/_stcore/host-config:0
[ 3695461ms] [ERROR] Failed to load resource: net::ERR_CONNECTION_REFUSED @ http://localhost:8511/_stcore/health:0
[ 3695461ms] [ERROR] Client Error in reaching server endpoint - No response received when attempting to reach /_stcore/health @ http://localhost:8511/static/js/index.D2ZqaFuW.js:16
[ 3695461ms] [ERROR] Is Streamlit still running? If you accidentally stopped Streamlit, just restart it in your terminal: @ http://localhost:8511/static/js/index.D2ZqaFuW.js:21
[ 3695606ms] [ERROR] Failed to load resource: net::ERR_CONNECTION_REFUSED @ http://localhost:8511/_stcore/host-config:0
[ 3697469ms] [ERROR] Failed to load resource: net::ERR_CONNECTION_REFUSED @ http://localhost:8511/_stcore/health:0
[ 3697469ms] [ERROR] Client Error in reaching server endpoint - No response received when attempting to reach /_stcore/health @ http://localhost:8511/static/js/index.D2ZqaFuW.js:16
[ 3697470ms] [ERROR] Is Streamlit still running? If you accidentally stopped Streamlit, just restart it in your terminal: @ http://localhost:8511/static/js/index.D2ZqaFuW.js:21
[ 3697583ms] [ERROR] Failed to load resource: net::ERR_CONNECTION_REFUSED @ http://localhost:8511/_stcore/host-config:0
[ 3699477ms] [ERROR] Failed to load resource: net::ERR_CONNECTION_REFUSED @ http://localhost:8511/_stcore/health:0
[ 3699477ms] [ERROR] Client Error in reaching server endpoint - No response received when attempting to reach /_stcore/health @ http://localhost:8511/static/js/index.D2ZqaFuW.js:16
[ 3699477ms] [ERROR] Is Streamlit still running? If you accidentally stopped Streamlit, just restart it in your terminal: @ http://localhost:8511/static/js/index.D2ZqaFuW.js:21
[ 3699590ms] [ERROR] Failed to load resource: net::ERR_CONNECTION_REFUSED @ http://localhost:8511/_stcore/host-config:0
[ 3701485ms] [ERROR] Failed to load resource: net::ERR_CONNECTION_REFUSED @ http://localhost:8511/_stcore/health:0
[ 3701485ms] [ERROR] Client Error in reaching server endpoint - No response received when attempting to reach /_stcore/health @ http://localhost:8511/static/js/index.D2ZqaFuW.js:16
[ 3701485ms] [ERROR] Is Streamlit still running? If you accidentally stopped Streamlit, just restart it in your terminal: @ http://localhost:8511/static/js/index.D2ZqaFuW.js:21
[ 3701628ms] [ERROR] Failed to load resource: net::ERR_CONNECTION_REFUSED @ http://localhost:8511/_stcore/host-config:0
[ 3703492ms] [ERROR] Failed to load resource: net::ERR_CONNECTION_REFUSED @ http://localhost:8511/_stcore/health:0
[ 3703492ms] [ERROR] Client Error in reaching server endpoint - No response received when attempting to reach /_stcore/health @ http://localhost:8511/static/js/index.D2ZqaFuW.js:16
[ 3703492ms] [ERROR] Is Streamlit still running? If you accidentally stopped Streamlit, just restart it in your terminal: @ http://localhost:8511/static/js/index.D2ZqaFuW.js:21
[ 3703616ms] [ERROR] Failed to load resource: net::ERR_CONNECTION_REFUSED @ http://localhost:8511/_stcore/host-config:0
[ 3705500ms] [ERROR] Failed to load resource: net::ERR_CONNECTION_REFUSED @ http://localhost:8511/_stcore/health:0
[ 3705501ms] [ERROR] Client Error in reaching server endpoint - No response received when attempting to reach /_stcore/health @ http://localhost:8511/static/js/index.D2ZqaFuW.js:16
[ 3705501ms] [ERROR] Is Streamlit still running? If you accidentally stopped Streamlit, just restart it in your terminal: @ http://localhost:8511/static/js/index.D2ZqaFuW.js:21
[ 3705640ms] [ERROR] Failed to load resource: net::ERR_CONNECTION_REFUSED @ http://localhost:8511/_stcore/host-config:0
[ 3707508ms] [ERROR] Failed to load resource: net::ERR_CONNECTION_REFUSED @ http://localhost:8511/_stcore/health:0
[ 3707508ms] [ERROR] Client Error in reaching server endpoint - No response received when attempting to reach /_stcore/health @ http://localhost:8511/static/js/index.D2ZqaFuW.js:16
[ 3707508ms] [ERROR] Is Streamlit still running? If you accidentally stopped Streamlit, just restart it in your terminal: @ http://localhost:8511/static/js/index.D2ZqaFuW.js:21
[ 3707620ms] [ERROR] Failed to load resource: net::ERR_CONNECTION_REFUSED @ http://localhost:8511/_stcore/host-config:0
[ 3709515ms] [ERROR] Failed to load resource: net::ERR_CONNECTION_REFUSED @ http://localhost:8511/_stcore/health:0
[ 3709515ms] [ERROR] Client Error in reaching server endpoint - No response received when attempting to reach /_stcore/health @ http://localhost:8511/static/js/index.D2ZqaFuW.js:16
[ 3709516ms] [ERROR] Is Streamlit still running? If you accidentally stopped Streamlit, just restart it in your terminal: @ http://localhost:8511/static/js/index.D2ZqaFuW.js:21
[ 3709635ms] [ERROR] Failed to load resource: net::ERR_CONNECTION_REFUSED @ http://localhost:8511/_stcore/host-config:0
[ 3711522ms] [ERROR] Failed to load resource: net::ERR_CONNECTION_REFUSED @ http://localhost:8511/_stcore/host-config:0
[ 3711523ms] [ERROR] Client Error in reaching server endpoint - No response received when attempting to reach /_stcore/host-config @ http://localhost:8511/static/js/index.D2ZqaFuW.js:16
[ 3711523ms] [ERROR] Is Streamlit still running? If you accidentally stopped Streamlit, just restart it in your terminal: @ http://localhost:8511/static/js/index.D2ZqaFuW.js:21
[ 3711662ms] [ERROR] Failed to load resource: net::ERR_CONNECTION_REFUSED @ http://localhost:8511/_stcore/health:0
[ 3713530ms] [ERROR] Failed to load resource: net::ERR_CONNECTION_REFUSED @ http://localhost:8511/_stcore/health:0
[ 3713530ms] [ERROR] Client Error in reaching server endpoint - No response received when attempting to reach /_stcore/health @ http://localhost:8511/static/js/index.D2ZqaFuW.js:16
[ 3713530ms] [ERROR] Is Streamlit still running? If you accidentally stopped Streamlit, just restart it in your terminal: @ http://localhost:8511/static/js/index.D2ZqaFuW.js:21
[ 3713643ms] [ERROR] Failed to load resource: net::ERR_CONNECTION_REFUSED @ http://localhost:8511/_stcore/host-config:0
[ 3715536ms] [ERROR] Failed to load resource: net::ERR_CONNECTION_REFUSED @ http://localhost:8511/_stcore/health:0
[ 3715536ms] [ERROR] Client Error in reaching server endpoint - No response received when attempting to reach /_stcore/health @ http://localhost:8511/static/js/index.D2ZqaFuW.js:16
[ 3715536ms] [ERROR] Is Streamlit still running? If you accidentally stopped Streamlit, just restart it in your terminal: @ http://localhost:8511/static/js/index.D2ZqaFuW.js:21
[ 3715647ms] [ERROR] Failed to load resource: net::ERR_CONNECTION_REFUSED @ http://localhost:8511/_stcore/host-config:0
[ 3717543ms] [ERROR] Failed to load resource: net::ERR_CONNECTION_REFUSED @ http://localhost:8511/_stcore/health:0
[ 3717543ms] [ERROR] Client Error in reaching server endpoint - No response received when attempting to reach /_stcore/health @ http://localhost:8511/static/js/index.D2ZqaFuW.js:16
[ 3717543ms] [ERROR] Is Streamlit still running? If you accidentally stopped Streamlit, just restart it in your terminal: @ http://localhost:8511/static/js/index.D2ZqaFuW.js:21
[ 3717657ms] [ERROR] Failed to load resource: net::ERR_CONNECTION_REFUSED @ http://localhost:8511/_stcore/host-config:0
[ 3719550ms] [ERROR] Failed to load resource: net::ERR_CONNECTION_REFUSED @ http://localhost:8511/_stcore/health:0
[ 3719550ms] [ERROR] Client Error in reaching server endpoint - No response received when attempting to reach /_stcore/health @ http://localhost:8511/static/js/index.D2ZqaFuW.js:16
[ 3719550ms] [ERROR] Is Streamlit still running? If you accidentally stopped Streamlit, just restart it in your terminal: @ http://localhost:8511/static/js/index.D2ZqaFuW.js:21
[ 3719703ms] [ERROR] Failed to load resource: net::ERR_CONNECTION_REFUSED @ http://localhost:8511/_stcore/host-config:0
[ 3721558ms] [ERROR] Failed to load resource: net::ERR_CONNECTION_REFUSED @ http://localhost:8511/_stcore/health:0
[ 3721558ms] [ERROR] Client Error in reaching server endpoint - No response received when attempting to reach /_stcore/health @ http://localhost:8511/static/js/index.D2ZqaFuW.js:16
[ 3721559ms] [ERROR] Is Streamlit still running? If you accidentally stopped Streamlit, just restart it in your terminal: @ http://localhost:8511/static/js/index.D2ZqaFuW.js:21
[ 3721671ms] [ERROR] Failed to load resource: net::ERR_CONNECTION_REFUSED @ http://localhost:8511/_stcore/host-config:0
[ 3723566ms] [ERROR] Failed to load resource: net::ERR_CONNECTION_REFUSED @ http://localhost:8511/_stcore/health:0
[ 3723567ms] [ERROR] Client Error in reaching server endpoint - No response received when attempting to reach /_stcore/health @ http://localhost:8511/static/js/index.D2ZqaFuW.js:16
[ 3723567ms] [ERROR] Is Streamlit still running? If you accidentally stopped Streamlit, just restart it in your terminal: @ http://localhost:8511/static/js/index.D2ZqaFuW.js:21
[ 3723689ms] [ERROR] Failed to load resource: net::ERR_CONNECTION_REFUSED @ http://localhost:8511/_stcore/host-config:0
[ 3725574ms] [ERROR] Failed to load resource: net::ERR_CONNECTION_REFUSED @ http://localhost:8511/_stcore/health:0
[ 3725574ms] [ERROR] Client Error in reaching server endpoint - No response received when attempting to reach /_stcore/health @ http://localhost:8511/static/js/index.D2ZqaFuW.js:16
[ 3725574ms] [ERROR] Is Streamlit still running? If you accidentally stopped Streamlit, just restart it in your terminal: @ http://localhost:8511/static/js/index.D2ZqaFuW.js:21
[ 3725719ms] [ERROR] Failed to load resource: net::ERR_CONNECTION_REFUSED @ http://localhost:8511/_stcore/host-config:0
[ 3727579ms] [ERROR] Failed to load resource: net::ERR_CONNECTION_REFUSED @ http://localhost:8511/_stcore/health:0
[ 3727579ms] [ERROR] Client Error in reaching server endpoint - No response received when attempting to reach /_stcore/health @ http://localhost:8511/static/js/index.D2ZqaFuW.js:16
[ 3727579ms] [ERROR] Is Streamlit still running? If you accidentally stopped Streamlit, just restart it in your terminal: @ http://localhost:8511/static/js/index.D2ZqaFuW.js:21
[ 3727698ms] [ERROR] Failed to load resource: net::ERR_CONNECTION_REFUSED @ http://localhost:8511/_stcore/host-config:0
[ 3729586ms] [ERROR] Failed to load resource: net::ERR_CONNECTION_REFUSED @ http://localhost:8511/_stcore/health:0
[ 3729586ms] [ERROR] Client Error in reaching server endpoint - No response received when attempting to reach /_stcore/health @ http://localhost:8511/static/js/index.D2ZqaFuW.js:16
[ 3729587ms] [ERROR] Is Streamlit still running? If you accidentally stopped Streamlit, just restart it in your terminal: @ http://localhost:8511/static/js/index.D2ZqaFuW.js:21
[ 3729716ms] [ERROR] Failed to load resource: net::ERR_CONNECTION_REFUSED @ http://localhost:8511/_stcore/host-config:0
[ 3731594ms] [ERROR] Failed to load resource: net::ERR_CONNECTION_REFUSED @ http://localhost:8511/_stcore/health:0
[ 3731594ms] [ERROR] Client Error in reaching server endpoint - No response received when attempting to reach /_stcore/health @ http://localhost:8511/static/js/index.D2ZqaFuW.js:16
[ 3731595ms] [ERROR] Is Streamlit still running? If you accidentally stopped Streamlit, just restart it in your terminal: @ http://localhost:8511/static/js/index.D2ZqaFuW.js:21
[ 3731698ms] [ERROR] Failed to load resource: net::ERR_CONNECTION_REFUSED @ http://localhost:8511/_stcore/host-config:0
[ 3733603ms] [ERROR] Failed to load resource: net::ERR_CONNECTION_REFUSED @ http://localhost:8511/_stcore/health:0
[ 3733603ms] [ERROR] Client Error in reaching server endpoint - No response received when attempting to reach /_stcore/health @ http://localhost:8511/static/js/index.D2ZqaFuW.js:16
[ 3733603ms] [ERROR] Is Streamlit still running? If you accidentally stopped Streamlit, just restart it in your terminal: @ http://localhost:8511/static/js/index.D2ZqaFuW.js:21
[ 3733707ms] [ERROR] Failed to load resource: net::ERR_CONNECTION_REFUSED @ http://localhost:8511/_stcore/host-config:0
[ 3735610ms] [ERROR] Failed to load resource: net::ERR_CONNECTION_REFUSED @ http://localhost:8511/_stcore/health:0
[ 3735611ms] [ERROR] Client Error in reaching server endpoint - No response received when attempting to reach /_stcore/health @ http://localhost:8511/static/js/index.D2ZqaFuW.js:16
[ 3735611ms] [ERROR] Is Streamlit still running? If you accidentally stopped Streamlit, just restart it in your terminal: @ http://localhost:8511/static/js/index.D2ZqaFuW.js:21
[ 3735742ms] [ERROR] Failed to load resource: net::ERR_CONNECTION_REFUSED @ http://localhost:8511/_stcore/host-config:0
[ 3737617ms] [ERROR] Failed to load resource: net::ERR_CONNECTION_REFUSED @ http://localhost:8511/_stcore/health:0
[ 3737617ms] [ERROR] Client Error in reaching server endpoint - No response received when attempting to reach /_stcore/health @ http://localhost:8511/static/js/index.D2ZqaFuW.js:16
[ 3737618ms] [ERROR] Is Streamlit still running? If you accidentally stopped Streamlit, just restart it in your terminal: @ http://localhost:8511/static/js/index.D2ZqaFuW.js:21
[ 3737724ms] [ERROR] Failed to load resource: net::ERR_CONNECTION_REFUSED @ http://localhost:8511/_stcore/host-config:0
[ 3739626ms] [ERROR] Failed to load resource: net::ERR_CONNECTION_REFUSED @ http://localhost:8511/_stcore/host-config:0
[ 3739626ms] [ERROR] Client Error in reaching server endpoint - No response received when attempting to reach /_stcore/host-config @ http://localhost:8511/static/js/index.D2ZqaFuW.js:16
[ 3739627ms] [ERROR] Is Streamlit still running? If you accidentally stopped Streamlit, just restart it in your terminal: @ http://localhost:8511/static/js/index.D2ZqaFuW.js:21
[ 3739771ms] [ERROR] Failed to load resource: net::ERR_CONNECTION_REFUSED @ http://localhost:8511/_stcore/health:0
[ 3741634ms] [ERROR] Failed to load resource: net::ERR_CONNECTION_REFUSED @ http://localhost:8511/_stcore/health:0
[ 3741634ms] [ERROR] Client Error in reaching server endpoint - No response received when attempting to reach /_stcore/health @ http://localhost:8511/static/js/index.D2ZqaFuW.js:16
[ 3741635ms] [ERROR] Is Streamlit still running? If you accidentally stopped Streamlit, just restart it in your terminal: @ http://localhost:8511/static/js/index.D2ZqaFuW.js:21
[ 3741746ms] [ERROR] Failed to load resource: net::ERR_CONNECTION_REFUSED @ http://localhost:8511/_stcore/host-config:0
[ 3743642ms] [ERROR] Failed to load resource: net::ERR_CONNECTION_REFUSED @ http://localhost:8511/_stcore/health:0
[ 3743642ms] [ERROR] Client Error in reaching server endpoint - No response received when attempting to reach /_stcore/health @ http://localhost:8511/static/js/index.D2ZqaFuW.js:16
[ 3743642ms] [ERROR] Is Streamlit still running? If you accidentally stopped Streamlit, just restart it in your terminal: @ http://localhost:8511/static/js/index.D2ZqaFuW.js:21
[ 3743752ms] [ERROR] Failed to load resource: net::ERR_CONNECTION_REFUSED @ http://localhost:8511/_stcore/host-config:0
[ 3745650ms] [ERROR] Failed to load resource: net::ERR_CONNECTION_REFUSED @ http://localhost:8511/_stcore/health:0
[ 3745650ms] [ERROR] Client Error in reaching server endpoint - No response received when attempting to reach /_stcore/health @ http://localhost:8511/static/js/index.D2ZqaFuW.js:16
[ 3745651ms] [ERROR] Is Streamlit still running? If you accidentally stopped Streamlit, just restart it in your terminal: @ http://localhost:8511/static/js/index.D2ZqaFuW.js:21
[ 3745794ms] [ERROR] Failed to load resource: net::ERR_CONNECTION_REFUSED @ http://localhost:8511/_stcore/host-config:0
[ 3747657ms] [ERROR] Failed to load resource: net::ERR_CONNECTION_REFUSED @ http://localhost:8511/_stcore/health:0
[ 3747657ms] [ERROR] Client Error in reaching server endpoint - No response received when attempting to reach /_stcore/health @ http://localhost:8511/static/js/index.D2ZqaFuW.js:16
[ 3747657ms] [ERROR] Is Streamlit still running? If you accidentally stopped Streamlit, just restart it in your terminal: @ http://localhost:8511/static/js/index.D2ZqaFuW.js:21
[ 3747776ms] [ERROR] Failed to load resource: net::ERR_CONNECTION_REFUSED @ http://localhost:8511/_stcore/host-config:0
[ 3749664ms] [ERROR] Failed to load resource: net::ERR_CONNECTION_REFUSED @ http://localhost:8511/_stcore/health:0
[ 3749665ms] [ERROR] Client Error in reaching server endpoint - No response received when attempting to reach /_stcore/health @ http://localhost:8511/static/js/index.D2ZqaFuW.js:16
[ 3749665ms] [ERROR] Is Streamlit still running? If you accidentally stopped Streamlit, just restart it in your terminal: @ http://localhost:8511/static/js/index.D2ZqaFuW.js:21
[ 3749807ms] [ERROR] Failed to load resource: net::ERR_CONNECTION_REFUSED @ http://localhost:8511/_stcore/host-config:0
[ 3751673ms] [ERROR] Failed to load resource: net::ERR_CONNECTION_REFUSED @ http://localhost:8511/_stcore/health:0
[ 3751673ms] [ERROR] Client Error in reaching server endpoint - No response received when attempting to reach /_stcore/health @ http://localhost:8511/static/js/index.D2ZqaFuW.js:16
[ 3751673ms] [ERROR] Is Streamlit still running? If you accidentally stopped Streamlit, just restart it in your terminal: @ http://localhost:8511/static/js/index.D2ZqaFuW.js:21
[ 3751783ms] [ERROR] Failed to load resource: net::ERR_CONNECTION_REFUSED @ http://localhost:8511/_stcore/host-config:0
[ 3753681ms] [ERROR] Failed to load resource: net::ERR_CONNECTION_REFUSED @ http://localhost:8511/_stcore/health:0
[ 3753681ms] [ERROR] Client Error in reaching server endpoint - No response received when attempting to reach /_stcore/health @ http://localhost:8511/static/js/index.D2ZqaFuW.js:16
[ 3753681ms] [ERROR] Is Streamlit still running? If you accidentally stopped Streamlit, just restart it in your terminal: @ http://localhost:8511/static/js/index.D2ZqaFuW.js:21
[ 3753795ms] [ERROR] Failed to load resource: net::ERR_CONNECTION_REFUSED @ http://localhost:8511/_stcore/host-config:0
[ 3755688ms] [ERROR] Failed to load resource: net::ERR_CONNECTION_REFUSED @ http://localhost:8511/_stcore/health:0
[ 3755688ms] [ERROR] Client Error in reaching server endpoint - No response received when attempting to reach /_stcore/health @ http://localhost:8511/static/js/index.D2ZqaFuW.js:16
[ 3755689ms] [ERROR] Is Streamlit still running? If you accidentally stopped Streamlit, just restart it in your terminal: @ http://localhost:8511/static/js/index.D2ZqaFuW.js:21
[ 3755831ms] [ERROR] Failed to load resource: net::ERR_CONNECTION_REFUSED @ http://localhost:8511/_stcore/host-config:0
[ 3757693ms] [ERROR] Failed to load resource: net::ERR_CONNECTION_REFUSED @ http://localhost:8511/_stcore/health:0
[ 3757693ms] [ERROR] Client Error in reaching server endpoint - No response received when attempting to reach /_stcore/health @ http://localhost:8511/static/js/index.D2ZqaFuW.js:16
[ 3757694ms] [ERROR] Is Streamlit still running? If you accidentally stopped Streamlit, just restart it in your terminal: @ http://localhost:8511/static/js/index.D2ZqaFuW.js:21
[ 3757819ms] [ERROR] Failed to load resource: net::ERR_CONNECTION_REFUSED @ http://localhost:8511/_stcore/host-config:0
[ 3759701ms] [ERROR] Failed to load resource: net::ERR_CONNECTION_REFUSED @ http://localhost:8511/_stcore/health:0
[ 3759702ms] [ERROR] Client Error in reaching server endpoint - No response received when attempting to reach /_stcore/health @ http://localhost:8511/static/js/index.D2ZqaFuW.js:16
[ 3759702ms] [ERROR] Is Streamlit still running? If you accidentally stopped Streamlit, just restart it in your terminal: @ http://localhost:8511/static/js/index.D2ZqaFuW.js:21
[ 3759817ms] [ERROR] Failed to load resource: net::ERR_CONNECTION_REFUSED @ http://localhost:8511/_stcore/host-config:0
[ 3761709ms] [ERROR] Failed to load resource: net::ERR_CONNECTION_REFUSED @ http://localhost:8511/_stcore/health:0
[ 3761709ms] [ERROR] Client Error in reaching server endpoint - No response received when attempting to reach /_stcore/health @ http://localhost:8511/static/js/index.D2ZqaFuW.js:16
[ 3761709ms] [ERROR] Is Streamlit still running? If you accidentally stopped Streamlit, just restart it in your terminal: @ http://localhost:8511/static/js/index.D2ZqaFuW.js:21
[ 3761834ms] [ERROR] Failed to load resource: net::ERR_CONNECTION_REFUSED @ http://localhost:8511/_stcore/host-config:0
[ 3763717ms] [ERROR] Failed to load resource: net::ERR_CONNECTION_REFUSED @ http://localhost:8511/_stcore/health:0
[ 3763717ms] [ERROR] Client Error in reaching server endpoint - No response received when attempting to reach /_stcore/health @ http://localhost:8511/static/js/index.D2ZqaFuW.js:16
[ 3763717ms] [ERROR] Is Streamlit still running? If you accidentally stopped Streamlit, just restart it in your terminal: @ http://localhost:8511/static/js/index.D2ZqaFuW.js:21
[ 3763864ms] [ERROR] Failed to load resource: net::ERR_CONNECTION_REFUSED @ http://localhost:8511/_stcore/host-config:0
[ 3765722ms] [ERROR] Failed to load resource: net::ERR_CONNECTION_REFUSED @ http://localhost:8511/_stcore/host-config:0
[ 3765722ms] [ERROR] Client Error in reaching server endpoint - No response received when attempting to reach /_stcore/host-config @ http://localhost:8511/static/js/index.D2ZqaFuW.js:16
[ 3765722ms] [ERROR] Is Streamlit still running? If you accidentally stopped Streamlit, just restart it in your terminal: @ http://localhost:8511/static/js/index.D2ZqaFuW.js:21
[ 3765847ms] [ERROR] Failed to load resource: net::ERR_CONNECTION_REFUSED @ http://localhost:8511/_stcore/health:0
[ 3767727ms] [ERROR] Failed to load resource: net::ERR_CONNECTION_REFUSED @ http://localhost:8511/_stcore/health:0
[ 3767727ms] [ERROR] Client Error in reaching server endpoint - No response received when attempting to reach /_stcore/health @ http://localhost:8511/static/js/index.D2ZqaFuW.js:16
[ 3767727ms] [ERROR] Is Streamlit still running? If you accidentally stopped Streamlit, just restart it in your terminal: @ http://localhost:8511/static/js/index.D2ZqaFuW.js:21
[ 3767838ms] [ERROR] Failed to load resource: net::ERR_CONNECTION_REFUSED @ http://localhost:8511/_stcore/host-config:0
[ 3769820ms] [ERROR] Failed to load resource: net::ERR_CONNECTION_REFUSED @ http://localhost:8511/_stcore/health:0
[ 3769820ms] [ERROR] Client Error in reaching server endpoint - No response received when attempting to reach /_stcore/health @ http://localhost:8511/static/js/index.D2ZqaFuW.js:16
[ 3769820ms] [ERROR] Is Streamlit still running? If you accidentally stopped Streamlit, just restart it in your terminal: @ http://localhost:8511/static/js/index.D2ZqaFuW.js:21
[ 3770115ms] [ERROR] Failed to load resource: net::ERR_CONNECTION_REFUSED @ http://localhost:8511/_stcore/host-config:0
[ 3771828ms] [ERROR] Failed to load resource: net::ERR_CONNECTION_REFUSED @ http://localhost:8511/_stcore/health:0
[ 3771829ms] [ERROR] Client Error in reaching server endpoint - No response received when attempting to reach /_stcore/health @ http://localhost:8511/static/js/index.D2ZqaFuW.js:16
[ 3771829ms] [ERROR] Is Streamlit still running? If you accidentally stopped Streamlit, just restart it in your terminal: @ http://localhost:8511/static/js/index.D2ZqaFuW.js:21
[ 3771951ms] [ERROR] Failed to load resource: net::ERR_CONNECTION_REFUSED @ http://localhost:8511/_stcore/host-config:0
[ 3773837ms] [ERROR] Failed to load resource: net::ERR_CONNECTION_REFUSED @ http://localhost:8511/_stcore/health:0
[ 3773837ms] [ERROR] Client Error in reaching server endpoint - No response received when attempting to reach /_stcore/health @ http://localhost:8511/static/js/index.D2ZqaFuW.js:16
[ 3773837ms] [ERROR] Is Streamlit still running? If you accidentally stopped Streamlit, just restart it in your terminal: @ http://localhost:8511/static/js/index.D2ZqaFuW.js:21
[ 3773839ms] [ERROR] Failed to load resource: net::ERR_CONNECTION_REFUSED @ http://localhost:8511/_stcore/host-config:0
[ 3775844ms] [ERROR] Failed to load resource: net::ERR_CONNECTION_REFUSED @ http://localhost:8511/_stcore/health:0
[ 3775844ms] [ERROR] Client Error in reaching server endpoint - No response received when attempting to reach /_stcore/health @ http://localhost:8511/static/js/index.D2ZqaFuW.js:16
[ 3775844ms] [ERROR] Is Streamlit still running? If you accidentally stopped Streamlit, just restart it in your terminal: @ http://localhost:8511/static/js/index.D2ZqaFuW.js:21
[ 3775965ms] [ERROR] Failed to load resource: net::ERR_CONNECTION_REFUSED @ http://localhost:8511/_stcore/host-config:0
[ 3777857ms] [ERROR] Failed to load resource: net::ERR_CONNECTION_REFUSED @ http://localhost:8511/_stcore/health:0
[ 3777857ms] [ERROR] Client Error in reaching server endpoint - No response received when attempting to reach /_stcore/health @ http://localhost:8511/static/js/index.D2ZqaFuW.js:16
[ 3777858ms] [ERROR] Is Streamlit still running? If you accidentally stopped Streamlit, just restart it in your terminal: @ http://localhost:8511/static/js/index.D2ZqaFuW.js:21
[ 3778025ms] [ERROR] Failed to load resource: net::ERR_CONNECTION_REFUSED @ http://localhost:8511/_stcore/host-config:0
[ 3779862ms] [ERROR] Failed to load resource: net::ERR_CONNECTION_REFUSED @ http://localhost:8511/_stcore/health:0
[ 3779863ms] [ERROR] Client Error in reaching server endpoint - No response received when attempting to reach /_stcore/health @ http://localhost:8511/static/js/index.D2ZqaFuW.js:16
[ 3779863ms] [ERROR] Is Streamlit still running? If you accidentally stopped Streamlit, just restart it in your terminal: @ http://localhost:8511/static/js/index.D2ZqaFuW.js:21
[ 3780058ms] [ERROR] Failed to load resource: net::ERR_CONNECTION_REFUSED @ http://localhost:8511/_stcore/host-config:0
[ 3781870ms] [ERROR] Failed to load resource: net::ERR_CONNECTION_REFUSED @ http://localhost:8511/_stcore/health:0
[ 3781871ms] [ERROR] Client Error in reaching server endpoint - No response received when attempting to reach /_stcore/health @ http://localhost:8511/static/js/index.D2ZqaFuW.js:16
[ 3781871ms] [ERROR] Is Streamlit still running? If you accidentally stopped Streamlit, just restart it in your terminal: @ http://localhost:8511/static/js/index.D2ZqaFuW.js:21
[ 3781993ms] [ERROR] Failed to load resource: net::ERR_CONNECTION_REFUSED @ http://localhost:8511/_stcore/host-config:0
[ 3783905ms] [ERROR] Failed to load resource: net::ERR_CONNECTION_REFUSED @ http://localhost:8511/_stcore/health:0
[ 3783905ms] [ERROR] Client Error in reaching server endpoint - No response received when attempting to reach /_stcore/health @ http://localhost:8511/static/js/index.D2ZqaFuW.js:16
[ 3783905ms] [ERROR] Is Streamlit still running? If you accidentally stopped Streamlit, just restart it in your terminal: @ http://localhost:8511/static/js/index.D2ZqaFuW.js:21
[ 3784119ms] [ERROR] Failed to load resource: net::ERR_CONNECTION_REFUSED @ http://localhost:8511/_stcore/host-config:0
[ 3785913ms] [ERROR] Failed to load resource: net::ERR_CONNECTION_REFUSED @ http://localhost:8511/_stcore/health:0
[ 3785913ms] [ERROR] Client Error in reaching server endpoint - No response received when attempting to reach /_stcore/health @ http://localhost:8511/static/js/index.D2ZqaFuW.js:16
[ 3785913ms] [ERROR] Is Streamlit still running? If you accidentally stopped Streamlit, just restart it in your terminal: @ http://localhost:8511/static/js/index.D2ZqaFuW.js:21
[ 3786026ms] [ERROR] Failed to load resource: net::ERR_CONNECTION_REFUSED @ http://localhost:8511/_stcore/host-config:0
[ 3787920ms] [ERROR] Failed to load resource: net::ERR_CONNECTION_REFUSED @ http://localhost:8511/_stcore/health:0
[ 3787920ms] [ERROR] Client Error in reaching server endpoint - No response received when attempting to reach /_stcore/health @ http://localhost:8511/static/js/index.D2ZqaFuW.js:16
[ 3787921ms] [ERROR] Is Streamlit still running? If you accidentally stopped Streamlit, just restart it in your terminal: @ http://localhost:8511/static/js/index.D2ZqaFuW.js:21
[ 3788031ms] [ERROR] Failed to load resource: net::ERR_CONNECTION_REFUSED @ http://localhost:8511/_stcore/host-config:0
[ 3789928ms] [ERROR] Failed to load resource: net::ERR_CONNECTION_REFUSED @ http://localhost:8511/_stcore/health:0
[ 3789928ms] [ERROR] Client Error in reaching server endpoint - No response received when attempting to reach /_stcore/health @ http://localhost:8511/static/js/index.D2ZqaFuW.js:16
[ 3789929ms] [ERROR] Is Streamlit still running? If you accidentally stopped Streamlit, just restart it in your terminal: @ http://localhost:8511/static/js/index.D2ZqaFuW.js:21
[ 3790069ms] [ERROR] Failed to load resource: net::ERR_CONNECTION_REFUSED @ http://localhost:8511/_stcore/host-config:0
[ 3791936ms] [ERROR] Failed to load resource: net::ERR_CONNECTION_REFUSED @ http://localhost:8511/_stcore/health:0
[ 3791936ms] [ERROR] Client Error in reaching server endpoint - No response received when attempting to reach /_stcore/health @ http://localhost:8511/static/js/index.D2ZqaFuW.js:16
[ 3791937ms] [ERROR] Is Streamlit still running? If you accidentally stopped Streamlit, just restart it in your terminal: @ http://localhost:8511/static/js/index.D2ZqaFuW.js:21
[ 3792048ms] [ERROR] Failed to load resource: net::ERR_CONNECTION_REFUSED @ http://localhost:8511/_stcore/host-config:0
[ 3793944ms] [ERROR] Failed to load resource: net::ERR_CONNECTION_REFUSED @ http://localhost:8511/_stcore/host-config:0
[ 3793944ms] [ERROR] Client Error in reaching server endpoint - No response received when attempting to reach /_stcore/host-config @ http://localhost:8511/static/js/index.D2ZqaFuW.js:16
[ 3793945ms] [ERROR] Is Streamlit still running? If you accidentally stopped Streamlit, just restart it in your terminal: @ http://localhost:8511/static/js/index.D2ZqaFuW.js:21
[ 3794083ms] [ERROR] Failed to load resource: net::ERR_CONNECTION_REFUSED @ http://localhost:8511/_stcore/health:0
[ 3795951ms] [ERROR] Failed to load resource: net::ERR_CONNECTION_REFUSED @ http://localhost:8511/_stcore/health:0
[ 3795951ms] [ERROR] Client Error in reaching server endpoint - No response received when attempting to reach /_stcore/health @ http://localhost:8511/static/js/index.D2ZqaFuW.js:16
[ 3795951ms] [ERROR] Is Streamlit still running? If you accidentally stopped Streamlit, just restart it in your terminal: @ http://localhost:8511/static/js/index.D2ZqaFuW.js:21
[ 3796071ms] [ERROR] Failed to load resource: net::ERR_CONNECTION_REFUSED @ http://localhost:8511/_stcore/host-config:0
[ 3797958ms] [ERROR] Failed to load resource: net::ERR_CONNECTION_REFUSED @ http://localhost:8511/_stcore/health:0
[ 3797958ms] [ERROR] Client Error in reaching server endpoint - No response received when attempting to reach /_stcore/health @ http://localhost:8511/static/js/index.D2ZqaFuW.js:16
[ 3797959ms] [ERROR] Is Streamlit still running? If you accidentally stopped Streamlit, just restart it in your terminal: @ http://localhost:8511/static/js/index.D2ZqaFuW.js:21
[ 3798074ms] [ERROR] Failed to load resource: net::ERR_CONNECTION_REFUSED @ http://localhost:8511/_stcore/host-config:0
[ 3799964ms] [ERROR] Failed to load resource: net::ERR_CONNECTION_REFUSED @ http://localhost:8511/_stcore/health:0
[ 3799964ms] [ERROR] Client Error in reaching server endpoint - No response received when attempting to reach /_stcore/health @ http://localhost:8511/static/js/index.D2ZqaFuW.js:16
[ 3799964ms] [ERROR] Is Streamlit still running? If you accidentally stopped Streamlit, just restart it in your terminal: @ http://localhost:8511/static/js/index.D2ZqaFuW.js:21
[ 3800109ms] [ERROR] Failed to load resource: net::ERR_CONNECTION_REFUSED @ http://localhost:8511/_stcore/host-config:0
[ 3801972ms] [ERROR] Failed to load resource: net::ERR_CONNECTION_REFUSED @ http://localhost:8511/_stcore/host-config:0
[ 3801972ms] [ERROR] Client Error in reaching server endpoint - No response received when attempting to reach /_stcore/host-config @ http://localhost:8511/static/js/index.D2ZqaFuW.js:16
[ 3801973ms] [ERROR] Is Streamlit still running? If you accidentally stopped Streamlit, just restart it in your terminal: @ http://localhost:8511/static/js/index.D2ZqaFuW.js:21
[ 3802231ms] [ERROR] Failed to load resource: net::ERR_CONNECTION_REFUSED @ http://localhost:8511/_stcore/health:0
[ 3803980ms] [ERROR] Failed to load resource: net::ERR_CONNECTION_REFUSED @ http://localhost:8511/_stcore/health:0
[ 3803980ms] [ERROR] Client Error in reaching server endpoint - No response received when attempting to reach /_stcore/health @ http://localhost:8511/static/js/index.D2ZqaFuW.js:16
[ 3803980ms] [ERROR] Is Streamlit still running? If you accidentally stopped Streamlit, just restart it in your terminal: @ http://localhost:8511/static/js/index.D2ZqaFuW.js:21
[ 3804092ms] [ERROR] Failed to load resource: net::ERR_CONNECTION_REFUSED @ http://localhost:8511/_stcore/host-config:0
[ 3805988ms] [ERROR] Failed to load resource: net::ERR_CONNECTION_REFUSED @ http://localhost:8511/_stcore/health:0
[ 3805988ms] [ERROR] Client Error in reaching server endpoint - No response received when attempting to reach /_stcore/health @ http://localhost:8511/static/js/index.D2ZqaFuW.js:16
[ 3805988ms] [ERROR] Is Streamlit still running? If you accidentally stopped Streamlit, just restart it in your terminal: @ http://localhost:8511/static/js/index.D2ZqaFuW.js:21
[ 3806118ms] [ERROR] Failed to load resource: net::ERR_CONNECTION_REFUSED @ http://localhost:8511/_stcore/host-config:0
[ 3807993ms] [ERROR] Failed to load resource: net::ERR_CONNECTION_REFUSED @ http://localhost:8511/_stcore/health:0
[ 3807993ms] [ERROR] Client Error in reaching server endpoint - No response received when attempting to reach /_stcore/health @ http://localhost:8511/static/js/index.D2ZqaFuW.js:16
[ 3807994ms] [ERROR] Is Streamlit still running? If you accidentally stopped Streamlit, just restart it in your terminal: @ http://localhost:8511/static/js/index.D2ZqaFuW.js:21
[ 3808187ms] [ERROR] Failed to load resource: net::ERR_CONNECTION_REFUSED @ http://localhost:8511/_stcore/host-config:0
[ 3810001ms] [ERROR] Failed to load resource: net::ERR_CONNECTION_REFUSED @ http://localhost:8511/_stcore/health:0
[ 3810002ms] [ERROR] Client Error in reaching server endpoint - No response received when attempting to reach /_stcore/health @ http://localhost:8511/static/js/index.D2ZqaFuW.js:16
[ 3810002ms] [ERROR] Is Streamlit still running? If you accidentally stopped Streamlit, just restart it in your terminal: @ http://localhost:8511/static/js/index.D2ZqaFuW.js:21
[ 3810120ms] [ERROR] Failed to load resource: net::ERR_CONNECTION_REFUSED @ http://localhost:8511/_stcore/host-config:0
[ 3812009ms] [ERROR] Failed to load resource: net::ERR_CONNECTION_REFUSED @ http://localhost:8511/_stcore/health:0
[ 3812009ms] [ERROR] Client Error in reaching server endpoint - No response received when attempting to reach /_stcore/health @ http://localhost:8511/static/js/index.D2ZqaFuW.js:16
[ 3812010ms] [ERROR] Is Streamlit still running? If you accidentally stopped Streamlit, just restart it in your terminal: @ http://localhost:8511/static/js/index.D2ZqaFuW.js:21
[ 3812144ms] [ERROR] Failed to load resource: net::ERR_CONNECTION_REFUSED @ http://localhost:8511/_stcore/host-config:0
[ 3814016ms] [ERROR] Failed to load resource: net::ERR_CONNECTION_REFUSED @ http://localhost:8511/_stcore/health:0
[ 3814017ms] [ERROR] Client Error in reaching server endpoint - No response received when attempting to reach /_stcore/health @ http://localhost:8511/static/js/index.D2ZqaFuW.js:16
[ 3814017ms] [ERROR] Is Streamlit still running? If you accidentally stopped Streamlit, just restart it in your terminal: @ http://localhost:8511/static/js/index.D2ZqaFuW.js:21
[ 3814163ms] [ERROR] Failed to load resource: net::ERR_CONNECTION_REFUSED @ http://localhost:8511/_stcore/host-config:0
[ 3816027ms] [ERROR] Failed to load resource: net::ERR_CONNECTION_REFUSED @ http://localhost:8511/_stcore/host-config:0
[ 3816027ms] [ERROR] Client Error in reaching server endpoint - No response received when attempting to reach /_stcore/host-config @ http://localhost:8511/static/js/index.D2ZqaFuW.js:16
[ 3816027ms] [ERROR] Is Streamlit still running? If you accidentally stopped Streamlit, just restart it in your terminal: @ http://localhost:8511/static/js/index.D2ZqaFuW.js:21
[ 3816028ms] [ERROR] Failed to load resource: net::ERR_CONNECTION_REFUSED @ http://localhost:8511/_stcore/health:0
[ 3818035ms] [ERROR] Failed to load resource: net::ERR_CONNECTION_REFUSED @ http://localhost:8511/_stcore/health:0
[ 3818035ms] [ERROR] Client Error in reaching server endpoint - No response received when attempting to reach /_stcore/health @ http://localhost:8511/static/js/index.D2ZqaFuW.js:16
[ 3818035ms] [ERROR] Is Streamlit still running? If you accidentally stopped Streamlit, just restart it in your terminal: @ http://localhost:8511/static/js/index.D2ZqaFuW.js:21
[ 3818185ms] [ERROR] Failed to load resource: net::ERR_CONNECTION_REFUSED @ http://localhost:8511/_stcore/host-config:0
[ 3820043ms] [ERROR] Failed to load resource: net::ERR_CONNECTION_REFUSED @ http://localhost:8511/_stcore/health:0
[ 3820043ms] [ERROR] Client Error in reaching server endpoint - No response received when attempting to reach /_stcore/health @ http://localhost:8511/static/js/index.D2ZqaFuW.js:16
[ 3820043ms] [ERROR] Is Streamlit still running? If you accidentally stopped Streamlit, just restart it in your terminal: @ http://localhost:8511/static/js/index.D2ZqaFuW.js:21
[ 3820160ms] [ERROR] Failed to load resource: net::ERR_CONNECTION_REFUSED @ http://localhost:8511/_stcore/host-config:0
[ 3822052ms] [ERROR] Failed to load resource: net::ERR_CONNECTION_REFUSED @ http://localhost:8511/_stcore/health:0
[ 3822052ms] [ERROR] Client Error in reaching server endpoint - No response received when attempting to reach /_stcore/health @ http://localhost:8511/static/js/index.D2ZqaFuW.js:16
[ 3822052ms] [ERROR] Is Streamlit still running? If you accidentally stopped Streamlit, just restart it in your terminal: @ http://localhost:8511/static/js/index.D2ZqaFuW.js:21
[ 3822185ms] [ERROR] Failed to load resource: net::ERR_CONNECTION_REFUSED @ http://localhost:8511/_stcore/host-config:0
[ 3824060ms] [ERROR] Failed to load resource: net::ERR_CONNECTION_REFUSED @ http://localhost:8511/_stcore/host-config:0
[ 3824060ms] [ERROR] Client Error in reaching server endpoint - No response received when attempting to reach /_stcore/host-config @ http://localhost:8511/static/js/index.D2ZqaFuW.js:16
[ 3824060ms] [ERROR] Is Streamlit still running? If you accidentally stopped Streamlit, just restart it in your terminal: @ http://localhost:8511/static/js/index.D2ZqaFuW.js:21
[ 3824221ms] [ERROR] Failed to load resource: net::ERR_CONNECTION_REFUSED @ http://localhost:8511/_stcore/health:0
[ 3826066ms] [ERROR] Failed to load resource: net::ERR_CONNECTION_REFUSED @ http://localhost:8511/_stcore/health:0
[ 3826066ms] [ERROR] Client Error in reaching server endpoint - No response received when attempting to reach /_stcore/health @ http://localhost:8511/static/js/index.D2ZqaFuW.js:16
[ 3826066ms] [ERROR] Is Streamlit still running? If you accidentally stopped Streamlit, just restart it in your terminal: @ http://localhost:8511/static/js/index.D2ZqaFuW.js:21
[ 3826193ms] [ERROR] Failed to load resource: net::ERR_CONNECTION_REFUSED @ http://localhost:8511/_stcore/host-config:0
[ 3828074ms] [ERROR] Failed to load resource: net::ERR_CONNECTION_REFUSED @ http://localhost:8511/_stcore/health:0
[ 3828075ms] [ERROR] Client Error in reaching server endpoint - No response received when attempting to reach /_stcore/health @ http://localhost:8511/static/js/index.D2ZqaFuW.js:16
[ 3828075ms] [ERROR] Is Streamlit still running? If you accidentally stopped Streamlit, just restart it in your terminal: @ http://localhost:8511/static/js/index.D2ZqaFuW.js:21
[ 3828253ms] [ERROR] Failed to load resource: net::ERR_CONNECTION_REFUSED @ http://localhost:8511/_stcore/host-config:0
[ 3830082ms] [ERROR] Failed to load resource: net::ERR_CONNECTION_REFUSED @ http://localhost:8511/_stcore/host-config:0
[ 3830082ms] [ERROR] Client Error in reaching server endpoint - No response received when attempting to reach /_stcore/host-config @ http://localhost:8511/static/js/index.D2ZqaFuW.js:16
[ 3830083ms] [ERROR] Is Streamlit still running? If you accidentally stopped Streamlit, just restart it in your terminal: @ http://localhost:8511/static/js/index.D2ZqaFuW.js:21
[ 3830214ms] [ERROR] Failed to load resource: net::ERR_CONNECTION_REFUSED @ http://localhost:8511/_stcore/health:0
[ 3832091ms] [ERROR] Failed to load resource: net::ERR_CONNECTION_REFUSED @ http://localhost:8511/_stcore/health:0
[ 3832091ms] [ERROR] Client Error in reaching server endpoint - No response received when attempting to reach /_stcore/health @ http://localhost:8511/static/js/index.D2ZqaFuW.js:16
[ 3832092ms] [ERROR] Is Streamlit still running? If you accidentally stopped Streamlit, just restart it in your terminal: @ http://localhost:8511/static/js/index.D2ZqaFuW.js:21
[ 3832245ms] [ERROR] Failed to load resource: net::ERR_CONNECTION_REFUSED @ http://localhost:8511/_stcore/host-config:0
[ 3834098ms] [ERROR] Failed to load resource: net::ERR_CONNECTION_REFUSED @ http://localhost:8511/_stcore/health:0
[ 3834098ms] [ERROR] Client Error in reaching server endpoint - No response received when attempting to reach /_stcore/health @ http://localhost:8511/static/js/index.D2ZqaFuW.js:16
[ 3834098ms] [ERROR] Is Streamlit still running? If you accidentally stopped Streamlit, just restart it in your terminal: @ http://localhost:8511/static/js/index.D2ZqaFuW.js:21
[ 3834239ms] [ERROR] Failed to load resource: net::ERR_CONNECTION_REFUSED @ http://localhost:8511/_stcore/host-config:0
[ 3836106ms] [ERROR] Failed to load resource: net::ERR_CONNECTION_REFUSED @ http://localhost:8511/_stcore/health:0
[ 3836106ms] [ERROR] Client Error in reaching server endpoint - No response received when attempting to reach /_stcore/health @ http://localhost:8511/static/js/index.D2ZqaFuW.js:16
[ 3836107ms] [ERROR] Is Streamlit still running? If you accidentally stopped Streamlit, just restart it in your terminal: @ http://localhost:8511/static/js/index.D2ZqaFuW.js:21
[ 3836226ms] [ERROR] Failed to load resource: net::ERR_CONNECTION_REFUSED @ http://localhost:8511/_stcore/host-config:0
[ 3838115ms] [ERROR] Failed to load resource: net::ERR_CONNECTION_REFUSED @ http://localhost:8511/_stcore/health:0
[ 3838115ms] [ERROR] Client Error in reaching server endpoint - No response received when attempting to reach /_stcore/health @ http://localhost:8511/static/js/index.D2ZqaFuW.js:16
[ 3838115ms] [ERROR] Is Streamlit still running? If you accidentally stopped Streamlit, just restart it in your terminal: @ http://localhost:8511/static/js/index.D2ZqaFuW.js:21
[ 3838116ms] [ERROR] Failed to load resource: net::ERR_CONNECTION_REFUSED @ http://localhost:8511/_stcore/host-config:0
[ 3840123ms] [ERROR] Failed to load resource: net::ERR_CONNECTION_REFUSED @ http://localhost:8511/_stcore/health:0
[ 3840123ms] [ERROR] Client Error in reaching server endpoint - No response received when attempting to reach /_stcore/health @ http://localhost:8511/static/js/index.D2ZqaFuW.js:16
[ 3840124ms] [ERROR] Is Streamlit still running? If you accidentally stopped Streamlit, just restart it in your terminal: @ http://localhost:8511/static/js/index.D2ZqaFuW.js:21
[ 3840234ms] [ERROR] Failed to load resource: net::ERR_CONNECTION_REFUSED @ http://localhost:8511/_stcore/host-config:0
[ 3842131ms] [ERROR] Failed to load resource: net::ERR_CONNECTION_REFUSED @ http://localhost:8511/_stcore/health:0
[ 3842132ms] [ERROR] Client Error in reaching server endpoint - No response received when attempting to reach /_stcore/health @ http://localhost:8511/static/js/index.D2ZqaFuW.js:16
[ 3842132ms] [ERROR] Is Streamlit still running? If you accidentally stopped Streamlit, just restart it in your terminal: @ http://localhost:8511/static/js/index.D2ZqaFuW.js:21
[ 3842241ms] [ERROR] Failed to load resource: net::ERR_CONNECTION_REFUSED @ http://localhost:8511/_stcore/host-config:0
[ 3844139ms] [ERROR] Failed to load resource: net::ERR_CONNECTION_REFUSED @ http://localhost:8511/_stcore/health:0
[ 3844139ms] [ERROR] Client Error in reaching server endpoint - No response received when attempting to reach /_stcore/health @ http://localhost:8511/static/js/index.D2ZqaFuW.js:16
[ 3844139ms] [ERROR] Is Streamlit still running? If you accidentally stopped Streamlit, just restart it in your terminal: @ http://localhost:8511/static/js/index.D2ZqaFuW.js:21
[ 3844281ms] [ERROR] Failed to load resource: net::ERR_CONNECTION_REFUSED @ http://localhost:8511/_stcore/host-config:0
[ 3846146ms] [ERROR] Failed to load resource: net::ERR_CONNECTION_REFUSED @ http://localhost:8511/_stcore/health:0
[ 3846147ms] [ERROR] Client Error in reaching server endpoint - No response received when attempting to reach /_stcore/health @ http://localhost:8511/static/js/index.D2ZqaFuW.js:16
[ 3846147ms] [ERROR] Is Streamlit still running? If you accidentally stopped Streamlit, just restart it in your terminal: @ http://localhost:8511/static/js/index.D2ZqaFuW.js:21
[ 3846259ms] [ERROR] Failed to load resource: net::ERR_CONNECTION_REFUSED @ http://localhost:8511/_stcore/host-config:0
[ 3848154ms] [ERROR] Failed to load resource: net::ERR_CONNECTION_REFUSED @ http://localhost:8511/_stcore/health:0
[ 3848155ms] [ERROR] Client Error in reaching server endpoint - No response received when attempting to reach /_stcore/health @ http://localhost:8511/static/js/index.D2ZqaFuW.js:16
[ 3848155ms] [ERROR] Is Streamlit still running? If you accidentally stopped Streamlit, just restart it in your terminal: @ http://localhost:8511/static/js/index.D2ZqaFuW.js:21
[ 3848264ms] [ERROR] Failed to load resource: net::ERR_CONNECTION_REFUSED @ http://localhost:8511/_stcore/host-config:0
[ 3850163ms] [ERROR] Failed to load resource: net::ERR_CONNECTION_REFUSED @ http://localhost:8511/_stcore/health:0
[ 3850163ms] [ERROR] Client Error in reaching server endpoint - No response received when attempting to reach /_stcore/health @ http://localhost:8511/static/js/index.D2ZqaFuW.js:16
[ 3850163ms] [ERROR] Is Streamlit still running? If you accidentally stopped Streamlit, just restart it in your terminal: @ http://localhost:8511/static/js/index.D2ZqaFuW.js:21
[ 3850164ms] [ERROR] Failed to load resource: net::ERR_CONNECTION_REFUSED @ http://localhost:8511/_stcore/host-config:0
[ 3852170ms] [ERROR] Failed to load resource: net::ERR_CONNECTION_REFUSED @ http://localhost:8511/_stcore/health:0
[ 3852170ms] [ERROR] Client Error in reaching server endpoint - No response received when attempting to reach /_stcore/health @ http://localhost:8511/static/js/index.D2ZqaFuW.js:16
[ 3852170ms] [ERROR] Is Streamlit still running? If you accidentally stopped Streamlit, just restart it in your terminal: @ http://localhost:8511/static/js/index.D2ZqaFuW.js:21
[ 3852343ms] [ERROR] Failed to load resource: net::ERR_CONNECTION_REFUSED @ http://localhost:8511/_stcore/host-config:0
[ 3854179ms] [ERROR] Failed to load resource: net::ERR_CONNECTION_REFUSED @ http://localhost:8511/_stcore/health:0
[ 3854180ms] [ERROR] Client Error in reaching server endpoint - No response received when attempting to reach /_stcore/health @ http://localhost:8511/static/js/index.D2ZqaFuW.js:16
[ 3854180ms] [ERROR] Is Streamlit still running? If you accidentally stopped Streamlit, just restart it in your terminal: @ http://localhost:8511/static/js/index.D2ZqaFuW.js:21
[ 3854293ms] [ERROR] Failed to load resource: net::ERR_CONNECTION_REFUSED @ http://localhost:8511/_stcore/host-config:0
[ 3856188ms] [ERROR] Failed to load resource: net::ERR_CONNECTION_REFUSED @ http://localhost:8511/_stcore/health:0
[ 3856188ms] [ERROR] Client Error in reaching server endpoint - No response received when attempting to reach /_stcore/health @ http://localhost:8511/static/js/index.D2ZqaFuW.js:16
[ 3856188ms] [ERROR] Is Streamlit still running? If you accidentally stopped Streamlit, just restart it in your terminal: @ http://localhost:8511/static/js/index.D2ZqaFuW.js:21
[ 3856316ms] [ERROR] Failed to load resource: net::ERR_CONNECTION_REFUSED @ http://localhost:8511/_stcore/host-config:0
[ 3858193ms] [ERROR] Failed to load resource: net::ERR_CONNECTION_REFUSED @ http://localhost:8511/_stcore/health:0
[ 3858193ms] [ERROR] Client Error in reaching server endpoint - No response received when attempting to reach /_stcore/health @ http://localhost:8511/static/js/index.D2ZqaFuW.js:16
[ 3858193ms] [ERROR] Is Streamlit still running? If you accidentally stopped Streamlit, just restart it in your terminal: @ http://localhost:8511/static/js/index.D2ZqaFuW.js:21
[ 3858407ms] [ERROR] Failed to load resource: net::ERR_CONNECTION_REFUSED @ http://localhost:8511/_stcore/host-config:0
[ 3860202ms] [ERROR] Failed to load resource: net::ERR_CONNECTION_REFUSED @ http://localhost:8511/_stcore/health:0
[ 3860202ms] [ERROR] Client Error in reaching server endpoint - No response received when attempting to reach /_stcore/health @ http://localhost:8511/static/js/index.D2ZqaFuW.js:16
[ 3860202ms] [ERROR] Is Streamlit still running? If you accidentally stopped Streamlit, just restart it in your terminal: @ http://localhost:8511/static/js/index.D2ZqaFuW.js:21
[ 3860202ms] [ERROR] Failed to load resource: net::ERR_CONNECTION_REFUSED @ http://localhost:8511/_stcore/host-config:0
[ 3862208ms] [ERROR] Failed to load resource: net::ERR_CONNECTION_REFUSED @ http://localhost:8511/_stcore/health:0
[ 3862208ms] [ERROR] Client Error in reaching server endpoint - No response received when attempting to reach /_stcore/health @ http://localhost:8511/static/js/index.D2ZqaFuW.js:16
[ 3862209ms] [ERROR] Is Streamlit still running? If you accidentally stopped Streamlit, just restart it in your terminal: @ http://localhost:8511/static/js/index.D2ZqaFuW.js:21
[ 3862448ms] [ERROR] Failed to load resource: net::ERR_CONNECTION_REFUSED @ http://localhost:8511/_stcore/host-config:0
[ 3864219ms] [ERROR] Failed to load resource: net::ERR_CONNECTION_REFUSED @ http://localhost:8511/_stcore/health:0
[ 3864219ms] [ERROR] Client Error in reaching server endpoint - No response received when attempting to reach /_stcore/health @ http://localhost:8511/static/js/index.D2ZqaFuW.js:16
[ 3864219ms] [ERROR] Is Streamlit still running? If you accidentally stopped Streamlit, just restart it in your terminal: @ http://localhost:8511/static/js/index.D2ZqaFuW.js:21
[ 3864347ms] [ERROR] Failed to load resource: net::ERR_CONNECTION_REFUSED @ http://localhost:8511/_stcore/host-config:0
[ 3866227ms] [ERROR] Failed to load resource: net::ERR_CONNECTION_REFUSED @ http://localhost:8511/_stcore/health:0
[ 3866227ms] [ERROR] Client Error in reaching server endpoint - No response received when attempting to reach /_stcore/health @ http://localhost:8511/static/js/index.D2ZqaFuW.js:16
[ 3866227ms] [ERROR] Is Streamlit still running? If you accidentally stopped Streamlit, just restart it in your terminal: @ http://localhost:8511/static/js/index.D2ZqaFuW.js:21
[ 3866337ms] [ERROR] Failed to load resource: net::ERR_CONNECTION_REFUSED @ http://localhost:8511/_stcore/host-config:0
[ 3868235ms] [ERROR] Failed to load resource: net::ERR_CONNECTION_REFUSED @ http://localhost:8511/_stcore/host-config:0
[ 3868235ms] [ERROR] Client Error in reaching server endpoint - No response received when attempting to reach /_stcore/host-config @ http://localhost:8511/static/js/index.D2ZqaFuW.js:16
[ 3868235ms] [ERROR] Is Streamlit still running? If you accidentally stopped Streamlit, just restart it in your terminal: @ http://localhost:8511/static/js/index.D2ZqaFuW.js:21
[ 3868386ms] [ERROR] Failed to load resource: net::ERR_CONNECTION_REFUSED @ http://localhost:8511/_stcore/health:0
[ 3870243ms] [ERROR] Failed to load resource: net::ERR_CONNECTION_REFUSED @ http://localhost:8511/_stcore/health:0
[ 3870243ms] [ERROR] Client Error in reaching server endpoint - No response received when attempting to reach /_stcore/health @ http://localhost:8511/static/js/index.D2ZqaFuW.js:16
[ 3870243ms] [ERROR] Is Streamlit still running? If you accidentally stopped Streamlit, just restart it in your terminal: @ http://localhost:8511/static/js/index.D2ZqaFuW.js:21
[ 3870354ms] [ERROR] Failed to load resource: net::ERR_CONNECTION_REFUSED @ http://localhost:8511/_stcore/host-config:0
[ 3872250ms] [ERROR] Failed to load resource: net::ERR_CONNECTION_REFUSED @ http://localhost:8511/_stcore/health:0
[ 3872251ms] [ERROR] Client Error in reaching server endpoint - No response received when attempting to reach /_stcore/health @ http://localhost:8511/static/js/index.D2ZqaFuW.js:16
[ 3872251ms] [ERROR] Is Streamlit still running? If you accidentally stopped Streamlit, just restart it in your terminal: @ http://localhost:8511/static/js/index.D2ZqaFuW.js:21
[ 3872394ms] [ERROR] Failed to load resource: net::ERR_CONNECTION_REFUSED @ http://localhost:8511/_stcore/host-config:0
[ 3874258ms] [ERROR] Failed to load resource: net::ERR_CONNECTION_REFUSED @ http://localhost:8511/_stcore/health:0
[ 3874258ms] [ERROR] Client Error in reaching server endpoint - No response received when attempting to reach /_stcore/health @ http://localhost:8511/static/js/index.D2ZqaFuW.js:16
[ 3874258ms] [ERROR] Is Streamlit still running? If you accidentally stopped Streamlit, just restart it in your terminal: @ http://localhost:8511/static/js/index.D2ZqaFuW.js:21
[ 3874370ms] [ERROR] Failed to load resource: net::ERR_CONNECTION_REFUSED @ http://localhost:8511/_stcore/host-config:0
[ 3876265ms] [ERROR] Failed to load resource: net::ERR_CONNECTION_REFUSED @ http://localhost:8511/_stcore/health:0
[ 3876266ms] [ERROR] Client Error in reaching server endpoint - No response received when attempting to reach /_stcore/health @ http://localhost:8511/static/js/index.D2ZqaFuW.js:16
[ 3876266ms] [ERROR] Is Streamlit still running? If you accidentally stopped Streamlit, just restart it in your terminal: @ http://localhost:8511/static/js/index.D2ZqaFuW.js:21
[ 3876377ms] [ERROR] Failed to load resource: net::ERR_CONNECTION_REFUSED @ http://localhost:8511/_stcore/host-config:0
[ 3878273ms] [ERROR] Failed to load resource: net::ERR_CONNECTION_REFUSED @ http://localhost:8511/_stcore/health:0
[ 3878273ms] [ERROR] Client Error in reaching server endpoint - No response received when attempting to reach /_stcore/health @ http://localhost:8511/static/js/index.D2ZqaFuW.js:16
[ 3878273ms] [ERROR] Is Streamlit still running? If you accidentally stopped Streamlit, just restart it in your terminal: @ http://localhost:8511/static/js/index.D2ZqaFuW.js:21
[ 3878416ms] [ERROR] Failed to load resource: net::ERR_CONNECTION_REFUSED @ http://localhost:8511/_stcore/host-config:0
[ 3880280ms] [ERROR] Failed to load resource: net::ERR_CONNECTION_REFUSED @ http://localhost:8511/_stcore/host-config:0
[ 3880281ms] [ERROR] Client Error in reaching server endpoint - No response received when attempting to reach /_stcore/host-config @ http://localhost:8511/static/js/index.D2ZqaFuW.js:16
[ 3880281ms] [ERROR] Is Streamlit still running? If you accidentally stopped Streamlit, just restart it in your terminal: @ http://localhost:8511/static/js/index.D2ZqaFuW.js:21
[ 3880390ms] [ERROR] Failed to load resource: net::ERR_CONNECTION_REFUSED @ http://localhost:8511/_stcore/health:0
[ 3882287ms] [ERROR] Failed to load resource: net::ERR_CONNECTION_REFUSED @ http://localhost:8511/_stcore/health:0
[ 3882287ms] [ERROR] Client Error in reaching server endpoint - No response received when attempting to reach /_stcore/health @ http://localhost:8511/static/js/index.D2ZqaFuW.js:16
[ 3882287ms] [ERROR] Is Streamlit still running? If you accidentally stopped Streamlit, just restart it in your terminal: @ http://localhost:8511/static/js/index.D2ZqaFuW.js:21
[ 3882450ms] [ERROR] Failed to load resource: net::ERR_CONNECTION_REFUSED @ http://localhost:8511/_stcore/host-config:0
[ 3884294ms] [ERROR] Failed to load resource: net::ERR_CONNECTION_REFUSED @ http://localhost:8511/_stcore/health:0
[ 3884294ms] [ERROR] Client Error in reaching server endpoint - No response received when attempting to reach /_stcore/health @ http://localhost:8511/static/js/index.D2ZqaFuW.js:16
[ 3884295ms] [ERROR] Is Streamlit still running? If you accidentally stopped Streamlit, just restart it in your terminal: @ http://localhost:8511/static/js/index.D2ZqaFuW.js:21
[ 3884439ms] [ERROR] Failed to load resource: net::ERR_CONNECTION_REFUSED @ http://localhost:8511/_stcore/host-config:0
[ 3886305ms] [ERROR] Failed to load resource: net::ERR_CONNECTION_REFUSED @ http://localhost:8511/_stcore/health:0
[ 3886305ms] [ERROR] Client Error in reaching server endpoint - No response received when attempting to reach /_stcore/health @ http://localhost:8511/static/js/index.D2ZqaFuW.js:16
[ 3886305ms] [ERROR] Is Streamlit still running? If you accidentally stopped Streamlit, just restart it in your terminal: @ http://localhost:8511/static/js/index.D2ZqaFuW.js:21
[ 3886438ms] [ERROR] Failed to load resource: net::ERR_CONNECTION_REFUSED @ http://localhost:8511/_stcore/host-config:0
[ 3888313ms] [ERROR] Failed to load resource: net::ERR_CONNECTION_REFUSED @ http://localhost:8511/_stcore/health:0
[ 3888314ms] [ERROR] Client Error in reaching server endpoint - No response received when attempting to reach /_stcore/health @ http://localhost:8511/static/js/index.D2ZqaFuW.js:16
[ 3888314ms] [ERROR] Is Streamlit still running? If you accidentally stopped Streamlit, just restart it in your terminal: @ http://localhost:8511/static/js/index.D2ZqaFuW.js:21
[ 3888459ms] [ERROR] Failed to load resource: net::ERR_CONNECTION_REFUSED @ http://localhost:8511/_stcore/host-config:0
[ 3890322ms] [ERROR] Failed to load resource: net::ERR_CONNECTION_REFUSED @ http://localhost:8511/_stcore/health:0
[ 3890322ms] [ERROR] Client Error in reaching server endpoint - No response received when attempting to reach /_stcore/health @ http://localhost:8511/static/js/index.D2ZqaFuW.js:16
[ 3890322ms] [ERROR] Is Streamlit still running? If you accidentally stopped Streamlit, just restart it in your terminal: @ http://localhost:8511/static/js/index.D2ZqaFuW.js:21
[ 3890453ms] [ERROR] Failed to load resource: net::ERR_CONNECTION_REFUSED @ http://localhost:8511/_stcore/host-config:0
[ 3892328ms] [ERROR] Failed to load resource: net::ERR_CONNECTION_REFUSED @ http://localhost:8511/_stcore/health:0
[ 3892328ms] [ERROR] Client Error in reaching server endpoint - No response received when attempting to reach /_stcore/health @ http://localhost:8511/static/js/index.D2ZqaFuW.js:16
[ 3892328ms] [ERROR] Is Streamlit still running? If you accidentally stopped Streamlit, just restart it in your terminal: @ http://localhost:8511/static/js/index.D2ZqaFuW.js:21
[ 3892459ms] [ERROR] Failed to load resource: net::ERR_CONNECTION_REFUSED @ http://localhost:8511/_stcore/host-config:0
[ 3894338ms] [ERROR] Failed to load resource: net::ERR_CONNECTION_REFUSED @ http://localhost:8511/_stcore/health:0
[ 3894338ms] [ERROR] Client Error in reaching server endpoint - No response received when attempting to reach /_stcore/health @ http://localhost:8511/static/js/index.D2ZqaFuW.js:16
[ 3894338ms] [ERROR] Is Streamlit still running? If you accidentally stopped Streamlit, just restart it in your terminal: @ http://localhost:8511/static/js/index.D2ZqaFuW.js:21
[ 3894465ms] [ERROR] Failed to load resource: net::ERR_CONNECTION_REFUSED @ http://localhost:8511/_stcore/host-config:0
[ 3896345ms] [ERROR] Failed to load resource: net::ERR_CONNECTION_REFUSED @ http://localhost:8511/_stcore/host-config:0
[ 3896346ms] [ERROR] Client Error in reaching server endpoint - No response received when attempting to reach /_stcore/host-config @ http://localhost:8511/static/js/index.D2ZqaFuW.js:16
[ 3896346ms] [ERROR] Is Streamlit still running? If you accidentally stopped Streamlit, just restart it in your terminal: @ http://localhost:8511/static/js/index.D2ZqaFuW.js:21
[ 3896523ms] [ERROR] Failed to load resource: net::ERR_CONNECTION_REFUSED @ http://localhost:8511/_stcore/health:0
[ 3898354ms] [ERROR] Failed to load resource: net::ERR_CONNECTION_REFUSED @ http://localhost:8511/_stcore/health:0
[ 3898354ms] [ERROR] Client Error in reaching server endpoint - No response received when attempting to reach /_stcore/health @ http://localhost:8511/static/js/index.D2ZqaFuW.js:16
[ 3898355ms] [ERROR] Is Streamlit still running? If you accidentally stopped Streamlit, just restart it in your terminal: @ http://localhost:8511/static/js/index.D2ZqaFuW.js:21
[ 3898472ms] [ERROR] Failed to load resource: net::ERR_CONNECTION_REFUSED @ http://localhost:8511/_stcore/host-config:0
[ 3900360ms] [ERROR] Failed to load resource: net::ERR_CONNECTION_REFUSED @ http://localhost:8511/_stcore/health:0
[ 3900361ms] [ERROR] Client Error in reaching server endpoint - No response received when attempting to reach /_stcore/health @ http://localhost:8511/static/js/index.D2ZqaFuW.js:16
[ 3900361ms] [ERROR] Is Streamlit still running? If you accidentally stopped Streamlit, just restart it in your terminal: @ http://localhost:8511/static/js/index.D2ZqaFuW.js:21
[ 3900481ms] [ERROR] Failed to load resource: net::ERR_CONNECTION_REFUSED @ http://localhost:8511/_stcore/host-config:0
[ 3902367ms] [ERROR] Failed to load resource: net::ERR_CONNECTION_REFUSED @ http://localhost:8511/_stcore/host-config:0
[ 3902367ms] [ERROR] Client Error in reaching server endpoint - No response received when attempting to reach /_stcore/host-config @ http://localhost:8511/static/js/index.D2ZqaFuW.js:16
[ 3902367ms] [ERROR] Is Streamlit still running? If you accidentally stopped Streamlit, just restart it in your terminal: @ http://localhost:8511/static/js/index.D2ZqaFuW.js:21
[ 3902526ms] [ERROR] Failed to load resource: net::ERR_CONNECTION_REFUSED @ http://localhost:8511/_stcore/health:0
[ 3904375ms] [ERROR] Failed to load resource: net::ERR_CONNECTION_REFUSED @ http://localhost:8511/_stcore/host-config:0
[ 3904375ms] [ERROR] Client Error in reaching server endpoint - No response received when attempting to reach /_stcore/host-config @ http://localhost:8511/static/js/index.D2ZqaFuW.js:16
[ 3904376ms] [ERROR] Is Streamlit still running? If you accidentally stopped Streamlit, just restart it in your terminal: @ http://localhost:8511/static/js/index.D2ZqaFuW.js:21
[ 3904492ms] [ERROR] Failed to load resource: net::ERR_CONNECTION_REFUSED @ http://localhost:8511/_stcore/health:0
[ 3906384ms] [ERROR] Failed to load resource: net::ERR_CONNECTION_REFUSED @ http://localhost:8511/_stcore/health:0
[ 3906384ms] [ERROR] Client Error in reaching server endpoint - No response received when attempting to reach /_stcore/health @ http://localhost:8511/static/js/index.D2ZqaFuW.js:16
[ 3906384ms] [ERROR] Is Streamlit still running? If you accidentally stopped Streamlit, just restart it in your terminal: @ http://localhost:8511/static/js/index.D2ZqaFuW.js:21
[ 3906385ms] [ERROR] Failed to load resource: net::ERR_CONNECTION_REFUSED @ http://localhost:8511/_stcore/host-config:0
[ 3908392ms] [ERROR] Failed to load resource: net::ERR_CONNECTION_REFUSED @ http://localhost:8511/_stcore/health:0
[ 3908392ms] [ERROR] Client Error in reaching server endpoint - No response received when attempting to reach /_stcore/health @ http://localhost:8511/static/js/index.D2ZqaFuW.js:16
[ 3908392ms] [ERROR] Is Streamlit still running? If you accidentally stopped Streamlit, just restart it in your terminal: @ http://localhost:8511/static/js/index.D2ZqaFuW.js:21
[ 3908543ms] [ERROR] Failed to load resource: net::ERR_CONNECTION_REFUSED @ http://localhost:8511/_stcore/host-config:0
[ 3910399ms] [ERROR] Failed to load resource: net::ERR_CONNECTION_REFUSED @ http://localhost:8511/_stcore/health:0
[ 3910400ms] [ERROR] Client Error in reaching server endpoint - No response received when attempting to reach /_stcore/health @ http://localhost:8511/static/js/index.D2ZqaFuW.js:16
[ 3910400ms] [ERROR] Is Streamlit still running? If you accidentally stopped Streamlit, just restart it in your terminal: @ http://localhost:8511/static/js/index.D2ZqaFuW.js:21
[ 3910517ms] [ERROR] Failed to load resource: net::ERR_CONNECTION_REFUSED @ http://localhost:8511/_stcore/host-config:0
[ 3912406ms] [ERROR] Failed to load resource: net::ERR_CONNECTION_REFUSED @ http://localhost:8511/_stcore/health:0
[ 3912406ms] [ERROR] Client Error in reaching server endpoint - No response received when attempting to reach /_stcore/health @ http://localhost:8511/static/js/index.D2ZqaFuW.js:16
[ 3912406ms] [ERROR] Is Streamlit still running? If you accidentally stopped Streamlit, just restart it in your terminal: @ http://localhost:8511/static/js/index.D2ZqaFuW.js:21
[ 3912555ms] [ERROR] Failed to load resource: net::ERR_CONNECTION_REFUSED @ http://localhost:8511/_stcore/host-config:0
[ 3914418ms] [ERROR] Failed to load resource: net::ERR_CONNECTION_REFUSED @ http://localhost:8511/_stcore/health:0
[ 3914418ms] [ERROR] Client Error in reaching server endpoint - No response received when attempting to reach /_stcore/health @ http://localhost:8511/static/js/index.D2ZqaFuW.js:16
[ 3914418ms] [ERROR] Is Streamlit still running? If you accidentally stopped Streamlit, just restart it in your terminal: @ http://localhost:8511/static/js/index.D2ZqaFuW.js:21
[ 3914536ms] [ERROR] Failed to load resource: net::ERR_CONNECTION_REFUSED @ http://localhost:8511/_stcore/host-config:0
[ 3916425ms] [ERROR] Failed to load resource: net::ERR_CONNECTION_REFUSED @ http://localhost:8511/_stcore/health:0
[ 3916425ms] [ERROR] Client Error in reaching server endpoint - No response received when attempting to reach /_stcore/health @ http://localhost:8511/static/js/index.D2ZqaFuW.js:16
[ 3916426ms] [ERROR] Is Streamlit still running? If you accidentally stopped Streamlit, just restart it in your terminal: @ http://localhost:8511/static/js/index.D2ZqaFuW.js:21
[ 3916569ms] [ERROR] Failed to load resource: net::ERR_CONNECTION_REFUSED @ http://localhost:8511/_stcore/host-config:0
[ 3918434ms] [ERROR] Failed to load resource: net::ERR_CONNECTION_REFUSED @ http://localhost:8511/_stcore/health:0
[ 3918434ms] [ERROR] Client Error in reaching server endpoint - No response received when attempting to reach /_stcore/health @ http://localhost:8511/static/js/index.D2ZqaFuW.js:16
[ 3918434ms] [ERROR] Is Streamlit still running? If you accidentally stopped Streamlit, just restart it in your terminal: @ http://localhost:8511/static/js/index.D2ZqaFuW.js:21
[ 3918794ms] [ERROR] Failed to load resource: net::ERR_CONNECTION_REFUSED @ http://localhost:8511/_stcore/host-config:0
[ 3920442ms] [ERROR] Failed to load resource: net::ERR_CONNECTION_REFUSED @ http://localhost:8511/_stcore/health:0
[ 3920442ms] [ERROR] Client Error in reaching server endpoint - No response received when attempting to reach /_stcore/health @ http://localhost:8511/static/js/index.D2ZqaFuW.js:16
[ 3920443ms] [ERROR] Is Streamlit still running? If you accidentally stopped Streamlit, just restart it in your terminal: @ http://localhost:8511/static/js/index.D2ZqaFuW.js:21
[ 3920578ms] [ERROR] Failed to load resource: net::ERR_CONNECTION_REFUSED @ http://localhost:8511/_stcore/host-config:0
[ 3922449ms] [ERROR] Failed to load resource: net::ERR_CONNECTION_REFUSED @ http://localhost:8511/_stcore/health:0
[ 3922450ms] [ERROR] Client Error in reaching server endpoint - No response received when attempting to reach /_stcore/health @ http://localhost:8511/static/js/index.D2ZqaFuW.js:16
[ 3922450ms] [ERROR] Is Streamlit still running? If you accidentally stopped Streamlit, just restart it in your terminal: @ http://localhost:8511/static/js/index.D2ZqaFuW.js:21
[ 3922595ms] [ERROR] Failed to load resource: net::ERR_CONNECTION_REFUSED @ http://localhost:8511/_stcore/host-config:0
[ 3924458ms] [ERROR] Failed to load resource: net::ERR_CONNECTION_REFUSED @ http://localhost:8511/_stcore/host-config:0
[ 3924458ms] [ERROR] Client Error in reaching server endpoint - No response received when attempting to reach /_stcore/host-config @ http://localhost:8511/static/js/index.D2ZqaFuW.js:16
[ 3924458ms] [ERROR] Is Streamlit still running? If you accidentally stopped Streamlit, just restart it in your terminal: @ http://localhost:8511/static/js/index.D2ZqaFuW.js:21
[ 3924734ms] [ERROR] Failed to load resource: net::ERR_CONNECTION_REFUSED @ http://localhost:8511/_stcore/health:0
[ 3926465ms] [ERROR] Failed to load resource: net::ERR_CONNECTION_REFUSED @ http://localhost:8511/_stcore/health:0
[ 3926465ms] [ERROR] Client Error in reaching server endpoint - No response received when attempting to reach /_stcore/health @ http://localhost:8511/static/js/index.D2ZqaFuW.js:16
[ 3926465ms] [ERROR] Is Streamlit still running? If you accidentally stopped Streamlit, just restart it in your terminal: @ http://localhost:8511/static/js/index.D2ZqaFuW.js:21
[ 3927008ms] [ERROR] Failed to load resource: net::ERR_CONNECTION_REFUSED @ http://localhost:8511/_stcore/host-config:0
[ 3928471ms] [ERROR] Failed to load resource: net::ERR_CONNECTION_REFUSED @ http://localhost:8511/_stcore/health:0
[ 3928472ms] [ERROR] Client Error in reaching server endpoint - No response received when attempting to reach /_stcore/health @ http://localhost:8511/static/js/index.D2ZqaFuW.js:16
[ 3928472ms] [ERROR] Is Streamlit still running? If you accidentally stopped Streamlit, just restart it in your terminal: @ http://localhost:8511/static/js/index.D2ZqaFuW.js:21
[ 3928728ms] [ERROR] Failed to load resource: net::ERR_CONNECTION_REFUSED @ http://localhost:8511/_stcore/host-config:0
[ 3930479ms] [ERROR] Failed to load resource: net::ERR_CONNECTION_REFUSED @ http://localhost:8511/_stcore/health:0
[ 3930479ms] [ERROR] Client Error in reaching server endpoint - No response received when attempting to reach /_stcore/health @ http://localhost:8511/static/js/index.D2ZqaFuW.js:16
[ 3930479ms] [ERROR] Is Streamlit still running? If you accidentally stopped Streamlit, just restart it in your terminal: @ http://localhost:8511/static/js/index.D2ZqaFuW.js:21
[ 3930593ms] [ERROR] Failed to load resource: net::ERR_CONNECTION_REFUSED @ http://localhost:8511/_stcore/host-config:0
[ 3932488ms] [ERROR] Failed to load resource: net::ERR_CONNECTION_REFUSED @ http://localhost:8511/_stcore/health:0
[ 3932488ms] [ERROR] Client Error in reaching server endpoint - No response received when attempting to reach /_stcore/health @ http://localhost:8511/static/js/index.D2ZqaFuW.js:16
[ 3932488ms] [ERROR] Is Streamlit still running? If you accidentally stopped Streamlit, just restart it in your terminal: @ http://localhost:8511/static/js/index.D2ZqaFuW.js:21
[ 3932644ms] [ERROR] Failed to load resource: net::ERR_CONNECTION_REFUSED @ http://localhost:8511/_stcore/host-config:0
[ 3934494ms] [ERROR] Failed to load resource: net::ERR_CONNECTION_REFUSED @ http://localhost:8511/_stcore/health:0
[ 3934494ms] [ERROR] Client Error in reaching server endpoint - No response received when attempting to reach /_stcore/health @ http://localhost:8511/static/js/index.D2ZqaFuW.js:16
[ 3934494ms] [ERROR] Is Streamlit still running? If you accidentally stopped Streamlit, just restart it in your terminal: @ http://localhost:8511/static/js/index.D2ZqaFuW.js:21
[ 3934822ms] [ERROR] Failed to load resource: net::ERR_CONNECTION_REFUSED @ http://localhost:8511/_stcore/host-config:0
[ 3936501ms] [ERROR] Failed to load resource: net::ERR_CONNECTION_REFUSED @ http://localhost:8511/_stcore/health:0
[ 3936502ms] [ERROR] Client Error in reaching server endpoint - No response received when attempting to reach /_stcore/health @ http://localhost:8511/static/js/index.D2ZqaFuW.js:16
[ 3936502ms] [ERROR] Is Streamlit still running? If you accidentally stopped Streamlit, just restart it in your terminal: @ http://localhost:8511/static/js/index.D2ZqaFuW.js:21
[ 3936628ms] [ERROR] Failed to load resource: net::ERR_CONNECTION_REFUSED @ http://localhost:8511/_stcore/host-config:0
[ 3938508ms] [ERROR] Failed to load resource: net::ERR_CONNECTION_REFUSED @ http://localhost:8511/_stcore/health:0
[ 3938508ms] [ERROR] Client Error in reaching server endpoint - No response received when attempting to reach /_stcore/health @ http://localhost:8511/static/js/index.D2ZqaFuW.js:16
[ 3938508ms] [ERROR] Is Streamlit still running? If you accidentally stopped Streamlit, just restart it in your terminal: @ http://localhost:8511/static/js/index.D2ZqaFuW.js:21
[ 3938729ms] [ERROR] Failed to load resource: net::ERR_CONNECTION_REFUSED @ http://localhost:8511/_stcore/host-config:0
[ 3940514ms] [ERROR] Failed to load resource: net::ERR_CONNECTION_REFUSED @ http://localhost:8511/_stcore/health:0
[ 3940514ms] [ERROR] Client Error in reaching server endpoint - No response received when attempting to reach /_stcore/health @ http://localhost:8511/static/js/index.D2ZqaFuW.js:16
[ 3940515ms] [ERROR] Is Streamlit still running? If you accidentally stopped Streamlit, just restart it in your terminal: @ http://localhost:8511/static/js/index.D2ZqaFuW.js:21
[ 3940671ms] [ERROR] Failed to load resource: net::ERR_CONNECTION_REFUSED @ http://localhost:8511/_stcore/host-config:0
[ 3942520ms] [ERROR] Failed to load resource: net::ERR_CONNECTION_REFUSED @ http://localhost:8511/_stcore/health:0
[ 3942520ms] [ERROR] Client Error in reaching server endpoint - No response received when attempting to reach /_stcore/health @ http://localhost:8511/static/js/index.D2ZqaFuW.js:16
[ 3942520ms] [ERROR] Is Streamlit still running? If you accidentally stopped Streamlit, just restart it in your terminal: @ http://localhost:8511/static/js/index.D2ZqaFuW.js:21
[ 3942653ms] [ERROR] Failed to load resource: net::ERR_CONNECTION_REFUSED @ http://localhost:8511/_stcore/host-config:0
[ 3944524ms] [ERROR] Failed to load resource: net::ERR_CONNECTION_REFUSED @ http://localhost:8511/_stcore/host-config:0
[ 3944525ms] [ERROR] Client Error in reaching server endpoint - No response received when attempting to reach /_stcore/host-config @ http://localhost:8511/static/js/index.D2ZqaFuW.js:16
[ 3944525ms] [ERROR] Is Streamlit still running? If you accidentally stopped Streamlit, just restart it in your terminal: @ http://localhost:8511/static/js/index.D2ZqaFuW.js:21
[ 3944638ms] [ERROR] Failed to load resource: net::ERR_CONNECTION_REFUSED @ http://localhost:8511/_stcore/health:0
[ 3946530ms] [ERROR] Failed to load resource: net::ERR_CONNECTION_REFUSED @ http://localhost:8511/_stcore/host-config:0
[ 3946530ms] [ERROR] Client Error in reaching server endpoint - No response received when attempting to reach /_stcore/host-config @ http://localhost:8511/static/js/index.D2ZqaFuW.js:16
[ 3946530ms] [ERROR] Is Streamlit still running? If you accidentally stopped Streamlit, just restart it in your terminal: @ http://localhost:8511/static/js/index.D2ZqaFuW.js:21
[ 3946685ms] [ERROR] Failed to load resource: net::ERR_CONNECTION_REFUSED @ http://localhost:8511/_stcore/health:0
[ 3948535ms] [ERROR] Failed to load resource: net::ERR_CONNECTION_REFUSED @ http://localhost:8511/_stcore/health:0
[ 3948535ms] [ERROR] Client Error in reaching server endpoint - No response received when attempting to reach /_stcore/health @ http://localhost:8511/static/js/index.D2ZqaFuW.js:16
[ 3948535ms] [ERROR] Is Streamlit still running? If you accidentally stopped Streamlit, just restart it in your terminal: @ http://localhost:8511/static/js/index.D2ZqaFuW.js:21
[ 3948646ms] [ERROR] Failed to load resource: net::ERR_CONNECTION_REFUSED @ http://localhost:8511/_stcore/host-config:0
[ 3950540ms] [ERROR] Failed to load resource: net::ERR_CONNECTION_REFUSED @ http://localhost:8511/_stcore/health:0
[ 3950540ms] [ERROR] Client Error in reaching server endpoint - No response received when attempting to reach /_stcore/health @ http://localhost:8511/static/js/index.D2ZqaFuW.js:16
[ 3950540ms] [ERROR] Is Streamlit still running? If you accidentally stopped Streamlit, just restart it in your terminal: @ http://localhost:8511/static/js/index.D2ZqaFuW.js:21
[ 3950743ms] [ERROR] Failed to load resource: net::ERR_CONNECTION_REFUSED @ http://localhost:8511/_stcore/host-config:0
[ 3952547ms] [ERROR] Failed to load resource: net::ERR_CONNECTION_REFUSED @ http://localhost:8511/_stcore/health:0
[ 3952547ms] [ERROR] Client Error in reaching server endpoint - No response received when attempting to reach /_stcore/health @ http://localhost:8511/static/js/index.D2ZqaFuW.js:16
[ 3952547ms] [ERROR] Is Streamlit still running? If you accidentally stopped Streamlit, just restart it in your terminal: @ http://localhost:8511/static/js/index.D2ZqaFuW.js:21
[ 3952666ms] [ERROR] Failed to load resource: net::ERR_CONNECTION_REFUSED @ http://localhost:8511/_stcore/host-config:0
[ 3954552ms] [ERROR] Failed to load resource: net::ERR_CONNECTION_REFUSED @ http://localhost:8511/_stcore/health:0
[ 3954552ms] [ERROR] Client Error in reaching server endpoint - No response received when attempting to reach /_stcore/health @ http://localhost:8511/static/js/index.D2ZqaFuW.js:16
[ 3954553ms] [ERROR] Is Streamlit still running? If you accidentally stopped Streamlit, just restart it in your terminal: @ http://localhost:8511/static/js/index.D2ZqaFuW.js:21
[ 3954670ms] [ERROR] Failed to load resource: net::ERR_CONNECTION_REFUSED @ http://localhost:8511/_stcore/host-config:0
[ 3956557ms] [ERROR] Failed to load resource: net::ERR_CONNECTION_REFUSED @ http://localhost:8511/_stcore/health:0
[ 3956557ms] [ERROR] Client Error in reaching server endpoint - No response received when attempting to reach /_stcore/health @ http://localhost:8511/static/js/index.D2ZqaFuW.js:16
[ 3956557ms] [ERROR] Is Streamlit still running? If you accidentally stopped Streamlit, just restart it in your terminal: @ http://localhost:8511/static/js/index.D2ZqaFuW.js:21
[ 3956694ms] [ERROR] Failed to load resource: net::ERR_CONNECTION_REFUSED @ http://localhost:8511/_stcore/host-config:0
[ 3958565ms] [ERROR] Failed to load resource: net::ERR_CONNECTION_REFUSED @ http://localhost:8511/_stcore/health:0
[ 3958565ms] [ERROR] Client Error in reaching server endpoint - No response received when attempting to reach /_stcore/health @ http://localhost:8511/static/js/index.D2ZqaFuW.js:16
[ 3958566ms] [ERROR] Is Streamlit still running? If you accidentally stopped Streamlit, just restart it in your terminal: @ http://localhost:8511/static/js/index.D2ZqaFuW.js:21
[ 3958691ms] [ERROR] Failed to load resource: net::ERR_CONNECTION_REFUSED @ http://localhost:8511/_stcore/host-config:0
[ 3960571ms] [ERROR] Failed to load resource: net::ERR_CONNECTION_REFUSED @ http://localhost:8511/_stcore/health:0
[ 3960571ms] [ERROR] Client Error in reaching server endpoint - No response received when attempting to reach /_stcore/health @ http://localhost:8511/static/js/index.D2ZqaFuW.js:16
[ 3960571ms] [ERROR] Is Streamlit still running? If you accidentally stopped Streamlit, just restart it in your terminal: @ http://localhost:8511/static/js/index.D2ZqaFuW.js:21
[ 3960718ms] [ERROR] Failed to load resource: net::ERR_CONNECTION_REFUSED @ http://localhost:8511/_stcore/host-config:0
[ 3962576ms] [ERROR] Failed to load resource: net::ERR_CONNECTION_REFUSED @ http://localhost:8511/_stcore/health:0
[ 3962576ms] [ERROR] Client Error in reaching server endpoint - No response received when attempting to reach /_stcore/health @ http://localhost:8511/static/js/index.D2ZqaFuW.js:16
[ 3962576ms] [ERROR] Is Streamlit still running? If you accidentally stopped Streamlit, just restart it in your terminal: @ http://localhost:8511/static/js/index.D2ZqaFuW.js:21
[ 3962688ms] [ERROR] Failed to load resource: net::ERR_CONNECTION_REFUSED @ http://localhost:8511/_stcore/host-config:0
[ 3964584ms] [ERROR] Failed to load resource: net::ERR_CONNECTION_REFUSED @ http://localhost:8511/_stcore/health:0
[ 3964584ms] [ERROR] Client Error in reaching server endpoint - No response received when attempting to reach /_stcore/health @ http://localhost:8511/static/js/index.D2ZqaFuW.js:16
[ 3964585ms] [ERROR] Is Streamlit still running? If you accidentally stopped Streamlit, just restart it in your terminal: @ http://localhost:8511/static/js/index.D2ZqaFuW.js:21
[ 3964705ms] [ERROR] Failed to load resource: net::ERR_CONNECTION_REFUSED @ http://localhost:8511/_stcore/host-config:0
[ 3966593ms] [ERROR] Failed to load resource: net::ERR_CONNECTION_REFUSED @ http://localhost:8511/_stcore/health:0
[ 3966594ms] [ERROR] Client Error in reaching server endpoint - No response received when attempting to reach /_stcore/health @ http://localhost:8511/static/js/index.D2ZqaFuW.js:16
[ 3966594ms] [ERROR] Is Streamlit still running? If you accidentally stopped Streamlit, just restart it in your terminal: @ http://localhost:8511/static/js/index.D2ZqaFuW.js:21
[ 3966748ms] [ERROR] Failed to load resource: net::ERR_CONNECTION_REFUSED @ http://localhost:8511/_stcore/host-config:0
[ 3968598ms] [ERROR] Failed to load resource: net::ERR_CONNECTION_REFUSED @ http://localhost:8511/_stcore/health:0
[ 3968598ms] [ERROR] Client Error in reaching server endpoint - No response received when attempting to reach /_stcore/health @ http://localhost:8511/static/js/index.D2ZqaFuW.js:16
[ 3968599ms] [ERROR] Is Streamlit still running? If you accidentally stopped Streamlit, just restart it in your terminal: @ http://localhost:8511/static/js/index.D2ZqaFuW.js:21
[ 3968714ms] [ERROR] Failed to load resource: net::ERR_CONNECTION_REFUSED @ http://localhost:8511/_stcore/host-config:0
[ 3970604ms] [ERROR] Failed to load resource: net::ERR_CONNECTION_REFUSED @ http://localhost:8511/_stcore/health:0
[ 3970604ms] [ERROR] Client Error in reaching server endpoint - No response received when attempting to reach /_stcore/health @ http://localhost:8511/static/js/index.D2ZqaFuW.js:16
[ 3970604ms] [ERROR] Is Streamlit still running? If you accidentally stopped Streamlit, just restart it in your terminal: @ http://localhost:8511/static/js/index.D2ZqaFuW.js:21
[ 3970756ms] [ERROR] Failed to load resource: net::ERR_CONNECTION_REFUSED @ http://localhost:8511/_stcore/host-config:0
[ 3972612ms] [ERROR] Failed to load resource: net::ERR_CONNECTION_REFUSED @ http://localhost:8511/_stcore/health:0
[ 3972612ms] [ERROR] Client Error in reaching server endpoint - No response received when attempting to reach /_stcore/health @ http://localhost:8511/static/js/index.D2ZqaFuW.js:16
[ 3972612ms] [ERROR] Is Streamlit still running? If you accidentally stopped Streamlit, just restart it in your terminal: @ http://localhost:8511/static/js/index.D2ZqaFuW.js:21
[ 3972735ms] [ERROR] Failed to load resource: net::ERR_CONNECTION_REFUSED @ http://localhost:8511/_stcore/host-config:0
[ 3974619ms] [ERROR] Failed to load resource: net::ERR_CONNECTION_REFUSED @ http://localhost:8511/_stcore/health:0
[ 3974619ms] [ERROR] Client Error in reaching server endpoint - No response received when attempting to reach /_stcore/health @ http://localhost:8511/static/js/index.D2ZqaFuW.js:16
[ 3974619ms] [ERROR] Is Streamlit still running? If you accidentally stopped Streamlit, just restart it in your terminal: @ http://localhost:8511/static/js/index.D2ZqaFuW.js:21
[ 3974740ms] [ERROR] Failed to load resource: net::ERR_CONNECTION_REFUSED @ http://localhost:8511/_stcore/host-config:0
[ 3976627ms] [ERROR] Failed to load resource: net::ERR_CONNECTION_REFUSED @ http://localhost:8511/_stcore/health:0
[ 3976627ms] [ERROR] Client Error in reaching server endpoint - No response received when attempting to reach /_stcore/health @ http://localhost:8511/static/js/index.D2ZqaFuW.js:16
[ 3976628ms] [ERROR] Is Streamlit still running? If you accidentally stopped Streamlit, just restart it in your terminal: @ http://localhost:8511/static/js/index.D2ZqaFuW.js:21
[ 3976775ms] [ERROR] Failed to load resource: net::ERR_CONNECTION_REFUSED @ http://localhost:8511/_stcore/host-config:0
[ 3978634ms] [ERROR] Failed to load resource: net::ERR_CONNECTION_REFUSED @ http://localhost:8511/_stcore/health:0
[ 3978635ms] [ERROR] Client Error in reaching server endpoint - No response received when attempting to reach /_stcore/health @ http://localhost:8511/static/js/index.D2ZqaFuW.js:16
[ 3978635ms] [ERROR] Is Streamlit still running? If you accidentally stopped Streamlit, just restart it in your terminal: @ http://localhost:8511/static/js/index.D2ZqaFuW.js:21
[ 3978753ms] [ERROR] Failed to load resource: net::ERR_CONNECTION_REFUSED @ http://localhost:8511/_stcore/host-config:0
[ 3980642ms] [ERROR] Failed to load resource: net::ERR_CONNECTION_REFUSED @ http://localhost:8511/_stcore/health:0
[ 3980643ms] [ERROR] Client Error in reaching server endpoint - No response received when attempting to reach /_stcore/health @ http://localhost:8511/static/js/index.D2ZqaFuW.js:16
[ 3980643ms] [ERROR] Is Streamlit still running? If you accidentally stopped Streamlit, just restart it in your terminal: @ http://localhost:8511/static/js/index.D2ZqaFuW.js:21
[ 3980755ms] [ERROR] Failed to load resource: net::ERR_CONNECTION_REFUSED @ http://localhost:8511/_stcore/host-config:0
[ 3982650ms] [ERROR] Failed to load resource: net::ERR_CONNECTION_REFUSED @ http://localhost:8511/_stcore/health:0
[ 3982650ms] [ERROR] Client Error in reaching server endpoint - No response received when attempting to reach /_stcore/health @ http://localhost:8511/static/js/index.D2ZqaFuW.js:16
[ 3982650ms] [ERROR] Is Streamlit still running? If you accidentally stopped Streamlit, just restart it in your terminal: @ http://localhost:8511/static/js/index.D2ZqaFuW.js:21
[ 3982760ms] [ERROR] Failed to load resource: net::ERR_CONNECTION_REFUSED @ http://localhost:8511/_stcore/host-config:0
[ 3984657ms] [ERROR] Failed to load resource: net::ERR_CONNECTION_REFUSED @ http://localhost:8511/_stcore/health:0
[ 3984658ms] [ERROR] Client Error in reaching server endpoint - No response received when attempting to reach /_stcore/health @ http://localhost:8511/static/js/index.D2ZqaFuW.js:16
[ 3984658ms] [ERROR] Is Streamlit still running? If you accidentally stopped Streamlit, just restart it in your terminal: @ http://localhost:8511/static/js/index.D2ZqaFuW.js:21
[ 3984802ms] [ERROR] Failed to load resource: net::ERR_CONNECTION_REFUSED @ http://localhost:8511/_stcore/host-config:0
[ 3986665ms] [ERROR] Failed to load resource: net::ERR_CONNECTION_REFUSED @ http://localhost:8511/_stcore/health:0
[ 3986665ms] [ERROR] Client Error in reaching server endpoint - No response received when attempting to reach /_stcore/health @ http://localhost:8511/static/js/index.D2ZqaFuW.js:16
[ 3986665ms] [ERROR] Is Streamlit still running? If you accidentally stopped Streamlit, just restart it in your terminal: @ http://localhost:8511/static/js/index.D2ZqaFuW.js:21
[ 3986775ms] [ERROR] Failed to load resource: net::ERR_CONNECTION_REFUSED @ http://localhost:8511/_stcore/host-config:0
[ 3988674ms] [ERROR] Failed to load resource: net::ERR_CONNECTION_REFUSED @ http://localhost:8511/_stcore/health:0
[ 3988674ms] [ERROR] Client Error in reaching server endpoint - No response received when attempting to reach /_stcore/health @ http://localhost:8511/static/js/index.D2ZqaFuW.js:16
[ 3988674ms] [ERROR] Is Streamlit still running? If you accidentally stopped Streamlit, just restart it in your terminal: @ http://localhost:8511/static/js/index.D2ZqaFuW.js:21
[ 3988802ms] [ERROR] Failed to load resource: net::ERR_CONNECTION_REFUSED @ http://localhost:8511/_stcore/host-config:0
[ 3990681ms] [ERROR] Failed to load resource: net::ERR_CONNECTION_REFUSED @ http://localhost:8511/_stcore/health:0
[ 3990681ms] [ERROR] Client Error in reaching server endpoint - No response received when attempting to reach /_stcore/health @ http://localhost:8511/static/js/index.D2ZqaFuW.js:16
[ 3990682ms] [ERROR] Is Streamlit still running? If you accidentally stopped Streamlit, just restart it in your terminal: @ http://localhost:8511/static/js/index.D2ZqaFuW.js:21
[ 3990824ms] [ERROR] Failed to load resource: net::ERR_CONNECTION_REFUSED @ http://localhost:8511/_stcore/host-config:0
[ 3992688ms] [ERROR] Failed to load resource: net::ERR_CONNECTION_REFUSED @ http://localhost:8511/_stcore/health:0
[ 3992688ms] [ERROR] Client Error in reaching server endpoint - No response received when attempting to reach /_stcore/health @ http://localhost:8511/static/js/index.D2ZqaFuW.js:16
[ 3992688ms] [ERROR] Is Streamlit still running? If you accidentally stopped Streamlit, just restart it in your terminal: @ http://localhost:8511/static/js/index.D2ZqaFuW.js:21
[ 3992798ms] [ERROR] Failed to load resource: net::ERR_CONNECTION_REFUSED @ http://localhost:8511/_stcore/host-config:0
[ 3994764ms] [ERROR] Failed to load resource: net::ERR_CONNECTION_REFUSED @ http://localhost:8511/_stcore/health:0
[ 3994764ms] [ERROR] Client Error in reaching server endpoint - No response received when attempting to reach /_stcore/health @ http://localhost:8511/static/js/index.D2ZqaFuW.js:16
[ 3994765ms] [ERROR] Is Streamlit still running? If you accidentally stopped Streamlit, just restart it in your terminal: @ http://localhost:8511/static/js/index.D2ZqaFuW.js:21
[ 3994934ms] [ERROR] Failed to load resource: net::ERR_CONNECTION_REFUSED @ http://localhost:8511/_stcore/host-config:0
[ 3996772ms] [ERROR] Failed to load resource: net::ERR_CONNECTION_REFUSED @ http://localhost:8511/_stcore/host-config:0
[ 3996773ms] [ERROR] Client Error in reaching server endpoint - No response received when attempting to reach /_stcore/host-config @ http://localhost:8511/static/js/index.D2ZqaFuW.js:16
[ 3996773ms] [ERROR] Is Streamlit still running? If you accidentally stopped Streamlit, just restart it in your terminal: @ http://localhost:8511/static/js/index.D2ZqaFuW.js:21
[ 3996885ms] [ERROR] Failed to load resource: net::ERR_CONNECTION_REFUSED @ http://localhost:8511/_stcore/health:0
[ 3998780ms] [ERROR] Failed to load resource: net::ERR_CONNECTION_REFUSED @ http://localhost:8511/_stcore/health:0
[ 3998780ms] [ERROR] Client Error in reaching server endpoint - No response received when attempting to reach /_stcore/health @ http://localhost:8511/static/js/index.D2ZqaFuW.js:16
[ 3998780ms] [ERROR] Is Streamlit still running? If you accidentally stopped Streamlit, just restart it in your terminal: @ http://localhost:8511/static/js/index.D2ZqaFuW.js:21
[ 3998905ms] [ERROR] Failed to load resource: net::ERR_CONNECTION_REFUSED @ http://localhost:8511/_stcore/host-config:0
[ 4000786ms] [ERROR] Failed to load resource: net::ERR_CONNECTION_REFUSED @ http://localhost:8511/_stcore/health:0
[ 4000787ms] [ERROR] Client Error in reaching server endpoint - No response received when attempting to reach /_stcore/health @ http://localhost:8511/static/js/index.D2ZqaFuW.js:16
[ 4000787ms] [ERROR] Is Streamlit still running? If you accidentally stopped Streamlit, just restart it in your terminal: @ http://localhost:8511/static/js/index.D2ZqaFuW.js:21
[ 4000926ms] [ERROR] Failed to load resource: net::ERR_CONNECTION_REFUSED @ http://localhost:8511/_stcore/host-config:0
[ 4002794ms] [ERROR] Failed to load resource: net::ERR_CONNECTION_REFUSED @ http://localhost:8511/_stcore/health:0
[ 4002794ms] [ERROR] Client Error in reaching server endpoint - No response received when attempting to reach /_stcore/health @ http://localhost:8511/static/js/index.D2ZqaFuW.js:16
[ 4002795ms] [ERROR] Is Streamlit still running? If you accidentally stopped Streamlit, just restart it in your terminal: @ http://localhost:8511/static/js/index.D2ZqaFuW.js:21
[ 4002905ms] [ERROR] Failed to load resource: net::ERR_CONNECTION_REFUSED @ http://localhost:8511/_stcore/host-config:0
[ 4004802ms] [ERROR] Failed to load resource: net::ERR_CONNECTION_REFUSED @ http://localhost:8511/_stcore/health:0
[ 4004802ms] [ERROR] Client Error in reaching server endpoint - No response received when attempting to reach /_stcore/health @ http://localhost:8511/static/js/index.D2ZqaFuW.js:16
[ 4004803ms] [ERROR] Is Streamlit still running? If you accidentally stopped Streamlit, just restart it in your terminal: @ http://localhost:8511/static/js/index.D2ZqaFuW.js:21
[ 4004943ms] [ERROR] Failed to load resource: net::ERR_CONNECTION_REFUSED @ http://localhost:8511/_stcore/host-config:0
[ 4006810ms] [ERROR] Failed to load resource: net::ERR_CONNECTION_REFUSED @ http://localhost:8511/_stcore/host-config:0
[ 4006810ms] [ERROR] Client Error in reaching server endpoint - No response received when attempting to reach /_stcore/host-config @ http://localhost:8511/static/js/index.D2ZqaFuW.js:16
[ 4006810ms] [ERROR] Is Streamlit still running? If you accidentally stopped Streamlit, just restart it in your terminal: @ http://localhost:8511/static/js/index.D2ZqaFuW.js:21
[ 4006920ms] [ERROR] Failed to load resource: net::ERR_CONNECTION_REFUSED @ http://localhost:8511/_stcore/health:0
[ 4008817ms] [ERROR] Failed to load resource: net::ERR_CONNECTION_REFUSED @ http://localhost:8511/_stcore/health:0
[ 4008817ms] [ERROR] Client Error in reaching server endpoint - No response received when attempting to reach /_stcore/health @ http://localhost:8511/static/js/index.D2ZqaFuW.js:16
[ 4008818ms] [ERROR] Is Streamlit still running? If you accidentally stopped Streamlit, just restart it in your terminal: @ http://localhost:8511/static/js/index.D2ZqaFuW.js:21
[ 4008941ms] [ERROR] Failed to load resource: net::ERR_CONNECTION_REFUSED @ http://localhost:8511/_stcore/host-config:0
[ 4010824ms] [ERROR] Failed to load resource: net::ERR_CONNECTION_REFUSED @ http://localhost:8511/_stcore/host-config:0
[ 4010825ms] [ERROR] Client Error in reaching server endpoint - No response received when attempting to reach /_stcore/host-config @ http://localhost:8511/static/js/index.D2ZqaFuW.js:16
[ 4010825ms] [ERROR] Is Streamlit still running? If you accidentally stopped Streamlit, just restart it in your terminal: @ http://localhost:8511/static/js/index.D2ZqaFuW.js:21
[ 4010962ms] [ERROR] Failed to load resource: net::ERR_CONNECTION_REFUSED @ http://localhost:8511/_stcore/health:0
[ 4012833ms] [ERROR] Failed to load resource: net::ERR_CONNECTION_REFUSED @ http://localhost:8511/_stcore/health:0
[ 4012833ms] [ERROR] Client Error in reaching server endpoint - No response received when attempting to reach /_stcore/health @ http://localhost:8511/static/js/index.D2ZqaFuW.js:16
[ 4012834ms] [ERROR] Is Streamlit still running? If you accidentally stopped Streamlit, just restart it in your terminal: @ http://localhost:8511/static/js/index.D2ZqaFuW.js:21
[ 4012942ms] [ERROR] Failed to load resource: net::ERR_CONNECTION_REFUSED @ http://localhost:8511/_stcore/host-config:0
[ 4014841ms] [ERROR] Failed to load resource: net::ERR_CONNECTION_REFUSED @ http://localhost:8511/_stcore/health:0
[ 4014841ms] [ERROR] Client Error in reaching server endpoint - No response received when attempting to reach /_stcore/health @ http://localhost:8511/static/js/index.D2ZqaFuW.js:16
[ 4014842ms] [ERROR] Is Streamlit still running? If you accidentally stopped Streamlit, just restart it in your terminal: @ http://localhost:8511/static/js/index.D2ZqaFuW.js:21
[ 4014983ms] [ERROR] Failed to load resource: net::ERR_CONNECTION_REFUSED @ http://localhost:8511/_stcore/host-config:0
[ 4016848ms] [ERROR] Failed to load resource: net::ERR_CONNECTION_REFUSED @ http://localhost:8511/_stcore/health:0
[ 4016849ms] [ERROR] Client Error in reaching server endpoint - No response received when attempting to reach /_stcore/health @ http://localhost:8511/static/js/index.D2ZqaFuW.js:16
[ 4016849ms] [ERROR] Is Streamlit still running? If you accidentally stopped Streamlit, just restart it in your terminal: @ http://localhost:8511/static/js/index.D2ZqaFuW.js:21
[ 4016967ms] [ERROR] Failed to load resource: net::ERR_CONNECTION_REFUSED @ http://localhost:8511/_stcore/host-config:0
[ 4018857ms] [ERROR] Failed to load resource: net::ERR_CONNECTION_REFUSED @ http://localhost:8511/_stcore/health:0
[ 4018858ms] [ERROR] Client Error in reaching server endpoint - No response received when attempting to reach /_stcore/health @ http://localhost:8511/static/js/index.D2ZqaFuW.js:16
[ 4018858ms] [ERROR] Is Streamlit still running? If you accidentally stopped Streamlit, just restart it in your terminal: @ http://localhost:8511/static/js/index.D2ZqaFuW.js:21
[ 4018964ms] [ERROR] Failed to load resource: net::ERR_CONNECTION_REFUSED @ http://localhost:8511/_stcore/host-config:0
[ 4020865ms] [ERROR] Failed to load resource: net::ERR_CONNECTION_REFUSED @ http://localhost:8511/_stcore/health:0
[ 4020865ms] [ERROR] Client Error in reaching server endpoint - No response received when attempting to reach /_stcore/health @ http://localhost:8511/static/js/index.D2ZqaFuW.js:16
[ 4020866ms] [ERROR] Is Streamlit still running? If you accidentally stopped Streamlit, just restart it in your terminal: @ http://localhost:8511/static/js/index.D2ZqaFuW.js:21
[ 4021005ms] [ERROR] Failed to load resource: net::ERR_CONNECTION_REFUSED @ http://localhost:8511/_stcore/host-config:0
[ 4022872ms] [ERROR] Failed to load resource: net::ERR_CONNECTION_REFUSED @ http://localhost:8511/_stcore/health:0
[ 4022873ms] [ERROR] Client Error in reaching server endpoint - No response received when attempting to reach /_stcore/health @ http://localhost:8511/static/js/index.D2ZqaFuW.js:16
[ 4022873ms] [ERROR] Is Streamlit still running? If you accidentally stopped Streamlit, just restart it in your terminal: @ http://localhost:8511/static/js/index.D2ZqaFuW.js:21
[ 4023186ms] [ERROR] Failed to load resource: net::ERR_CONNECTION_REFUSED @ http://localhost:8511/_stcore/host-config:0
[ 4024876ms] [ERROR] Failed to load resource: net::ERR_CONNECTION_REFUSED @ http://localhost:8511/_stcore/host-config:0
[ 4024876ms] [ERROR] Client Error in reaching server endpoint - No response received when attempting to reach /_stcore/host-config @ http://localhost:8511/static/js/index.D2ZqaFuW.js:16
[ 4024876ms] [ERROR] Is Streamlit still running? If you accidentally stopped Streamlit, just restart it in your terminal: @ http://localhost:8511/static/js/index.D2ZqaFuW.js:21
[ 4024979ms] [ERROR] Failed to load resource: net::ERR_CONNECTION_REFUSED @ http://localhost:8511/_stcore/health:0
[ 4026883ms] [ERROR] Failed to load resource: net::ERR_CONNECTION_REFUSED @ http://localhost:8511/_stcore/health:0
[ 4026883ms] [ERROR] Client Error in reaching server endpoint - No response received when attempting to reach /_stcore/health @ http://localhost:8511/static/js/index.D2ZqaFuW.js:16
[ 4026883ms] [ERROR] Is Streamlit still running? If you accidentally stopped Streamlit, just restart it in your terminal: @ http://localhost:8511/static/js/index.D2ZqaFuW.js:21
[ 4026994ms] [ERROR] Failed to load resource: net::ERR_CONNECTION_REFUSED @ http://localhost:8511/_stcore/host-config:0
[ 4028893ms] [ERROR] Failed to load resource: net::ERR_CONNECTION_REFUSED @ http://localhost:8511/_stcore/health:0
[ 4028893ms] [ERROR] Client Error in reaching server endpoint - No response received when attempting to reach /_stcore/health @ http://localhost:8511/static/js/index.D2ZqaFuW.js:16
[ 4028893ms] [ERROR] Is Streamlit still running? If you accidentally stopped Streamlit, just restart it in your terminal: @ http://localhost:8511/static/js/index.D2ZqaFuW.js:21
[ 4029038ms] [ERROR] Failed to load resource: net::ERR_CONNECTION_REFUSED @ http://localhost:8511/_stcore/host-config:0
[ 4030903ms] [ERROR] Failed to load resource: net::ERR_CONNECTION_REFUSED @ http://localhost:8511/_stcore/health:0
[ 4030903ms] [ERROR] Client Error in reaching server endpoint - No response received when attempting to reach /_stcore/health @ http://localhost:8511/static/js/index.D2ZqaFuW.js:16
[ 4030904ms] [ERROR] Is Streamlit still running? If you accidentally stopped Streamlit, just restart it in your terminal: @ http://localhost:8511/static/js/index.D2ZqaFuW.js:21
[ 4031011ms] [ERROR] Failed to load resource: net::ERR_CONNECTION_REFUSED @ http://localhost:8511/_stcore/host-config:0
[ 4032910ms] [ERROR] Failed to load resource: net::ERR_CONNECTION_REFUSED @ http://localhost:8511/_stcore/health:0
[ 4032910ms] [ERROR] Client Error in reaching server endpoint - No response received when attempting to reach /_stcore/health @ http://localhost:8511/static/js/index.D2ZqaFuW.js:16
[ 4032910ms] [ERROR] Is Streamlit still running? If you accidentally stopped Streamlit, just restart it in your terminal: @ http://localhost:8511/static/js/index.D2ZqaFuW.js:21
[ 4033015ms] [ERROR] Failed to load resource: net::ERR_CONNECTION_REFUSED @ http://localhost:8511/_stcore/host-config:0
[ 4034920ms] [ERROR] Failed to load resource: net::ERR_CONNECTION_REFUSED @ http://localhost:8511/_stcore/health:0
[ 4034920ms] [ERROR] Client Error in reaching server endpoint - No response received when attempting to reach /_stcore/health @ http://localhost:8511/static/js/index.D2ZqaFuW.js:16
[ 4034920ms] [ERROR] Is Streamlit still running? If you accidentally stopped Streamlit, just restart it in your terminal: @ http://localhost:8511/static/js/index.D2ZqaFuW.js:21
[ 4035062ms] [ERROR] Failed to load resource: net::ERR_CONNECTION_REFUSED @ http://localhost:8511/_stcore/host-config:0
[ 4036928ms] [ERROR] Failed to load resource: net::ERR_CONNECTION_REFUSED @ http://localhost:8511/_stcore/health:0
[ 4036928ms] [ERROR] Client Error in reaching server endpoint - No response received when attempting to reach /_stcore/health @ http://localhost:8511/static/js/index.D2ZqaFuW.js:16
[ 4036928ms] [ERROR] Is Streamlit still running? If you accidentally stopped Streamlit, just restart it in your terminal: @ http://localhost:8511/static/js/index.D2ZqaFuW.js:21
[ 4037034ms] [ERROR] Failed to load resource: net::ERR_CONNECTION_REFUSED @ http://localhost:8511/_stcore/host-config:0
[ 4038935ms] [ERROR] Failed to load resource: net::ERR_CONNECTION_REFUSED @ http://localhost:8511/_stcore/host-config:0
[ 4038935ms] [ERROR] Client Error in reaching server endpoint - No response received when attempting to reach /_stcore/host-config @ http://localhost:8511/static/js/index.D2ZqaFuW.js:16
[ 4038935ms] [ERROR] Is Streamlit still running? If you accidentally stopped Streamlit, just restart it in your terminal: @ http://localhost:8511/static/js/index.D2ZqaFuW.js:21
[ 4039104ms] [ERROR] Failed to load resource: net::ERR_CONNECTION_REFUSED @ http://localhost:8511/_stcore/health:0
[ 4173245ms] [ERROR] Failed to load resource: net::ERR_CONNECTION_REFUSED @ http://localhost:8511/_stcore/health:0
[ 4173245ms] [ERROR] Client Error in reaching server endpoint - No response received when attempting to reach /_stcore/health @ http://localhost:8511/static/js/index.D2ZqaFuW.js:16
[ 4173245ms] [ERROR] Is Streamlit still running? If you accidentally stopped Streamlit, just restart it in your terminal: @ http://localhost:8511/static/js/index.D2ZqaFuW.js:21
[ 4173377ms] [ERROR] Failed to load resource: net::ERR_CONNECTION_REFUSED @ http://localhost:8511/_stcore/host-config:0
[ 4175250ms] [ERROR] Failed to load resource: net::ERR_CONNECTION_REFUSED @ http://localhost:8511/_stcore/health:0
[ 4175250ms] [ERROR] Client Error in reaching server endpoint - No response received when attempting to reach /_stcore/health @ http://localhost:8511/static/js/index.D2ZqaFuW.js:16
[ 4175250ms] [ERROR] Is Streamlit still running? If you accidentally stopped Streamlit, just restart it in your terminal: @ http://localhost:8511/static/js/index.D2ZqaFuW.js:21
[ 4175354ms] [ERROR] Failed to load resource: net::ERR_CONNECTION_REFUSED @ http://localhost:8511/_stcore/host-config:0
[ 4177256ms] [ERROR] Failed to load resource: net::ERR_CONNECTION_REFUSED @ http://localhost:8511/_stcore/host-config:0
[ 4177256ms] [ERROR] Client Error in reaching server endpoint - No response received when attempting to reach /_stcore/host-config @ http://localhost:8511/static/js/index.D2ZqaFuW.js:16
[ 4177256ms] [ERROR] Is Streamlit still running? If you accidentally stopped Streamlit, just restart it in your terminal: @ http://localhost:8511/static/js/index.D2ZqaFuW.js:21
[ 4177421ms] [ERROR] Failed to load resource: net::ERR_CONNECTION_REFUSED @ http://localhost:8511/_stcore/health:0
[ 4179264ms] [ERROR] Failed to load resource: net::ERR_CONNECTION_REFUSED @ http://localhost:8511/_stcore/host-config:0
[ 4179264ms] [ERROR] Client Error in reaching server endpoint - No response received when attempting to reach /_stcore/host-config @ http://localhost:8511/static/js/index.D2ZqaFuW.js:16
[ 4179264ms] [ERROR] Is Streamlit still running? If you accidentally stopped Streamlit, just restart it in your terminal: @ http://localhost:8511/static/js/index.D2ZqaFuW.js:21
[ 4179381ms] [ERROR] Failed to load resource: net::ERR_CONNECTION_REFUSED @ http://localhost:8511/_stcore/health:0
[ 4181272ms] [ERROR] Failed to load resource: net::ERR_CONNECTION_REFUSED @ http://localhost:8511/_stcore/health:0
[ 4181272ms] [ERROR] Client Error in reaching server endpoint - No response received when attempting to reach /_stcore/health @ http://localhost:8511/static/js/index.D2ZqaFuW.js:16
[ 4181273ms] [ERROR] Is Streamlit still running? If you accidentally stopped Streamlit, just restart it in your terminal: @ http://localhost:8511/static/js/index.D2ZqaFuW.js:21
[ 4181408ms] [ERROR] Failed to load resource: net::ERR_CONNECTION_REFUSED @ http://localhost:8511/_stcore/host-config:0
[ 4183278ms] [ERROR] Failed to load resource: net::ERR_CONNECTION_REFUSED @ http://localhost:8511/_stcore/health:0
[ 4183278ms] [ERROR] Client Error in reaching server endpoint - No response received when attempting to reach /_stcore/health @ http://localhost:8511/static/js/index.D2ZqaFuW.js:16
[ 4183278ms] [ERROR] Is Streamlit still running? If you accidentally stopped Streamlit, just restart it in your terminal: @ http://localhost:8511/static/js/index.D2ZqaFuW.js:21
[ 4183405ms] [ERROR] Failed to load resource: net::ERR_CONNECTION_REFUSED @ http://localhost:8511/_stcore/host-config:0
[ 4185296ms] [ERROR] Failed to load resource: net::ERR_CONNECTION_REFUSED @ http://localhost:8511/_stcore/health:0
[ 4185296ms] [ERROR] Client Error in reaching server endpoint - No response received when attempting to reach /_stcore/health @ http://localhost:8511/static/js/index.D2ZqaFuW.js:16
[ 4185297ms] [ERROR] Is Streamlit still running? If you accidentally stopped Streamlit, just restart it in your terminal: @ http://localhost:8511/static/js/index.D2ZqaFuW.js:21
[ 4186039ms] [ERROR] Failed to load resource: net::ERR_CONNECTION_REFUSED @ http://localhost:8511/_stcore/host-config:0
[ 4187315ms] [ERROR] Failed to load resource: net::ERR_CONNECTION_REFUSED @ http://localhost:8511/_stcore/health:0
[ 4187315ms] [ERROR] Client Error in reaching server endpoint - No response received when attempting to reach /_stcore/health @ http://localhost:8511/static/js/index.D2ZqaFuW.js:16
[ 4187316ms] [ERROR] Is Streamlit still running? If you accidentally stopped Streamlit, just restart it in your terminal: @ http://localhost:8511/static/js/index.D2ZqaFuW.js:21
[ 4188150ms] [ERROR] Failed to load resource: net::ERR_CONNECTION_REFUSED @ http://localhost:8511/_stcore/host-config:0
[ 4189333ms] [ERROR] Failed to load resource: net::ERR_CONNECTION_REFUSED @ http://localhost:8511/_stcore/health:0
[ 4189333ms] [ERROR] Client Error in reaching server endpoint - No response received when attempting to reach /_stcore/health @ http://localhost:8511/static/js/index.D2ZqaFuW.js:16
[ 4189334ms] [ERROR] Is Streamlit still running? If you accidentally stopped Streamlit, just restart it in your terminal: @ http://localhost:8511/static/js/index.D2ZqaFuW.js:21
[ 4189972ms] [ERROR] Failed to load resource: net::ERR_CONNECTION_REFUSED @ http://localhost:8511/_stcore/host-config:0
[ 4191351ms] [ERROR] Failed to load resource: net::ERR_CONNECTION_REFUSED @ http://localhost:8511/_stcore/health:0
[ 4191352ms] [ERROR] Client Error in reaching server endpoint - No response received when attempting to reach /_stcore/health @ http://localhost:8511/static/js/index.D2ZqaFuW.js:16
[ 4191353ms] [ERROR] Is Streamlit still running? If you accidentally stopped Streamlit, just restart it in your terminal: @ http://localhost:8511/static/js/index.D2ZqaFuW.js:21
[ 4192122ms] [ERROR] Failed to load resource: net::ERR_CONNECTION_REFUSED @ http://localhost:8511/_stcore/host-config:0
[ 4193363ms] [ERROR] Failed to load resource: net::ERR_CONNECTION_REFUSED @ http://localhost:8511/_stcore/health:0
[ 4193364ms] [ERROR] Client Error in reaching server endpoint - No response received when attempting to reach /_stcore/health @ http://localhost:8511/static/js/index.D2ZqaFuW.js:16
[ 4193364ms] [ERROR] Is Streamlit still running? If you accidentally stopped Streamlit, just restart it in your terminal: @ http://localhost:8511/static/js/index.D2ZqaFuW.js:21
[ 4193707ms] [ERROR] Failed to load resource: net::ERR_CONNECTION_REFUSED @ http://localhost:8511/_stcore/host-config:0
[ 4195372ms] [ERROR] Failed to load resource: net::ERR_CONNECTION_REFUSED @ http://localhost:8511/_stcore/health:0
[ 4195372ms] [ERROR] Client Error in reaching server endpoint - No response received when attempting to reach /_stcore/health @ http://localhost:8511/static/js/index.D2ZqaFuW.js:16
[ 4195372ms] [ERROR] Is Streamlit still running? If you accidentally stopped Streamlit, just restart it in your terminal: @ http://localhost:8511/static/js/index.D2ZqaFuW.js:21
[ 4195617ms] [ERROR] Failed to load resource: net::ERR_CONNECTION_REFUSED @ http://localhost:8511/_stcore/host-config:0
[ 4197380ms] [ERROR] Failed to load resource: net::ERR_CONNECTION_REFUSED @ http://localhost:8511/_stcore/health:0
[ 4197380ms] [ERROR] Client Error in reaching server endpoint - No response received when attempting to reach /_stcore/health @ http://localhost:8511/static/js/index.D2ZqaFuW.js:16
[ 4197381ms] [ERROR] Is Streamlit still running? If you accidentally stopped Streamlit, just restart it in your terminal: @ http://localhost:8511/static/js/index.D2ZqaFuW.js:21
[ 4197686ms] [ERROR] Failed to load resource: net::ERR_CONNECTION_REFUSED @ http://localhost:8511/_stcore/host-config:0
[ 4199388ms] [ERROR] Failed to load resource: net::ERR_CONNECTION_REFUSED @ http://localhost:8511/_stcore/health:0
[ 4199389ms] [ERROR] Client Error in reaching server endpoint - No response received when attempting to reach /_stcore/health @ http://localhost:8511/static/js/index.D2ZqaFuW.js:16
[ 4199389ms] [ERROR] Is Streamlit still running? If you accidentally stopped Streamlit, just restart it in your terminal: @ http://localhost:8511/static/js/index.D2ZqaFuW.js:21
[ 4199634ms] [ERROR] Failed to load resource: net::ERR_CONNECTION_REFUSED @ http://localhost:8511/_stcore/host-config:0
[ 4427370ms] [ERROR] Failed to load resource: net::ERR_CONNECTION_REFUSED @ http://localhost:8511/_stcore/health:0
[ 4427370ms] [ERROR] Client Error in reaching server endpoint - No response received when attempting to reach /_stcore/health @ http://localhost:8511/static/js/index.D2ZqaFuW.js:16
[ 4427371ms] [ERROR] Is Streamlit still running? If you accidentally stopped Streamlit, just restart it in your terminal: @ http://localhost:8511/static/js/index.D2ZqaFuW.js:21
[ 4427371ms] [ERROR] Failed to load resource: net::ERR_CONNECTION_REFUSED @ http://localhost:8511/_stcore/host-config:0
[ 4429376ms] [ERROR] Failed to load resource: net::ERR_CONNECTION_REFUSED @ http://localhost:8511/_stcore/health:0
[ 4429377ms] [ERROR] Client Error in reaching server endpoint - No response received when attempting to reach /_stcore/health @ http://localhost:8511/static/js/index.D2ZqaFuW.js:16
[ 4429377ms] [ERROR] Is Streamlit still running? If you accidentally stopped Streamlit, just restart it in your terminal: @ http://localhost:8511/static/js/index.D2ZqaFuW.js:21
[ 4429380ms] [ERROR] Failed to load resource: net::ERR_CONNECTION_REFUSED @ http://localhost:8511/_stcore/host-config:0
[ 4431384ms] [ERROR] Failed to load resource: net::ERR_CONNECTION_REFUSED @ http://localhost:8511/_stcore/health:0
[ 4431385ms] [ERROR] Client Error in reaching server endpoint - No response received when attempting to reach /_stcore/health @ http://localhost:8511/static/js/index.D2ZqaFuW.js:16
[ 4431385ms] [ERROR] Is Streamlit still running? If you accidentally stopped Streamlit, just restart it in your terminal: @ http://localhost:8511/static/js/index.D2ZqaFuW.js:21
[ 4431386ms] [ERROR] Failed to load resource: net::ERR_CONNECTION_REFUSED @ http://localhost:8511/_stcore/host-config:0
[ 4433390ms] [ERROR] Failed to load resource: net::ERR_CONNECTION_REFUSED @ http://localhost:8511/_stcore/health:0
[ 4433390ms] [ERROR] Client Error in reaching server endpoint - No response received when attempting to reach /_stcore/health @ http://localhost:8511/static/js/index.D2ZqaFuW.js:16
[ 4433391ms] [ERROR] Is Streamlit still running? If you accidentally stopped Streamlit, just restart it in your terminal: @ http://localhost:8511/static/js/index.D2ZqaFuW.js:21
[ 4433523ms] [ERROR] Failed to load resource: net::ERR_CONNECTION_REFUSED @ http://localhost:8511/_stcore/host-config:0
[ 4435396ms] [ERROR] Failed to load resource: net::ERR_CONNECTION_REFUSED @ http://localhost:8511/_stcore/health:0
[ 4435396ms] [ERROR] Client Error in reaching server endpoint - No response received when attempting to reach /_stcore/health @ http://localhost:8511/static/js/index.D2ZqaFuW.js:16
[ 4435397ms] [ERROR] Is Streamlit still running? If you accidentally stopped Streamlit, just restart it in your terminal: @ http://localhost:8511/static/js/index.D2ZqaFuW.js:21
[ 4435397ms] [ERROR] Failed to load resource: net::ERR_CONNECTION_REFUSED @ http://localhost:8511/_stcore/host-config:0
[ 4437401ms] [ERROR] Failed to load resource: net::ERR_CONNECTION_REFUSED @ http://localhost:8511/_stcore/health:0
[ 4437401ms] [ERROR] Client Error in reaching server endpoint - No response received when attempting to reach /_stcore/health @ http://localhost:8511/static/js/index.D2ZqaFuW.js:16
[ 4437401ms] [ERROR] Is Streamlit still running? If you accidentally stopped Streamlit, just restart it in your terminal: @ http://localhost:8511/static/js/index.D2ZqaFuW.js:21
[ 4437550ms] [ERROR] Failed to load resource: net::ERR_CONNECTION_REFUSED @ http://localhost:8511/_stcore/host-config:0
[ 4439419ms] [ERROR] Failed to load resource: net::ERR_CONNECTION_REFUSED @ http://localhost:8511/_stcore/health:0
[ 4439420ms] [ERROR] Client Error in reaching server endpoint - No response received when attempting to reach /_stcore/health @ http://localhost:8511/static/js/index.D2ZqaFuW.js:16
[ 4439421ms] [ERROR] Is Streamlit still running? If you accidentally stopped Streamlit, just restart it in your terminal: @ http://localhost:8511/static/js/index.D2ZqaFuW.js:21
[ 4441721ms] [ERROR] Failed to load resource: net::ERR_CONNECTION_REFUSED @ http://localhost:8511/_stcore/host-config:0
[ 4441773ms] [ERROR] Failed to load resource: net::ERR_CONNECTION_REFUSED @ http://localhost:8511/_stcore/health:0
[ 4441777ms] [ERROR] Client Error in reaching server endpoint - No response received when attempting to reach /_stcore/health @ http://localhost:8511/static/js/index.D2ZqaFuW.js:16
[ 4441798ms] [ERROR] Is Streamlit still running? If you accidentally stopped Streamlit, just restart it in your terminal: @ http://localhost:8511/static/js/index.D2ZqaFuW.js:21
[ 4441809ms] [ERROR] Failed to load resource: net::ERR_CONNECTION_REFUSED @ http://localhost:8511/_stcore/host-config:0
[ 4445331ms] [ERROR] Failed to load resource: net::ERR_CONNECTION_REFUSED @ http://localhost:8511/_stcore/health:0
[ 4445333ms] [ERROR] Client Error in reaching server endpoint - No response received when attempting to reach /_stcore/health @ http://localhost:8511/static/js/index.D2ZqaFuW.js:16
[ 4445336ms] [ERROR] Is Streamlit still running? If you accidentally stopped Streamlit, just restart it in your terminal: @ http://localhost:8511/static/js/index.D2ZqaFuW.js:21
[ 4445474ms] [ERROR] Failed to load resource: net::ERR_CONNECTION_REFUSED @ http://localhost:8511/_stcore/host-config:0
[ 4447600ms] [ERROR] Failed to load resource: net::ERR_CONNECTION_REFUSED @ http://localhost:8511/_stcore/health:0
[ 4447601ms] [ERROR] Client Error in reaching server endpoint - No response received when attempting to reach /_stcore/health @ http://localhost:8511/static/js/index.D2ZqaFuW.js:16
[ 4447604ms] [ERROR] Is Streamlit still running? If you accidentally stopped Streamlit, just restart it in your terminal: @ http://localhost:8511/static/js/index.D2ZqaFuW.js:21
[ 4447610ms] [ERROR] Failed to load resource: net::ERR_CONNECTION_REFUSED @ http://localhost:8511/_stcore/host-config:0
[ 4449618ms] [ERROR] Failed to load resource: net::ERR_CONNECTION_REFUSED @ http://localhost:8511/_stcore/health:0
[ 4449619ms] [ERROR] Client Error in reaching server endpoint - No response received when attempting to reach /_stcore/health @ http://localhost:8511/static/js/index.D2ZqaFuW.js:16
[ 4449619ms] [ERROR] Is Streamlit still running? If you accidentally stopped Streamlit, just restart it in your terminal: @ http://localhost:8511/static/js/index.D2ZqaFuW.js:21
[ 4450703ms] [ERROR] Failed to load resource: net::ERR_CONNECTION_REFUSED @ http://localhost:8511/_stcore/host-config:0
[ 4451632ms] [ERROR] Failed to load resource: net::ERR_CONNECTION_REFUSED @ http://localhost:8511/_stcore/health:0
[ 4451632ms] [ERROR] Client Error in reaching server endpoint - No response received when attempting to reach /_stcore/health @ http://localhost:8511/static/js/index.D2ZqaFuW.js:16
[ 4451633ms] [ERROR] Is Streamlit still running? If you accidentally stopped Streamlit, just restart it in your terminal: @ http://localhost:8511/static/js/index.D2ZqaFuW.js:21
[ 4452544ms] [ERROR] Failed to load resource: net::ERR_CONNECTION_REFUSED @ http://localhost:8511/_stcore/host-config:0
[ 4458498ms] [ERROR] Failed to load resource: net::ERR_CONNECTION_REFUSED @ http://localhost:8511/_stcore/health:0
[ 4458498ms] [ERROR] Client Error in reaching server endpoint - No response received when attempting to reach /_stcore/health @ http://localhost:8511/static/js/index.D2ZqaFuW.js:16
[ 4458499ms] [ERROR] Is Streamlit still running? If you accidentally stopped Streamlit, just restart it in your terminal: @ http://localhost:8511/static/js/index.D2ZqaFuW.js:21
[ 4458784ms] [ERROR] Failed to load resource: net::ERR_CONNECTION_REFUSED @ http://localhost:8511/_stcore/host-config:0
[ 4460503ms] [ERROR] Failed to load resource: net::ERR_CONNECTION_REFUSED @ http://localhost:8511/_stcore/health:0
[ 4460503ms] [ERROR] Client Error in reaching server endpoint - No response received when attempting to reach /_stcore/health @ http://localhost:8511/static/js/index.D2ZqaFuW.js:16
[ 4460503ms] [ERROR] Is Streamlit still running? If you accidentally stopped Streamlit, just restart it in your terminal: @ http://localhost:8511/static/js/index.D2ZqaFuW.js:21
[ 4460634ms] [ERROR] Failed to load resource: net::ERR_CONNECTION_REFUSED @ http://localhost:8511/_stcore/host-config:0
[ 4462510ms] [ERROR] Failed to load resource: net::ERR_CONNECTION_REFUSED @ http://localhost:8511/_stcore/health:0
[ 4462510ms] [ERROR] Client Error in reaching server endpoint - No response received when attempting to reach /_stcore/health @ http://localhost:8511/static/js/index.D2ZqaFuW.js:16
[ 4462510ms] [ERROR] Is Streamlit still running? If you accidentally stopped Streamlit, just restart it in your terminal: @ http://localhost:8511/static/js/index.D2ZqaFuW.js:21
[ 4462510ms] [ERROR] Failed to load resource: net::ERR_CONNECTION_REFUSED @ http://localhost:8511/_stcore/host-config:0
[ 4464516ms] [ERROR] Failed to load resource: net::ERR_CONNECTION_REFUSED @ http://localhost:8511/_stcore/health:0
[ 4464516ms] [ERROR] Client Error in reaching server endpoint - No response received when attempting to reach /_stcore/health @ http://localhost:8511/static/js/index.D2ZqaFuW.js:16
[ 4464517ms] [ERROR] Is Streamlit still running? If you accidentally stopped Streamlit, just restart it in your terminal: @ http://localhost:8511/static/js/index.D2ZqaFuW.js:21
[ 4464654ms] [ERROR] Failed to load resource: net::ERR_CONNECTION_REFUSED @ http://localhost:8511/_stcore/host-config:0
[ 4466526ms] [ERROR] Failed to load resource: net::ERR_CONNECTION_REFUSED @ http://localhost:8511/_stcore/health:0
[ 4466526ms] [ERROR] Client Error in reaching server endpoint - No response received when attempting to reach /_stcore/health @ http://localhost:8511/static/js/index.D2ZqaFuW.js:16
[ 4466526ms] [ERROR] Is Streamlit still running? If you accidentally stopped Streamlit, just restart it in your terminal: @ http://localhost:8511/static/js/index.D2ZqaFuW.js:21
[ 4466635ms] [ERROR] Failed to load resource: net::ERR_CONNECTION_REFUSED @ http://localhost:8511/_stcore/host-config:0
[ 4468533ms] [ERROR] Failed to load resource: net::ERR_CONNECTION_REFUSED @ http://localhost:8511/_stcore/health:0
[ 4468533ms] [ERROR] Client Error in reaching server endpoint - No response received when attempting to reach /_stcore/health @ http://localhost:8511/static/js/index.D2ZqaFuW.js:16
[ 4468534ms] [ERROR] Is Streamlit still running? If you accidentally stopped Streamlit, just restart it in your terminal: @ http://localhost:8511/static/js/index.D2ZqaFuW.js:21
[ 4468686ms] [ERROR] Failed to load resource: net::ERR_CONNECTION_REFUSED @ http://localhost:8511/_stcore/host-config:0
[ 4516788ms] [ERROR] Failed to load resource: net::ERR_CONNECTION_REFUSED @ http://localhost:8511/_stcore/health:0
[ 4516788ms] [ERROR] Client Error in reaching server endpoint - No response received when attempting to reach /_stcore/health @ http://localhost:8511/static/js/index.D2ZqaFuW.js:16
[ 4516789ms] [ERROR] Is Streamlit still running? If you accidentally stopped Streamlit, just restart it in your terminal: @ http://localhost:8511/static/js/index.D2ZqaFuW.js:21
[ 4516790ms] [ERROR] Failed to load resource: net::ERR_CONNECTION_REFUSED @ http://localhost:8511/_stcore/host-config:0
[ 4518796ms] [ERROR] Failed to load resource: net::ERR_CONNECTION_REFUSED @ http://localhost:8511/_stcore/health:0
[ 4518796ms] [ERROR] Client Error in reaching server endpoint - No response received when attempting to reach /_stcore/health @ http://localhost:8511/static/js/index.D2ZqaFuW.js:16
[ 4518796ms] [ERROR] Is Streamlit still running? If you accidentally stopped Streamlit, just restart it in your terminal: @ http://localhost:8511/static/js/index.D2ZqaFuW.js:21
[ 4518917ms] [ERROR] Failed to load resource: net::ERR_CONNECTION_REFUSED @ http://localhost:8511/_stcore/host-config:0
[ 4520802ms] [ERROR] Failed to load resource: net::ERR_CONNECTION_REFUSED @ http://localhost:8511/_stcore/health:0
[ 4520802ms] [ERROR] Client Error in reaching server endpoint - No response received when attempting to reach /_stcore/health @ http://localhost:8511/static/js/index.D2ZqaFuW.js:16
[ 4520802ms] [ERROR] Is Streamlit still running? If you accidentally stopped Streamlit, just restart it in your terminal: @ http://localhost:8511/static/js/index.D2ZqaFuW.js:21
[ 4520935ms] [ERROR] Failed to load resource: net::ERR_CONNECTION_REFUSED @ http://localhost:8511/_stcore/host-config:0
[ 4522806ms] [ERROR] Failed to load resource: net::ERR_CONNECTION_REFUSED @ http://localhost:8511/_stcore/health:0
[ 4522806ms] [ERROR] Client Error in reaching server endpoint - No response received when attempting to reach /_stcore/health @ http://localhost:8511/static/js/index.D2ZqaFuW.js:16
[ 4522806ms] [ERROR] Is Streamlit still running? If you accidentally stopped Streamlit, just restart it in your terminal: @ http://localhost:8511/static/js/index.D2ZqaFuW.js:21
[ 4522932ms] [ERROR] Failed to load resource: net::ERR_CONNECTION_REFUSED @ http://localhost:8511/_stcore/host-config:0
[ 4524811ms] [ERROR] Failed to load resource: net::ERR_CONNECTION_REFUSED @ http://localhost:8511/_stcore/health:0
[ 4524811ms] [ERROR] Client Error in reaching server endpoint - No response received when attempting to reach /_stcore/health @ http://localhost:8511/static/js/index.D2ZqaFuW.js:16
[ 4524811ms] [ERROR] Is Streamlit still running? If you accidentally stopped Streamlit, just restart it in your terminal: @ http://localhost:8511/static/js/index.D2ZqaFuW.js:21
[ 4524920ms] [ERROR] Failed to load resource: net::ERR_CONNECTION_REFUSED @ http://localhost:8511/_stcore/host-config:0
[ 4526816ms] [ERROR] Failed to load resource: net::ERR_CONNECTION_REFUSED @ http://localhost:8511/_stcore/health:0
[ 4526816ms] [ERROR] Client Error in reaching server endpoint - No response received when attempting to reach /_stcore/health @ http://localhost:8511/static/js/index.D2ZqaFuW.js:16
[ 4526817ms] [ERROR] Is Streamlit still running? If you accidentally stopped Streamlit, just restart it in your terminal: @ http://localhost:8511/static/js/index.D2ZqaFuW.js:21
[ 4526924ms] [ERROR] Failed to load resource: net::ERR_CONNECTION_REFUSED @ http://localhost:8511/_stcore/host-config:0
[ 4528839ms] [ERROR] Failed to load resource: net::ERR_CONNECTION_REFUSED @ http://localhost:8511/_stcore/health:0
[ 4528840ms] [ERROR] Client Error in reaching server endpoint - No response received when attempting to reach /_stcore/health @ http://localhost:8511/static/js/index.D2ZqaFuW.js:16
[ 4528841ms] [ERROR] Is Streamlit still running? If you accidentally stopped Streamlit, just restart it in your terminal: @ http://localhost:8511/static/js/index.D2ZqaFuW.js:21
[ 4530342ms] [ERROR] Failed to load resource: net::ERR_CONNECTION_REFUSED @ http://localhost:8511/_stcore/host-config:0
[ 4530862ms] [ERROR] Failed to load resource: net::ERR_CONNECTION_REFUSED @ http://localhost:8511/_stcore/health:0
[ 4530864ms] [ERROR] Client Error in reaching server endpoint - No response received when attempting to reach /_stcore/health @ http://localhost:8511/static/js/index.D2ZqaFuW.js:16
[ 4530865ms] [ERROR] Is Streamlit still running? If you accidentally stopped Streamlit, just restart it in your terminal: @ http://localhost:8511/static/js/index.D2ZqaFuW.js:21
[ 4530869ms] [ERROR] Failed to load resource: net::ERR_CONNECTION_REFUSED @ http://localhost:8511/_stcore/host-config:0
[ 4532891ms] [ERROR] Failed to load resource: net::ERR_CONNECTION_REFUSED @ http://localhost:8511/_stcore/health:0
[ 4532892ms] [ERROR] Client Error in reaching server endpoint - No response received when attempting to reach /_stcore/health @ http://localhost:8511/static/js/index.D2ZqaFuW.js:16
[ 4532893ms] [ERROR] Is Streamlit still running? If you accidentally stopped Streamlit, just restart it in your terminal: @ http://localhost:8511/static/js/index.D2ZqaFuW.js:21
[ 4534419ms] [ERROR] Failed to load resource: net::ERR_CONNECTION_REFUSED @ http://localhost:8511/_stcore/host-config:0
[ 4534910ms] [ERROR] Failed to load resource: net::ERR_CONNECTION_REFUSED @ http://localhost:8511/_stcore/health:0
[ 4534912ms] [ERROR] Client Error in reaching server endpoint - No response received when attempting to reach /_stcore/health @ http://localhost:8511/static/js/index.D2ZqaFuW.js:16
[ 4534915ms] [ERROR] Is Streamlit still running? If you accidentally stopped Streamlit, just restart it in your terminal: @ http://localhost:8511/static/js/index.D2ZqaFuW.js:21
[ 4534918ms] [ERROR] Failed to load resource: net::ERR_CONNECTION_REFUSED @ http://localhost:8511/_stcore/host-config:0
[ 4536928ms] [ERROR] Failed to load resource: net::ERR_CONNECTION_REFUSED @ http://localhost:8511/_stcore/health:0
[ 4536929ms] [ERROR] Client Error in reaching server endpoint - No response received when attempting to reach /_stcore/health @ http://localhost:8511/static/js/index.D2ZqaFuW.js:16
[ 4536930ms] [ERROR] Is Streamlit still running? If you accidentally stopped Streamlit, just restart it in your terminal: @ http://localhost:8511/static/js/index.D2ZqaFuW.js:21
[ 4537932ms] [ERROR] Failed to load resource: net::ERR_CONNECTION_REFUSED @ http://localhost:8511/_stcore/host-config:0
[ 4538940ms] [ERROR] Failed to load resource: net::ERR_CONNECTION_REFUSED @ http://localhost:8511/_stcore/health:0
[ 4538940ms] [ERROR] Client Error in reaching server endpoint - No response received when attempting to reach /_stcore/health @ http://localhost:8511/static/js/index.D2ZqaFuW.js:16
[ 4538941ms] [ERROR] Is Streamlit still running? If you accidentally stopped Streamlit, just restart it in your terminal: @ http://localhost:8511/static/js/index.D2ZqaFuW.js:21
[ 4539635ms] [ERROR] Failed to load resource: net::ERR_CONNECTION_REFUSED @ http://localhost:8511/_stcore/host-config:0
[ 4540949ms] [ERROR] Failed to load resource: net::ERR_CONNECTION_REFUSED @ http://localhost:8511/_stcore/host-config:0
[ 4540949ms] [ERROR] Client Error in reaching server endpoint - No response received when attempting to reach /_stcore/host-config @ http://localhost:8511/static/js/index.D2ZqaFuW.js:16
[ 4540949ms] [ERROR] Is Streamlit still running? If you accidentally stopped Streamlit, just restart it in your terminal: @ http://localhost:8511/static/js/index.D2ZqaFuW.js:21
[ 4541680ms] [ERROR] Failed to load resource: net::ERR_CONNECTION_REFUSED @ http://localhost:8511/_stcore/health:0
[ 4542959ms] [ERROR] Failed to load resource: net::ERR_CONNECTION_REFUSED @ http://localhost:8511/_stcore/health:0
[ 4542959ms] [ERROR] Client Error in reaching server endpoint - No response received when attempting to reach /_stcore/health @ http://localhost:8511/static/js/index.D2ZqaFuW.js:16
[ 4542959ms] [ERROR] Is Streamlit still running? If you accidentally stopped Streamlit, just restart it in your terminal: @ http://localhost:8511/static/js/index.D2ZqaFuW.js:21
[ 4543763ms] [ERROR] Failed to load resource: net::ERR_CONNECTION_REFUSED @ http://localhost:8511/_stcore/host-config:0
[ 4544967ms] [ERROR] Failed to load resource: net::ERR_CONNECTION_REFUSED @ http://localhost:8511/_stcore/health:0
[ 4544968ms] [ERROR] Client Error in reaching server endpoint - No response received when attempting to reach /_stcore/health @ http://localhost:8511/static/js/index.D2ZqaFuW.js:16
[ 4544968ms] [ERROR] Is Streamlit still running? If you accidentally stopped Streamlit, just restart it in your terminal: @ http://localhost:8511/static/js/index.D2ZqaFuW.js:21
[ 4571019ms] [ERROR] Failed to load resource: net::ERR_CONNECTION_REFUSED @ http://localhost:8511/_stcore/host-config:0
[ 4571034ms] [ERROR] Failed to load resource: net::ERR_CONNECTION_REFUSED @ http://localhost:8511/_stcore/health:0
[ 4571034ms] [ERROR] Client Error in reaching server endpoint - No response received when attempting to reach /_stcore/health @ http://localhost:8511/static/js/index.D2ZqaFuW.js:16
[ 4571034ms] [ERROR] Is Streamlit still running? If you accidentally stopped Streamlit, just restart it in your terminal: @ http://localhost:8511/static/js/index.D2ZqaFuW.js:21
[ 4571429ms] [ERROR] Failed to load resource: net::ERR_CONNECTION_REFUSED @ http://localhost:8511/_stcore/host-config:0
[ 4573038ms] [ERROR] Failed to load resource: net::ERR_CONNECTION_REFUSED @ http://localhost:8511/_stcore/health:0
[ 4573038ms] [ERROR] Client Error in reaching server endpoint - No response received when attempting to reach /_stcore/health @ http://localhost:8511/static/js/index.D2ZqaFuW.js:16
[ 4573038ms] [ERROR] Is Streamlit still running? If you accidentally stopped Streamlit, just restart it in your terminal: @ http://localhost:8511/static/js/index.D2ZqaFuW.js:21
[ 4573169ms] [ERROR] Failed to load resource: net::ERR_CONNECTION_REFUSED @ http://localhost:8511/_stcore/host-config:0
[ 4575043ms] [ERROR] Failed to load resource: net::ERR_CONNECTION_REFUSED @ http://localhost:8511/_stcore/health:0
[ 4575043ms] [ERROR] Client Error in reaching server endpoint - No response received when attempting to reach /_stcore/health @ http://localhost:8511/static/js/index.D2ZqaFuW.js:16
[ 4575044ms] [ERROR] Is Streamlit still running? If you accidentally stopped Streamlit, just restart it in your terminal: @ http://localhost:8511/static/js/index.D2ZqaFuW.js:21
[ 4575145ms] [ERROR] Failed to load resource: net::ERR_CONNECTION_REFUSED @ http://localhost:8511/_stcore/host-config:0
[ 4577048ms] [ERROR] Failed to load resource: net::ERR_CONNECTION_REFUSED @ http://localhost:8511/_stcore/health:0
[ 4577048ms] [ERROR] Client Error in reaching server endpoint - No response received when attempting to reach /_stcore/health @ http://localhost:8511/static/js/index.D2ZqaFuW.js:16
[ 4577048ms] [ERROR] Is Streamlit still running? If you accidentally stopped Streamlit, just restart it in your terminal: @ http://localhost:8511/static/js/index.D2ZqaFuW.js:21
[ 4577150ms] [ERROR] Failed to load resource: net::ERR_CONNECTION_REFUSED @ http://localhost:8511/_stcore/host-config:0
[ 4579052ms] [ERROR] Failed to load resource: net::ERR_CONNECTION_REFUSED @ http://localhost:8511/_stcore/host-config:0
[ 4579052ms] [ERROR] Client Error in reaching server endpoint - No response received when attempting to reach /_stcore/host-config @ http://localhost:8511/static/js/index.D2ZqaFuW.js:16
[ 4579052ms] [ERROR] Is Streamlit still running? If you accidentally stopped Streamlit, just restart it in your terminal: @ http://localhost:8511/static/js/index.D2ZqaFuW.js:21
[ 4579184ms] [ERROR] Failed to load resource: net::ERR_CONNECTION_REFUSED @ http://localhost:8511/_stcore/health:0
[ 4581057ms] [ERROR] Failed to load resource: net::ERR_CONNECTION_REFUSED @ http://localhost:8511/_stcore/health:0
[ 4581057ms] [ERROR] Client Error in reaching server endpoint - No response received when attempting to reach /_stcore/health @ http://localhost:8511/static/js/index.D2ZqaFuW.js:16
[ 4581057ms] [ERROR] Is Streamlit still running? If you accidentally stopped Streamlit, just restart it in your terminal: @ http://localhost:8511/static/js/index.D2ZqaFuW.js:21
[ 4581157ms] [ERROR] Failed to load resource: net::ERR_CONNECTION_REFUSED @ http://localhost:8511/_stcore/host-config:0
[ 4583073ms] [ERROR] Failed to load resource: net::ERR_CONNECTION_REFUSED @ http://localhost:8511/_stcore/health:0
[ 4583074ms] [ERROR] Client Error in reaching server endpoint - No response received when attempting to reach /_stcore/health @ http://localhost:8511/static/js/index.D2ZqaFuW.js:16
[ 4583075ms] [ERROR] Is Streamlit still running? If you accidentally stopped Streamlit, just restart it in your terminal: @ http://localhost:8511/static/js/index.D2ZqaFuW.js:21
[ 4585098ms] [ERROR] Failed to load resource: net::ERR_CONNECTION_REFUSED @ http://localhost:8511/_stcore/host-config:0
[ 4585143ms] [ERROR] Failed to load resource: net::ERR_CONNECTION_REFUSED @ http://localhost:8511/_stcore/health:0
[ 4585148ms] [ERROR] Client Error in reaching server endpoint - No response received when attempting to reach /_stcore/health @ http://localhost:8511/static/js/index.D2ZqaFuW.js:16
[ 4585151ms] [ERROR] Is Streamlit still running? If you accidentally stopped Streamlit, just restart it in your terminal: @ http://localhost:8511/static/js/index.D2ZqaFuW.js:21
[ 4585158ms] [ERROR] Failed to load resource: net::ERR_CONNECTION_REFUSED @ http://localhost:8511/_stcore/host-config:0
[ 4587183ms] [ERROR] Failed to load resource: net::ERR_CONNECTION_REFUSED @ http://localhost:8511/_stcore/health:0
[ 4587186ms] [ERROR] Client Error in reaching server endpoint - No response received when attempting to reach /_stcore/health @ http://localhost:8511/static/js/index.D2ZqaFuW.js:16
[ 4587214ms] [ERROR] Is Streamlit still running? If you accidentally stopped Streamlit, just restart it in your terminal: @ http://localhost:8511/static/js/index.D2ZqaFuW.js:21
[ 4587221ms] [ERROR] Failed to load resource: net::ERR_CONNECTION_REFUSED @ http://localhost:8511/_stcore/host-config:0
[ 4589836ms] [ERROR] Failed to load resource: net::ERR_CONNECTION_REFUSED @ http://localhost:8511/_stcore/health:0
[ 4589843ms] [ERROR] Client Error in reaching server endpoint - No response received when attempting to reach /_stcore/health @ http://localhost:8511/static/js/index.D2ZqaFuW.js:16
[ 4589845ms] [ERROR] Is Streamlit still running? If you accidentally stopped Streamlit, just restart it in your terminal: @ http://localhost:8511/static/js/index.D2ZqaFuW.js:21
[ 4589856ms] [ERROR] Failed to load resource: net::ERR_CONNECTION_REFUSED @ http://localhost:8511/_stcore/host-config:0
[ 4591867ms] [ERROR] Failed to load resource: net::ERR_CONNECTION_REFUSED @ http://localhost:8511/_stcore/host-config:0
[ 4591868ms] [ERROR] Client Error in reaching server endpoint - No response received when attempting to reach /_stcore/host-config @ http://localhost:8511/static/js/index.D2ZqaFuW.js:16
[ 4591870ms] [ERROR] Is Streamlit still running? If you accidentally stopped Streamlit, just restart it in your terminal: @ http://localhost:8511/static/js/index.D2ZqaFuW.js:21
[ 4592998ms] [ERROR] Failed to load resource: net::ERR_CONNECTION_REFUSED @ http://localhost:8511/_stcore/health:0
[ 4593882ms] [ERROR] Failed to load resource: net::ERR_CONNECTION_REFUSED @ http://localhost:8511/_stcore/health:0
[ 4593883ms] [ERROR] Client Error in reaching server endpoint - No response received when attempting to reach /_stcore/health @ http://localhost:8511/static/js/index.D2ZqaFuW.js:16
[ 4593883ms] [ERROR] Is Streamlit still running? If you accidentally stopped Streamlit, just restart it in your terminal: @ http://localhost:8511/static/js/index.D2ZqaFuW.js:21
[ 4594449ms] [ERROR] Failed to load resource: net::ERR_CONNECTION_REFUSED @ http://localhost:8511/_stcore/host-config:0
[ 4595896ms] [ERROR] Failed to load resource: net::ERR_CONNECTION_REFUSED @ http://localhost:8511/_stcore/host-config:0
[ 4595897ms] [ERROR] Client Error in reaching server endpoint - No response received when attempting to reach /_stcore/host-config @ http://localhost:8511/static/js/index.D2ZqaFuW.js:16
[ 4595897ms] [ERROR] Is Streamlit still running? If you accidentally stopped Streamlit, just restart it in your terminal: @ http://localhost:8511/static/js/index.D2ZqaFuW.js:21
[ 4596495ms] [ERROR] Failed to load resource: net::ERR_CONNECTION_REFUSED @ http://localhost:8511/_stcore/health:0
[ 4597911ms] [ERROR] Failed to load resource: net::ERR_CONNECTION_REFUSED @ http://localhost:8511/_stcore/health:0
[ 4597911ms] [ERROR] Client Error in reaching server endpoint - No response received when attempting to reach /_stcore/health @ http://localhost:8511/static/js/index.D2ZqaFuW.js:16
[ 4597912ms] [ERROR] Is Streamlit still running? If you accidentally stopped Streamlit, just restart it in your terminal: @ http://localhost:8511/static/js/index.D2ZqaFuW.js:21
[ 4598690ms] [ERROR] Failed to load resource: net::ERR_CONNECTION_REFUSED @ http://localhost:8511/_stcore/host-config:0
[ 4599923ms] [ERROR] Failed to load resource: net::ERR_CONNECTION_REFUSED @ http://localhost:8511/_stcore/health:0
[ 4599923ms] [ERROR] Client Error in reaching server endpoint - No response received when attempting to reach /_stcore/health @ http://localhost:8511/static/js/index.D2ZqaFuW.js:16
[ 4599924ms] [ERROR] Is Streamlit still running? If you accidentally stopped Streamlit, just restart it in your terminal: @ http://localhost:8511/static/js/index.D2ZqaFuW.js:21
[ 4600729ms] [ERROR] Failed to load resource: net::ERR_CONNECTION_REFUSED @ http://localhost:8511/_stcore/host-config:0
[ 4601936ms] [ERROR] Failed to load resource: net::ERR_CONNECTION_REFUSED @ http://localhost:8511/_stcore/health:0
[ 4601936ms] [ERROR] Client Error in reaching server endpoint - No response received when attempting to reach /_stcore/health @ http://localhost:8511/static/js/index.D2ZqaFuW.js:16
[ 4601936ms] [ERROR] Is Streamlit still running? If you accidentally stopped Streamlit, just restart it in your terminal: @ http://localhost:8511/static/js/index.D2ZqaFuW.js:21
[ 4602739ms] [ERROR] Failed to load resource: net::ERR_CONNECTION_REFUSED @ http://localhost:8511/_stcore/host-config:0
[ 4603948ms] [ERROR] Failed to load resource: net::ERR_CONNECTION_REFUSED @ http://localhost:8511/_stcore/health:0
[ 4603948ms] [ERROR] Client Error in reaching server endpoint - No response received when attempting to reach /_stcore/health @ http://localhost:8511/static/js/index.D2ZqaFuW.js:16
[ 4603949ms] [ERROR] Is Streamlit still running? If you accidentally stopped Streamlit, just restart it in your terminal: @ http://localhost:8511/static/js/index.D2ZqaFuW.js:21
[ 4604521ms] [ERROR] Failed to load resource: net::ERR_CONNECTION_REFUSED @ http://localhost:8511/_stcore/host-config:0
[ 4605960ms] [ERROR] Failed to load resource: net::ERR_CONNECTION_REFUSED @ http://localhost:8511/_stcore/health:0
[ 4605961ms] [ERROR] Client Error in reaching server endpoint - No response received when attempting to reach /_stcore/health @ http://localhost:8511/static/js/index.D2ZqaFuW.js:16
[ 4605961ms] [ERROR] Is Streamlit still running? If you accidentally stopped Streamlit, just restart it in your terminal: @ http://localhost:8511/static/js/index.D2ZqaFuW.js:21
[ 4607392ms] [ERROR] Failed to load resource: net::ERR_CONNECTION_REFUSED @ http://localhost:8511/_stcore/host-config:0
[ 4608028ms] [ERROR] Failed to load resource: net::ERR_CONNECTION_REFUSED @ http://localhost:8511/_stcore/health:0
[ 4608029ms] [ERROR] Client Error in reaching server endpoint - No response received when attempting to reach /_stcore/health @ http://localhost:8511/static/js/index.D2ZqaFuW.js:16
[ 4608031ms] [ERROR] Is Streamlit still running? If you accidentally stopped Streamlit, just restart it in your terminal: @ http://localhost:8511/static/js/index.D2ZqaFuW.js:21
[ 4609012ms] [ERROR] Failed to load resource: net::ERR_CONNECTION_REFUSED @ http://localhost:8511/_stcore/host-config:0
[ 4610044ms] [ERROR] Failed to load resource: net::ERR_CONNECTION_REFUSED @ http://localhost:8511/_stcore/health:0
[ 4610045ms] [ERROR] Client Error in reaching server endpoint - No response received when attempting to reach /_stcore/health @ http://localhost:8511/static/js/index.D2ZqaFuW.js:16
[ 4610045ms] [ERROR] Is Streamlit still running? If you accidentally stopped Streamlit, just restart it in your terminal: @ http://localhost:8511/static/js/index.D2ZqaFuW.js:21
[ 4611097ms] [ERROR] Failed to load resource: net::ERR_CONNECTION_REFUSED @ http://localhost:8511/_stcore/host-config:0
[ 4612057ms] [ERROR] Failed to load resource: net::ERR_CONNECTION_REFUSED @ http://localhost:8511/_stcore/health:0
[ 4612057ms] [ERROR] Client Error in reaching server endpoint - No response received when attempting to reach /_stcore/health @ http://localhost:8511/static/js/index.D2ZqaFuW.js:16
[ 4612057ms] [ERROR] Is Streamlit still running? If you accidentally stopped Streamlit, just restart it in your terminal: @ http://localhost:8511/static/js/index.D2ZqaFuW.js:21
[ 4631123ms] [ERROR] Failed to load resource: net::ERR_CONNECTION_REFUSED @ http://localhost:8511/_stcore/host-config:0
[ 4631126ms] [ERROR] Failed to load resource: net::ERR_CONNECTION_REFUSED @ http://localhost:8511/_stcore/health:0
[ 4631126ms] [ERROR] Client Error in reaching server endpoint - No response received when attempting to reach /_stcore/health @ http://localhost:8511/static/js/index.D2ZqaFuW.js:16
[ 4631127ms] [ERROR] Is Streamlit still running? If you accidentally stopped Streamlit, just restart it in your terminal: @ http://localhost:8511/static/js/index.D2ZqaFuW.js:21
[ 4631254ms] [ERROR] Failed to load resource: net::ERR_CONNECTION_REFUSED @ http://localhost:8511/_stcore/host-config:0
[ 4633132ms] [ERROR] Failed to load resource: net::ERR_CONNECTION_REFUSED @ http://localhost:8511/_stcore/health:0
[ 4633133ms] [ERROR] Client Error in reaching server endpoint - No response received when attempting to reach /_stcore/health @ http://localhost:8511/static/js/index.D2ZqaFuW.js:16
[ 4633133ms] [ERROR] Is Streamlit still running? If you accidentally stopped Streamlit, just restart it in your terminal: @ http://localhost:8511/static/js/index.D2ZqaFuW.js:21
[ 4633586ms] [ERROR] Failed to load resource: net::ERR_CONNECTION_REFUSED @ http://localhost:8511/_stcore/host-config:0
[ 4635138ms] [ERROR] Failed to load resource: net::ERR_CONNECTION_REFUSED @ http://localhost:8511/_stcore/health:0
[ 4635138ms] [ERROR] Client Error in reaching server endpoint - No response received when attempting to reach /_stcore/health @ http://localhost:8511/static/js/index.D2ZqaFuW.js:16
[ 4635138ms] [ERROR] Is Streamlit still running? If you accidentally stopped Streamlit, just restart it in your terminal: @ http://localhost:8511/static/js/index.D2ZqaFuW.js:21
[ 4635272ms] [ERROR] Failed to load resource: net::ERR_CONNECTION_REFUSED @ http://localhost:8511/_stcore/host-config:0
[ 4637142ms] [ERROR] Failed to load resource: net::ERR_CONNECTION_REFUSED @ http://localhost:8511/_stcore/health:0
[ 4637142ms] [ERROR] Client Error in reaching server endpoint - No response received when attempting to reach /_stcore/health @ http://localhost:8511/static/js/index.D2ZqaFuW.js:16
[ 4637142ms] [ERROR] Is Streamlit still running? If you accidentally stopped Streamlit, just restart it in your terminal: @ http://localhost:8511/static/js/index.D2ZqaFuW.js:21
[ 4637249ms] [ERROR] Failed to load resource: net::ERR_CONNECTION_REFUSED @ http://localhost:8511/_stcore/host-config:0
[ 4639146ms] [ERROR] Failed to load resource: net::ERR_CONNECTION_REFUSED @ http://localhost:8511/_stcore/health:0
[ 4639146ms] [ERROR] Client Error in reaching server endpoint - No response received when attempting to reach /_stcore/health @ http://localhost:8511/static/js/index.D2ZqaFuW.js:16
[ 4639146ms] [ERROR] Is Streamlit still running? If you accidentally stopped Streamlit, just restart it in your terminal: @ http://localhost:8511/static/js/index.D2ZqaFuW.js:21
[ 4639442ms] [ERROR] Failed to load resource: net::ERR_CONNECTION_REFUSED @ http://localhost:8511/_stcore/host-config:0
[ 4641151ms] [ERROR] Failed to load resource: net::ERR_CONNECTION_REFUSED @ http://localhost:8511/_stcore/host-config:0
[ 4641151ms] [ERROR] Client Error in reaching server endpoint - No response received when attempting to reach /_stcore/host-config @ http://localhost:8511/static/js/index.D2ZqaFuW.js:16
[ 4641151ms] [ERROR] Is Streamlit still running? If you accidentally stopped Streamlit, just restart it in your terminal: @ http://localhost:8511/static/js/index.D2ZqaFuW.js:21
[ 4641326ms] [ERROR] Failed to load resource: net::ERR_CONNECTION_REFUSED @ http://localhost:8511/_stcore/health:0
[ 4643168ms] [ERROR] Failed to load resource: net::ERR_CONNECTION_REFUSED @ http://localhost:8511/_stcore/host-config:0
[ 4643168ms] [ERROR] Client Error in reaching server endpoint - No response received when attempting to reach /_stcore/host-config @ http://localhost:8511/static/js/index.D2ZqaFuW.js:16
[ 4643169ms] [ERROR] Is Streamlit still running? If you accidentally stopped Streamlit, just restart it in your terminal: @ http://localhost:8511/static/js/index.D2ZqaFuW.js:21
[ 4645384ms] [ERROR] Failed to load resource: net::ERR_CONNECTION_REFUSED @ http://localhost:8511/_stcore/health:0
[ 4645419ms] [ERROR] Failed to load resource: net::ERR_CONNECTION_REFUSED @ http://localhost:8511/_stcore/health:0
[ 4645426ms] [ERROR] Client Error in reaching server endpoint - No response received when attempting to reach /_stcore/health @ http://localhost:8511/static/js/index.D2ZqaFuW.js:16
[ 4645435ms] [ERROR] Is Streamlit still running? If you accidentally stopped Streamlit, just restart it in your terminal: @ http://localhost:8511/static/js/index.D2ZqaFuW.js:21
[ 4645443ms] [ERROR] Failed to load resource: net::ERR_CONNECTION_REFUSED @ http://localhost:8511/_stcore/host-config:0
[ 4648946ms] [ERROR] Failed to load resource: net::ERR_CONNECTION_REFUSED @ http://localhost:8511/_stcore/health:0
[ 4648952ms] [ERROR] Client Error in reaching server endpoint - No response received when attempting to reach /_stcore/health @ http://localhost:8511/static/js/index.D2ZqaFuW.js:16
[ 4648954ms] [ERROR] Is Streamlit still running? If you accidentally stopped Streamlit, just restart it in your terminal: @ http://localhost:8511/static/js/index.D2ZqaFuW.js:21
[ 4648989ms] [ERROR] Failed to load resource: net::ERR_CONNECTION_REFUSED @ http://localhost:8511/_stcore/host-config:0
[ 4651934ms] [ERROR] Failed to load resource: net::ERR_CONNECTION_REFUSED @ http://localhost:8511/_stcore/health:0
[ 4651940ms] [ERROR] Client Error in reaching server endpoint - No response received when attempting to reach /_stcore/health @ http://localhost:8511/static/js/index.D2ZqaFuW.js:16
[ 4651958ms] [ERROR] Is Streamlit still running? If you accidentally stopped Streamlit, just restart it in your terminal: @ http://localhost:8511/static/js/index.D2ZqaFuW.js:21
[ 4651983ms] [ERROR] Failed to load resource: net::ERR_CONNECTION_REFUSED @ http://localhost:8511/_stcore/host-config:0
[ 4653992ms] [ERROR] Failed to load resource: net::ERR_CONNECTION_REFUSED @ http://localhost:8511/_stcore/health:0
[ 4653993ms] [ERROR] Client Error in reaching server endpoint - No response received when attempting to reach /_stcore/health @ http://localhost:8511/static/js/index.D2ZqaFuW.js:16
[ 4653994ms] [ERROR] Is Streamlit still running? If you accidentally stopped Streamlit, just restart it in your terminal: @ http://localhost:8511/static/js/index.D2ZqaFuW.js:21
[ 4654948ms] [ERROR] Failed to load resource: net::ERR_CONNECTION_REFUSED @ http://localhost:8511/_stcore/host-config:0
[ 4656004ms] [ERROR] Failed to load resource: net::ERR_CONNECTION_REFUSED @ http://localhost:8511/_stcore/health:0
[ 4656004ms] [ERROR] Client Error in reaching server endpoint - No response received when attempting to reach /_stcore/health @ http://localhost:8511/static/js/index.D2ZqaFuW.js:16
[ 4656005ms] [ERROR] Is Streamlit still running? If you accidentally stopped Streamlit, just restart it in your terminal: @ http://localhost:8511/static/js/index.D2ZqaFuW.js:21
[ 4657082ms] [ERROR] Failed to load resource: net::ERR_CONNECTION_REFUSED @ http://localhost:8511/_stcore/host-config:0
[ 4658016ms] [ERROR] Failed to load resource: net::ERR_CONNECTION_REFUSED @ http://localhost:8511/_stcore/health:0
[ 4658016ms] [ERROR] Client Error in reaching server endpoint - No response received when attempting to reach /_stcore/health @ http://localhost:8511/static/js/index.D2ZqaFuW.js:16
[ 4658017ms] [ERROR] Is Streamlit still running? If you accidentally stopped Streamlit, just restart it in your terminal: @ http://localhost:8511/static/js/index.D2ZqaFuW.js:21
[ 4659363ms] [ERROR] Failed to load resource: net::ERR_CONNECTION_REFUSED @ http://localhost:8511/_stcore/host-config:0
[ 4660075ms] [ERROR] Failed to load resource: net::ERR_CONNECTION_REFUSED @ http://localhost:8511/_stcore/health:0
[ 4660078ms] [ERROR] Client Error in reaching server endpoint - No response received when attempting to reach /_stcore/health @ http://localhost:8511/static/js/index.D2ZqaFuW.js:16
[ 4660082ms] [ERROR] Is Streamlit still running? If you accidentally stopped Streamlit, just restart it in your terminal: @ http://localhost:8511/static/js/index.D2ZqaFuW.js:21
[ 4660099ms] [ERROR] Failed to load resource: net::ERR_CONNECTION_REFUSED @ http://localhost:8511/_stcore/host-config:0
[ 4662097ms] [ERROR] Failed to load resource: net::ERR_CONNECTION_REFUSED @ http://localhost:8511/_stcore/health:0
[ 4662098ms] [ERROR] Client Error in reaching server endpoint - No response received when attempting to reach /_stcore/health @ http://localhost:8511/static/js/index.D2ZqaFuW.js:16
[ 4662099ms] [ERROR] Is Streamlit still running? If you accidentally stopped Streamlit, just restart it in your terminal: @ http://localhost:8511/static/js/index.D2ZqaFuW.js:21
[ 4662101ms] [ERROR] Failed to load resource: net::ERR_CONNECTION_REFUSED @ http://localhost:8511/_stcore/host-config:0
[ 4664111ms] [ERROR] Failed to load resource: net::ERR_CONNECTION_REFUSED @ http://localhost:8511/_stcore/health:0
[ 4664112ms] [ERROR] Client Error in reaching server endpoint - No response received when attempting to reach /_stcore/health @ http://localhost:8511/static/js/index.D2ZqaFuW.js:16
[ 4664112ms] [ERROR] Is Streamlit still running? If you accidentally stopped Streamlit, just restart it in your terminal: @ http://localhost:8511/static/js/index.D2ZqaFuW.js:21
[ 4665916ms] [ERROR] Failed to load resource: net::ERR_CONNECTION_REFUSED @ http://localhost:8511/_stcore/host-config:0
[ 4666121ms] [ERROR] Failed to load resource: net::ERR_CONNECTION_REFUSED @ http://localhost:8511/_stcore/health:0
[ 4666122ms] [ERROR] Client Error in reaching server endpoint - No response received when attempting to reach /_stcore/health @ http://localhost:8511/static/js/index.D2ZqaFuW.js:16
[ 4666123ms] [ERROR] Is Streamlit still running? If you accidentally stopped Streamlit, just restart it in your terminal: @ http://localhost:8511/static/js/index.D2ZqaFuW.js:21
[ 4667166ms] [ERROR] Failed to load resource: net::ERR_CONNECTION_REFUSED @ http://localhost:8511/_stcore/host-config:0
[ 4668133ms] [ERROR] Failed to load resource: net::ERR_CONNECTION_REFUSED @ http://localhost:8511/_stcore/host-config:0
[ 4668133ms] [ERROR] Client Error in reaching server endpoint - No response received when attempting to reach /_stcore/host-config @ http://localhost:8511/static/js/index.D2ZqaFuW.js:16
[ 4668133ms] [ERROR] Is Streamlit still running? If you accidentally stopped Streamlit, just restart it in your terminal: @ http://localhost:8511/static/js/index.D2ZqaFuW.js:21
[ 4669208ms] [ERROR] Failed to load resource: net::ERR_CONNECTION_REFUSED @ http://localhost:8511/_stcore/health:0
[ 4670143ms] [ERROR] Failed to load resource: net::ERR_CONNECTION_REFUSED @ http://localhost:8511/_stcore/health:0
[ 4670144ms] [ERROR] Client Error in reaching server endpoint - No response received when attempting to reach /_stcore/health @ http://localhost:8511/static/js/index.D2ZqaFuW.js:16
[ 4670144ms] [ERROR] Is Streamlit still running? If you accidentally stopped Streamlit, just restart it in your terminal: @ http://localhost:8511/static/js/index.D2ZqaFuW.js:21
[ 4670685ms] [ERROR] Failed to load resource: net::ERR_CONNECTION_REFUSED @ http://localhost:8511/_stcore/host-config:0
[ 4672155ms] [ERROR] Failed to load resource: net::ERR_CONNECTION_REFUSED @ http://localhost:8511/_stcore/health:0
[ 4672155ms] [ERROR] Client Error in reaching server endpoint - No response received when attempting to reach /_stcore/health @ http://localhost:8511/static/js/index.D2ZqaFuW.js:16
[ 4672156ms] [ERROR] Is Streamlit still running? If you accidentally stopped Streamlit, just restart it in your terminal: @ http://localhost:8511/static/js/index.D2ZqaFuW.js:21
[ 4672674ms] [ERROR] Failed to load resource: net::ERR_CONNECTION_REFUSED @ http://localhost:8511/_stcore/host-config:0
[ 4674166ms] [ERROR] Failed to load resource: net::ERR_CONNECTION_REFUSED @ http://localhost:8511/_stcore/health:0
[ 4674166ms] [ERROR] Client Error in reaching server endpoint - No response received when attempting to reach /_stcore/health @ http://localhost:8511/static/js/index.D2ZqaFuW.js:16
[ 4674167ms] [ERROR] Is Streamlit still running? If you accidentally stopped Streamlit, just restart it in your terminal: @ http://localhost:8511/static/js/index.D2ZqaFuW.js:21
[ 4674664ms] [ERROR] Failed to load resource: net::ERR_CONNECTION_REFUSED @ http://localhost:8511/_stcore/host-config:0
[ 5550096ms] [ERROR] Failed to load resource: net::ERR_CONNECTION_REFUSED @ http://localhost:8511/_stcore/health:0
[ 5550096ms] [ERROR] Client Error in reaching server endpoint - No response received when attempting to reach /_stcore/health @ http://localhost:8511/static/js/index.D2ZqaFuW.js:16
[ 5550096ms] [ERROR] Is Streamlit still running? If you accidentally stopped Streamlit, just restart it in your terminal: @ http://localhost:8511/static/js/index.D2ZqaFuW.js:21
[ 5550317ms] [ERROR] Failed to load resource: net::ERR_CONNECTION_REFUSED @ http://localhost:8511/_stcore/host-config:0
[ 5552100ms] [ERROR] Failed to load resource: net::ERR_CONNECTION_REFUSED @ http://localhost:8511/_stcore/health:0
[ 5552100ms] [ERROR] Client Error in reaching server endpoint - No response received when attempting to reach /_stcore/health @ http://localhost:8511/static/js/index.D2ZqaFuW.js:16
[ 5552101ms] [ERROR] Is Streamlit still running? If you accidentally stopped Streamlit, just restart it in your terminal: @ http://localhost:8511/static/js/index.D2ZqaFuW.js:21
[ 5552706ms] [ERROR] Failed to load resource: net::ERR_CONNECTION_REFUSED @ http://localhost:8511/_stcore/host-config:0
[ 5554112ms] [ERROR] Failed to load resource: net::ERR_CONNECTION_REFUSED @ http://localhost:8511/_stcore/health:0
[ 5554112ms] [ERROR] Client Error in reaching server endpoint - No response received when attempting to reach /_stcore/health @ http://localhost:8511/static/js/index.D2ZqaFuW.js:16
[ 5554114ms] [ERROR] Is Streamlit still running? If you accidentally stopped Streamlit, just restart it in your terminal: @ http://localhost:8511/static/js/index.D2ZqaFuW.js:21
[ 5555706ms] [ERROR] Failed to load resource: net::ERR_CONNECTION_REFUSED @ http://localhost:8511/_stcore/host-config:0
[ 5556120ms] [ERROR] Failed to load resource: net::ERR_CONNECTION_REFUSED @ http://localhost:8511/_stcore/health:0
[ 5556120ms] [ERROR] Client Error in reaching server endpoint - No response received when attempting to reach /_stcore/health @ http://localhost:8511/static/js/index.D2ZqaFuW.js:16
[ 5556120ms] [ERROR] Is Streamlit still running? If you accidentally stopped Streamlit, just restart it in your terminal: @ http://localhost:8511/static/js/index.D2ZqaFuW.js:21
[ 5556121ms] [ERROR] Failed to load resource: net::ERR_CONNECTION_REFUSED @ http://localhost:8511/_stcore/host-config:0
[ 5558128ms] [ERROR] Failed to load resource: net::ERR_CONNECTION_REFUSED @ http://localhost:8511/_stcore/health:0
[ 5558128ms] [ERROR] Client Error in reaching server endpoint - No response received when attempting to reach /_stcore/health @ http://localhost:8511/static/js/index.D2ZqaFuW.js:16
[ 5558128ms] [ERROR] Is Streamlit still running? If you accidentally stopped Streamlit, just restart it in your terminal: @ http://localhost:8511/static/js/index.D2ZqaFuW.js:21
[ 5558714ms] [ERROR] Failed to load resource: net::ERR_CONNECTION_REFUSED @ http://localhost:8511/_stcore/host-config:0
[ 5560136ms] [ERROR] Failed to load resource: net::ERR_CONNECTION_REFUSED @ http://localhost:8511/_stcore/health:0
[ 5560136ms] [ERROR] Client Error in reaching server endpoint - No response received when attempting to reach /_stcore/health @ http://localhost:8511/static/js/index.D2ZqaFuW.js:16
[ 5560136ms] [ERROR] Is Streamlit still running? If you accidentally stopped Streamlit, just restart it in your terminal: @ http://localhost:8511/static/js/index.D2ZqaFuW.js:21
[ 5560663ms] [ERROR] Failed to load resource: net::ERR_CONNECTION_REFUSED @ http://localhost:8511/_stcore/host-config:0
[ 5562141ms] [ERROR] Failed to load resource: net::ERR_CONNECTION_REFUSED @ http://localhost:8511/_stcore/health:0
[ 5562141ms] [ERROR] Client Error in reaching server endpoint - No response received when attempting to reach /_stcore/health @ http://localhost:8511/static/js/index.D2ZqaFuW.js:16
[ 5562141ms] [ERROR] Is Streamlit still running? If you accidentally stopped Streamlit, just restart it in your terminal: @ http://localhost:8511/static/js/index.D2ZqaFuW.js:21
[ 5562258ms] [ERROR] Failed to load resource: net::ERR_CONNECTION_REFUSED @ http://localhost:8511/_stcore/host-config:0
[ 5564146ms] [ERROR] Failed to load resource: net::ERR_CONNECTION_REFUSED @ http://localhost:8511/_stcore/health:0
[ 5564147ms] [ERROR] Client Error in reaching server endpoint - No response received when attempting to reach /_stcore/health @ http://localhost:8511/static/js/index.D2ZqaFuW.js:16
[ 5564147ms] [ERROR] Is Streamlit still running? If you accidentally stopped Streamlit, just restart it in your terminal: @ http://localhost:8511/static/js/index.D2ZqaFuW.js:21
[ 5564435ms] [ERROR] Failed to load resource: net::ERR_CONNECTION_REFUSED @ http://localhost:8511/_stcore/host-config:0
[ 5566151ms] [ERROR] Failed to load resource: net::ERR_CONNECTION_REFUSED @ http://localhost:8511/_stcore/health:0
[ 5566151ms] [ERROR] Client Error in reaching server endpoint - No response received when attempting to reach /_stcore/health @ http://localhost:8511/static/js/index.D2ZqaFuW.js:16
[ 5566151ms] [ERROR] Is Streamlit still running? If you accidentally stopped Streamlit, just restart it in your terminal: @ http://localhost:8511/static/js/index.D2ZqaFuW.js:21
[ 5566429ms] [ERROR] Failed to load resource: net::ERR_CONNECTION_REFUSED @ http://localhost:8511/_stcore/host-config:0
[ 5568158ms] [ERROR] Failed to load resource: net::ERR_CONNECTION_REFUSED @ http://localhost:8511/_stcore/health:0
[ 5568158ms] [ERROR] Client Error in reaching server endpoint - No response received when attempting to reach /_stcore/health @ http://localhost:8511/static/js/index.D2ZqaFuW.js:16
[ 5568158ms] [ERROR] Is Streamlit still running? If you accidentally stopped Streamlit, just restart it in your terminal: @ http://localhost:8511/static/js/index.D2ZqaFuW.js:21
[ 5568689ms] [ERROR] Failed to load resource: net::ERR_CONNECTION_REFUSED @ http://localhost:8511/_stcore/host-config:0
[ 5570163ms] [ERROR] Failed to load resource: net::ERR_CONNECTION_REFUSED @ http://localhost:8511/_stcore/health:0
[ 5570163ms] [ERROR] Client Error in reaching server endpoint - No response received when attempting to reach /_stcore/health @ http://localhost:8511/static/js/index.D2ZqaFuW.js:16
[ 5570163ms] [ERROR] Is Streamlit still running? If you accidentally stopped Streamlit, just restart it in your terminal: @ http://localhost:8511/static/js/index.D2ZqaFuW.js:21
[ 5570779ms] [ERROR] Failed to load resource: net::ERR_CONNECTION_REFUSED @ http://localhost:8511/_stcore/host-config:0
[ 5572167ms] [ERROR] Failed to load resource: net::ERR_CONNECTION_REFUSED @ http://localhost:8511/_stcore/health:0
[ 5572167ms] [ERROR] Client Error in reaching server endpoint - No response received when attempting to reach /_stcore/health @ http://localhost:8511/static/js/index.D2ZqaFuW.js:16
[ 5572168ms] [ERROR] Is Streamlit still running? If you accidentally stopped Streamlit, just restart it in your terminal: @ http://localhost:8511/static/js/index.D2ZqaFuW.js:21
[ 5572623ms] [ERROR] Failed to load resource: net::ERR_CONNECTION_REFUSED @ http://localhost:8511/_stcore/host-config:0
[ 5574172ms] [ERROR] Failed to load resource: net::ERR_CONNECTION_REFUSED @ http://localhost:8511/_stcore/health:0
[ 5574172ms] [ERROR] Client Error in reaching server endpoint - No response received when attempting to reach /_stcore/health @ http://localhost:8511/static/js/index.D2ZqaFuW.js:16
[ 5574172ms] [ERROR] Is Streamlit still running? If you accidentally stopped Streamlit, just restart it in your terminal: @ http://localhost:8511/static/js/index.D2ZqaFuW.js:21
[ 5575038ms] [ERROR] Failed to load resource: net::ERR_CONNECTION_REFUSED @ http://localhost:8511/_stcore/host-config:0
[ 5576177ms] [ERROR] Failed to load resource: net::ERR_CONNECTION_REFUSED @ http://localhost:8511/_stcore/health:0
[ 5576177ms] [ERROR] Client Error in reaching server endpoint - No response received when attempting to reach /_stcore/health @ http://localhost:8511/static/js/index.D2ZqaFuW.js:16
[ 5576178ms] [ERROR] Is Streamlit still running? If you accidentally stopped Streamlit, just restart it in your terminal: @ http://localhost:8511/static/js/index.D2ZqaFuW.js:21
[ 5576507ms] [ERROR] Failed to load resource: net::ERR_CONNECTION_REFUSED @ http://localhost:8511/_stcore/host-config:0
[ 5578185ms] [ERROR] Failed to load resource: net::ERR_CONNECTION_REFUSED @ http://localhost:8511/_stcore/host-config:0
[ 5578185ms] [ERROR] Client Error in reaching server endpoint - No response received when attempting to reach /_stcore/host-config @ http://localhost:8511/static/js/index.D2ZqaFuW.js:16
[ 5578185ms] [ERROR] Is Streamlit still running? If you accidentally stopped Streamlit, just restart it in your terminal: @ http://localhost:8511/static/js/index.D2ZqaFuW.js:21
[ 5578583ms] [ERROR] Failed to load resource: net::ERR_CONNECTION_REFUSED @ http://localhost:8511/_stcore/health:0
[ 5580192ms] [ERROR] Failed to load resource: net::ERR_CONNECTION_REFUSED @ http://localhost:8511/_stcore/host-config:0
[ 5580192ms] [ERROR] Client Error in reaching server endpoint - No response received when attempting to reach /_stcore/host-config @ http://localhost:8511/static/js/index.D2ZqaFuW.js:16
[ 5580193ms] [ERROR] Is Streamlit still running? If you accidentally stopped Streamlit, just restart it in your terminal: @ http://localhost:8511/static/js/index.D2ZqaFuW.js:21
[ 5580922ms] [ERROR] Failed to load resource: net::ERR_CONNECTION_REFUSED @ http://localhost:8511/_stcore/health:0
[ 5582199ms] [ERROR] Failed to load resource: net::ERR_CONNECTION_REFUSED @ http://localhost:8511/_stcore/health:0
[ 5582200ms] [ERROR] Client Error in reaching server endpoint - No response received when attempting to reach /_stcore/health @ http://localhost:8511/static/js/index.D2ZqaFuW.js:16
[ 5582200ms] [ERROR] Is Streamlit still running? If you accidentally stopped Streamlit, just restart it in your terminal: @ http://localhost:8511/static/js/index.D2ZqaFuW.js:21
[ 5582892ms] [ERROR] Failed to load resource: net::ERR_CONNECTION_REFUSED @ http://localhost:8511/_stcore/host-config:0
[ 5584206ms] [ERROR] Failed to load resource: net::ERR_CONNECTION_REFUSED @ http://localhost:8511/_stcore/health:0
[ 5584207ms] [ERROR] Client Error in reaching server endpoint - No response received when attempting to reach /_stcore/health @ http://localhost:8511/static/js/index.D2ZqaFuW.js:16
[ 5584207ms] [ERROR] Is Streamlit still running? If you accidentally stopped Streamlit, just restart it in your terminal: @ http://localhost:8511/static/js/index.D2ZqaFuW.js:21
[ 5584870ms] [ERROR] Failed to load resource: net::ERR_CONNECTION_REFUSED @ http://localhost:8511/_stcore/host-config:0
[ 5586213ms] [ERROR] Failed to load resource: net::ERR_CONNECTION_REFUSED @ http://localhost:8511/_stcore/health:0
[ 5586213ms] [ERROR] Client Error in reaching server endpoint - No response received when attempting to reach /_stcore/health @ http://localhost:8511/static/js/index.D2ZqaFuW.js:16
[ 5586213ms] [ERROR] Is Streamlit still running? If you accidentally stopped Streamlit, just restart it in your terminal: @ http://localhost:8511/static/js/index.D2ZqaFuW.js:21
[ 5586710ms] [ERROR] Failed to load resource: net::ERR_CONNECTION_REFUSED @ http://localhost:8511/_stcore/host-config:0
[ 5588220ms] [ERROR] Failed to load resource: net::ERR_CONNECTION_REFUSED @ http://localhost:8511/_stcore/health:0
[ 5588221ms] [ERROR] Client Error in reaching server endpoint - No response received when attempting to reach /_stcore/health @ http://localhost:8511/static/js/index.D2ZqaFuW.js:16
[ 5588221ms] [ERROR] Is Streamlit still running? If you accidentally stopped Streamlit, just restart it in your terminal: @ http://localhost:8511/static/js/index.D2ZqaFuW.js:21
[ 5588785ms] [ERROR] Failed to load resource: net::ERR_CONNECTION_REFUSED @ http://localhost:8511/_stcore/host-config:0
[ 5590228ms] [ERROR] Failed to load resource: net::ERR_CONNECTION_REFUSED @ http://localhost:8511/_stcore/host-config:0
[ 5590228ms] [ERROR] Client Error in reaching server endpoint - No response received when attempting to reach /_stcore/host-config @ http://localhost:8511/static/js/index.D2ZqaFuW.js:16
[ 5590228ms] [ERROR] Is Streamlit still running? If you accidentally stopped Streamlit, just restart it in your terminal: @ http://localhost:8511/static/js/index.D2ZqaFuW.js:21
[ 5590358ms] [ERROR] Failed to load resource: net::ERR_CONNECTION_REFUSED @ http://localhost:8511/_stcore/health:0
[ 5592235ms] [ERROR] Failed to load resource: net::ERR_CONNECTION_REFUSED @ http://localhost:8511/_stcore/health:0
[ 5592235ms] [ERROR] Client Error in reaching server endpoint - No response received when attempting to reach /_stcore/health @ http://localhost:8511/static/js/index.D2ZqaFuW.js:16
[ 5592235ms] [ERROR] Is Streamlit still running? If you accidentally stopped Streamlit, just restart it in your terminal: @ http://localhost:8511/static/js/index.D2ZqaFuW.js:21
[ 5592423ms] [ERROR] Failed to load resource: net::ERR_CONNECTION_REFUSED @ http://localhost:8511/_stcore/host-config:0
[ 5594240ms] [ERROR] Failed to load resource: net::ERR_CONNECTION_REFUSED @ http://localhost:8511/_stcore/health:0
[ 5594240ms] [ERROR] Client Error in reaching server endpoint - No response received when attempting to reach /_stcore/health @ http://localhost:8511/static/js/index.D2ZqaFuW.js:16
[ 5594241ms] [ERROR] Is Streamlit still running? If you accidentally stopped Streamlit, just restart it in your terminal: @ http://localhost:8511/static/js/index.D2ZqaFuW.js:21
[ 5594359ms] [ERROR] Failed to load resource: net::ERR_CONNECTION_REFUSED @ http://localhost:8511/_stcore/host-config:0
[ 5596246ms] [ERROR] Failed to load resource: net::ERR_CONNECTION_REFUSED @ http://localhost:8511/_stcore/health:0
[ 5596246ms] [ERROR] Client Error in reaching server endpoint - No response received when attempting to reach /_stcore/health @ http://localhost:8511/static/js/index.D2ZqaFuW.js:16
[ 5596247ms] [ERROR] Is Streamlit still running? If you accidentally stopped Streamlit, just restart it in your terminal: @ http://localhost:8511/static/js/index.D2ZqaFuW.js:21
[ 5596361ms] [ERROR] Failed to load resource: net::ERR_CONNECTION_REFUSED @ http://localhost:8511/_stcore/host-config:0
[ 5598254ms] [ERROR] Failed to load resource: net::ERR_CONNECTION_REFUSED @ http://localhost:8511/_stcore/health:0
[ 5598254ms] [ERROR] Client Error in reaching server endpoint - No response received when attempting to reach /_stcore/health @ http://localhost:8511/static/js/index.D2ZqaFuW.js:16
[ 5598254ms] [ERROR] Is Streamlit still running? If you accidentally stopped Streamlit, just restart it in your terminal: @ http://localhost:8511/static/js/index.D2ZqaFuW.js:21
[ 5598369ms] [ERROR] Failed to load resource: net::ERR_CONNECTION_REFUSED @ http://localhost:8511/_stcore/host-config:0
[ 5600261ms] [ERROR] Failed to load resource: net::ERR_CONNECTION_REFUSED @ http://localhost:8511/_stcore/health:0
[ 5600261ms] [ERROR] Client Error in reaching server endpoint - No response received when attempting to reach /_stcore/health @ http://localhost:8511/static/js/index.D2ZqaFuW.js:16
[ 5600261ms] [ERROR] Is Streamlit still running? If you accidentally stopped Streamlit, just restart it in your terminal: @ http://localhost:8511/static/js/index.D2ZqaFuW.js:21
[ 5600390ms] [ERROR] Failed to load resource: net::ERR_CONNECTION_REFUSED @ http://localhost:8511/_stcore/host-config:0
[ 5602268ms] [ERROR] Failed to load resource: net::ERR_CONNECTION_REFUSED @ http://localhost:8511/_stcore/health:0
[ 5602268ms] [ERROR] Client Error in reaching server endpoint - No response received when attempting to reach /_stcore/health @ http://localhost:8511/static/js/index.D2ZqaFuW.js:16
[ 5602269ms] [ERROR] Is Streamlit still running? If you accidentally stopped Streamlit, just restart it in your terminal: @ http://localhost:8511/static/js/index.D2ZqaFuW.js:21
[ 5602379ms] [ERROR] Failed to load resource: net::ERR_CONNECTION_REFUSED @ http://localhost:8511/_stcore/host-config:0
[ 5604275ms] [ERROR] Failed to load resource: net::ERR_CONNECTION_REFUSED @ http://localhost:8511/_stcore/host-config:0
[ 5604275ms] [ERROR] Client Error in reaching server endpoint - No response received when attempting to reach /_stcore/host-config @ http://localhost:8511/static/js/index.D2ZqaFuW.js:16
[ 5604275ms] [ERROR] Is Streamlit still running? If you accidentally stopped Streamlit, just restart it in your terminal: @ http://localhost:8511/static/js/index.D2ZqaFuW.js:21
[ 5604275ms] [ERROR] Failed to load resource: net::ERR_CONNECTION_REFUSED @ http://localhost:8511/_stcore/health:0
[ 5606280ms] [ERROR] Failed to load resource: net::ERR_CONNECTION_REFUSED @ http://localhost:8511/_stcore/health:0
[ 5606281ms] [ERROR] Client Error in reaching server endpoint - No response received when attempting to reach /_stcore/health @ http://localhost:8511/static/js/index.D2ZqaFuW.js:16
[ 5606281ms] [ERROR] Is Streamlit still running? If you accidentally stopped Streamlit, just restart it in your terminal: @ http://localhost:8511/static/js/index.D2ZqaFuW.js:21
[ 5606382ms] [ERROR] Failed to load resource: net::ERR_CONNECTION_REFUSED @ http://localhost:8511/_stcore/host-config:0
[ 5608288ms] [ERROR] Failed to load resource: net::ERR_CONNECTION_REFUSED @ http://localhost:8511/_stcore/health:0
[ 5608288ms] [ERROR] Client Error in reaching server endpoint - No response received when attempting to reach /_stcore/health @ http://localhost:8511/static/js/index.D2ZqaFuW.js:16
[ 5608288ms] [ERROR] Is Streamlit still running? If you accidentally stopped Streamlit, just restart it in your terminal: @ http://localhost:8511/static/js/index.D2ZqaFuW.js:21
[ 5608402ms] [ERROR] Failed to load resource: net::ERR_CONNECTION_REFUSED @ http://localhost:8511/_stcore/host-config:0
[ 5610296ms] [ERROR] Failed to load resource: net::ERR_CONNECTION_REFUSED @ http://localhost:8511/_stcore/health:0
[ 5610296ms] [ERROR] Client Error in reaching server endpoint - No response received when attempting to reach /_stcore/health @ http://localhost:8511/static/js/index.D2ZqaFuW.js:16
[ 5610297ms] [ERROR] Is Streamlit still running? If you accidentally stopped Streamlit, just restart it in your terminal: @ http://localhost:8511/static/js/index.D2ZqaFuW.js:21
[ 5610424ms] [ERROR] Failed to load resource: net::ERR_CONNECTION_REFUSED @ http://localhost:8511/_stcore/host-config:0
[ 5612306ms] [ERROR] Failed to load resource: net::ERR_CONNECTION_REFUSED @ http://localhost:8511/_stcore/host-config:0
[ 5612306ms] [ERROR] Client Error in reaching server endpoint - No response received when attempting to reach /_stcore/host-config @ http://localhost:8511/static/js/index.D2ZqaFuW.js:16
[ 5612306ms] [ERROR] Is Streamlit still running? If you accidentally stopped Streamlit, just restart it in your terminal: @ http://localhost:8511/static/js/index.D2ZqaFuW.js:21
[ 5612471ms] [ERROR] Failed to load resource: net::ERR_CONNECTION_REFUSED @ http://localhost:8511/_stcore/health:0
[ 5614320ms] [ERROR] Failed to load resource: net::ERR_CONNECTION_REFUSED @ http://localhost:8511/_stcore/health:0
[ 5614320ms] [ERROR] Client Error in reaching server endpoint - No response received when attempting to reach /_stcore/health @ http://localhost:8511/static/js/index.D2ZqaFuW.js:16
[ 5614320ms] [ERROR] Is Streamlit still running? If you accidentally stopped Streamlit, just restart it in your terminal: @ http://localhost:8511/static/js/index.D2ZqaFuW.js:21
[ 5614554ms] [ERROR] Failed to load resource: net::ERR_CONNECTION_REFUSED @ http://localhost:8511/_stcore/host-config:0
[ 5616325ms] [ERROR] Failed to load resource: net::ERR_CONNECTION_REFUSED @ http://localhost:8511/_stcore/health:0
[ 5616325ms] [ERROR] Client Error in reaching server endpoint - No response received when attempting to reach /_stcore/health @ http://localhost:8511/static/js/index.D2ZqaFuW.js:16
[ 5616325ms] [ERROR] Is Streamlit still running? If you accidentally stopped Streamlit, just restart it in your terminal: @ http://localhost:8511/static/js/index.D2ZqaFuW.js:21
