[  148798ms] [ERROR] Failed to load resource: net::ERR_CONNECTION_REFUSED @ http://localhost:8538/_stcore/health:0
[  148798ms] [ERROR] Client Error in reaching server endpoint - No response received when attempting to reach /_stcore/health @ http://localhost:8538/static/js/index.D2ZqaFuW.js:16
[  148799ms] [ERROR] Is Streamlit still running? If you accidentally stopped Streamlit, just restart it in your terminal: @ http://localhost:8538/static/js/index.D2ZqaFuW.js:21
[  148819ms] [ERROR] Failed to load resource: net::ERR_CONNECTION_REFUSED @ http://localhost:8538/_stcore/host-config:0
[  150804ms] [ERROR] Failed to load resource: net::ERR_CONNECTION_REFUSED @ http://localhost:8538/_stcore/health:0
[  150804ms] [ERROR] Client Error in reaching server endpoint - No response received when attempting to reach /_stcore/health @ http://localhost:8538/static/js/index.D2ZqaFuW.js:16
[  150804ms] [ERROR] Is Streamlit still running? If you accidentally stopped Streamlit, just restart it in your terminal: @ http://localhost:8538/static/js/index.D2ZqaFuW.js:21
[  150826ms] [ERROR] Failed to load resource: net::ERR_CONNECTION_REFUSED @ http://localhost:8538/_stcore/host-config:0
[  152811ms] [ERROR] Failed to load resource: net::ERR_CONNECTION_REFUSED @ http://localhost:8538/_stcore/health:0
[  152811ms] [ERROR] Client Error in reaching server endpoint - No response received when attempting to reach /_stcore/health @ http://localhost:8538/static/js/index.D2ZqaFuW.js:16
[  152812ms] [ERROR] Is Streamlit still running? If you accidentally stopped Streamlit, just restart it in your terminal: @ http://localhost:8538/static/js/index.D2ZqaFuW.js:21
[  152840ms] [ERROR] Failed to load resource: net::ERR_CONNECTION_REFUSED @ http://localhost:8538/_stcore/host-config:0
[  154826ms] [ERROR] Failed to load resource: net::ERR_CONNECTION_REFUSED @ http://localhost:8538/_stcore/health:0
[  154826ms] [ERROR] Client Error in reaching server endpoint - No response received when attempting to reach /_stcore/health @ http://localhost:8538/static/js/index.D2ZqaFuW.js:16
[  154826ms] [ERROR] Is Streamlit still running? If you accidentally stopped Streamlit, just restart it in your terminal: @ http://localhost:8538/static/js/index.D2ZqaFuW.js:21
[  154860ms] [ERROR] Failed to load resource: net::ERR_CONNECTION_REFUSED @ http://localhost:8538/_stcore/host-config:0
[  156833ms] [ERROR] Failed to load resource: net::ERR_CONNECTION_REFUSED @ http://localhost:8538/_stcore/health:0
[  156833ms] [ERROR] Client Error in reaching server endpoint - No response received when attempting to reach /_stcore/health @ http://localhost:8538/static/js/index.D2ZqaFuW.js:16
[  156833ms] [ERROR] Is Streamlit still running? If you accidentally stopped Streamlit, just restart it in your terminal: @ http://localhost:8538/static/js/index.D2ZqaFuW.js:21
[  156865ms] [ERROR] Failed to load resource: net::ERR_CONNECTION_REFUSED @ http://localhost:8538/_stcore/host-config:0
[  158839ms] [ERROR] Failed to load resource: net::ERR_CONNECTION_REFUSED @ http://localhost:8538/_stcore/health:0
[  158839ms] [ERROR] Client Error in reaching server endpoint - No response received when attempting to reach /_stcore/health @ http://localhost:8538/static/js/index.D2ZqaFuW.js:16
[  158840ms] [ERROR] Is Streamlit still running? If you accidentally stopped Streamlit, just restart it in your terminal: @ http://localhost:8538/static/js/index.D2ZqaFuW.js:21
[  158878ms] [ERROR] Failed to load resource: net::ERR_CONNECTION_REFUSED @ http://localhost:8538/_stcore/host-config:0
[  160845ms] [ERROR] Failed to load resource: net::ERR_CONNECTION_REFUSED @ http://localhost:8538/_stcore/host-config:0
[  160845ms] [ERROR] Client Error in reaching server endpoint - No response received when attempting to reach /_stcore/host-config @ http://localhost:8538/static/js/index.D2ZqaFuW.js:16
[  160845ms] [ERROR] Is Streamlit still running? If you accidentally stopped Streamlit, just restart it in your terminal: @ http://localhost:8538/static/js/index.D2ZqaFuW.js:21
[  160867ms] [ERROR] Failed to load resource: net::ERR_CONNECTION_REFUSED @ http://localhost:8538/_stcore/health:0
[  162853ms] [ERROR] Failed to load resource: net::ERR_CONNECTION_REFUSED @ http://localhost:8538/_stcore/health:0
[  162853ms] [ERROR] Client Error in reaching server endpoint - No response received when attempting to reach /_stcore/health @ http://localhost:8538/static/js/index.D2ZqaFuW.js:16
[  162853ms] [ERROR] Is Streamlit still running? If you accidentally stopped Streamlit, just restart it in your terminal: @ http://localhost:8538/static/js/index.D2ZqaFuW.js:21
[  162878ms] [ERROR] Failed to load resource: net::ERR_CONNECTION_REFUSED @ http://localhost:8538/_stcore/host-config:0
[  164857ms] [ERROR] Failed to load resource: net::ERR_CONNECTION_REFUSED @ http://localhost:8538/_stcore/health:0
[  164857ms] [ERROR] Client Error in reaching server endpoint - No response received when attempting to reach /_stcore/health @ http://localhost:8538/static/js/index.D2ZqaFuW.js:16
[  164858ms] [ERROR] Is Streamlit still running? If you accidentally stopped Streamlit, just restart it in your terminal: @ http://localhost:8538/static/js/index.D2ZqaFuW.js:21
[  164881ms] [ERROR] Failed to load resource: net::ERR_CONNECTION_REFUSED @ http://localhost:8538/_stcore/host-config:0
[  166863ms] [ERROR] Failed to load resource: net::ERR_CONNECTION_REFUSED @ http://localhost:8538/_stcore/health:0
[  166863ms] [ERROR] Client Error in reaching server endpoint - No response received when attempting to reach /_stcore/health @ http://localhost:8538/static/js/index.D2ZqaFuW.js:16
[  166863ms] [ERROR] Is Streamlit still running? If you accidentally stopped Streamlit, just restart it in your terminal: @ http://localhost:8538/static/js/index.D2ZqaFuW.js:21
[  166891ms] [ERROR] Failed to load resource: net::ERR_CONNECTION_REFUSED @ http://localhost:8538/_stcore/host-config:0
[  168874ms] [ERROR] Failed to load resource: net::ERR_CONNECTION_REFUSED @ http://localhost:8538/_stcore/health:0
[  168875ms] [ERROR] Client Error in reaching server endpoint - No response received when attempting to reach /_stcore/health @ http://localhost:8538/static/js/index.D2ZqaFuW.js:16
[  168875ms] [ERROR] Is Streamlit still running? If you accidentally stopped Streamlit, just restart it in your terminal: @ http://localhost:8538/static/js/index.D2ZqaFuW.js:21
[  168901ms] [ERROR] Failed to load resource: net::ERR_CONNECTION_REFUSED @ http://localhost:8538/_stcore/host-config:0
[  170880ms] [ERROR] Failed to load resource: net::ERR_CONNECTION_REFUSED @ http://localhost:8538/_stcore/health:0
[  170880ms] [ERROR] Client Error in reaching server endpoint - No response received when attempting to reach /_stcore/health @ http://localhost:8538/static/js/index.D2ZqaFuW.js:16
[  170880ms] [ERROR] Is Streamlit still running? If you accidentally stopped Streamlit, just restart it in your terminal: @ http://localhost:8538/static/js/index.D2ZqaFuW.js:21
[  170907ms] [ERROR] Failed to load resource: net::ERR_CONNECTION_REFUSED @ http://localhost:8538/_stcore/host-config:0
[  172890ms] [ERROR] Failed to load resource: net::ERR_CONNECTION_REFUSED @ http://localhost:8538/_stcore/health:0
[  172890ms] [ERROR] Client Error in reaching server endpoint - No response received when attempting to reach /_stcore/health @ http://localhost:8538/static/js/index.D2ZqaFuW.js:16
[  172890ms] [ERROR] Is Streamlit still running? If you accidentally stopped Streamlit, just restart it in your terminal: @ http://localhost:8538/static/js/index.D2ZqaFuW.js:21
[  172918ms] [ERROR] Failed to load resource: net::ERR_CONNECTION_REFUSED @ http://localhost:8538/_stcore/host-config:0
[  174896ms] [ERROR] Failed to load resource: net::ERR_CONNECTION_REFUSED @ http://localhost:8538/_stcore/health:0
[  174897ms] [ERROR] Client Error in reaching server endpoint - No response received when attempting to reach /_stcore/health @ http://localhost:8538/static/js/index.D2ZqaFuW.js:16
[  174897ms] [ERROR] Is Streamlit still running? If you accidentally stopped Streamlit, just restart it in your terminal: @ http://localhost:8538/static/js/index.D2ZqaFuW.js:21
[  174921ms] [ERROR] Failed to load resource: net::ERR_CONNECTION_REFUSED @ http://localhost:8538/_stcore/host-config:0
[  176904ms] [ERROR] Failed to load resource: net::ERR_CONNECTION_REFUSED @ http://localhost:8538/_stcore/health:0
[  176904ms] [ERROR] Client Error in reaching server endpoint - No response received when attempting to reach /_stcore/health @ http://localhost:8538/static/js/index.D2ZqaFuW.js:16
[  176905ms] [ERROR] Is Streamlit still running? If you accidentally stopped Streamlit, just restart it in your terminal: @ http://localhost:8538/static/js/index.D2ZqaFuW.js:21
[  176933ms] [ERROR] Failed to load resource: net::ERR_CONNECTION_REFUSED @ http://localhost:8538/_stcore/host-config:0
[  178910ms] [ERROR] Failed to load resource: net::ERR_CONNECTION_REFUSED @ http://localhost:8538/_stcore/health:0
[  178910ms] [ERROR] Client Error in reaching server endpoint - No response received when attempting to reach /_stcore/health @ http://localhost:8538/static/js/index.D2ZqaFuW.js:16
[  178911ms] [ERROR] Is Streamlit still running? If you accidentally stopped Streamlit, just restart it in your terminal: @ http://localhost:8538/static/js/index.D2ZqaFuW.js:21
[  178936ms] [ERROR] Failed to load resource: net::ERR_CONNECTION_REFUSED @ http://localhost:8538/_stcore/host-config:0
[  180916ms] [ERROR] Failed to load resource: net::ERR_CONNECTION_REFUSED @ http://localhost:8538/_stcore/health:0
[  180916ms] [ERROR] Client Error in reaching server endpoint - No response received when attempting to reach /_stcore/health @ http://localhost:8538/static/js/index.D2ZqaFuW.js:16
[  180917ms] [ERROR] Is Streamlit still running? If you accidentally stopped Streamlit, just restart it in your terminal: @ http://localhost:8538/static/js/index.D2ZqaFuW.js:21
[  180942ms] [ERROR] Failed to load resource: net::ERR_CONNECTION_REFUSED @ http://localhost:8538/_stcore/host-config:0
[  182924ms] [ERROR] Failed to load resource: net::ERR_CONNECTION_REFUSED @ http://localhost:8538/_stcore/health:0
[  182924ms] [ERROR] Client Error in reaching server endpoint - No response received when attempting to reach /_stcore/health @ http://localhost:8538/static/js/index.D2ZqaFuW.js:16
[  182924ms] [ERROR] Is Streamlit still running? If you accidentally stopped Streamlit, just restart it in your terminal: @ http://localhost:8538/static/js/index.D2ZqaFuW.js:21
[  182954ms] [ERROR] Failed to load resource: net::ERR_CONNECTION_REFUSED @ http://localhost:8538/_stcore/host-config:0
[  184935ms] [ERROR] Failed to load resource: net::ERR_CONNECTION_REFUSED @ http://localhost:8538/_stcore/health:0
[  184935ms] [ERROR] Client Error in reaching server endpoint - No response received when attempting to reach /_stcore/health @ http://localhost:8538/static/js/index.D2ZqaFuW.js:16
[  184935ms] [ERROR] Is Streamlit still running? If you accidentally stopped Streamlit, just restart it in your terminal: @ http://localhost:8538/static/js/index.D2ZqaFuW.js:21
[  184977ms] [ERROR] Failed to load resource: net::ERR_CONNECTION_REFUSED @ http://localhost:8538/_stcore/host-config:0
[  186941ms] [ERROR] Failed to load resource: net::ERR_CONNECTION_REFUSED @ http://localhost:8538/_stcore/health:0
[  186942ms] [ERROR] Client Error in reaching server endpoint - No response received when attempting to reach /_stcore/health @ http://localhost:8538/static/js/index.D2ZqaFuW.js:16
[  186942ms] [ERROR] Is Streamlit still running? If you accidentally stopped Streamlit, just restart it in your terminal: @ http://localhost:8538/static/js/index.D2ZqaFuW.js:21
[  186964ms] [ERROR] Failed to load resource: net::ERR_CONNECTION_REFUSED @ http://localhost:8538/_stcore/host-config:0
[  188954ms] [ERROR] Failed to load resource: net::ERR_CONNECTION_REFUSED @ http://localhost:8538/_stcore/health:0
[  188954ms] [ERROR] Client Error in reaching server endpoint - No response received when attempting to reach /_stcore/health @ http://localhost:8538/static/js/index.D2ZqaFuW.js:16
[  188954ms] [ERROR] Is Streamlit still running? If you accidentally stopped Streamlit, just restart it in your terminal: @ http://localhost:8538/static/js/index.D2ZqaFuW.js:21
[  188982ms] [ERROR] Failed to load resource: net::ERR_CONNECTION_REFUSED @ http://localhost:8538/_stcore/host-config:0
[  190960ms] [ERROR] Failed to load resource: net::ERR_CONNECTION_REFUSED @ http://localhost:8538/_stcore/health:0
[  190961ms] [ERROR] Client Error in reaching server endpoint - No response received when attempting to reach /_stcore/health @ http://localhost:8538/static/js/index.D2ZqaFuW.js:16
[  190961ms] [ERROR] Is Streamlit still running? If you accidentally stopped Streamlit, just restart it in your terminal: @ http://localhost:8538/static/js/index.D2ZqaFuW.js:21
[  190983ms] [ERROR] Failed to load resource: net::ERR_CONNECTION_REFUSED @ http://localhost:8538/_stcore/host-config:0
[  192967ms] [ERROR] Failed to load resource: net::ERR_CONNECTION_REFUSED @ http://localhost:8538/_stcore/health:0
[  192967ms] [ERROR] Client Error in reaching server endpoint - No response received when attempting to reach /_stcore/health @ http://localhost:8538/static/js/index.D2ZqaFuW.js:16
[  192967ms] [ERROR] Is Streamlit still running? If you accidentally stopped Streamlit, just restart it in your terminal: @ http://localhost:8538/static/js/index.D2ZqaFuW.js:21
[  192987ms] [ERROR] Failed to load resource: net::ERR_CONNECTION_REFUSED @ http://localhost:8538/_stcore/host-config:0
[  194974ms] [ERROR] Failed to load resource: net::ERR_CONNECTION_REFUSED @ http://localhost:8538/_stcore/host-config:0
[  194974ms] [ERROR] Client Error in reaching server endpoint - No response received when attempting to reach /_stcore/host-config @ http://localhost:8538/static/js/index.D2ZqaFuW.js:16
[  194975ms] [ERROR] Is Streamlit still running? If you accidentally stopped Streamlit, just restart it in your terminal: @ http://localhost:8538/static/js/index.D2ZqaFuW.js:21
[  194995ms] [ERROR] Failed to load resource: net::ERR_CONNECTION_REFUSED @ http://localhost:8538/_stcore/health:0
[  196981ms] [ERROR] Failed to load resource: net::ERR_CONNECTION_REFUSED @ http://localhost:8538/_stcore/host-config:0
[  196981ms] [ERROR] Client Error in reaching server endpoint - No response received when attempting to reach /_stcore/host-config @ http://localhost:8538/static/js/index.D2ZqaFuW.js:16
[  196982ms] [ERROR] Is Streamlit still running? If you accidentally stopped Streamlit, just restart it in your terminal: @ http://localhost:8538/static/js/index.D2ZqaFuW.js:21
[  197005ms] [ERROR] Failed to load resource: net::ERR_CONNECTION_REFUSED @ http://localhost:8538/_stcore/health:0
[  198988ms] [ERROR] Failed to load resource: net::ERR_CONNECTION_REFUSED @ http://localhost:8538/_stcore/health:0
[  198988ms] [ERROR] Client Error in reaching server endpoint - No response received when attempting to reach /_stcore/health @ http://localhost:8538/static/js/index.D2ZqaFuW.js:16
[  198988ms] [ERROR] Is Streamlit still running? If you accidentally stopped Streamlit, just restart it in your terminal: @ http://localhost:8538/static/js/index.D2ZqaFuW.js:21
[  199009ms] [ERROR] Failed to load resource: net::ERR_CONNECTION_REFUSED @ http://localhost:8538/_stcore/host-config:0
[  200994ms] [ERROR] Failed to load resource: net::ERR_CONNECTION_REFUSED @ http://localhost:8538/_stcore/health:0
[  200995ms] [ERROR] Client Error in reaching server endpoint - No response received when attempting to reach /_stcore/health @ http://localhost:8538/static/js/index.D2ZqaFuW.js:16
[  200995ms] [ERROR] Is Streamlit still running? If you accidentally stopped Streamlit, just restart it in your terminal: @ http://localhost:8538/static/js/index.D2ZqaFuW.js:21
[  201018ms] [ERROR] Failed to load resource: net::ERR_CONNECTION_REFUSED @ http://localhost:8538/_stcore/host-config:0
[  203002ms] [ERROR] Failed to load resource: net::ERR_CONNECTION_REFUSED @ http://localhost:8538/_stcore/host-config:0
[  203002ms] [ERROR] Client Error in reaching server endpoint - No response received when attempting to reach /_stcore/host-config @ http://localhost:8538/static/js/index.D2ZqaFuW.js:16
[  203003ms] [ERROR] Is Streamlit still running? If you accidentally stopped Streamlit, just restart it in your terminal: @ http://localhost:8538/static/js/index.D2ZqaFuW.js:21
[  203027ms] [ERROR] Failed to load resource: net::ERR_CONNECTION_REFUSED @ http://localhost:8538/_stcore/health:0
[  205012ms] [ERROR] Failed to load resource: net::ERR_CONNECTION_REFUSED @ http://localhost:8538/_stcore/health:0
[  205012ms] [ERROR] Client Error in reaching server endpoint - No response received when attempting to reach /_stcore/health @ http://localhost:8538/static/js/index.D2ZqaFuW.js:16
[  205012ms] [ERROR] Is Streamlit still running? If you accidentally stopped Streamlit, just restart it in your terminal: @ http://localhost:8538/static/js/index.D2ZqaFuW.js:21
[  205071ms] [ERROR] Failed to load resource: net::ERR_CONNECTION_REFUSED @ http://localhost:8538/_stcore/host-config:0
[  207024ms] [ERROR] Failed to load resource: net::ERR_CONNECTION_REFUSED @ http://localhost:8538/_stcore/health:0
[  207024ms] [ERROR] Client Error in reaching server endpoint - No response received when attempting to reach /_stcore/health @ http://localhost:8538/static/js/index.D2ZqaFuW.js:16
[  207025ms] [ERROR] Is Streamlit still running? If you accidentally stopped Streamlit, just restart it in your terminal: @ http://localhost:8538/static/js/index.D2ZqaFuW.js:21
[  207048ms] [ERROR] Failed to load resource: net::ERR_CONNECTION_REFUSED @ http://localhost:8538/_stcore/host-config:0
[  209029ms] [ERROR] Failed to load resource: net::ERR_CONNECTION_REFUSED @ http://localhost:8538/_stcore/health:0
[  209029ms] [ERROR] Client Error in reaching server endpoint - No response received when attempting to reach /_stcore/health @ http://localhost:8538/static/js/index.D2ZqaFuW.js:16
[  209030ms] [ERROR] Is Streamlit still running? If you accidentally stopped Streamlit, just restart it in your terminal: @ http://localhost:8538/static/js/index.D2ZqaFuW.js:21
[  209050ms] [ERROR] Failed to load resource: net::ERR_CONNECTION_REFUSED @ http://localhost:8538/_stcore/host-config:0
[  211040ms] [ERROR] Failed to load resource: net::ERR_CONNECTION_REFUSED @ http://localhost:8538/_stcore/health:0
[  211040ms] [ERROR] Client Error in reaching server endpoint - No response received when attempting to reach /_stcore/health @ http://localhost:8538/static/js/index.D2ZqaFuW.js:16
[  211040ms] [ERROR] Is Streamlit still running? If you accidentally stopped Streamlit, just restart it in your terminal: @ http://localhost:8538/static/js/index.D2ZqaFuW.js:21
[  211064ms] [ERROR] Failed to load resource: net::ERR_CONNECTION_REFUSED @ http://localhost:8538/_stcore/host-config:0
[  213048ms] [ERROR] Failed to load resource: net::ERR_CONNECTION_REFUSED @ http://localhost:8538/_stcore/health:0
[  213048ms] [ERROR] Client Error in reaching server endpoint - No response received when attempting to reach /_stcore/health @ http://localhost:8538/static/js/index.D2ZqaFuW.js:16
[  213048ms] [ERROR] Is Streamlit still running? If you accidentally stopped Streamlit, just restart it in your terminal: @ http://localhost:8538/static/js/index.D2ZqaFuW.js:21
[  213076ms] [ERROR] Failed to load resource: net::ERR_CONNECTION_REFUSED @ http://localhost:8538/_stcore/host-config:0
[  215059ms] [ERROR] Failed to load resource: net::ERR_CONNECTION_REFUSED @ http://localhost:8538/_stcore/health:0
[  215059ms] [ERROR] Client Error in reaching server endpoint - No response received when attempting to reach /_stcore/health @ http://localhost:8538/static/js/index.D2ZqaFuW.js:16
[  215059ms] [ERROR] Is Streamlit still running? If you accidentally stopped Streamlit, just restart it in your terminal: @ http://localhost:8538/static/js/index.D2ZqaFuW.js:21
[  215094ms] [ERROR] Failed to load resource: net::ERR_CONNECTION_REFUSED @ http://localhost:8538/_stcore/host-config:0
[  217066ms] [ERROR] Failed to load resource: net::ERR_CONNECTION_REFUSED @ http://localhost:8538/_stcore/health:0
[  217067ms] [ERROR] Client Error in reaching server endpoint - No response received when attempting to reach /_stcore/health @ http://localhost:8538/static/js/index.D2ZqaFuW.js:16
[  217067ms] [ERROR] Is Streamlit still running? If you accidentally stopped Streamlit, just restart it in your terminal: @ http://localhost:8538/static/js/index.D2ZqaFuW.js:21
[  217089ms] [ERROR] Failed to load resource: net::ERR_CONNECTION_REFUSED @ http://localhost:8538/_stcore/host-config:0
[  219075ms] [ERROR] Failed to load resource: net::ERR_CONNECTION_REFUSED @ http://localhost:8538/_stcore/health:0
[  219075ms] [ERROR] Client Error in reaching server endpoint - No response received when attempting to reach /_stcore/health @ http://localhost:8538/static/js/index.D2ZqaFuW.js:16
[  219076ms] [ERROR] Is Streamlit still running? If you accidentally stopped Streamlit, just restart it in your terminal: @ http://localhost:8538/static/js/index.D2ZqaFuW.js:21
[  219099ms] [ERROR] Failed to load resource: net::ERR_CONNECTION_REFUSED @ http://localhost:8538/_stcore/host-config:0
[  221086ms] [ERROR] Failed to load resource: net::ERR_CONNECTION_REFUSED @ http://localhost:8538/_stcore/health:0
[  221086ms] [ERROR] Client Error in reaching server endpoint - No response received when attempting to reach /_stcore/health @ http://localhost:8538/static/js/index.D2ZqaFuW.js:16
[  221086ms] [ERROR] Is Streamlit still running? If you accidentally stopped Streamlit, just restart it in your terminal: @ http://localhost:8538/static/js/index.D2ZqaFuW.js:21
[  221113ms] [ERROR] Failed to load resource: net::ERR_CONNECTION_REFUSED @ http://localhost:8538/_stcore/host-config:0
[  223092ms] [ERROR] Failed to load resource: net::ERR_CONNECTION_REFUSED @ http://localhost:8538/_stcore/health:0
[  223092ms] [ERROR] Client Error in reaching server endpoint - No response received when attempting to reach /_stcore/health @ http://localhost:8538/static/js/index.D2ZqaFuW.js:16
[  223093ms] [ERROR] Is Streamlit still running? If you accidentally stopped Streamlit, just restart it in your terminal: @ http://localhost:8538/static/js/index.D2ZqaFuW.js:21
[  223116ms] [ERROR] Failed to load resource: net::ERR_CONNECTION_REFUSED @ http://localhost:8538/_stcore/host-config:0
[  225099ms] [ERROR] Failed to load resource: net::ERR_CONNECTION_REFUSED @ http://localhost:8538/_stcore/health:0
[  225099ms] [ERROR] Client Error in reaching server endpoint - No response received when attempting to reach /_stcore/health @ http://localhost:8538/static/js/index.D2ZqaFuW.js:16
[  225099ms] [ERROR] Is Streamlit still running? If you accidentally stopped Streamlit, just restart it in your terminal: @ http://localhost:8538/static/js/index.D2ZqaFuW.js:21
[  225121ms] [ERROR] Failed to load resource: net::ERR_CONNECTION_REFUSED @ http://localhost:8538/_stcore/host-config:0
[  227111ms] [ERROR] Failed to load resource: net::ERR_CONNECTION_REFUSED @ http://localhost:8538/_stcore/health:0
[  227112ms] [ERROR] Client Error in reaching server endpoint - No response received when attempting to reach /_stcore/health @ http://localhost:8538/static/js/index.D2ZqaFuW.js:16
[  227112ms] [ERROR] Is Streamlit still running? If you accidentally stopped Streamlit, just restart it in your terminal: @ http://localhost:8538/static/js/index.D2ZqaFuW.js:21
[  227142ms] [ERROR] Failed to load resource: net::ERR_CONNECTION_REFUSED @ http://localhost:8538/_stcore/host-config:0
[  229119ms] [ERROR] Failed to load resource: net::ERR_CONNECTION_REFUSED @ http://localhost:8538/_stcore/host-config:0
[  229119ms] [ERROR] Client Error in reaching server endpoint - No response received when attempting to reach /_stcore/host-config @ http://localhost:8538/static/js/index.D2ZqaFuW.js:16
[  229119ms] [ERROR] Is Streamlit still running? If you accidentally stopped Streamlit, just restart it in your terminal: @ http://localhost:8538/static/js/index.D2ZqaFuW.js:21
[  229142ms] [ERROR] Failed to load resource: net::ERR_CONNECTION_REFUSED @ http://localhost:8538/_stcore/health:0
[  231125ms] [ERROR] Failed to load resource: net::ERR_CONNECTION_REFUSED @ http://localhost:8538/_stcore/health:0
[  231125ms] [ERROR] Client Error in reaching server endpoint - No response received when attempting to reach /_stcore/health @ http://localhost:8538/static/js/index.D2ZqaFuW.js:16
[  231125ms] [ERROR] Is Streamlit still running? If you accidentally stopped Streamlit, just restart it in your terminal: @ http://localhost:8538/static/js/index.D2ZqaFuW.js:21
[  231150ms] [ERROR] Failed to load resource: net::ERR_CONNECTION_REFUSED @ http://localhost:8538/_stcore/host-config:0
[  233131ms] [ERROR] Failed to load resource: net::ERR_CONNECTION_REFUSED @ http://localhost:8538/_stcore/health:0
[  233131ms] [ERROR] Client Error in reaching server endpoint - No response received when attempting to reach /_stcore/health @ http://localhost:8538/static/js/index.D2ZqaFuW.js:16
[  233131ms] [ERROR] Is Streamlit still running? If you accidentally stopped Streamlit, just restart it in your terminal: @ http://localhost:8538/static/js/index.D2ZqaFuW.js:21
[  233154ms] [ERROR] Failed to load resource: net::ERR_CONNECTION_REFUSED @ http://localhost:8538/_stcore/host-config:0
[  235143ms] [ERROR] Failed to load resource: net::ERR_CONNECTION_REFUSED @ http://localhost:8538/_stcore/host-config:0
[  235143ms] [ERROR] Client Error in reaching server endpoint - No response received when attempting to reach /_stcore/host-config @ http://localhost:8538/static/js/index.D2ZqaFuW.js:16
[  235144ms] [ERROR] Is Streamlit still running? If you accidentally stopped Streamlit, just restart it in your terminal: @ http://localhost:8538/static/js/index.D2ZqaFuW.js:21
[  235144ms] [ERROR] Failed to load resource: net::ERR_CONNECTION_REFUSED @ http://localhost:8538/_stcore/health:0
[  237152ms] [ERROR] Failed to load resource: net::ERR_CONNECTION_REFUSED @ http://localhost:8538/_stcore/health:0
[  237153ms] [ERROR] Client Error in reaching server endpoint - No response received when attempting to reach /_stcore/health @ http://localhost:8538/static/js/index.D2ZqaFuW.js:16
[  237153ms] [ERROR] Is Streamlit still running? If you accidentally stopped Streamlit, just restart it in your terminal: @ http://localhost:8538/static/js/index.D2ZqaFuW.js:21
[  237179ms] [ERROR] Failed to load resource: net::ERR_CONNECTION_REFUSED @ http://localhost:8538/_stcore/host-config:0
[  239158ms] [ERROR] Failed to load resource: net::ERR_CONNECTION_REFUSED @ http://localhost:8538/_stcore/health:0
[  239159ms] [ERROR] Client Error in reaching server endpoint - No response received when attempting to reach /_stcore/health @ http://localhost:8538/static/js/index.D2ZqaFuW.js:16
[  239159ms] [ERROR] Is Streamlit still running? If you accidentally stopped Streamlit, just restart it in your terminal: @ http://localhost:8538/static/js/index.D2ZqaFuW.js:21
[  239182ms] [ERROR] Failed to load resource: net::ERR_CONNECTION_REFUSED @ http://localhost:8538/_stcore/host-config:0
[  241170ms] [ERROR] Failed to load resource: net::ERR_CONNECTION_REFUSED @ http://localhost:8538/_stcore/host-config:0
[  241170ms] [ERROR] Client Error in reaching server endpoint - No response received when attempting to reach /_stcore/host-config @ http://localhost:8538/static/js/index.D2ZqaFuW.js:16
[  241170ms] [ERROR] Is Streamlit still running? If you accidentally stopped Streamlit, just restart it in your terminal: @ http://localhost:8538/static/js/index.D2ZqaFuW.js:21
[  241194ms] [ERROR] Failed to load resource: net::ERR_CONNECTION_REFUSED @ http://localhost:8538/_stcore/health:0
[  243177ms] [ERROR] Failed to load resource: net::ERR_CONNECTION_REFUSED @ http://localhost:8538/_stcore/health:0
[  243177ms] [ERROR] Client Error in reaching server endpoint - No response received when attempting to reach /_stcore/health @ http://localhost:8538/static/js/index.D2ZqaFuW.js:16
[  243178ms] [ERROR] Is Streamlit still running? If you accidentally stopped Streamlit, just restart it in your terminal: @ http://localhost:8538/static/js/index.D2ZqaFuW.js:21
[  243201ms] [ERROR] Failed to load resource: net::ERR_CONNECTION_REFUSED @ http://localhost:8538/_stcore/host-config:0
[  245184ms] [ERROR] Failed to load resource: net::ERR_CONNECTION_REFUSED @ http://localhost:8538/_stcore/health:0
[  245184ms] [ERROR] Client Error in reaching server endpoint - No response received when attempting to reach /_stcore/health @ http://localhost:8538/static/js/index.D2ZqaFuW.js:16
[  245185ms] [ERROR] Is Streamlit still running? If you accidentally stopped Streamlit, just restart it in your terminal: @ http://localhost:8538/static/js/index.D2ZqaFuW.js:21
[  245208ms] [ERROR] Failed to load resource: net::ERR_CONNECTION_REFUSED @ http://localhost:8538/_stcore/host-config:0
[  247191ms] [ERROR] Failed to load resource: net::ERR_CONNECTION_REFUSED @ http://localhost:8538/_stcore/health:0
[  247191ms] [ERROR] Client Error in reaching server endpoint - No response received when attempting to reach /_stcore/health @ http://localhost:8538/static/js/index.D2ZqaFuW.js:16
[  247192ms] [ERROR] Is Streamlit still running? If you accidentally stopped Streamlit, just restart it in your terminal: @ http://localhost:8538/static/js/index.D2ZqaFuW.js:21
[  247213ms] [ERROR] Failed to load resource: net::ERR_CONNECTION_REFUSED @ http://localhost:8538/_stcore/host-config:0
[  249198ms] [ERROR] Failed to load resource: net::ERR_CONNECTION_REFUSED @ http://localhost:8538/_stcore/health:0
[  249199ms] [ERROR] Client Error in reaching server endpoint - No response received when attempting to reach /_stcore/health @ http://localhost:8538/static/js/index.D2ZqaFuW.js:16
[  249199ms] [ERROR] Is Streamlit still running? If you accidentally stopped Streamlit, just restart it in your terminal: @ http://localhost:8538/static/js/index.D2ZqaFuW.js:21
[  249223ms] [ERROR] Failed to load resource: net::ERR_CONNECTION_REFUSED @ http://localhost:8538/_stcore/host-config:0
[  251207ms] [ERROR] Failed to load resource: net::ERR_CONNECTION_REFUSED @ http://localhost:8538/_stcore/health:0
[  251207ms] [ERROR] Client Error in reaching server endpoint - No response received when attempting to reach /_stcore/health @ http://localhost:8538/static/js/index.D2ZqaFuW.js:16
[  251207ms] [ERROR] Is Streamlit still running? If you accidentally stopped Streamlit, just restart it in your terminal: @ http://localhost:8538/static/js/index.D2ZqaFuW.js:21
[  251232ms] [ERROR] Failed to load resource: net::ERR_CONNECTION_REFUSED @ http://localhost:8538/_stcore/host-config:0
[  253216ms] [ERROR] Failed to load resource: net::ERR_CONNECTION_REFUSED @ http://localhost:8538/_stcore/host-config:0
[  253216ms] [ERROR] Client Error in reaching server endpoint - No response received when attempting to reach /_stcore/host-config @ http://localhost:8538/static/js/index.D2ZqaFuW.js:16
[  253216ms] [ERROR] Is Streamlit still running? If you accidentally stopped Streamlit, just restart it in your terminal: @ http://localhost:8538/static/js/index.D2ZqaFuW.js:21
[  253217ms] [ERROR] Failed to load resource: net::ERR_CONNECTION_REFUSED @ http://localhost:8538/_stcore/health:0
[  255224ms] [ERROR] Failed to load resource: net::ERR_CONNECTION_REFUSED @ http://localhost:8538/_stcore/health:0
[  255224ms] [ERROR] Client Error in reaching server endpoint - No response received when attempting to reach /_stcore/health @ http://localhost:8538/static/js/index.D2ZqaFuW.js:16
[  255224ms] [ERROR] Is Streamlit still running? If you accidentally stopped Streamlit, just restart it in your terminal: @ http://localhost:8538/static/js/index.D2ZqaFuW.js:21
[  255247ms] [ERROR] Failed to load resource: net::ERR_CONNECTION_REFUSED @ http://localhost:8538/_stcore/host-config:0
[  257245ms] [ERROR] Failed to load resource: net::ERR_CONNECTION_REFUSED @ http://localhost:8538/_stcore/host-config:0
[  257245ms] [ERROR] Client Error in reaching server endpoint - No response received when attempting to reach /_stcore/host-config @ http://localhost:8538/static/js/index.D2ZqaFuW.js:16
[  257246ms] [ERROR] Is Streamlit still running? If you accidentally stopped Streamlit, just restart it in your terminal: @ http://localhost:8538/static/js/index.D2ZqaFuW.js:21
[  257329ms] [ERROR] Failed to load resource: net::ERR_CONNECTION_REFUSED @ http://localhost:8538/_stcore/health:0
[  259256ms] [ERROR] Failed to load resource: net::ERR_CONNECTION_REFUSED @ http://localhost:8538/_stcore/health:0
[  259257ms] [ERROR] Client Error in reaching server endpoint - No response received when attempting to reach /_stcore/health @ http://localhost:8538/static/js/index.D2ZqaFuW.js:16
[  259257ms] [ERROR] Is Streamlit still running? If you accidentally stopped Streamlit, just restart it in your terminal: @ http://localhost:8538/static/js/index.D2ZqaFuW.js:21
[  259294ms] [ERROR] Failed to load resource: net::ERR_CONNECTION_REFUSED @ http://localhost:8538/_stcore/host-config:0
[  261268ms] [ERROR] Failed to load resource: net::ERR_CONNECTION_REFUSED @ http://localhost:8538/_stcore/health:0
[  261268ms] [ERROR] Client Error in reaching server endpoint - No response received when attempting to reach /_stcore/health @ http://localhost:8538/static/js/index.D2ZqaFuW.js:16
[  261268ms] [ERROR] Is Streamlit still running? If you accidentally stopped Streamlit, just restart it in your terminal: @ http://localhost:8538/static/js/index.D2ZqaFuW.js:21
[  261295ms] [ERROR] Failed to load resource: net::ERR_CONNECTION_REFUSED @ http://localhost:8538/_stcore/host-config:0
[  263278ms] [ERROR] Failed to load resource: net::ERR_CONNECTION_REFUSED @ http://localhost:8538/_stcore/health:0
[  263278ms] [ERROR] Client Error in reaching server endpoint - No response received when attempting to reach /_stcore/health @ http://localhost:8538/static/js/index.D2ZqaFuW.js:16
[  263279ms] [ERROR] Is Streamlit still running? If you accidentally stopped Streamlit, just restart it in your terminal: @ http://localhost:8538/static/js/index.D2ZqaFuW.js:21
[  263306ms] [ERROR] Failed to load resource: net::ERR_CONNECTION_REFUSED @ http://localhost:8538/_stcore/host-config:0
[  265286ms] [ERROR] Failed to load resource: net::ERR_CONNECTION_REFUSED @ http://localhost:8538/_stcore/health:0
[  265286ms] [ERROR] Client Error in reaching server endpoint - No response received when attempting to reach /_stcore/health @ http://localhost:8538/static/js/index.D2ZqaFuW.js:16
[  265286ms] [ERROR] Is Streamlit still running? If you accidentally stopped Streamlit, just restart it in your terminal: @ http://localhost:8538/static/js/index.D2ZqaFuW.js:21
[  265311ms] [ERROR] Failed to load resource: net::ERR_CONNECTION_REFUSED @ http://localhost:8538/_stcore/host-config:0
[  267293ms] [ERROR] Failed to load resource: net::ERR_CONNECTION_REFUSED @ http://localhost:8538/_stcore/health:0
[  267294ms] [ERROR] Client Error in reaching server endpoint - No response received when attempting to reach /_stcore/health @ http://localhost:8538/static/js/index.D2ZqaFuW.js:16
[  267294ms] [ERROR] Is Streamlit still running? If you accidentally stopped Streamlit, just restart it in your terminal: @ http://localhost:8538/static/js/index.D2ZqaFuW.js:21
[  267317ms] [ERROR] Failed to load resource: net::ERR_CONNECTION_REFUSED @ http://localhost:8538/_stcore/host-config:0
[  269308ms] [ERROR] Failed to load resource: net::ERR_CONNECTION_REFUSED @ http://localhost:8538/_stcore/health:0
[  269308ms] [ERROR] Client Error in reaching server endpoint - No response received when attempting to reach /_stcore/health @ http://localhost:8538/static/js/index.D2ZqaFuW.js:16
[  269309ms] [ERROR] Is Streamlit still running? If you accidentally stopped Streamlit, just restart it in your terminal: @ http://localhost:8538/static/js/index.D2ZqaFuW.js:21
[  269356ms] [ERROR] Failed to load resource: net::ERR_CONNECTION_REFUSED @ http://localhost:8538/_stcore/host-config:0
[  271320ms] [ERROR] Failed to load resource: net::ERR_CONNECTION_REFUSED @ http://localhost:8538/_stcore/health:0
[  271320ms] [ERROR] Client Error in reaching server endpoint - No response received when attempting to reach /_stcore/health @ http://localhost:8538/static/js/index.D2ZqaFuW.js:16
[  271320ms] [ERROR] Is Streamlit still running? If you accidentally stopped Streamlit, just restart it in your terminal: @ http://localhost:8538/static/js/index.D2ZqaFuW.js:21
[  271321ms] [ERROR] Failed to load resource: net::ERR_CONNECTION_REFUSED @ http://localhost:8538/_stcore/host-config:0
[  273326ms] [ERROR] Failed to load resource: net::ERR_CONNECTION_REFUSED @ http://localhost:8538/_stcore/health:0
[  273326ms] [ERROR] Client Error in reaching server endpoint - No response received when attempting to reach /_stcore/health @ http://localhost:8538/static/js/index.D2ZqaFuW.js:16
[  273327ms] [ERROR] Is Streamlit still running? If you accidentally stopped Streamlit, just restart it in your terminal: @ http://localhost:8538/static/js/index.D2ZqaFuW.js:21
[  273353ms] [ERROR] Failed to load resource: net::ERR_CONNECTION_REFUSED @ http://localhost:8538/_stcore/host-config:0
[  275334ms] [ERROR] Failed to load resource: net::ERR_CONNECTION_REFUSED @ http://localhost:8538/_stcore/health:0
[  275334ms] [ERROR] Client Error in reaching server endpoint - No response received when attempting to reach /_stcore/health @ http://localhost:8538/static/js/index.D2ZqaFuW.js:16
[  275334ms] [ERROR] Is Streamlit still running? If you accidentally stopped Streamlit, just restart it in your terminal: @ http://localhost:8538/static/js/index.D2ZqaFuW.js:21
[  275336ms] [ERROR] Failed to load resource: net::ERR_CONNECTION_REFUSED @ http://localhost:8538/_stcore/host-config:0
[  277344ms] [ERROR] Failed to load resource: net::ERR_CONNECTION_REFUSED @ http://localhost:8538/_stcore/host-config:0
[  277344ms] [ERROR] Client Error in reaching server endpoint - No response received when attempting to reach /_stcore/host-config @ http://localhost:8538/static/js/index.D2ZqaFuW.js:16
[  277344ms] [ERROR] Is Streamlit still running? If you accidentally stopped Streamlit, just restart it in your terminal: @ http://localhost:8538/static/js/index.D2ZqaFuW.js:21
[  277383ms] [ERROR] Failed to load resource: net::ERR_CONNECTION_REFUSED @ http://localhost:8538/_stcore/health:0
[  279352ms] [ERROR] Failed to load resource: net::ERR_CONNECTION_REFUSED @ http://localhost:8538/_stcore/health:0
[  279352ms] [ERROR] Client Error in reaching server endpoint - No response received when attempting to reach /_stcore/health @ http://localhost:8538/static/js/index.D2ZqaFuW.js:16
[  279352ms] [ERROR] Is Streamlit still running? If you accidentally stopped Streamlit, just restart it in your terminal: @ http://localhost:8538/static/js/index.D2ZqaFuW.js:21
[  279376ms] [ERROR] Failed to load resource: net::ERR_CONNECTION_REFUSED @ http://localhost:8538/_stcore/host-config:0
[  281361ms] [ERROR] Failed to load resource: net::ERR_CONNECTION_REFUSED @ http://localhost:8538/_stcore/health:0
[  281361ms] [ERROR] Client Error in reaching server endpoint - No response received when attempting to reach /_stcore/health @ http://localhost:8538/static/js/index.D2ZqaFuW.js:16
[  281361ms] [ERROR] Is Streamlit still running? If you accidentally stopped Streamlit, just restart it in your terminal: @ http://localhost:8538/static/js/index.D2ZqaFuW.js:21
[  281385ms] [ERROR] Failed to load resource: net::ERR_CONNECTION_REFUSED @ http://localhost:8538/_stcore/host-config:0
[  283370ms] [ERROR] Failed to load resource: net::ERR_CONNECTION_REFUSED @ http://localhost:8538/_stcore/health:0
[  283370ms] [ERROR] Client Error in reaching server endpoint - No response received when attempting to reach /_stcore/health @ http://localhost:8538/static/js/index.D2ZqaFuW.js:16
[  283370ms] [ERROR] Is Streamlit still running? If you accidentally stopped Streamlit, just restart it in your terminal: @ http://localhost:8538/static/js/index.D2ZqaFuW.js:21
[  283393ms] [ERROR] Failed to load resource: net::ERR_CONNECTION_REFUSED @ http://localhost:8538/_stcore/host-config:0
[  285377ms] [ERROR] Failed to load resource: net::ERR_CONNECTION_REFUSED @ http://localhost:8538/_stcore/health:0
[  285378ms] [ERROR] Client Error in reaching server endpoint - No response received when attempting to reach /_stcore/health @ http://localhost:8538/static/js/index.D2ZqaFuW.js:16
[  285378ms] [ERROR] Is Streamlit still running? If you accidentally stopped Streamlit, just restart it in your terminal: @ http://localhost:8538/static/js/index.D2ZqaFuW.js:21
[  285400ms] [ERROR] Failed to load resource: net::ERR_CONNECTION_REFUSED @ http://localhost:8538/_stcore/host-config:0
[  287386ms] [ERROR] Failed to load resource: net::ERR_CONNECTION_REFUSED @ http://localhost:8538/_stcore/host-config:0
[  287386ms] [ERROR] Client Error in reaching server endpoint - No response received when attempting to reach /_stcore/host-config @ http://localhost:8538/static/js/index.D2ZqaFuW.js:16
[  287386ms] [ERROR] Is Streamlit still running? If you accidentally stopped Streamlit, just restart it in your terminal: @ http://localhost:8538/static/js/index.D2ZqaFuW.js:21
[  287411ms] [ERROR] Failed to load resource: net::ERR_CONNECTION_REFUSED @ http://localhost:8538/_stcore/health:0
[  289392ms] [ERROR] Failed to load resource: net::ERR_CONNECTION_REFUSED @ http://localhost:8538/_stcore/health:0
[  289392ms] [ERROR] Client Error in reaching server endpoint - No response received when attempting to reach /_stcore/health @ http://localhost:8538/static/js/index.D2ZqaFuW.js:16
[  289392ms] [ERROR] Is Streamlit still running? If you accidentally stopped Streamlit, just restart it in your terminal: @ http://localhost:8538/static/js/index.D2ZqaFuW.js:21
[  289392ms] [ERROR] Failed to load resource: net::ERR_CONNECTION_REFUSED @ http://localhost:8538/_stcore/host-config:0
[  291399ms] [ERROR] Failed to load resource: net::ERR_CONNECTION_REFUSED @ http://localhost:8538/_stcore/health:0
[  291399ms] [ERROR] Client Error in reaching server endpoint - No response received when attempting to reach /_stcore/health @ http://localhost:8538/static/js/index.D2ZqaFuW.js:16
[  291400ms] [ERROR] Is Streamlit still running? If you accidentally stopped Streamlit, just restart it in your terminal: @ http://localhost:8538/static/js/index.D2ZqaFuW.js:21
[  291423ms] [ERROR] Failed to load resource: net::ERR_CONNECTION_REFUSED @ http://localhost:8538/_stcore/host-config:0
[  293406ms] [ERROR] Failed to load resource: net::ERR_CONNECTION_REFUSED @ http://localhost:8538/_stcore/health:0
[  293406ms] [ERROR] Client Error in reaching server endpoint - No response received when attempting to reach /_stcore/health @ http://localhost:8538/static/js/index.D2ZqaFuW.js:16
[  293406ms] [ERROR] Is Streamlit still running? If you accidentally stopped Streamlit, just restart it in your terminal: @ http://localhost:8538/static/js/index.D2ZqaFuW.js:21
[  293431ms] [ERROR] Failed to load resource: net::ERR_CONNECTION_REFUSED @ http://localhost:8538/_stcore/host-config:0
[  295415ms] [ERROR] Failed to load resource: net::ERR_CONNECTION_REFUSED @ http://localhost:8538/_stcore/health:0
[  295416ms] [ERROR] Client Error in reaching server endpoint - No response received when attempting to reach /_stcore/health @ http://localhost:8538/static/js/index.D2ZqaFuW.js:16
[  295416ms] [ERROR] Is Streamlit still running? If you accidentally stopped Streamlit, just restart it in your terminal: @ http://localhost:8538/static/js/index.D2ZqaFuW.js:21
[  295440ms] [ERROR] Failed to load resource: net::ERR_CONNECTION_REFUSED @ http://localhost:8538/_stcore/host-config:0
[  297422ms] [ERROR] Failed to load resource: net::ERR_CONNECTION_REFUSED @ http://localhost:8538/_stcore/health:0
[  297422ms] [ERROR] Client Error in reaching server endpoint - No response received when attempting to reach /_stcore/health @ http://localhost:8538/static/js/index.D2ZqaFuW.js:16
[  297423ms] [ERROR] Is Streamlit still running? If you accidentally stopped Streamlit, just restart it in your terminal: @ http://localhost:8538/static/js/index.D2ZqaFuW.js:21
[  297446ms] [ERROR] Failed to load resource: net::ERR_CONNECTION_REFUSED @ http://localhost:8538/_stcore/host-config:0
[  299430ms] [ERROR] Failed to load resource: net::ERR_CONNECTION_REFUSED @ http://localhost:8538/_stcore/host-config:0
[  299430ms] [ERROR] Client Error in reaching server endpoint - No response received when attempting to reach /_stcore/host-config @ http://localhost:8538/static/js/index.D2ZqaFuW.js:16
[  299431ms] [ERROR] Is Streamlit still running? If you accidentally stopped Streamlit, just restart it in your terminal: @ http://localhost:8538/static/js/index.D2ZqaFuW.js:21
[  299456ms] [ERROR] Failed to load resource: net::ERR_CONNECTION_REFUSED @ http://localhost:8538/_stcore/health:0
[  301439ms] [ERROR] Failed to load resource: net::ERR_CONNECTION_REFUSED @ http://localhost:8538/_stcore/health:0
[  301439ms] [ERROR] Client Error in reaching server endpoint - No response received when attempting to reach /_stcore/health @ http://localhost:8538/static/js/index.D2ZqaFuW.js:16
[  301439ms] [ERROR] Is Streamlit still running? If you accidentally stopped Streamlit, just restart it in your terminal: @ http://localhost:8538/static/js/index.D2ZqaFuW.js:21
[  301472ms] [ERROR] Failed to load resource: net::ERR_CONNECTION_REFUSED @ http://localhost:8538/_stcore/host-config:0
[  303447ms] [ERROR] Failed to load resource: net::ERR_CONNECTION_REFUSED @ http://localhost:8538/_stcore/health:0
[  303447ms] [ERROR] Client Error in reaching server endpoint - No response received when attempting to reach /_stcore/health @ http://localhost:8538/static/js/index.D2ZqaFuW.js:16
[  303447ms] [ERROR] Is Streamlit still running? If you accidentally stopped Streamlit, just restart it in your terminal: @ http://localhost:8538/static/js/index.D2ZqaFuW.js:21
[  303500ms] [ERROR] Failed to load resource: net::ERR_CONNECTION_REFUSED @ http://localhost:8538/_stcore/host-config:0
[  305455ms] [ERROR] Failed to load resource: net::ERR_CONNECTION_REFUSED @ http://localhost:8538/_stcore/health:0
[  305455ms] [ERROR] Client Error in reaching server endpoint - No response received when attempting to reach /_stcore/health @ http://localhost:8538/static/js/index.D2ZqaFuW.js:16
[  305455ms] [ERROR] Is Streamlit still running? If you accidentally stopped Streamlit, just restart it in your terminal: @ http://localhost:8538/static/js/index.D2ZqaFuW.js:21
[  305483ms] [ERROR] Failed to load resource: net::ERR_CONNECTION_REFUSED @ http://localhost:8538/_stcore/host-config:0
[  307462ms] [ERROR] Failed to load resource: net::ERR_CONNECTION_REFUSED @ http://localhost:8538/_stcore/health:0
[  307462ms] [ERROR] Client Error in reaching server endpoint - No response received when attempting to reach /_stcore/health @ http://localhost:8538/static/js/index.D2ZqaFuW.js:16
[  307463ms] [ERROR] Is Streamlit still running? If you accidentally stopped Streamlit, just restart it in your terminal: @ http://localhost:8538/static/js/index.D2ZqaFuW.js:21
[  307488ms] [ERROR] Failed to load resource: net::ERR_CONNECTION_REFUSED @ http://localhost:8538/_stcore/host-config:0
[  309471ms] [ERROR] Failed to load resource: net::ERR_CONNECTION_REFUSED @ http://localhost:8538/_stcore/health:0
[  309472ms] [ERROR] Client Error in reaching server endpoint - No response received when attempting to reach /_stcore/health @ http://localhost:8538/static/js/index.D2ZqaFuW.js:16
[  309472ms] [ERROR] Is Streamlit still running? If you accidentally stopped Streamlit, just restart it in your terminal: @ http://localhost:8538/static/js/index.D2ZqaFuW.js:21
[  309499ms] [ERROR] Failed to load resource: net::ERR_CONNECTION_REFUSED @ http://localhost:8538/_stcore/host-config:0
[  311479ms] [ERROR] Failed to load resource: net::ERR_CONNECTION_REFUSED @ http://localhost:8538/_stcore/health:0
[  311480ms] [ERROR] Client Error in reaching server endpoint - No response received when attempting to reach /_stcore/health @ http://localhost:8538/static/js/index.D2ZqaFuW.js:16
[  311480ms] [ERROR] Is Streamlit still running? If you accidentally stopped Streamlit, just restart it in your terminal: @ http://localhost:8538/static/js/index.D2ZqaFuW.js:21
[  311507ms] [ERROR] Failed to load resource: net::ERR_CONNECTION_REFUSED @ http://localhost:8538/_stcore/host-config:0
[  313488ms] [ERROR] Failed to load resource: net::ERR_CONNECTION_REFUSED @ http://localhost:8538/_stcore/host-config:0
[  313489ms] [ERROR] Client Error in reaching server endpoint - No response received when attempting to reach /_stcore/host-config @ http://localhost:8538/static/js/index.D2ZqaFuW.js:16
[  313489ms] [ERROR] Is Streamlit still running? If you accidentally stopped Streamlit, just restart it in your terminal: @ http://localhost:8538/static/js/index.D2ZqaFuW.js:21
[  313512ms] [ERROR] Failed to load resource: net::ERR_CONNECTION_REFUSED @ http://localhost:8538/_stcore/health:0
[  315495ms] [ERROR] Failed to load resource: net::ERR_CONNECTION_REFUSED @ http://localhost:8538/_stcore/health:0
[  315495ms] [ERROR] Client Error in reaching server endpoint - No response received when attempting to reach /_stcore/health @ http://localhost:8538/static/js/index.D2ZqaFuW.js:16
[  315495ms] [ERROR] Is Streamlit still running? If you accidentally stopped Streamlit, just restart it in your terminal: @ http://localhost:8538/static/js/index.D2ZqaFuW.js:21
[  315521ms] [ERROR] Failed to load resource: net::ERR_CONNECTION_REFUSED @ http://localhost:8538/_stcore/host-config:0
[  317505ms] [ERROR] Failed to load resource: net::ERR_CONNECTION_REFUSED @ http://localhost:8538/_stcore/health:0
[  317505ms] [ERROR] Client Error in reaching server endpoint - No response received when attempting to reach /_stcore/health @ http://localhost:8538/static/js/index.D2ZqaFuW.js:16
[  317505ms] [ERROR] Is Streamlit still running? If you accidentally stopped Streamlit, just restart it in your terminal: @ http://localhost:8538/static/js/index.D2ZqaFuW.js:21
[  317529ms] [ERROR] Failed to load resource: net::ERR_CONNECTION_REFUSED @ http://localhost:8538/_stcore/host-config:0
[  319514ms] [ERROR] Failed to load resource: net::ERR_CONNECTION_REFUSED @ http://localhost:8538/_stcore/health:0
[  319514ms] [ERROR] Client Error in reaching server endpoint - No response received when attempting to reach /_stcore/health @ http://localhost:8538/static/js/index.D2ZqaFuW.js:16
[  319514ms] [ERROR] Is Streamlit still running? If you accidentally stopped Streamlit, just restart it in your terminal: @ http://localhost:8538/static/js/index.D2ZqaFuW.js:21
[  319536ms] [ERROR] Failed to load resource: net::ERR_CONNECTION_REFUSED @ http://localhost:8538/_stcore/host-config:0
[  321520ms] [ERROR] Failed to load resource: net::ERR_CONNECTION_REFUSED @ http://localhost:8538/_stcore/health:0
[  321520ms] [ERROR] Client Error in reaching server endpoint - No response received when attempting to reach /_stcore/health @ http://localhost:8538/static/js/index.D2ZqaFuW.js:16
[  321520ms] [ERROR] Is Streamlit still running? If you accidentally stopped Streamlit, just restart it in your terminal: @ http://localhost:8538/static/js/index.D2ZqaFuW.js:21
[  321545ms] [ERROR] Failed to load resource: net::ERR_CONNECTION_REFUSED @ http://localhost:8538/_stcore/host-config:0
[  323543ms] [ERROR] Failed to load resource: net::ERR_CONNECTION_REFUSED @ http://localhost:8538/_stcore/health:0
[  323543ms] [ERROR] Client Error in reaching server endpoint - No response received when attempting to reach /_stcore/health @ http://localhost:8538/static/js/index.D2ZqaFuW.js:16
[  323543ms] [ERROR] Is Streamlit still running? If you accidentally stopped Streamlit, just restart it in your terminal: @ http://localhost:8538/static/js/index.D2ZqaFuW.js:21
[  323569ms] [ERROR] Failed to load resource: net::ERR_CONNECTION_REFUSED @ http://localhost:8538/_stcore/host-config:0
[  325548ms] [ERROR] Failed to load resource: net::ERR_CONNECTION_REFUSED @ http://localhost:8538/_stcore/host-config:0
[  325548ms] [ERROR] Client Error in reaching server endpoint - No response received when attempting to reach /_stcore/host-config @ http://localhost:8538/static/js/index.D2ZqaFuW.js:16
[  325548ms] [ERROR] Is Streamlit still running? If you accidentally stopped Streamlit, just restart it in your terminal: @ http://localhost:8538/static/js/index.D2ZqaFuW.js:21
[  325576ms] [ERROR] Failed to load resource: net::ERR_CONNECTION_REFUSED @ http://localhost:8538/_stcore/health:0
[  327562ms] [ERROR] Failed to load resource: net::ERR_CONNECTION_REFUSED @ http://localhost:8538/_stcore/health:0
[  327563ms] [ERROR] Client Error in reaching server endpoint - No response received when attempting to reach /_stcore/health @ http://localhost:8538/static/js/index.D2ZqaFuW.js:16
[  327563ms] [ERROR] Is Streamlit still running? If you accidentally stopped Streamlit, just restart it in your terminal: @ http://localhost:8538/static/js/index.D2ZqaFuW.js:21
[  327592ms] [ERROR] Failed to load resource: net::ERR_CONNECTION_REFUSED @ http://localhost:8538/_stcore/host-config:0
[  329569ms] [ERROR] Failed to load resource: net::ERR_CONNECTION_REFUSED @ http://localhost:8538/_stcore/health:0
[  329569ms] [ERROR] Client Error in reaching server endpoint - No response received when attempting to reach /_stcore/health @ http://localhost:8538/static/js/index.D2ZqaFuW.js:16
[  329569ms] [ERROR] Is Streamlit still running? If you accidentally stopped Streamlit, just restart it in your terminal: @ http://localhost:8538/static/js/index.D2ZqaFuW.js:21
[  329595ms] [ERROR] Failed to load resource: net::ERR_CONNECTION_REFUSED @ http://localhost:8538/_stcore/host-config:0
[  331593ms] [ERROR] Failed to load resource: net::ERR_CONNECTION_REFUSED @ http://localhost:8538/_stcore/health:0
[  331593ms] [ERROR] Client Error in reaching server endpoint - No response received when attempting to reach /_stcore/health @ http://localhost:8538/static/js/index.D2ZqaFuW.js:16
[  331594ms] [ERROR] Is Streamlit still running? If you accidentally stopped Streamlit, just restart it in your terminal: @ http://localhost:8538/static/js/index.D2ZqaFuW.js:21
[  331620ms] [ERROR] Failed to load resource: net::ERR_CONNECTION_REFUSED @ http://localhost:8538/_stcore/host-config:0
[  333602ms] [ERROR] Failed to load resource: net::ERR_CONNECTION_REFUSED @ http://localhost:8538/_stcore/host-config:0
[  333602ms] [ERROR] Client Error in reaching server endpoint - No response received when attempting to reach /_stcore/host-config @ http://localhost:8538/static/js/index.D2ZqaFuW.js:16
[  333602ms] [ERROR] Is Streamlit still running? If you accidentally stopped Streamlit, just restart it in your terminal: @ http://localhost:8538/static/js/index.D2ZqaFuW.js:21
[  333626ms] [ERROR] Failed to load resource: net::ERR_CONNECTION_REFUSED @ http://localhost:8538/_stcore/health:0
[  335609ms] [ERROR] Failed to load resource: net::ERR_CONNECTION_REFUSED @ http://localhost:8538/_stcore/host-config:0
[  335609ms] [ERROR] Client Error in reaching server endpoint - No response received when attempting to reach /_stcore/host-config @ http://localhost:8538/static/js/index.D2ZqaFuW.js:16
[  335609ms] [ERROR] Is Streamlit still running? If you accidentally stopped Streamlit, just restart it in your terminal: @ http://localhost:8538/static/js/index.D2ZqaFuW.js:21
[  335634ms] [ERROR] Failed to load resource: net::ERR_CONNECTION_REFUSED @ http://localhost:8538/_stcore/health:0
[  337617ms] [ERROR] Failed to load resource: net::ERR_CONNECTION_REFUSED @ http://localhost:8538/_stcore/host-config:0
[  337617ms] [ERROR] Client Error in reaching server endpoint - No response received when attempting to reach /_stcore/host-config @ http://localhost:8538/static/js/index.D2ZqaFuW.js:16
[  337618ms] [ERROR] Is Streamlit still running? If you accidentally stopped Streamlit, just restart it in your terminal: @ http://localhost:8538/static/js/index.D2ZqaFuW.js:21
[  337639ms] [ERROR] Failed to load resource: net::ERR_CONNECTION_REFUSED @ http://localhost:8538/_stcore/health:0
[  339627ms] [ERROR] Failed to load resource: net::ERR_CONNECTION_REFUSED @ http://localhost:8538/_stcore/health:0
[  339627ms] [ERROR] Client Error in reaching server endpoint - No response received when attempting to reach /_stcore/health @ http://localhost:8538/static/js/index.D2ZqaFuW.js:16
[  339628ms] [ERROR] Is Streamlit still running? If you accidentally stopped Streamlit, just restart it in your terminal: @ http://localhost:8538/static/js/index.D2ZqaFuW.js:21
[  339657ms] [ERROR] Failed to load resource: net::ERR_CONNECTION_REFUSED @ http://localhost:8538/_stcore/host-config:0
[  341640ms] [ERROR] Failed to load resource: net::ERR_CONNECTION_REFUSED @ http://localhost:8538/_stcore/health:0
[  341640ms] [ERROR] Client Error in reaching server endpoint - No response received when attempting to reach /_stcore/health @ http://localhost:8538/static/js/index.D2ZqaFuW.js:16
[  341641ms] [ERROR] Is Streamlit still running? If you accidentally stopped Streamlit, just restart it in your terminal: @ http://localhost:8538/static/js/index.D2ZqaFuW.js:21
[  341665ms] [ERROR] Failed to load resource: net::ERR_CONNECTION_REFUSED @ http://localhost:8538/_stcore/host-config:0
[  343648ms] [ERROR] Failed to load resource: net::ERR_CONNECTION_REFUSED @ http://localhost:8538/_stcore/health:0
[  343648ms] [ERROR] Client Error in reaching server endpoint - No response received when attempting to reach /_stcore/health @ http://localhost:8538/static/js/index.D2ZqaFuW.js:16
[  343648ms] [ERROR] Is Streamlit still running? If you accidentally stopped Streamlit, just restart it in your terminal: @ http://localhost:8538/static/js/index.D2ZqaFuW.js:21
[  343674ms] [ERROR] Failed to load resource: net::ERR_CONNECTION_REFUSED @ http://localhost:8538/_stcore/host-config:0
[  345654ms] [ERROR] Failed to load resource: net::ERR_CONNECTION_REFUSED @ http://localhost:8538/_stcore/health:0
[  345654ms] [ERROR] Client Error in reaching server endpoint - No response received when attempting to reach /_stcore/health @ http://localhost:8538/static/js/index.D2ZqaFuW.js:16
[  345654ms] [ERROR] Is Streamlit still running? If you accidentally stopped Streamlit, just restart it in your terminal: @ http://localhost:8538/static/js/index.D2ZqaFuW.js:21
[  345674ms] [ERROR] Failed to load resource: net::ERR_CONNECTION_REFUSED @ http://localhost:8538/_stcore/host-config:0
[  347662ms] [ERROR] Failed to load resource: net::ERR_CONNECTION_REFUSED @ http://localhost:8538/_stcore/health:0
[  347662ms] [ERROR] Client Error in reaching server endpoint - No response received when attempting to reach /_stcore/health @ http://localhost:8538/static/js/index.D2ZqaFuW.js:16
[  347662ms] [ERROR] Is Streamlit still running? If you accidentally stopped Streamlit, just restart it in your terminal: @ http://localhost:8538/static/js/index.D2ZqaFuW.js:21
[  347684ms] [ERROR] Failed to load resource: net::ERR_CONNECTION_REFUSED @ http://localhost:8538/_stcore/host-config:0
[  349669ms] [ERROR] Failed to load resource: net::ERR_CONNECTION_REFUSED @ http://localhost:8538/_stcore/host-config:0
[  349669ms] [ERROR] Client Error in reaching server endpoint - No response received when attempting to reach /_stcore/host-config @ http://localhost:8538/static/js/index.D2ZqaFuW.js:16
[  349670ms] [ERROR] Is Streamlit still running? If you accidentally stopped Streamlit, just restart it in your terminal: @ http://localhost:8538/static/js/index.D2ZqaFuW.js:21
[  349693ms] [ERROR] Failed to load resource: net::ERR_CONNECTION_REFUSED @ http://localhost:8538/_stcore/health:0
[  351677ms] [ERROR] Failed to load resource: net::ERR_CONNECTION_REFUSED @ http://localhost:8538/_stcore/health:0
[  351677ms] [ERROR] Client Error in reaching server endpoint - No response received when attempting to reach /_stcore/health @ http://localhost:8538/static/js/index.D2ZqaFuW.js:16
[  351677ms] [ERROR] Is Streamlit still running? If you accidentally stopped Streamlit, just restart it in your terminal: @ http://localhost:8538/static/js/index.D2ZqaFuW.js:21
[  351701ms] [ERROR] Failed to load resource: net::ERR_CONNECTION_REFUSED @ http://localhost:8538/_stcore/host-config:0
[  353685ms] [ERROR] Failed to load resource: net::ERR_CONNECTION_REFUSED @ http://localhost:8538/_stcore/health:0
[  353685ms] [ERROR] Client Error in reaching server endpoint - No response received when attempting to reach /_stcore/health @ http://localhost:8538/static/js/index.D2ZqaFuW.js:16
[  353685ms] [ERROR] Is Streamlit still running? If you accidentally stopped Streamlit, just restart it in your terminal: @ http://localhost:8538/static/js/index.D2ZqaFuW.js:21
[  353708ms] [ERROR] Failed to load resource: net::ERR_CONNECTION_REFUSED @ http://localhost:8538/_stcore/host-config:0
[  355693ms] [ERROR] Failed to load resource: net::ERR_CONNECTION_REFUSED @ http://localhost:8538/_stcore/health:0
[  355693ms] [ERROR] Client Error in reaching server endpoint - No response received when attempting to reach /_stcore/health @ http://localhost:8538/static/js/index.D2ZqaFuW.js:16
[  355693ms] [ERROR] Is Streamlit still running? If you accidentally stopped Streamlit, just restart it in your terminal: @ http://localhost:8538/static/js/index.D2ZqaFuW.js:21
[  355719ms] [ERROR] Failed to load resource: net::ERR_CONNECTION_REFUSED @ http://localhost:8538/_stcore/host-config:0
[  357700ms] [ERROR] Failed to load resource: net::ERR_CONNECTION_REFUSED @ http://localhost:8538/_stcore/health:0
[  357701ms] [ERROR] Client Error in reaching server endpoint - No response received when attempting to reach /_stcore/health @ http://localhost:8538/static/js/index.D2ZqaFuW.js:16
[  357701ms] [ERROR] Is Streamlit still running? If you accidentally stopped Streamlit, just restart it in your terminal: @ http://localhost:8538/static/js/index.D2ZqaFuW.js:21
[  357734ms] [ERROR] Failed to load resource: net::ERR_CONNECTION_REFUSED @ http://localhost:8538/_stcore/host-config:0
[  359708ms] [ERROR] Failed to load resource: net::ERR_CONNECTION_REFUSED @ http://localhost:8538/_stcore/health:0
[  359708ms] [ERROR] Client Error in reaching server endpoint - No response received when attempting to reach /_stcore/health @ http://localhost:8538/static/js/index.D2ZqaFuW.js:16
[  359708ms] [ERROR] Is Streamlit still running? If you accidentally stopped Streamlit, just restart it in your terminal: @ http://localhost:8538/static/js/index.D2ZqaFuW.js:21
[  359730ms] [ERROR] Failed to load resource: net::ERR_CONNECTION_REFUSED @ http://localhost:8538/_stcore/host-config:0
[  361716ms] [ERROR] Failed to load resource: net::ERR_CONNECTION_REFUSED @ http://localhost:8538/_stcore/health:0
[  361716ms] [ERROR] Client Error in reaching server endpoint - No response received when attempting to reach /_stcore/health @ http://localhost:8538/static/js/index.D2ZqaFuW.js:16
[  361716ms] [ERROR] Is Streamlit still running? If you accidentally stopped Streamlit, just restart it in your terminal: @ http://localhost:8538/static/js/index.D2ZqaFuW.js:21
[  361739ms] [ERROR] Failed to load resource: net::ERR_CONNECTION_REFUSED @ http://localhost:8538/_stcore/host-config:0
[  363725ms] [ERROR] Failed to load resource: net::ERR_CONNECTION_REFUSED @ http://localhost:8538/_stcore/health:0
[  363725ms] [ERROR] Client Error in reaching server endpoint - No response received when attempting to reach /_stcore/health @ http://localhost:8538/static/js/index.D2ZqaFuW.js:16
[  363726ms] [ERROR] Is Streamlit still running? If you accidentally stopped Streamlit, just restart it in your terminal: @ http://localhost:8538/static/js/index.D2ZqaFuW.js:21
[  363753ms] [ERROR] Failed to load resource: net::ERR_CONNECTION_REFUSED @ http://localhost:8538/_stcore/host-config:0
[  365738ms] [ERROR] Failed to load resource: net::ERR_CONNECTION_REFUSED @ http://localhost:8538/_stcore/health:0
[  365738ms] [ERROR] Client Error in reaching server endpoint - No response received when attempting to reach /_stcore/health @ http://localhost:8538/static/js/index.D2ZqaFuW.js:16
[  365738ms] [ERROR] Is Streamlit still running? If you accidentally stopped Streamlit, just restart it in your terminal: @ http://localhost:8538/static/js/index.D2ZqaFuW.js:21
[  365738ms] [ERROR] Failed to load resource: net::ERR_CONNECTION_REFUSED @ http://localhost:8538/_stcore/host-config:0
[  367746ms] [ERROR] Failed to load resource: net::ERR_CONNECTION_REFUSED @ http://localhost:8538/_stcore/health:0
[  367746ms] [ERROR] Client Error in reaching server endpoint - No response received when attempting to reach /_stcore/health @ http://localhost:8538/static/js/index.D2ZqaFuW.js:16
[  367747ms] [ERROR] Is Streamlit still running? If you accidentally stopped Streamlit, just restart it in your terminal: @ http://localhost:8538/static/js/index.D2ZqaFuW.js:21
[  367767ms] [ERROR] Failed to load resource: net::ERR_CONNECTION_REFUSED @ http://localhost:8538/_stcore/host-config:0
[  369751ms] [ERROR] Failed to load resource: net::ERR_CONNECTION_REFUSED @ http://localhost:8538/_stcore/host-config:0
[  369751ms] [ERROR] Client Error in reaching server endpoint - No response received when attempting to reach /_stcore/host-config @ http://localhost:8538/static/js/index.D2ZqaFuW.js:16
[  369752ms] [ERROR] Is Streamlit still running? If you accidentally stopped Streamlit, just restart it in your terminal: @ http://localhost:8538/static/js/index.D2ZqaFuW.js:21
[  369775ms] [ERROR] Failed to load resource: net::ERR_CONNECTION_REFUSED @ http://localhost:8538/_stcore/health:0
[  371758ms] [ERROR] Failed to load resource: net::ERR_CONNECTION_REFUSED @ http://localhost:8538/_stcore/health:0
[  371758ms] [ERROR] Client Error in reaching server endpoint - No response received when attempting to reach /_stcore/health @ http://localhost:8538/static/js/index.D2ZqaFuW.js:16
[  371758ms] [ERROR] Is Streamlit still running? If you accidentally stopped Streamlit, just restart it in your terminal: @ http://localhost:8538/static/js/index.D2ZqaFuW.js:21
[  371780ms] [ERROR] Failed to load resource: net::ERR_CONNECTION_REFUSED @ http://localhost:8538/_stcore/host-config:0
[  373763ms] [ERROR] Failed to load resource: net::ERR_CONNECTION_REFUSED @ http://localhost:8538/_stcore/health:0
[  373763ms] [ERROR] Client Error in reaching server endpoint - No response received when attempting to reach /_stcore/health @ http://localhost:8538/static/js/index.D2ZqaFuW.js:16
[  373764ms] [ERROR] Is Streamlit still running? If you accidentally stopped Streamlit, just restart it in your terminal: @ http://localhost:8538/static/js/index.D2ZqaFuW.js:21
[  373789ms] [ERROR] Failed to load resource: net::ERR_CONNECTION_REFUSED @ http://localhost:8538/_stcore/host-config:0
[  375768ms] [ERROR] Failed to load resource: net::ERR_CONNECTION_REFUSED @ http://localhost:8538/_stcore/health:0
[  375768ms] [ERROR] Client Error in reaching server endpoint - No response received when attempting to reach /_stcore/health @ http://localhost:8538/static/js/index.D2ZqaFuW.js:16
[  375768ms] [ERROR] Is Streamlit still running? If you accidentally stopped Streamlit, just restart it in your terminal: @ http://localhost:8538/static/js/index.D2ZqaFuW.js:21
[  375793ms] [ERROR] Failed to load resource: net::ERR_CONNECTION_REFUSED @ http://localhost:8538/_stcore/host-config:0
[  377775ms] [ERROR] Failed to load resource: net::ERR_CONNECTION_REFUSED @ http://localhost:8538/_stcore/host-config:0
[  377775ms] [ERROR] Client Error in reaching server endpoint - No response received when attempting to reach /_stcore/host-config @ http://localhost:8538/static/js/index.D2ZqaFuW.js:16
[  377776ms] [ERROR] Is Streamlit still running? If you accidentally stopped Streamlit, just restart it in your terminal: @ http://localhost:8538/static/js/index.D2ZqaFuW.js:21
[  377797ms] [ERROR] Failed to load resource: net::ERR_CONNECTION_REFUSED @ http://localhost:8538/_stcore/health:0
[  379783ms] [ERROR] Failed to load resource: net::ERR_CONNECTION_REFUSED @ http://localhost:8538/_stcore/health:0
[  379783ms] [ERROR] Client Error in reaching server endpoint - No response received when attempting to reach /_stcore/health @ http://localhost:8538/static/js/index.D2ZqaFuW.js:16
[  379783ms] [ERROR] Is Streamlit still running? If you accidentally stopped Streamlit, just restart it in your terminal: @ http://localhost:8538/static/js/index.D2ZqaFuW.js:21
[  379807ms] [ERROR] Failed to load resource: net::ERR_CONNECTION_REFUSED @ http://localhost:8538/_stcore/host-config:0
[  381790ms] [ERROR] Failed to load resource: net::ERR_CONNECTION_REFUSED @ http://localhost:8538/_stcore/health:0
[  381790ms] [ERROR] Client Error in reaching server endpoint - No response received when attempting to reach /_stcore/health @ http://localhost:8538/static/js/index.D2ZqaFuW.js:16
[  381790ms] [ERROR] Is Streamlit still running? If you accidentally stopped Streamlit, just restart it in your terminal: @ http://localhost:8538/static/js/index.D2ZqaFuW.js:21
[  381813ms] [ERROR] Failed to load resource: net::ERR_CONNECTION_REFUSED @ http://localhost:8538/_stcore/host-config:0
[  383801ms] [ERROR] Failed to load resource: net::ERR_CONNECTION_REFUSED @ http://localhost:8538/_stcore/host-config:0
[  383802ms] [ERROR] Client Error in reaching server endpoint - No response received when attempting to reach /_stcore/host-config @ http://localhost:8538/static/js/index.D2ZqaFuW.js:16
[  383802ms] [ERROR] Is Streamlit still running? If you accidentally stopped Streamlit, just restart it in your terminal: @ http://localhost:8538/static/js/index.D2ZqaFuW.js:21
[  383833ms] [ERROR] Failed to load resource: net::ERR_CONNECTION_REFUSED @ http://localhost:8538/_stcore/health:0
[  385808ms] [ERROR] Failed to load resource: net::ERR_CONNECTION_REFUSED @ http://localhost:8538/_stcore/host-config:0
[  385808ms] [ERROR] Client Error in reaching server endpoint - No response received when attempting to reach /_stcore/host-config @ http://localhost:8538/static/js/index.D2ZqaFuW.js:16
[  385809ms] [ERROR] Is Streamlit still running? If you accidentally stopped Streamlit, just restart it in your terminal: @ http://localhost:8538/static/js/index.D2ZqaFuW.js:21
[  385831ms] [ERROR] Failed to load resource: net::ERR_CONNECTION_REFUSED @ http://localhost:8538/_stcore/health:0
[  387818ms] [ERROR] Failed to load resource: net::ERR_CONNECTION_REFUSED @ http://localhost:8538/_stcore/health:0
[  387818ms] [ERROR] Client Error in reaching server endpoint - No response received when attempting to reach /_stcore/health @ http://localhost:8538/static/js/index.D2ZqaFuW.js:16
[  387818ms] [ERROR] Is Streamlit still running? If you accidentally stopped Streamlit, just restart it in your terminal: @ http://localhost:8538/static/js/index.D2ZqaFuW.js:21
[  387844ms] [ERROR] Failed to load resource: net::ERR_CONNECTION_REFUSED @ http://localhost:8538/_stcore/host-config:0
[  389825ms] [ERROR] Failed to load resource: net::ERR_CONNECTION_REFUSED @ http://localhost:8538/_stcore/health:0
[  389825ms] [ERROR] Client Error in reaching server endpoint - No response received when attempting to reach /_stcore/health @ http://localhost:8538/static/js/index.D2ZqaFuW.js:16
[  389825ms] [ERROR] Is Streamlit still running? If you accidentally stopped Streamlit, just restart it in your terminal: @ http://localhost:8538/static/js/index.D2ZqaFuW.js:21
[  389849ms] [ERROR] Failed to load resource: net::ERR_CONNECTION_REFUSED @ http://localhost:8538/_stcore/host-config:0
[  391833ms] [ERROR] Failed to load resource: net::ERR_CONNECTION_REFUSED @ http://localhost:8538/_stcore/health:0
[  391833ms] [ERROR] Client Error in reaching server endpoint - No response received when attempting to reach /_stcore/health @ http://localhost:8538/static/js/index.D2ZqaFuW.js:16
[  391833ms] [ERROR] Is Streamlit still running? If you accidentally stopped Streamlit, just restart it in your terminal: @ http://localhost:8538/static/js/index.D2ZqaFuW.js:21
[  391855ms] [ERROR] Failed to load resource: net::ERR_CONNECTION_REFUSED @ http://localhost:8538/_stcore/host-config:0
[  393842ms] [ERROR] Failed to load resource: net::ERR_CONNECTION_REFUSED @ http://localhost:8538/_stcore/host-config:0
[  393842ms] [ERROR] Client Error in reaching server endpoint - No response received when attempting to reach /_stcore/host-config @ http://localhost:8538/static/js/index.D2ZqaFuW.js:16
[  393842ms] [ERROR] Is Streamlit still running? If you accidentally stopped Streamlit, just restart it in your terminal: @ http://localhost:8538/static/js/index.D2ZqaFuW.js:21
[  393868ms] [ERROR] Failed to load resource: net::ERR_CONNECTION_REFUSED @ http://localhost:8538/_stcore/health:0
[  395856ms] [ERROR] Failed to load resource: net::ERR_CONNECTION_REFUSED @ http://localhost:8538/_stcore/health:0
[  395856ms] [ERROR] Client Error in reaching server endpoint - No response received when attempting to reach /_stcore/health @ http://localhost:8538/static/js/index.D2ZqaFuW.js:16
[  395857ms] [ERROR] Is Streamlit still running? If you accidentally stopped Streamlit, just restart it in your terminal: @ http://localhost:8538/static/js/index.D2ZqaFuW.js:21
[  395857ms] [ERROR] Failed to load resource: net::ERR_CONNECTION_REFUSED @ http://localhost:8538/_stcore/host-config:0
[  397882ms] [ERROR] Failed to load resource: net::ERR_CONNECTION_REFUSED @ http://localhost:8538/_stcore/host-config:0
[  397883ms] [ERROR] Client Error in reaching server endpoint - No response received when attempting to reach /_stcore/host-config @ http://localhost:8538/static/js/index.D2ZqaFuW.js:16
[  397883ms] [ERROR] Is Streamlit still running? If you accidentally stopped Streamlit, just restart it in your terminal: @ http://localhost:8538/static/js/index.D2ZqaFuW.js:21
[  397975ms] [ERROR] Failed to load resource: net::ERR_CONNECTION_REFUSED @ http://localhost:8538/_stcore/health:0
[  399890ms] [ERROR] Failed to load resource: net::ERR_CONNECTION_REFUSED @ http://localhost:8538/_stcore/health:0
[  399890ms] [ERROR] Client Error in reaching server endpoint - No response received when attempting to reach /_stcore/health @ http://localhost:8538/static/js/index.D2ZqaFuW.js:16
[  399890ms] [ERROR] Is Streamlit still running? If you accidentally stopped Streamlit, just restart it in your terminal: @ http://localhost:8538/static/js/index.D2ZqaFuW.js:21
[  399913ms] [ERROR] Failed to load resource: net::ERR_CONNECTION_REFUSED @ http://localhost:8538/_stcore/host-config:0
[  401897ms] [ERROR] Failed to load resource: net::ERR_CONNECTION_REFUSED @ http://localhost:8538/_stcore/health:0
[  401898ms] [ERROR] Client Error in reaching server endpoint - No response received when attempting to reach /_stcore/health @ http://localhost:8538/static/js/index.D2ZqaFuW.js:16
[  401898ms] [ERROR] Is Streamlit still running? If you accidentally stopped Streamlit, just restart it in your terminal: @ http://localhost:8538/static/js/index.D2ZqaFuW.js:21
[  401920ms] [ERROR] Failed to load resource: net::ERR_CONNECTION_REFUSED @ http://localhost:8538/_stcore/host-config:0
[  403906ms] [ERROR] Failed to load resource: net::ERR_CONNECTION_REFUSED @ http://localhost:8538/_stcore/health:0
[  403906ms] [ERROR] Client Error in reaching server endpoint - No response received when attempting to reach /_stcore/health @ http://localhost:8538/static/js/index.D2ZqaFuW.js:16
[  403906ms] [ERROR] Is Streamlit still running? If you accidentally stopped Streamlit, just restart it in your terminal: @ http://localhost:8538/static/js/index.D2ZqaFuW.js:21
[  403929ms] [ERROR] Failed to load resource: net::ERR_CONNECTION_REFUSED @ http://localhost:8538/_stcore/host-config:0
[  405912ms] [ERROR] Failed to load resource: net::ERR_CONNECTION_REFUSED @ http://localhost:8538/_stcore/health:0
[  405913ms] [ERROR] Client Error in reaching server endpoint - No response received when attempting to reach /_stcore/health @ http://localhost:8538/static/js/index.D2ZqaFuW.js:16
[  405913ms] [ERROR] Is Streamlit still running? If you accidentally stopped Streamlit, just restart it in your terminal: @ http://localhost:8538/static/js/index.D2ZqaFuW.js:21
[  405935ms] [ERROR] Failed to load resource: net::ERR_CONNECTION_REFUSED @ http://localhost:8538/_stcore/host-config:0
[  407920ms] [ERROR] Failed to load resource: net::ERR_CONNECTION_REFUSED @ http://localhost:8538/_stcore/health:0
[  407920ms] [ERROR] Client Error in reaching server endpoint - No response received when attempting to reach /_stcore/health @ http://localhost:8538/static/js/index.D2ZqaFuW.js:16
[  407920ms] [ERROR] Is Streamlit still running? If you accidentally stopped Streamlit, just restart it in your terminal: @ http://localhost:8538/static/js/index.D2ZqaFuW.js:21
[  407943ms] [ERROR] Failed to load resource: net::ERR_CONNECTION_REFUSED @ http://localhost:8538/_stcore/host-config:0
[  409928ms] [ERROR] Failed to load resource: net::ERR_CONNECTION_REFUSED @ http://localhost:8538/_stcore/host-config:0
[  409928ms] [ERROR] Client Error in reaching server endpoint - No response received when attempting to reach /_stcore/host-config @ http://localhost:8538/static/js/index.D2ZqaFuW.js:16
[  409928ms] [ERROR] Is Streamlit still running? If you accidentally stopped Streamlit, just restart it in your terminal: @ http://localhost:8538/static/js/index.D2ZqaFuW.js:21
[  409951ms] [ERROR] Failed to load resource: net::ERR_CONNECTION_REFUSED @ http://localhost:8538/_stcore/health:0
[  411936ms] [ERROR] Failed to load resource: net::ERR_CONNECTION_REFUSED @ http://localhost:8538/_stcore/health:0
[  411936ms] [ERROR] Client Error in reaching server endpoint - No response received when attempting to reach /_stcore/health @ http://localhost:8538/static/js/index.D2ZqaFuW.js:16
[  411936ms] [ERROR] Is Streamlit still running? If you accidentally stopped Streamlit, just restart it in your terminal: @ http://localhost:8538/static/js/index.D2ZqaFuW.js:21
[  411959ms] [ERROR] Failed to load resource: net::ERR_CONNECTION_REFUSED @ http://localhost:8538/_stcore/host-config:0
[  413942ms] [ERROR] Failed to load resource: net::ERR_CONNECTION_REFUSED @ http://localhost:8538/_stcore/health:0
[  413942ms] [ERROR] Client Error in reaching server endpoint - No response received when attempting to reach /_stcore/health @ http://localhost:8538/static/js/index.D2ZqaFuW.js:16
[  413942ms] [ERROR] Is Streamlit still running? If you accidentally stopped Streamlit, just restart it in your terminal: @ http://localhost:8538/static/js/index.D2ZqaFuW.js:21
[  413965ms] [ERROR] Failed to load resource: net::ERR_CONNECTION_REFUSED @ http://localhost:8538/_stcore/host-config:0
[  415948ms] [ERROR] Failed to load resource: net::ERR_CONNECTION_REFUSED @ http://localhost:8538/_stcore/health:0
[  415948ms] [ERROR] Client Error in reaching server endpoint - No response received when attempting to reach /_stcore/health @ http://localhost:8538/static/js/index.D2ZqaFuW.js:16
[  415948ms] [ERROR] Is Streamlit still running? If you accidentally stopped Streamlit, just restart it in your terminal: @ http://localhost:8538/static/js/index.D2ZqaFuW.js:21
[  415967ms] [ERROR] Failed to load resource: net::ERR_CONNECTION_REFUSED @ http://localhost:8538/_stcore/host-config:0
[  417955ms] [ERROR] Failed to load resource: net::ERR_CONNECTION_REFUSED @ http://localhost:8538/_stcore/host-config:0
[  417955ms] [ERROR] Client Error in reaching server endpoint - No response received when attempting to reach /_stcore/host-config @ http://localhost:8538/static/js/index.D2ZqaFuW.js:16
[  417956ms] [ERROR] Is Streamlit still running? If you accidentally stopped Streamlit, just restart it in your terminal: @ http://localhost:8538/static/js/index.D2ZqaFuW.js:21
[  417978ms] [ERROR] Failed to load resource: net::ERR_CONNECTION_REFUSED @ http://localhost:8538/_stcore/health:0
[  419963ms] [ERROR] Failed to load resource: net::ERR_CONNECTION_REFUSED @ http://localhost:8538/_stcore/health:0
[  419963ms] [ERROR] Client Error in reaching server endpoint - No response received when attempting to reach /_stcore/health @ http://localhost:8538/static/js/index.D2ZqaFuW.js:16
[  419964ms] [ERROR] Is Streamlit still running? If you accidentally stopped Streamlit, just restart it in your terminal: @ http://localhost:8538/static/js/index.D2ZqaFuW.js:21
[  419985ms] [ERROR] Failed to load resource: net::ERR_CONNECTION_REFUSED @ http://localhost:8538/_stcore/host-config:0
[  421971ms] [ERROR] Failed to load resource: net::ERR_CONNECTION_REFUSED @ http://localhost:8538/_stcore/health:0
[  421971ms] [ERROR] Client Error in reaching server endpoint - No response received when attempting to reach /_stcore/health @ http://localhost:8538/static/js/index.D2ZqaFuW.js:16
[  421971ms] [ERROR] Is Streamlit still running? If you accidentally stopped Streamlit, just restart it in your terminal: @ http://localhost:8538/static/js/index.D2ZqaFuW.js:21
[  421994ms] [ERROR] Failed to load resource: net::ERR_CONNECTION_REFUSED @ http://localhost:8538/_stcore/host-config:0
[  423978ms] [ERROR] Failed to load resource: net::ERR_CONNECTION_REFUSED @ http://localhost:8538/_stcore/health:0
[  423978ms] [ERROR] Client Error in reaching server endpoint - No response received when attempting to reach /_stcore/health @ http://localhost:8538/static/js/index.D2ZqaFuW.js:16
[  423978ms] [ERROR] Is Streamlit still running? If you accidentally stopped Streamlit, just restart it in your terminal: @ http://localhost:8538/static/js/index.D2ZqaFuW.js:21
[  424002ms] [ERROR] Failed to load resource: net::ERR_CONNECTION_REFUSED @ http://localhost:8538/_stcore/host-config:0
[  425984ms] [ERROR] Failed to load resource: net::ERR_CONNECTION_REFUSED @ http://localhost:8538/_stcore/health:0
[  425984ms] [ERROR] Client Error in reaching server endpoint - No response received when attempting to reach /_stcore/health @ http://localhost:8538/static/js/index.D2ZqaFuW.js:16
[  425984ms] [ERROR] Is Streamlit still running? If you accidentally stopped Streamlit, just restart it in your terminal: @ http://localhost:8538/static/js/index.D2ZqaFuW.js:21
[  426005ms] [ERROR] Failed to load resource: net::ERR_CONNECTION_REFUSED @ http://localhost:8538/_stcore/host-config:0
[  427994ms] [ERROR] Failed to load resource: net::ERR_CONNECTION_REFUSED @ http://localhost:8538/_stcore/health:0
[  427994ms] [ERROR] Client Error in reaching server endpoint - No response received when attempting to reach /_stcore/health @ http://localhost:8538/static/js/index.D2ZqaFuW.js:16
[  427994ms] [ERROR] Is Streamlit still running? If you accidentally stopped Streamlit, just restart it in your terminal: @ http://localhost:8538/static/js/index.D2ZqaFuW.js:21
[  427994ms] [ERROR] Failed to load resource: net::ERR_CONNECTION_REFUSED @ http://localhost:8538/_stcore/host-config:0
[  430002ms] [ERROR] Failed to load resource: net::ERR_CONNECTION_REFUSED @ http://localhost:8538/_stcore/health:0
[  430002ms] [ERROR] Client Error in reaching server endpoint - No response received when attempting to reach /_stcore/health @ http://localhost:8538/static/js/index.D2ZqaFuW.js:16
[  430002ms] [ERROR] Is Streamlit still running? If you accidentally stopped Streamlit, just restart it in your terminal: @ http://localhost:8538/static/js/index.D2ZqaFuW.js:21
[  430025ms] [ERROR] Failed to load resource: net::ERR_CONNECTION_REFUSED @ http://localhost:8538/_stcore/host-config:0
[  432009ms] [ERROR] Failed to load resource: net::ERR_CONNECTION_REFUSED @ http://localhost:8538/_stcore/health:0
[  432010ms] [ERROR] Client Error in reaching server endpoint - No response received when attempting to reach /_stcore/health @ http://localhost:8538/static/js/index.D2ZqaFuW.js:16
[  432010ms] [ERROR] Is Streamlit still running? If you accidentally stopped Streamlit, just restart it in your terminal: @ http://localhost:8538/static/js/index.D2ZqaFuW.js:21
[  432032ms] [ERROR] Failed to load resource: net::ERR_CONNECTION_REFUSED @ http://localhost:8538/_stcore/host-config:0
[  434017ms] [ERROR] Failed to load resource: net::ERR_CONNECTION_REFUSED @ http://localhost:8538/_stcore/host-config:0
[  434017ms] [ERROR] Client Error in reaching server endpoint - No response received when attempting to reach /_stcore/host-config @ http://localhost:8538/static/js/index.D2ZqaFuW.js:16
[  434017ms] [ERROR] Is Streamlit still running? If you accidentally stopped Streamlit, just restart it in your terminal: @ http://localhost:8538/static/js/index.D2ZqaFuW.js:21
[  434038ms] [ERROR] Failed to load resource: net::ERR_CONNECTION_REFUSED @ http://localhost:8538/_stcore/health:0
[  436024ms] [ERROR] Failed to load resource: net::ERR_CONNECTION_REFUSED @ http://localhost:8538/_stcore/health:0
[  436024ms] [ERROR] Client Error in reaching server endpoint - No response received when attempting to reach /_stcore/health @ http://localhost:8538/static/js/index.D2ZqaFuW.js:16
[  436025ms] [ERROR] Is Streamlit still running? If you accidentally stopped Streamlit, just restart it in your terminal: @ http://localhost:8538/static/js/index.D2ZqaFuW.js:21
[  436046ms] [ERROR] Failed to load resource: net::ERR_CONNECTION_REFUSED @ http://localhost:8538/_stcore/host-config:0
[  438031ms] [ERROR] Failed to load resource: net::ERR_CONNECTION_REFUSED @ http://localhost:8538/_stcore/health:0
[  438031ms] [ERROR] Client Error in reaching server endpoint - No response received when attempting to reach /_stcore/health @ http://localhost:8538/static/js/index.D2ZqaFuW.js:16
[  438031ms] [ERROR] Is Streamlit still running? If you accidentally stopped Streamlit, just restart it in your terminal: @ http://localhost:8538/static/js/index.D2ZqaFuW.js:21
[  438051ms] [ERROR] Failed to load resource: net::ERR_CONNECTION_REFUSED @ http://localhost:8538/_stcore/host-config:0
[  440038ms] [ERROR] Failed to load resource: net::ERR_CONNECTION_REFUSED @ http://localhost:8538/_stcore/health:0
[  440039ms] [ERROR] Client Error in reaching server endpoint - No response received when attempting to reach /_stcore/health @ http://localhost:8538/static/js/index.D2ZqaFuW.js:16
[  440039ms] [ERROR] Is Streamlit still running? If you accidentally stopped Streamlit, just restart it in your terminal: @ http://localhost:8538/static/js/index.D2ZqaFuW.js:21
[  440060ms] [ERROR] Failed to load resource: net::ERR_CONNECTION_REFUSED @ http://localhost:8538/_stcore/host-config:0
[  442044ms] [ERROR] Failed to load resource: net::ERR_CONNECTION_REFUSED @ http://localhost:8538/_stcore/health:0
[  442044ms] [ERROR] Client Error in reaching server endpoint - No response received when attempting to reach /_stcore/health @ http://localhost:8538/static/js/index.D2ZqaFuW.js:16
[  442044ms] [ERROR] Is Streamlit still running? If you accidentally stopped Streamlit, just restart it in your terminal: @ http://localhost:8538/static/js/index.D2ZqaFuW.js:21
[  442063ms] [ERROR] Failed to load resource: net::ERR_CONNECTION_REFUSED @ http://localhost:8538/_stcore/host-config:0
[  444049ms] [ERROR] Failed to load resource: net::ERR_CONNECTION_REFUSED @ http://localhost:8538/_stcore/health:0
[  444049ms] [ERROR] Client Error in reaching server endpoint - No response received when attempting to reach /_stcore/health @ http://localhost:8538/static/js/index.D2ZqaFuW.js:16
[  444049ms] [ERROR] Is Streamlit still running? If you accidentally stopped Streamlit, just restart it in your terminal: @ http://localhost:8538/static/js/index.D2ZqaFuW.js:21
[  444068ms] [ERROR] Failed to load resource: net::ERR_CONNECTION_REFUSED @ http://localhost:8538/_stcore/host-config:0
[  446053ms] [ERROR] Failed to load resource: net::ERR_CONNECTION_REFUSED @ http://localhost:8538/_stcore/health:0
[  446053ms] [ERROR] Client Error in reaching server endpoint - No response received when attempting to reach /_stcore/health @ http://localhost:8538/static/js/index.D2ZqaFuW.js:16
[  446053ms] [ERROR] Is Streamlit still running? If you accidentally stopped Streamlit, just restart it in your terminal: @ http://localhost:8538/static/js/index.D2ZqaFuW.js:21
[  446070ms] [ERROR] Failed to load resource: net::ERR_CONNECTION_REFUSED @ http://localhost:8538/_stcore/host-config:0
[  448057ms] [ERROR] Failed to load resource: net::ERR_CONNECTION_REFUSED @ http://localhost:8538/_stcore/health:0
[  448057ms] [ERROR] Client Error in reaching server endpoint - No response received when attempting to reach /_stcore/health @ http://localhost:8538/static/js/index.D2ZqaFuW.js:16
[  448057ms] [ERROR] Is Streamlit still running? If you accidentally stopped Streamlit, just restart it in your terminal: @ http://localhost:8538/static/js/index.D2ZqaFuW.js:21
[  448073ms] [ERROR] Failed to load resource: net::ERR_CONNECTION_REFUSED @ http://localhost:8538/_stcore/host-config:0
[  450062ms] [ERROR] Failed to load resource: net::ERR_CONNECTION_REFUSED @ http://localhost:8538/_stcore/host-config:0
[  450062ms] [ERROR] Client Error in reaching server endpoint - No response received when attempting to reach /_stcore/host-config @ http://localhost:8538/static/js/index.D2ZqaFuW.js:16
[  450063ms] [ERROR] Is Streamlit still running? If you accidentally stopped Streamlit, just restart it in your terminal: @ http://localhost:8538/static/js/index.D2ZqaFuW.js:21
[  450079ms] [ERROR] Failed to load resource: net::ERR_CONNECTION_REFUSED @ http://localhost:8538/_stcore/health:0
[  452070ms] [ERROR] Failed to load resource: net::ERR_CONNECTION_REFUSED @ http://localhost:8538/_stcore/health:0
[  452070ms] [ERROR] Client Error in reaching server endpoint - No response received when attempting to reach /_stcore/health @ http://localhost:8538/static/js/index.D2ZqaFuW.js:16
[  452070ms] [ERROR] Is Streamlit still running? If you accidentally stopped Streamlit, just restart it in your terminal: @ http://localhost:8538/static/js/index.D2ZqaFuW.js:21
[  452091ms] [ERROR] Failed to load resource: net::ERR_CONNECTION_REFUSED @ http://localhost:8538/_stcore/host-config:0
[  454077ms] [ERROR] Failed to load resource: net::ERR_CONNECTION_REFUSED @ http://localhost:8538/_stcore/health:0
[  454078ms] [ERROR] Client Error in reaching server endpoint - No response received when attempting to reach /_stcore/health @ http://localhost:8538/static/js/index.D2ZqaFuW.js:16
[  454078ms] [ERROR] Is Streamlit still running? If you accidentally stopped Streamlit, just restart it in your terminal: @ http://localhost:8538/static/js/index.D2ZqaFuW.js:21
[  454099ms] [ERROR] Failed to load resource: net::ERR_CONNECTION_REFUSED @ http://localhost:8538/_stcore/host-config:0
[  456086ms] [ERROR] Failed to load resource: net::ERR_CONNECTION_REFUSED @ http://localhost:8538/_stcore/health:0
[  456087ms] [ERROR] Client Error in reaching server endpoint - No response received when attempting to reach /_stcore/health @ http://localhost:8538/static/js/index.D2ZqaFuW.js:16
[  456087ms] [ERROR] Is Streamlit still running? If you accidentally stopped Streamlit, just restart it in your terminal: @ http://localhost:8538/static/js/index.D2ZqaFuW.js:21
[  456108ms] [ERROR] Failed to load resource: net::ERR_CONNECTION_REFUSED @ http://localhost:8538/_stcore/host-config:0
[  458094ms] [ERROR] Failed to load resource: net::ERR_CONNECTION_REFUSED @ http://localhost:8538/_stcore/health:0
[  458094ms] [ERROR] Client Error in reaching server endpoint - No response received when attempting to reach /_stcore/health @ http://localhost:8538/static/js/index.D2ZqaFuW.js:16
[  458094ms] [ERROR] Is Streamlit still running? If you accidentally stopped Streamlit, just restart it in your terminal: @ http://localhost:8538/static/js/index.D2ZqaFuW.js:21
[  458115ms] [ERROR] Failed to load resource: net::ERR_CONNECTION_REFUSED @ http://localhost:8538/_stcore/host-config:0
[  460098ms] [ERROR] Failed to load resource: net::ERR_CONNECTION_REFUSED @ http://localhost:8538/_stcore/health:0
[  460098ms] [ERROR] Client Error in reaching server endpoint - No response received when attempting to reach /_stcore/health @ http://localhost:8538/static/js/index.D2ZqaFuW.js:16
[  460098ms] [ERROR] Is Streamlit still running? If you accidentally stopped Streamlit, just restart it in your terminal: @ http://localhost:8538/static/js/index.D2ZqaFuW.js:21
[  460118ms] [ERROR] Failed to load resource: net::ERR_CONNECTION_REFUSED @ http://localhost:8538/_stcore/host-config:0
[  462105ms] [ERROR] Failed to load resource: net::ERR_CONNECTION_REFUSED @ http://localhost:8538/_stcore/health:0
[  462105ms] [ERROR] Client Error in reaching server endpoint - No response received when attempting to reach /_stcore/health @ http://localhost:8538/static/js/index.D2ZqaFuW.js:16
[  462105ms] [ERROR] Is Streamlit still running? If you accidentally stopped Streamlit, just restart it in your terminal: @ http://localhost:8538/static/js/index.D2ZqaFuW.js:21
[  462139ms] [ERROR] Failed to load resource: net::ERR_CONNECTION_REFUSED @ http://localhost:8538/_stcore/host-config:0
[  464110ms] [ERROR] Failed to load resource: net::ERR_CONNECTION_REFUSED @ http://localhost:8538/_stcore/host-config:0
[  464110ms] [ERROR] Client Error in reaching server endpoint - No response received when attempting to reach /_stcore/host-config @ http://localhost:8538/static/js/index.D2ZqaFuW.js:16
[  464110ms] [ERROR] Is Streamlit still running? If you accidentally stopped Streamlit, just restart it in your terminal: @ http://localhost:8538/static/js/index.D2ZqaFuW.js:21
[  464130ms] [ERROR] Failed to load resource: net::ERR_CONNECTION_REFUSED @ http://localhost:8538/_stcore/health:0
[  466117ms] [ERROR] Failed to load resource: net::ERR_CONNECTION_REFUSED @ http://localhost:8538/_stcore/health:0
[  466118ms] [ERROR] Client Error in reaching server endpoint - No response received when attempting to reach /_stcore/health @ http://localhost:8538/static/js/index.D2ZqaFuW.js:16
[  466118ms] [ERROR] Is Streamlit still running? If you accidentally stopped Streamlit, just restart it in your terminal: @ http://localhost:8538/static/js/index.D2ZqaFuW.js:21
[  466139ms] [ERROR] Failed to load resource: net::ERR_CONNECTION_REFUSED @ http://localhost:8538/_stcore/host-config:0
[  468125ms] [ERROR] Failed to load resource: net::ERR_CONNECTION_REFUSED @ http://localhost:8538/_stcore/health:0
[  468126ms] [ERROR] Client Error in reaching server endpoint - No response received when attempting to reach /_stcore/health @ http://localhost:8538/static/js/index.D2ZqaFuW.js:16
[  468126ms] [ERROR] Is Streamlit still running? If you accidentally stopped Streamlit, just restart it in your terminal: @ http://localhost:8538/static/js/index.D2ZqaFuW.js:21
[  468148ms] [ERROR] Failed to load resource: net::ERR_CONNECTION_REFUSED @ http://localhost:8538/_stcore/host-config:0
[  470133ms] [ERROR] Failed to load resource: net::ERR_CONNECTION_REFUSED @ http://localhost:8538/_stcore/health:0
[  470133ms] [ERROR] Client Error in reaching server endpoint - No response received when attempting to reach /_stcore/health @ http://localhost:8538/static/js/index.D2ZqaFuW.js:16
[  470134ms] [ERROR] Is Streamlit still running? If you accidentally stopped Streamlit, just restart it in your terminal: @ http://localhost:8538/static/js/index.D2ZqaFuW.js:21
[  470156ms] [ERROR] Failed to load resource: net::ERR_CONNECTION_REFUSED @ http://localhost:8538/_stcore/host-config:0
[  472140ms] [ERROR] Failed to load resource: net::ERR_CONNECTION_REFUSED @ http://localhost:8538/_stcore/health:0
[  472141ms] [ERROR] Client Error in reaching server endpoint - No response received when attempting to reach /_stcore/health @ http://localhost:8538/static/js/index.D2ZqaFuW.js:16
[  472141ms] [ERROR] Is Streamlit still running? If you accidentally stopped Streamlit, just restart it in your terminal: @ http://localhost:8538/static/js/index.D2ZqaFuW.js:21
[  472163ms] [ERROR] Failed to load resource: net::ERR_CONNECTION_REFUSED @ http://localhost:8538/_stcore/host-config:0
[  474148ms] [ERROR] Failed to load resource: net::ERR_CONNECTION_REFUSED @ http://localhost:8538/_stcore/health:0
[  474148ms] [ERROR] Client Error in reaching server endpoint - No response received when attempting to reach /_stcore/health @ http://localhost:8538/static/js/index.D2ZqaFuW.js:16
[  474149ms] [ERROR] Is Streamlit still running? If you accidentally stopped Streamlit, just restart it in your terminal: @ http://localhost:8538/static/js/index.D2ZqaFuW.js:21
[  474171ms] [ERROR] Failed to load resource: net::ERR_CONNECTION_REFUSED @ http://localhost:8538/_stcore/host-config:0
[  476156ms] [ERROR] Failed to load resource: net::ERR_CONNECTION_REFUSED @ http://localhost:8538/_stcore/health:0
[  476157ms] [ERROR] Client Error in reaching server endpoint - No response received when attempting to reach /_stcore/health @ http://localhost:8538/static/js/index.D2ZqaFuW.js:16
[  476157ms] [ERROR] Is Streamlit still running? If you accidentally stopped Streamlit, just restart it in your terminal: @ http://localhost:8538/static/js/index.D2ZqaFuW.js:21
[  476179ms] [ERROR] Failed to load resource: net::ERR_CONNECTION_REFUSED @ http://localhost:8538/_stcore/host-config:0
[  478164ms] [ERROR] Failed to load resource: net::ERR_CONNECTION_REFUSED @ http://localhost:8538/_stcore/health:0
[  478164ms] [ERROR] Client Error in reaching server endpoint - No response received when attempting to reach /_stcore/health @ http://localhost:8538/static/js/index.D2ZqaFuW.js:16
[  478164ms] [ERROR] Is Streamlit still running? If you accidentally stopped Streamlit, just restart it in your terminal: @ http://localhost:8538/static/js/index.D2ZqaFuW.js:21
[  478186ms] [ERROR] Failed to load resource: net::ERR_CONNECTION_REFUSED @ http://localhost:8538/_stcore/host-config:0
[  480171ms] [ERROR] Failed to load resource: net::ERR_CONNECTION_REFUSED @ http://localhost:8538/_stcore/health:0
[  480171ms] [ERROR] Client Error in reaching server endpoint - No response received when attempting to reach /_stcore/health @ http://localhost:8538/static/js/index.D2ZqaFuW.js:16
[  480172ms] [ERROR] Is Streamlit still running? If you accidentally stopped Streamlit, just restart it in your terminal: @ http://localhost:8538/static/js/index.D2ZqaFuW.js:21
[  480195ms] [ERROR] Failed to load resource: net::ERR_CONNECTION_REFUSED @ http://localhost:8538/_stcore/host-config:0
[  482179ms] [ERROR] Failed to load resource: net::ERR_CONNECTION_REFUSED @ http://localhost:8538/_stcore/health:0
[  482179ms] [ERROR] Client Error in reaching server endpoint - No response received when attempting to reach /_stcore/health @ http://localhost:8538/static/js/index.D2ZqaFuW.js:16
[  482180ms] [ERROR] Is Streamlit still running? If you accidentally stopped Streamlit, just restart it in your terminal: @ http://localhost:8538/static/js/index.D2ZqaFuW.js:21
[  482180ms] [ERROR] Failed to load resource: net::ERR_CONNECTION_REFUSED @ http://localhost:8538/_stcore/host-config:0
[  484187ms] [ERROR] Failed to load resource: net::ERR_CONNECTION_REFUSED @ http://localhost:8538/_stcore/health:0
[  484187ms] [ERROR] Client Error in reaching server endpoint - No response received when attempting to reach /_stcore/health @ http://localhost:8538/static/js/index.D2ZqaFuW.js:16
[  484187ms] [ERROR] Is Streamlit still running? If you accidentally stopped Streamlit, just restart it in your terminal: @ http://localhost:8538/static/js/index.D2ZqaFuW.js:21
[  484210ms] [ERROR] Failed to load resource: net::ERR_CONNECTION_REFUSED @ http://localhost:8538/_stcore/host-config:0
[  486195ms] [ERROR] Failed to load resource: net::ERR_CONNECTION_REFUSED @ http://localhost:8538/_stcore/host-config:0
[  486195ms] [ERROR] Client Error in reaching server endpoint - No response received when attempting to reach /_stcore/host-config @ http://localhost:8538/static/js/index.D2ZqaFuW.js:16
[  486195ms] [ERROR] Is Streamlit still running? If you accidentally stopped Streamlit, just restart it in your terminal: @ http://localhost:8538/static/js/index.D2ZqaFuW.js:21
[  486218ms] [ERROR] Failed to load resource: net::ERR_CONNECTION_REFUSED @ http://localhost:8538/_stcore/health:0
[  488203ms] [ERROR] Failed to load resource: net::ERR_CONNECTION_REFUSED @ http://localhost:8538/_stcore/host-config:0
[  488204ms] [ERROR] Client Error in reaching server endpoint - No response received when attempting to reach /_stcore/host-config @ http://localhost:8538/static/js/index.D2ZqaFuW.js:16
[  488204ms] [ERROR] Is Streamlit still running? If you accidentally stopped Streamlit, just restart it in your terminal: @ http://localhost:8538/static/js/index.D2ZqaFuW.js:21
[  488204ms] [ERROR] Failed to load resource: net::ERR_CONNECTION_REFUSED @ http://localhost:8538/_stcore/health:0
[  490211ms] [ERROR] Failed to load resource: net::ERR_CONNECTION_REFUSED @ http://localhost:8538/_stcore/health:0
[  490212ms] [ERROR] Client Error in reaching server endpoint - No response received when attempting to reach /_stcore/health @ http://localhost:8538/static/js/index.D2ZqaFuW.js:16
[  490212ms] [ERROR] Is Streamlit still running? If you accidentally stopped Streamlit, just restart it in your terminal: @ http://localhost:8538/static/js/index.D2ZqaFuW.js:21
[  490234ms] [ERROR] Failed to load resource: net::ERR_CONNECTION_REFUSED @ http://localhost:8538/_stcore/host-config:0
[  492219ms] [ERROR] Failed to load resource: net::ERR_CONNECTION_REFUSED @ http://localhost:8538/_stcore/health:0
[  492219ms] [ERROR] Client Error in reaching server endpoint - No response received when attempting to reach /_stcore/health @ http://localhost:8538/static/js/index.D2ZqaFuW.js:16
[  492220ms] [ERROR] Is Streamlit still running? If you accidentally stopped Streamlit, just restart it in your terminal: @ http://localhost:8538/static/js/index.D2ZqaFuW.js:21
[  492242ms] [ERROR] Failed to load resource: net::ERR_CONNECTION_REFUSED @ http://localhost:8538/_stcore/host-config:0
[  494271ms] [ERROR] Failed to load resource: net::ERR_CONNECTION_REFUSED @ http://localhost:8538/_stcore/health:0
[  494271ms] [ERROR] Client Error in reaching server endpoint - No response received when attempting to reach /_stcore/health @ http://localhost:8538/static/js/index.D2ZqaFuW.js:16
[  494271ms] [ERROR] Is Streamlit still running? If you accidentally stopped Streamlit, just restart it in your terminal: @ http://localhost:8538/static/js/index.D2ZqaFuW.js:21
[  494272ms] [ERROR] Failed to load resource: net::ERR_CONNECTION_REFUSED @ http://localhost:8538/_stcore/host-config:0
[  496278ms] [ERROR] Failed to load resource: net::ERR_CONNECTION_REFUSED @ http://localhost:8538/_stcore/health:0
[  496279ms] [ERROR] Client Error in reaching server endpoint - No response received when attempting to reach /_stcore/health @ http://localhost:8538/static/js/index.D2ZqaFuW.js:16
[  496279ms] [ERROR] Is Streamlit still running? If you accidentally stopped Streamlit, just restart it in your terminal: @ http://localhost:8538/static/js/index.D2ZqaFuW.js:21
[  496307ms] [ERROR] Failed to load resource: net::ERR_CONNECTION_REFUSED @ http://localhost:8538/_stcore/host-config:0
[  498287ms] [ERROR] Failed to load resource: net::ERR_CONNECTION_REFUSED @ http://localhost:8538/_stcore/health:0
[  498287ms] [ERROR] Client Error in reaching server endpoint - No response received when attempting to reach /_stcore/health @ http://localhost:8538/static/js/index.D2ZqaFuW.js:16
[  498287ms] [ERROR] Is Streamlit still running? If you accidentally stopped Streamlit, just restart it in your terminal: @ http://localhost:8538/static/js/index.D2ZqaFuW.js:21
[  498324ms] [ERROR] Failed to load resource: net::ERR_CONNECTION_REFUSED @ http://localhost:8538/_stcore/host-config:0
[  500295ms] [ERROR] Failed to load resource: net::ERR_CONNECTION_REFUSED @ http://localhost:8538/_stcore/health:0
[  500295ms] [ERROR] Client Error in reaching server endpoint - No response received when attempting to reach /_stcore/health @ http://localhost:8538/static/js/index.D2ZqaFuW.js:16
[  500295ms] [ERROR] Is Streamlit still running? If you accidentally stopped Streamlit, just restart it in your terminal: @ http://localhost:8538/static/js/index.D2ZqaFuW.js:21
[  500319ms] [ERROR] Failed to load resource: net::ERR_CONNECTION_REFUSED @ http://localhost:8538/_stcore/host-config:0
[  502301ms] [ERROR] Failed to load resource: net::ERR_CONNECTION_REFUSED @ http://localhost:8538/_stcore/host-config:0
[  502301ms] [ERROR] Client Error in reaching server endpoint - No response received when attempting to reach /_stcore/host-config @ http://localhost:8538/static/js/index.D2ZqaFuW.js:16
[  502301ms] [ERROR] Is Streamlit still running? If you accidentally stopped Streamlit, just restart it in your terminal: @ http://localhost:8538/static/js/index.D2ZqaFuW.js:21
[  502342ms] [ERROR] Failed to load resource: net::ERR_CONNECTION_REFUSED @ http://localhost:8538/_stcore/health:0
[  504308ms] [ERROR] Failed to load resource: net::ERR_CONNECTION_REFUSED @ http://localhost:8538/_stcore/health:0
[  504309ms] [ERROR] Client Error in reaching server endpoint - No response received when attempting to reach /_stcore/health @ http://localhost:8538/static/js/index.D2ZqaFuW.js:16
[  504309ms] [ERROR] Is Streamlit still running? If you accidentally stopped Streamlit, just restart it in your terminal: @ http://localhost:8538/static/js/index.D2ZqaFuW.js:21
[  504341ms] [ERROR] Failed to load resource: net::ERR_CONNECTION_REFUSED @ http://localhost:8538/_stcore/host-config:0
[  506322ms] [ERROR] Failed to load resource: net::ERR_CONNECTION_REFUSED @ http://localhost:8538/_stcore/health:0
[  506322ms] [ERROR] Client Error in reaching server endpoint - No response received when attempting to reach /_stcore/health @ http://localhost:8538/static/js/index.D2ZqaFuW.js:16
[  506322ms] [ERROR] Is Streamlit still running? If you accidentally stopped Streamlit, just restart it in your terminal: @ http://localhost:8538/static/js/index.D2ZqaFuW.js:21
[  506324ms] [ERROR] Failed to load resource: net::ERR_CONNECTION_REFUSED @ http://localhost:8538/_stcore/host-config:0
[  508335ms] [ERROR] Failed to load resource: net::ERR_CONNECTION_REFUSED @ http://localhost:8538/_stcore/health:0
[  508336ms] [ERROR] Client Error in reaching server endpoint - No response received when attempting to reach /_stcore/health @ http://localhost:8538/static/js/index.D2ZqaFuW.js:16
[  508336ms] [ERROR] Is Streamlit still running? If you accidentally stopped Streamlit, just restart it in your terminal: @ http://localhost:8538/static/js/index.D2ZqaFuW.js:21
[  508359ms] [ERROR] Failed to load resource: net::ERR_CONNECTION_REFUSED @ http://localhost:8538/_stcore/host-config:0
[  510343ms] [ERROR] Failed to load resource: net::ERR_CONNECTION_REFUSED @ http://localhost:8538/_stcore/health:0
[  510343ms] [ERROR] Client Error in reaching server endpoint - No response received when attempting to reach /_stcore/health @ http://localhost:8538/static/js/index.D2ZqaFuW.js:16
[  510344ms] [ERROR] Is Streamlit still running? If you accidentally stopped Streamlit, just restart it in your terminal: @ http://localhost:8538/static/js/index.D2ZqaFuW.js:21
[  510370ms] [ERROR] Failed to load resource: net::ERR_CONNECTION_REFUSED @ http://localhost:8538/_stcore/host-config:0
[  512351ms] [ERROR] Failed to load resource: net::ERR_CONNECTION_REFUSED @ http://localhost:8538/_stcore/health:0
[  512352ms] [ERROR] Client Error in reaching server endpoint - No response received when attempting to reach /_stcore/health @ http://localhost:8538/static/js/index.D2ZqaFuW.js:16
[  512352ms] [ERROR] Is Streamlit still running? If you accidentally stopped Streamlit, just restart it in your terminal: @ http://localhost:8538/static/js/index.D2ZqaFuW.js:21
[  512376ms] [ERROR] Failed to load resource: net::ERR_CONNECTION_REFUSED @ http://localhost:8538/_stcore/host-config:0
[  514392ms] [ERROR] Failed to load resource: net::ERR_CONNECTION_REFUSED @ http://localhost:8538/_stcore/host-config:0
[  514393ms] [ERROR] Client Error in reaching server endpoint - No response received when attempting to reach /_stcore/host-config @ http://localhost:8538/static/js/index.D2ZqaFuW.js:16
[  514393ms] [ERROR] Is Streamlit still running? If you accidentally stopped Streamlit, just restart it in your terminal: @ http://localhost:8538/static/js/index.D2ZqaFuW.js:21
[  514394ms] [ERROR] Failed to load resource: net::ERR_CONNECTION_REFUSED @ http://localhost:8538/_stcore/health:0
[  516409ms] [ERROR] Failed to load resource: net::ERR_CONNECTION_REFUSED @ http://localhost:8538/_stcore/host-config:0
[  516409ms] [ERROR] Client Error in reaching server endpoint - No response received when attempting to reach /_stcore/host-config @ http://localhost:8538/static/js/index.D2ZqaFuW.js:16
[  516409ms] [ERROR] Is Streamlit still running? If you accidentally stopped Streamlit, just restart it in your terminal: @ http://localhost:8538/static/js/index.D2ZqaFuW.js:21
[  516434ms] [ERROR] Failed to load resource: net::ERR_CONNECTION_REFUSED @ http://localhost:8538/_stcore/health:0
[  518417ms] [ERROR] Failed to load resource: net::ERR_CONNECTION_REFUSED @ http://localhost:8538/_stcore/health:0
[  518417ms] [ERROR] Client Error in reaching server endpoint - No response received when attempting to reach /_stcore/health @ http://localhost:8538/static/js/index.D2ZqaFuW.js:16
[  518417ms] [ERROR] Is Streamlit still running? If you accidentally stopped Streamlit, just restart it in your terminal: @ http://localhost:8538/static/js/index.D2ZqaFuW.js:21
[  518444ms] [ERROR] Failed to load resource: net::ERR_CONNECTION_REFUSED @ http://localhost:8538/_stcore/host-config:0
[  520424ms] [ERROR] Failed to load resource: net::ERR_CONNECTION_REFUSED @ http://localhost:8538/_stcore/health:0
[  520424ms] [ERROR] Client Error in reaching server endpoint - No response received when attempting to reach /_stcore/health @ http://localhost:8538/static/js/index.D2ZqaFuW.js:16
[  520425ms] [ERROR] Is Streamlit still running? If you accidentally stopped Streamlit, just restart it in your terminal: @ http://localhost:8538/static/js/index.D2ZqaFuW.js:21
[  520448ms] [ERROR] Failed to load resource: net::ERR_CONNECTION_REFUSED @ http://localhost:8538/_stcore/host-config:0
[  522432ms] [ERROR] Failed to load resource: net::ERR_CONNECTION_REFUSED @ http://localhost:8538/_stcore/health:0
[  522432ms] [ERROR] Client Error in reaching server endpoint - No response received when attempting to reach /_stcore/health @ http://localhost:8538/static/js/index.D2ZqaFuW.js:16
[  522432ms] [ERROR] Is Streamlit still running? If you accidentally stopped Streamlit, just restart it in your terminal: @ http://localhost:8538/static/js/index.D2ZqaFuW.js:21
[  522457ms] [ERROR] Failed to load resource: net::ERR_CONNECTION_REFUSED @ http://localhost:8538/_stcore/host-config:0
[  524442ms] [ERROR] Failed to load resource: net::ERR_CONNECTION_REFUSED @ http://localhost:8538/_stcore/health:0
[  524442ms] [ERROR] Client Error in reaching server endpoint - No response received when attempting to reach /_stcore/health @ http://localhost:8538/static/js/index.D2ZqaFuW.js:16
[  524443ms] [ERROR] Is Streamlit still running? If you accidentally stopped Streamlit, just restart it in your terminal: @ http://localhost:8538/static/js/index.D2ZqaFuW.js:21
[  524466ms] [ERROR] Failed to load resource: net::ERR_CONNECTION_REFUSED @ http://localhost:8538/_stcore/host-config:0
[  526450ms] [ERROR] Failed to load resource: net::ERR_CONNECTION_REFUSED @ http://localhost:8538/_stcore/health:0
[  526450ms] [ERROR] Client Error in reaching server endpoint - No response received when attempting to reach /_stcore/health @ http://localhost:8538/static/js/index.D2ZqaFuW.js:16
[  526451ms] [ERROR] Is Streamlit still running? If you accidentally stopped Streamlit, just restart it in your terminal: @ http://localhost:8538/static/js/index.D2ZqaFuW.js:21
[  526473ms] [ERROR] Failed to load resource: net::ERR_CONNECTION_REFUSED @ http://localhost:8538/_stcore/host-config:0
[  528458ms] [ERROR] Failed to load resource: net::ERR_CONNECTION_REFUSED @ http://localhost:8538/_stcore/health:0
[  528458ms] [ERROR] Client Error in reaching server endpoint - No response received when attempting to reach /_stcore/health @ http://localhost:8538/static/js/index.D2ZqaFuW.js:16
[  528459ms] [ERROR] Is Streamlit still running? If you accidentally stopped Streamlit, just restart it in your terminal: @ http://localhost:8538/static/js/index.D2ZqaFuW.js:21
[  528459ms] [ERROR] Failed to load resource: net::ERR_CONNECTION_REFUSED @ http://localhost:8538/_stcore/host-config:0
[  530466ms] [ERROR] Failed to load resource: net::ERR_CONNECTION_REFUSED @ http://localhost:8538/_stcore/health:0
[  530466ms] [ERROR] Client Error in reaching server endpoint - No response received when attempting to reach /_stcore/health @ http://localhost:8538/static/js/index.D2ZqaFuW.js:16
[  530467ms] [ERROR] Is Streamlit still running? If you accidentally stopped Streamlit, just restart it in your terminal: @ http://localhost:8538/static/js/index.D2ZqaFuW.js:21
[  530489ms] [ERROR] Failed to load resource: net::ERR_CONNECTION_REFUSED @ http://localhost:8538/_stcore/host-config:0
[  532474ms] [ERROR] Failed to load resource: net::ERR_CONNECTION_REFUSED @ http://localhost:8538/_stcore/health:0
[  532474ms] [ERROR] Client Error in reaching server endpoint - No response received when attempting to reach /_stcore/health @ http://localhost:8538/static/js/index.D2ZqaFuW.js:16
[  532475ms] [ERROR] Is Streamlit still running? If you accidentally stopped Streamlit, just restart it in your terminal: @ http://localhost:8538/static/js/index.D2ZqaFuW.js:21
[  532497ms] [ERROR] Failed to load resource: net::ERR_CONNECTION_REFUSED @ http://localhost:8538/_stcore/host-config:0
[  534481ms] [ERROR] Failed to load resource: net::ERR_CONNECTION_REFUSED @ http://localhost:8538/_stcore/health:0
[  534481ms] [ERROR] Client Error in reaching server endpoint - No response received when attempting to reach /_stcore/health @ http://localhost:8538/static/js/index.D2ZqaFuW.js:16
[  534482ms] [ERROR] Is Streamlit still running? If you accidentally stopped Streamlit, just restart it in your terminal: @ http://localhost:8538/static/js/index.D2ZqaFuW.js:21
[  534505ms] [ERROR] Failed to load resource: net::ERR_CONNECTION_REFUSED @ http://localhost:8538/_stcore/host-config:0
[  536489ms] [ERROR] Failed to load resource: net::ERR_CONNECTION_REFUSED @ http://localhost:8538/_stcore/health:0
[  536489ms] [ERROR] Client Error in reaching server endpoint - No response received when attempting to reach /_stcore/health @ http://localhost:8538/static/js/index.D2ZqaFuW.js:16
[  536489ms] [ERROR] Is Streamlit still running? If you accidentally stopped Streamlit, just restart it in your terminal: @ http://localhost:8538/static/js/index.D2ZqaFuW.js:21
[  536512ms] [ERROR] Failed to load resource: net::ERR_CONNECTION_REFUSED @ http://localhost:8538/_stcore/host-config:0
[  538496ms] [ERROR] Failed to load resource: net::ERR_CONNECTION_REFUSED @ http://localhost:8538/_stcore/health:0
[  538497ms] [ERROR] Client Error in reaching server endpoint - No response received when attempting to reach /_stcore/health @ http://localhost:8538/static/js/index.D2ZqaFuW.js:16
[  538497ms] [ERROR] Is Streamlit still running? If you accidentally stopped Streamlit, just restart it in your terminal: @ http://localhost:8538/static/js/index.D2ZqaFuW.js:21
[  538520ms] [ERROR] Failed to load resource: net::ERR_CONNECTION_REFUSED @ http://localhost:8538/_stcore/host-config:0
[  540505ms] [ERROR] Failed to load resource: net::ERR_CONNECTION_REFUSED @ http://localhost:8538/_stcore/host-config:0
[  540505ms] [ERROR] Client Error in reaching server endpoint - No response received when attempting to reach /_stcore/host-config @ http://localhost:8538/static/js/index.D2ZqaFuW.js:16
[  540505ms] [ERROR] Is Streamlit still running? If you accidentally stopped Streamlit, just restart it in your terminal: @ http://localhost:8538/static/js/index.D2ZqaFuW.js:21
[  540527ms] [ERROR] Failed to load resource: net::ERR_CONNECTION_REFUSED @ http://localhost:8538/_stcore/health:0
[  542513ms] [ERROR] Failed to load resource: net::ERR_CONNECTION_REFUSED @ http://localhost:8538/_stcore/host-config:0
[  542513ms] [ERROR] Client Error in reaching server endpoint - No response received when attempting to reach /_stcore/host-config @ http://localhost:8538/static/js/index.D2ZqaFuW.js:16
[  542513ms] [ERROR] Is Streamlit still running? If you accidentally stopped Streamlit, just restart it in your terminal: @ http://localhost:8538/static/js/index.D2ZqaFuW.js:21
[  542514ms] [ERROR] Failed to load resource: net::ERR_CONNECTION_REFUSED @ http://localhost:8538/_stcore/health:0
[  544521ms] [ERROR] Failed to load resource: net::ERR_CONNECTION_REFUSED @ http://localhost:8538/_stcore/health:0
[  544521ms] [ERROR] Client Error in reaching server endpoint - No response received when attempting to reach /_stcore/health @ http://localhost:8538/static/js/index.D2ZqaFuW.js:16
[  544522ms] [ERROR] Is Streamlit still running? If you accidentally stopped Streamlit, just restart it in your terminal: @ http://localhost:8538/static/js/index.D2ZqaFuW.js:21
[  544544ms] [ERROR] Failed to load resource: net::ERR_CONNECTION_REFUSED @ http://localhost:8538/_stcore/host-config:0
[  546533ms] [ERROR] Failed to load resource: net::ERR_CONNECTION_REFUSED @ http://localhost:8538/_stcore/health:0
[  546533ms] [ERROR] Client Error in reaching server endpoint - No response received when attempting to reach /_stcore/health @ http://localhost:8538/static/js/index.D2ZqaFuW.js:16
[  546534ms] [ERROR] Is Streamlit still running? If you accidentally stopped Streamlit, just restart it in your terminal: @ http://localhost:8538/static/js/index.D2ZqaFuW.js:21
[  546559ms] [ERROR] Failed to load resource: net::ERR_CONNECTION_REFUSED @ http://localhost:8538/_stcore/host-config:0
[  548554ms] [ERROR] Failed to load resource: net::ERR_CONNECTION_REFUSED @ http://localhost:8538/_stcore/health:0
[  548554ms] [ERROR] Client Error in reaching server endpoint - No response received when attempting to reach /_stcore/health @ http://localhost:8538/static/js/index.D2ZqaFuW.js:16
[  548554ms] [ERROR] Is Streamlit still running? If you accidentally stopped Streamlit, just restart it in your terminal: @ http://localhost:8538/static/js/index.D2ZqaFuW.js:21
[  548577ms] [ERROR] Failed to load resource: net::ERR_CONNECTION_REFUSED @ http://localhost:8538/_stcore/host-config:0
[  550560ms] [ERROR] Failed to load resource: net::ERR_CONNECTION_REFUSED @ http://localhost:8538/_stcore/health:0
[  550561ms] [ERROR] Client Error in reaching server endpoint - No response received when attempting to reach /_stcore/health @ http://localhost:8538/static/js/index.D2ZqaFuW.js:16
[  550561ms] [ERROR] Is Streamlit still running? If you accidentally stopped Streamlit, just restart it in your terminal: @ http://localhost:8538/static/js/index.D2ZqaFuW.js:21
[  550591ms] [ERROR] Failed to load resource: net::ERR_CONNECTION_REFUSED @ http://localhost:8538/_stcore/host-config:0
[  552568ms] [ERROR] Failed to load resource: net::ERR_CONNECTION_REFUSED @ http://localhost:8538/_stcore/health:0
[  552568ms] [ERROR] Client Error in reaching server endpoint - No response received when attempting to reach /_stcore/health @ http://localhost:8538/static/js/index.D2ZqaFuW.js:16
[  552569ms] [ERROR] Is Streamlit still running? If you accidentally stopped Streamlit, just restart it in your terminal: @ http://localhost:8538/static/js/index.D2ZqaFuW.js:21
[  552591ms] [ERROR] Failed to load resource: net::ERR_CONNECTION_REFUSED @ http://localhost:8538/_stcore/host-config:0
[  554575ms] [ERROR] Failed to load resource: net::ERR_CONNECTION_REFUSED @ http://localhost:8538/_stcore/host-config:0
[  554575ms] [ERROR] Client Error in reaching server endpoint - No response received when attempting to reach /_stcore/host-config @ http://localhost:8538/static/js/index.D2ZqaFuW.js:16
[  554575ms] [ERROR] Is Streamlit still running? If you accidentally stopped Streamlit, just restart it in your terminal: @ http://localhost:8538/static/js/index.D2ZqaFuW.js:21
[  554596ms] [ERROR] Failed to load resource: net::ERR_CONNECTION_REFUSED @ http://localhost:8538/_stcore/health:0
[  556583ms] [ERROR] Failed to load resource: net::ERR_CONNECTION_REFUSED @ http://localhost:8538/_stcore/health:0
[  556584ms] [ERROR] Client Error in reaching server endpoint - No response received when attempting to reach /_stcore/health @ http://localhost:8538/static/js/index.D2ZqaFuW.js:16
[  556584ms] [ERROR] Is Streamlit still running? If you accidentally stopped Streamlit, just restart it in your terminal: @ http://localhost:8538/static/js/index.D2ZqaFuW.js:21
[  556607ms] [ERROR] Failed to load resource: net::ERR_CONNECTION_REFUSED @ http://localhost:8538/_stcore/host-config:0
[  558592ms] [ERROR] Failed to load resource: net::ERR_CONNECTION_REFUSED @ http://localhost:8538/_stcore/health:0
[  558592ms] [ERROR] Client Error in reaching server endpoint - No response received when attempting to reach /_stcore/health @ http://localhost:8538/static/js/index.D2ZqaFuW.js:16
[  558592ms] [ERROR] Is Streamlit still running? If you accidentally stopped Streamlit, just restart it in your terminal: @ http://localhost:8538/static/js/index.D2ZqaFuW.js:21
[  558616ms] [ERROR] Failed to load resource: net::ERR_CONNECTION_REFUSED @ http://localhost:8538/_stcore/host-config:0
[  560600ms] [ERROR] Failed to load resource: net::ERR_CONNECTION_REFUSED @ http://localhost:8538/_stcore/health:0
[  560600ms] [ERROR] Client Error in reaching server endpoint - No response received when attempting to reach /_stcore/health @ http://localhost:8538/static/js/index.D2ZqaFuW.js:16
[  560600ms] [ERROR] Is Streamlit still running? If you accidentally stopped Streamlit, just restart it in your terminal: @ http://localhost:8538/static/js/index.D2ZqaFuW.js:21
[  560625ms] [ERROR] Failed to load resource: net::ERR_CONNECTION_REFUSED @ http://localhost:8538/_stcore/host-config:0
[  562607ms] [ERROR] Failed to load resource: net::ERR_CONNECTION_REFUSED @ http://localhost:8538/_stcore/health:0
[  562607ms] [ERROR] Client Error in reaching server endpoint - No response received when attempting to reach /_stcore/health @ http://localhost:8538/static/js/index.D2ZqaFuW.js:16
[  562608ms] [ERROR] Is Streamlit still running? If you accidentally stopped Streamlit, just restart it in your terminal: @ http://localhost:8538/static/js/index.D2ZqaFuW.js:21
[  562632ms] [ERROR] Failed to load resource: net::ERR_CONNECTION_REFUSED @ http://localhost:8538/_stcore/host-config:0
[  564614ms] [ERROR] Failed to load resource: net::ERR_CONNECTION_REFUSED @ http://localhost:8538/_stcore/health:0
[  564614ms] [ERROR] Client Error in reaching server endpoint - No response received when attempting to reach /_stcore/health @ http://localhost:8538/static/js/index.D2ZqaFuW.js:16
[  564614ms] [ERROR] Is Streamlit still running? If you accidentally stopped Streamlit, just restart it in your terminal: @ http://localhost:8538/static/js/index.D2ZqaFuW.js:21
[  564637ms] [ERROR] Failed to load resource: net::ERR_CONNECTION_REFUSED @ http://localhost:8538/_stcore/host-config:0
[  566622ms] [ERROR] Failed to load resource: net::ERR_CONNECTION_REFUSED @ http://localhost:8538/_stcore/health:0
[  566622ms] [ERROR] Client Error in reaching server endpoint - No response received when attempting to reach /_stcore/health @ http://localhost:8538/static/js/index.D2ZqaFuW.js:16
[  566622ms] [ERROR] Is Streamlit still running? If you accidentally stopped Streamlit, just restart it in your terminal: @ http://localhost:8538/static/js/index.D2ZqaFuW.js:21
[  566644ms] [ERROR] Failed to load resource: net::ERR_CONNECTION_REFUSED @ http://localhost:8538/_stcore/host-config:0
[  568629ms] [ERROR] Failed to load resource: net::ERR_CONNECTION_REFUSED @ http://localhost:8538/_stcore/health:0
[  568629ms] [ERROR] Client Error in reaching server endpoint - No response received when attempting to reach /_stcore/health @ http://localhost:8538/static/js/index.D2ZqaFuW.js:16
[  568630ms] [ERROR] Is Streamlit still running? If you accidentally stopped Streamlit, just restart it in your terminal: @ http://localhost:8538/static/js/index.D2ZqaFuW.js:21
[  568663ms] [ERROR] Failed to load resource: net::ERR_CONNECTION_REFUSED @ http://localhost:8538/_stcore/host-config:0
[  570638ms] [ERROR] Failed to load resource: net::ERR_CONNECTION_REFUSED @ http://localhost:8538/_stcore/host-config:0
[  570638ms] [ERROR] Client Error in reaching server endpoint - No response received when attempting to reach /_stcore/host-config @ http://localhost:8538/static/js/index.D2ZqaFuW.js:16
[  570638ms] [ERROR] Is Streamlit still running? If you accidentally stopped Streamlit, just restart it in your terminal: @ http://localhost:8538/static/js/index.D2ZqaFuW.js:21
[  570666ms] [ERROR] Failed to load resource: net::ERR_CONNECTION_REFUSED @ http://localhost:8538/_stcore/health:0
[  572644ms] [ERROR] Failed to load resource: net::ERR_CONNECTION_REFUSED @ http://localhost:8538/_stcore/health:0
[  572644ms] [ERROR] Client Error in reaching server endpoint - No response received when attempting to reach /_stcore/health @ http://localhost:8538/static/js/index.D2ZqaFuW.js:16
[  572644ms] [ERROR] Is Streamlit still running? If you accidentally stopped Streamlit, just restart it in your terminal: @ http://localhost:8538/static/js/index.D2ZqaFuW.js:21
[  572668ms] [ERROR] Failed to load resource: net::ERR_CONNECTION_REFUSED @ http://localhost:8538/_stcore/host-config:0
[  574652ms] [ERROR] Failed to load resource: net::ERR_CONNECTION_REFUSED @ http://localhost:8538/_stcore/health:0
[  574652ms] [ERROR] Client Error in reaching server endpoint - No response received when attempting to reach /_stcore/health @ http://localhost:8538/static/js/index.D2ZqaFuW.js:16
[  574652ms] [ERROR] Is Streamlit still running? If you accidentally stopped Streamlit, just restart it in your terminal: @ http://localhost:8538/static/js/index.D2ZqaFuW.js:21
[  574677ms] [ERROR] Failed to load resource: net::ERR_CONNECTION_REFUSED @ http://localhost:8538/_stcore/host-config:0
[  576659ms] [ERROR] Failed to load resource: net::ERR_CONNECTION_REFUSED @ http://localhost:8538/_stcore/health:0
[  576659ms] [ERROR] Client Error in reaching server endpoint - No response received when attempting to reach /_stcore/health @ http://localhost:8538/static/js/index.D2ZqaFuW.js:16
[  576660ms] [ERROR] Is Streamlit still running? If you accidentally stopped Streamlit, just restart it in your terminal: @ http://localhost:8538/static/js/index.D2ZqaFuW.js:21
[  576681ms] [ERROR] Failed to load resource: net::ERR_CONNECTION_REFUSED @ http://localhost:8538/_stcore/host-config:0
[  578666ms] [ERROR] Failed to load resource: net::ERR_CONNECTION_REFUSED @ http://localhost:8538/_stcore/health:0
[  578667ms] [ERROR] Client Error in reaching server endpoint - No response received when attempting to reach /_stcore/health @ http://localhost:8538/static/js/index.D2ZqaFuW.js:16
[  578667ms] [ERROR] Is Streamlit still running? If you accidentally stopped Streamlit, just restart it in your terminal: @ http://localhost:8538/static/js/index.D2ZqaFuW.js:21
[  578689ms] [ERROR] Failed to load resource: net::ERR_CONNECTION_REFUSED @ http://localhost:8538/_stcore/host-config:0
[  580673ms] [ERROR] Failed to load resource: net::ERR_CONNECTION_REFUSED @ http://localhost:8538/_stcore/health:0
[  580673ms] [ERROR] Client Error in reaching server endpoint - No response received when attempting to reach /_stcore/health @ http://localhost:8538/static/js/index.D2ZqaFuW.js:16
[  580673ms] [ERROR] Is Streamlit still running? If you accidentally stopped Streamlit, just restart it in your terminal: @ http://localhost:8538/static/js/index.D2ZqaFuW.js:21
[  580701ms] [ERROR] Failed to load resource: net::ERR_CONNECTION_REFUSED @ http://localhost:8538/_stcore/host-config:0
[  582678ms] [ERROR] Failed to load resource: net::ERR_CONNECTION_REFUSED @ http://localhost:8538/_stcore/health:0
[  582679ms] [ERROR] Client Error in reaching server endpoint - No response received when attempting to reach /_stcore/health @ http://localhost:8538/static/js/index.D2ZqaFuW.js:16
[  582679ms] [ERROR] Is Streamlit still running? If you accidentally stopped Streamlit, just restart it in your terminal: @ http://localhost:8538/static/js/index.D2ZqaFuW.js:21
[  582702ms] [ERROR] Failed to load resource: net::ERR_CONNECTION_REFUSED @ http://localhost:8538/_stcore/host-config:0
[  584683ms] [ERROR] Failed to load resource: net::ERR_CONNECTION_REFUSED @ http://localhost:8538/_stcore/health:0
[  584683ms] [ERROR] Client Error in reaching server endpoint - No response received when attempting to reach /_stcore/health @ http://localhost:8538/static/js/index.D2ZqaFuW.js:16
[  584683ms] [ERROR] Is Streamlit still running? If you accidentally stopped Streamlit, just restart it in your terminal: @ http://localhost:8538/static/js/index.D2ZqaFuW.js:21
[  584705ms] [ERROR] Failed to load resource: net::ERR_CONNECTION_REFUSED @ http://localhost:8538/_stcore/host-config:0
[  586691ms] [ERROR] Failed to load resource: net::ERR_CONNECTION_REFUSED @ http://localhost:8538/_stcore/host-config:0
[  586692ms] [ERROR] Client Error in reaching server endpoint - No response received when attempting to reach /_stcore/host-config @ http://localhost:8538/static/js/index.D2ZqaFuW.js:16
[  586692ms] [ERROR] Is Streamlit still running? If you accidentally stopped Streamlit, just restart it in your terminal: @ http://localhost:8538/static/js/index.D2ZqaFuW.js:21
[  586715ms] [ERROR] Failed to load resource: net::ERR_CONNECTION_REFUSED @ http://localhost:8538/_stcore/health:0
[  588698ms] [ERROR] Failed to load resource: net::ERR_CONNECTION_REFUSED @ http://localhost:8538/_stcore/health:0
[  588698ms] [ERROR] Client Error in reaching server endpoint - No response received when attempting to reach /_stcore/health @ http://localhost:8538/static/js/index.D2ZqaFuW.js:16
[  588698ms] [ERROR] Is Streamlit still running? If you accidentally stopped Streamlit, just restart it in your terminal: @ http://localhost:8538/static/js/index.D2ZqaFuW.js:21
[  588721ms] [ERROR] Failed to load resource: net::ERR_CONNECTION_REFUSED @ http://localhost:8538/_stcore/host-config:0
[  590704ms] [ERROR] Failed to load resource: net::ERR_CONNECTION_REFUSED @ http://localhost:8538/_stcore/health:0
[  590704ms] [ERROR] Client Error in reaching server endpoint - No response received when attempting to reach /_stcore/health @ http://localhost:8538/static/js/index.D2ZqaFuW.js:16
[  590704ms] [ERROR] Is Streamlit still running? If you accidentally stopped Streamlit, just restart it in your terminal: @ http://localhost:8538/static/js/index.D2ZqaFuW.js:21
[  590727ms] [ERROR] Failed to load resource: net::ERR_CONNECTION_REFUSED @ http://localhost:8538/_stcore/host-config:0
[  592715ms] [ERROR] Failed to load resource: net::ERR_CONNECTION_REFUSED @ http://localhost:8538/_stcore/health:0
[  592716ms] [ERROR] Client Error in reaching server endpoint - No response received when attempting to reach /_stcore/health @ http://localhost:8538/static/js/index.D2ZqaFuW.js:16
[  592716ms] [ERROR] Is Streamlit still running? If you accidentally stopped Streamlit, just restart it in your terminal: @ http://localhost:8538/static/js/index.D2ZqaFuW.js:21
[  592740ms] [ERROR] Failed to load resource: net::ERR_CONNECTION_REFUSED @ http://localhost:8538/_stcore/host-config:0
[  594728ms] [ERROR] Failed to load resource: net::ERR_CONNECTION_REFUSED @ http://localhost:8538/_stcore/host-config:0
[  594728ms] [ERROR] Client Error in reaching server endpoint - No response received when attempting to reach /_stcore/host-config @ http://localhost:8538/static/js/index.D2ZqaFuW.js:16
[  594728ms] [ERROR] Is Streamlit still running? If you accidentally stopped Streamlit, just restart it in your terminal: @ http://localhost:8538/static/js/index.D2ZqaFuW.js:21
[  594752ms] [ERROR] Failed to load resource: net::ERR_CONNECTION_REFUSED @ http://localhost:8538/_stcore/health:0
[  596735ms] [ERROR] Failed to load resource: net::ERR_CONNECTION_REFUSED @ http://localhost:8538/_stcore/health:0
[  596735ms] [ERROR] Client Error in reaching server endpoint - No response received when attempting to reach /_stcore/health @ http://localhost:8538/static/js/index.D2ZqaFuW.js:16
[  596735ms] [ERROR] Is Streamlit still running? If you accidentally stopped Streamlit, just restart it in your terminal: @ http://localhost:8538/static/js/index.D2ZqaFuW.js:21
[  596760ms] [ERROR] Failed to load resource: net::ERR_CONNECTION_REFUSED @ http://localhost:8538/_stcore/host-config:0
[  598743ms] [ERROR] Failed to load resource: net::ERR_CONNECTION_REFUSED @ http://localhost:8538/_stcore/host-config:0
[  598743ms] [ERROR] Client Error in reaching server endpoint - No response received when attempting to reach /_stcore/host-config @ http://localhost:8538/static/js/index.D2ZqaFuW.js:16
[  598743ms] [ERROR] Is Streamlit still running? If you accidentally stopped Streamlit, just restart it in your terminal: @ http://localhost:8538/static/js/index.D2ZqaFuW.js:21
[  598765ms] [ERROR] Failed to load resource: net::ERR_CONNECTION_REFUSED @ http://localhost:8538/_stcore/health:0
[  600750ms] [ERROR] Failed to load resource: net::ERR_CONNECTION_REFUSED @ http://localhost:8538/_stcore/host-config:0
[  600750ms] [ERROR] Client Error in reaching server endpoint - No response received when attempting to reach /_stcore/host-config @ http://localhost:8538/static/js/index.D2ZqaFuW.js:16
[  600751ms] [ERROR] Is Streamlit still running? If you accidentally stopped Streamlit, just restart it in your terminal: @ http://localhost:8538/static/js/index.D2ZqaFuW.js:21
[  600772ms] [ERROR] Failed to load resource: net::ERR_CONNECTION_REFUSED @ http://localhost:8538/_stcore/health:0
[  602762ms] [ERROR] Failed to load resource: net::ERR_CONNECTION_REFUSED @ http://localhost:8538/_stcore/health:0
[  602762ms] [ERROR] Client Error in reaching server endpoint - No response received when attempting to reach /_stcore/health @ http://localhost:8538/static/js/index.D2ZqaFuW.js:16
[  602763ms] [ERROR] Is Streamlit still running? If you accidentally stopped Streamlit, just restart it in your terminal: @ http://localhost:8538/static/js/index.D2ZqaFuW.js:21
[  602792ms] [ERROR] Failed to load resource: net::ERR_CONNECTION_REFUSED @ http://localhost:8538/_stcore/host-config:0
[  604774ms] [ERROR] Failed to load resource: net::ERR_CONNECTION_REFUSED @ http://localhost:8538/_stcore/host-config:0
[  604774ms] [ERROR] Client Error in reaching server endpoint - No response received when attempting to reach /_stcore/host-config @ http://localhost:8538/static/js/index.D2ZqaFuW.js:16
[  604774ms] [ERROR] Is Streamlit still running? If you accidentally stopped Streamlit, just restart it in your terminal: @ http://localhost:8538/static/js/index.D2ZqaFuW.js:21
[  604804ms] [ERROR] Failed to load resource: net::ERR_CONNECTION_REFUSED @ http://localhost:8538/_stcore/health:0
[  606780ms] [ERROR] Failed to load resource: net::ERR_CONNECTION_REFUSED @ http://localhost:8538/_stcore/host-config:0
[  606780ms] [ERROR] Client Error in reaching server endpoint - No response received when attempting to reach /_stcore/host-config @ http://localhost:8538/static/js/index.D2ZqaFuW.js:16
[  606780ms] [ERROR] Is Streamlit still running? If you accidentally stopped Streamlit, just restart it in your terminal: @ http://localhost:8538/static/js/index.D2ZqaFuW.js:21
[  606806ms] [ERROR] Failed to load resource: net::ERR_CONNECTION_REFUSED @ http://localhost:8538/_stcore/health:0
[  608788ms] [ERROR] Failed to load resource: net::ERR_CONNECTION_REFUSED @ http://localhost:8538/_stcore/host-config:0
[  608788ms] [ERROR] Client Error in reaching server endpoint - No response received when attempting to reach /_stcore/host-config @ http://localhost:8538/static/js/index.D2ZqaFuW.js:16
[  608788ms] [ERROR] Is Streamlit still running? If you accidentally stopped Streamlit, just restart it in your terminal: @ http://localhost:8538/static/js/index.D2ZqaFuW.js:21
[  608810ms] [ERROR] Failed to load resource: net::ERR_CONNECTION_REFUSED @ http://localhost:8538/_stcore/health:0
[  610796ms] [ERROR] Failed to load resource: net::ERR_CONNECTION_REFUSED @ http://localhost:8538/_stcore/health:0
[  610796ms] [ERROR] Client Error in reaching server endpoint - No response received when attempting to reach /_stcore/health @ http://localhost:8538/static/js/index.D2ZqaFuW.js:16
[  610796ms] [ERROR] Is Streamlit still running? If you accidentally stopped Streamlit, just restart it in your terminal: @ http://localhost:8538/static/js/index.D2ZqaFuW.js:21
[  610819ms] [ERROR] Failed to load resource: net::ERR_CONNECTION_REFUSED @ http://localhost:8538/_stcore/host-config:0
[  612804ms] [ERROR] Failed to load resource: net::ERR_CONNECTION_REFUSED @ http://localhost:8538/_stcore/health:0
[  612804ms] [ERROR] Client Error in reaching server endpoint - No response received when attempting to reach /_stcore/health @ http://localhost:8538/static/js/index.D2ZqaFuW.js:16
[  612804ms] [ERROR] Is Streamlit still running? If you accidentally stopped Streamlit, just restart it in your terminal: @ http://localhost:8538/static/js/index.D2ZqaFuW.js:21
[  612828ms] [ERROR] Failed to load resource: net::ERR_CONNECTION_REFUSED @ http://localhost:8538/_stcore/host-config:0
[  614810ms] [ERROR] Failed to load resource: net::ERR_CONNECTION_REFUSED @ http://localhost:8538/_stcore/health:0
[  614810ms] [ERROR] Client Error in reaching server endpoint - No response received when attempting to reach /_stcore/health @ http://localhost:8538/static/js/index.D2ZqaFuW.js:16
[  614811ms] [ERROR] Is Streamlit still running? If you accidentally stopped Streamlit, just restart it in your terminal: @ http://localhost:8538/static/js/index.D2ZqaFuW.js:21
[  614833ms] [ERROR] Failed to load resource: net::ERR_CONNECTION_REFUSED @ http://localhost:8538/_stcore/host-config:0
[  616823ms] [ERROR] Failed to load resource: net::ERR_CONNECTION_REFUSED @ http://localhost:8538/_stcore/health:0
[  616824ms] [ERROR] Client Error in reaching server endpoint - No response received when attempting to reach /_stcore/health @ http://localhost:8538/static/js/index.D2ZqaFuW.js:16
[  616824ms] [ERROR] Is Streamlit still running? If you accidentally stopped Streamlit, just restart it in your terminal: @ http://localhost:8538/static/js/index.D2ZqaFuW.js:21
[  616856ms] [ERROR] Failed to load resource: net::ERR_CONNECTION_REFUSED @ http://localhost:8538/_stcore/host-config:0
[  618829ms] [ERROR] Failed to load resource: net::ERR_CONNECTION_REFUSED @ http://localhost:8538/_stcore/health:0
[  618829ms] [ERROR] Client Error in reaching server endpoint - No response received when attempting to reach /_stcore/health @ http://localhost:8538/static/js/index.D2ZqaFuW.js:16
[  618829ms] [ERROR] Is Streamlit still running? If you accidentally stopped Streamlit, just restart it in your terminal: @ http://localhost:8538/static/js/index.D2ZqaFuW.js:21
[  618850ms] [ERROR] Failed to load resource: net::ERR_CONNECTION_REFUSED @ http://localhost:8538/_stcore/host-config:0
[  620836ms] [ERROR] Failed to load resource: net::ERR_CONNECTION_REFUSED @ http://localhost:8538/_stcore/health:0
[  620836ms] [ERROR] Client Error in reaching server endpoint - No response received when attempting to reach /_stcore/health @ http://localhost:8538/static/js/index.D2ZqaFuW.js:16
[  620837ms] [ERROR] Is Streamlit still running? If you accidentally stopped Streamlit, just restart it in your terminal: @ http://localhost:8538/static/js/index.D2ZqaFuW.js:21
[  620859ms] [ERROR] Failed to load resource: net::ERR_CONNECTION_REFUSED @ http://localhost:8538/_stcore/host-config:0
[  622844ms] [ERROR] Failed to load resource: net::ERR_CONNECTION_REFUSED @ http://localhost:8538/_stcore/host-config:0
[  622844ms] [ERROR] Client Error in reaching server endpoint - No response received when attempting to reach /_stcore/host-config @ http://localhost:8538/static/js/index.D2ZqaFuW.js:16
[  622844ms] [ERROR] Is Streamlit still running? If you accidentally stopped Streamlit, just restart it in your terminal: @ http://localhost:8538/static/js/index.D2ZqaFuW.js:21
[  622866ms] [ERROR] Failed to load resource: net::ERR_CONNECTION_REFUSED @ http://localhost:8538/_stcore/health:0
[  624851ms] [ERROR] Failed to load resource: net::ERR_CONNECTION_REFUSED @ http://localhost:8538/_stcore/health:0
[  624851ms] [ERROR] Client Error in reaching server endpoint - No response received when attempting to reach /_stcore/health @ http://localhost:8538/static/js/index.D2ZqaFuW.js:16
[  624851ms] [ERROR] Is Streamlit still running? If you accidentally stopped Streamlit, just restart it in your terminal: @ http://localhost:8538/static/js/index.D2ZqaFuW.js:21
[  624874ms] [ERROR] Failed to load resource: net::ERR_CONNECTION_REFUSED @ http://localhost:8538/_stcore/host-config:0
[  626859ms] [ERROR] Failed to load resource: net::ERR_CONNECTION_REFUSED @ http://localhost:8538/_stcore/health:0
[  626859ms] [ERROR] Client Error in reaching server endpoint - No response received when attempting to reach /_stcore/health @ http://localhost:8538/static/js/index.D2ZqaFuW.js:16
[  626859ms] [ERROR] Is Streamlit still running? If you accidentally stopped Streamlit, just restart it in your terminal: @ http://localhost:8538/static/js/index.D2ZqaFuW.js:21
[  626881ms] [ERROR] Failed to load resource: net::ERR_CONNECTION_REFUSED @ http://localhost:8538/_stcore/host-config:0
[  628867ms] [ERROR] Failed to load resource: net::ERR_CONNECTION_REFUSED @ http://localhost:8538/_stcore/health:0
[  628867ms] [ERROR] Client Error in reaching server endpoint - No response received when attempting to reach /_stcore/health @ http://localhost:8538/static/js/index.D2ZqaFuW.js:16
[  628867ms] [ERROR] Is Streamlit still running? If you accidentally stopped Streamlit, just restart it in your terminal: @ http://localhost:8538/static/js/index.D2ZqaFuW.js:21
[  628889ms] [ERROR] Failed to load resource: net::ERR_CONNECTION_REFUSED @ http://localhost:8538/_stcore/host-config:0
[  630875ms] [ERROR] Failed to load resource: net::ERR_CONNECTION_REFUSED @ http://localhost:8538/_stcore/health:0
[  630875ms] [ERROR] Client Error in reaching server endpoint - No response received when attempting to reach /_stcore/health @ http://localhost:8538/static/js/index.D2ZqaFuW.js:16
[  630875ms] [ERROR] Is Streamlit still running? If you accidentally stopped Streamlit, just restart it in your terminal: @ http://localhost:8538/static/js/index.D2ZqaFuW.js:21
[  630898ms] [ERROR] Failed to load resource: net::ERR_CONNECTION_REFUSED @ http://localhost:8538/_stcore/host-config:0
[  632882ms] [ERROR] Failed to load resource: net::ERR_CONNECTION_REFUSED @ http://localhost:8538/_stcore/host-config:0
[  632882ms] [ERROR] Client Error in reaching server endpoint - No response received when attempting to reach /_stcore/host-config @ http://localhost:8538/static/js/index.D2ZqaFuW.js:16
[  632883ms] [ERROR] Is Streamlit still running? If you accidentally stopped Streamlit, just restart it in your terminal: @ http://localhost:8538/static/js/index.D2ZqaFuW.js:21
[  632906ms] [ERROR] Failed to load resource: net::ERR_CONNECTION_REFUSED @ http://localhost:8538/_stcore/health:0
[  634890ms] [ERROR] Failed to load resource: net::ERR_CONNECTION_REFUSED @ http://localhost:8538/_stcore/health:0
[  634890ms] [ERROR] Client Error in reaching server endpoint - No response received when attempting to reach /_stcore/health @ http://localhost:8538/static/js/index.D2ZqaFuW.js:16
[  634890ms] [ERROR] Is Streamlit still running? If you accidentally stopped Streamlit, just restart it in your terminal: @ http://localhost:8538/static/js/index.D2ZqaFuW.js:21
[  634913ms] [ERROR] Failed to load resource: net::ERR_CONNECTION_REFUSED @ http://localhost:8538/_stcore/host-config:0
[  636897ms] [ERROR] Failed to load resource: net::ERR_CONNECTION_REFUSED @ http://localhost:8538/_stcore/host-config:0
[  636898ms] [ERROR] Client Error in reaching server endpoint - No response received when attempting to reach /_stcore/host-config @ http://localhost:8538/static/js/index.D2ZqaFuW.js:16
[  636898ms] [ERROR] Is Streamlit still running? If you accidentally stopped Streamlit, just restart it in your terminal: @ http://localhost:8538/static/js/index.D2ZqaFuW.js:21
[  636920ms] [ERROR] Failed to load resource: net::ERR_CONNECTION_REFUSED @ http://localhost:8538/_stcore/health:0
[  638906ms] [ERROR] Failed to load resource: net::ERR_CONNECTION_REFUSED @ http://localhost:8538/_stcore/host-config:0
[  638906ms] [ERROR] Client Error in reaching server endpoint - No response received when attempting to reach /_stcore/host-config @ http://localhost:8538/static/js/index.D2ZqaFuW.js:16
[  638907ms] [ERROR] Is Streamlit still running? If you accidentally stopped Streamlit, just restart it in your terminal: @ http://localhost:8538/static/js/index.D2ZqaFuW.js:21
[  638907ms] [ERROR] Failed to load resource: net::ERR_CONNECTION_REFUSED @ http://localhost:8538/_stcore/health:0
[  640914ms] [ERROR] Failed to load resource: net::ERR_CONNECTION_REFUSED @ http://localhost:8538/_stcore/host-config:0
[  640914ms] [ERROR] Client Error in reaching server endpoint - No response received when attempting to reach /_stcore/host-config @ http://localhost:8538/static/js/index.D2ZqaFuW.js:16
[  640914ms] [ERROR] Is Streamlit still running? If you accidentally stopped Streamlit, just restart it in your terminal: @ http://localhost:8538/static/js/index.D2ZqaFuW.js:21
[  640936ms] [ERROR] Failed to load resource: net::ERR_CONNECTION_REFUSED @ http://localhost:8538/_stcore/health:0
[  642921ms] [ERROR] Failed to load resource: net::ERR_CONNECTION_REFUSED @ http://localhost:8538/_stcore/host-config:0
[  642921ms] [ERROR] Client Error in reaching server endpoint - No response received when attempting to reach /_stcore/host-config @ http://localhost:8538/static/js/index.D2ZqaFuW.js:16
[  642921ms] [ERROR] Is Streamlit still running? If you accidentally stopped Streamlit, just restart it in your terminal: @ http://localhost:8538/static/js/index.D2ZqaFuW.js:21
[  642941ms] [ERROR] Failed to load resource: net::ERR_CONNECTION_REFUSED @ http://localhost:8538/_stcore/health:0
[  644926ms] [ERROR] Failed to load resource: net::ERR_CONNECTION_REFUSED @ http://localhost:8538/_stcore/health:0
[  644927ms] [ERROR] Client Error in reaching server endpoint - No response received when attempting to reach /_stcore/health @ http://localhost:8538/static/js/index.D2ZqaFuW.js:16
[  644927ms] [ERROR] Is Streamlit still running? If you accidentally stopped Streamlit, just restart it in your terminal: @ http://localhost:8538/static/js/index.D2ZqaFuW.js:21
[  644946ms] [ERROR] Failed to load resource: net::ERR_CONNECTION_REFUSED @ http://localhost:8538/_stcore/host-config:0
[  646931ms] [ERROR] Failed to load resource: net::ERR_CONNECTION_REFUSED @ http://localhost:8538/_stcore/host-config:0
[  646931ms] [ERROR] Client Error in reaching server endpoint - No response received when attempting to reach /_stcore/host-config @ http://localhost:8538/static/js/index.D2ZqaFuW.js:16
[  646932ms] [ERROR] Is Streamlit still running? If you accidentally stopped Streamlit, just restart it in your terminal: @ http://localhost:8538/static/js/index.D2ZqaFuW.js:21
[  646952ms] [ERROR] Failed to load resource: net::ERR_CONNECTION_REFUSED @ http://localhost:8538/_stcore/health:0
[  648937ms] [ERROR] Failed to load resource: net::ERR_CONNECTION_REFUSED @ http://localhost:8538/_stcore/health:0
[  648937ms] [ERROR] Client Error in reaching server endpoint - No response received when attempting to reach /_stcore/health @ http://localhost:8538/static/js/index.D2ZqaFuW.js:16
[  648938ms] [ERROR] Is Streamlit still running? If you accidentally stopped Streamlit, just restart it in your terminal: @ http://localhost:8538/static/js/index.D2ZqaFuW.js:21
[  648961ms] [ERROR] Failed to load resource: net::ERR_CONNECTION_REFUSED @ http://localhost:8538/_stcore/host-config:0
[  650945ms] [ERROR] Failed to load resource: net::ERR_CONNECTION_REFUSED @ http://localhost:8538/_stcore/host-config:0
[  650945ms] [ERROR] Client Error in reaching server endpoint - No response received when attempting to reach /_stcore/host-config @ http://localhost:8538/static/js/index.D2ZqaFuW.js:16
[  650946ms] [ERROR] Is Streamlit still running? If you accidentally stopped Streamlit, just restart it in your terminal: @ http://localhost:8538/static/js/index.D2ZqaFuW.js:21
[  650968ms] [ERROR] Failed to load resource: net::ERR_CONNECTION_REFUSED @ http://localhost:8538/_stcore/health:0
[  653000ms] [ERROR] Failed to load resource: net::ERR_CONNECTION_REFUSED @ http://localhost:8538/_stcore/health:0
[  653000ms] [ERROR] Client Error in reaching server endpoint - No response received when attempting to reach /_stcore/health @ http://localhost:8538/static/js/index.D2ZqaFuW.js:16
[  653000ms] [ERROR] Is Streamlit still running? If you accidentally stopped Streamlit, just restart it in your terminal: @ http://localhost:8538/static/js/index.D2ZqaFuW.js:21
[  653001ms] [ERROR] Failed to load resource: net::ERR_CONNECTION_REFUSED @ http://localhost:8538/_stcore/host-config:0
[  655009ms] [ERROR] Failed to load resource: net::ERR_CONNECTION_REFUSED @ http://localhost:8538/_stcore/health:0
[  655009ms] [ERROR] Client Error in reaching server endpoint - No response received when attempting to reach /_stcore/health @ http://localhost:8538/static/js/index.D2ZqaFuW.js:16
[  655009ms] [ERROR] Is Streamlit still running? If you accidentally stopped Streamlit, just restart it in your terminal: @ http://localhost:8538/static/js/index.D2ZqaFuW.js:21
[  655037ms] [ERROR] Failed to load resource: net::ERR_CONNECTION_REFUSED @ http://localhost:8538/_stcore/host-config:0
[  657014ms] [ERROR] Failed to load resource: net::ERR_CONNECTION_REFUSED @ http://localhost:8538/_stcore/health:0
[  657014ms] [ERROR] Client Error in reaching server endpoint - No response received when attempting to reach /_stcore/health @ http://localhost:8538/static/js/index.D2ZqaFuW.js:16
[  657014ms] [ERROR] Is Streamlit still running? If you accidentally stopped Streamlit, just restart it in your terminal: @ http://localhost:8538/static/js/index.D2ZqaFuW.js:21
[  657043ms] [ERROR] Failed to load resource: net::ERR_CONNECTION_REFUSED @ http://localhost:8538/_stcore/host-config:0
[  659021ms] [ERROR] Failed to load resource: net::ERR_CONNECTION_REFUSED @ http://localhost:8538/_stcore/health:0
[  659021ms] [ERROR] Client Error in reaching server endpoint - No response received when attempting to reach /_stcore/health @ http://localhost:8538/static/js/index.D2ZqaFuW.js:16
[  659021ms] [ERROR] Is Streamlit still running? If you accidentally stopped Streamlit, just restart it in your terminal: @ http://localhost:8538/static/js/index.D2ZqaFuW.js:21
[  659047ms] [ERROR] Failed to load resource: net::ERR_CONNECTION_REFUSED @ http://localhost:8538/_stcore/host-config:0
[  661030ms] [ERROR] Failed to load resource: net::ERR_CONNECTION_REFUSED @ http://localhost:8538/_stcore/health:0
[  661031ms] [ERROR] Client Error in reaching server endpoint - No response received when attempting to reach /_stcore/health @ http://localhost:8538/static/js/index.D2ZqaFuW.js:16
[  661031ms] [ERROR] Is Streamlit still running? If you accidentally stopped Streamlit, just restart it in your terminal: @ http://localhost:8538/static/js/index.D2ZqaFuW.js:21
[  661058ms] [ERROR] Failed to load resource: net::ERR_CONNECTION_REFUSED @ http://localhost:8538/_stcore/host-config:0
[  663048ms] [ERROR] Failed to load resource: net::ERR_CONNECTION_REFUSED @ http://localhost:8538/_stcore/health:0
[  663048ms] [ERROR] Client Error in reaching server endpoint - No response received when attempting to reach /_stcore/health @ http://localhost:8538/static/js/index.D2ZqaFuW.js:16
[  663048ms] [ERROR] Is Streamlit still running? If you accidentally stopped Streamlit, just restart it in your terminal: @ http://localhost:8538/static/js/index.D2ZqaFuW.js:21
[  663099ms] [ERROR] Failed to load resource: net::ERR_CONNECTION_REFUSED @ http://localhost:8538/_stcore/host-config:0
[  665053ms] [ERROR] Failed to load resource: net::ERR_CONNECTION_REFUSED @ http://localhost:8538/_stcore/health:0
[  665053ms] [ERROR] Client Error in reaching server endpoint - No response received when attempting to reach /_stcore/health @ http://localhost:8538/static/js/index.D2ZqaFuW.js:16
[  665053ms] [ERROR] Is Streamlit still running? If you accidentally stopped Streamlit, just restart it in your terminal: @ http://localhost:8538/static/js/index.D2ZqaFuW.js:21
[  665078ms] [ERROR] Failed to load resource: net::ERR_CONNECTION_REFUSED @ http://localhost:8538/_stcore/host-config:0
[  667062ms] [ERROR] Failed to load resource: net::ERR_CONNECTION_REFUSED @ http://localhost:8538/_stcore/host-config:0
[  667062ms] [ERROR] Client Error in reaching server endpoint - No response received when attempting to reach /_stcore/host-config @ http://localhost:8538/static/js/index.D2ZqaFuW.js:16
[  667062ms] [ERROR] Is Streamlit still running? If you accidentally stopped Streamlit, just restart it in your terminal: @ http://localhost:8538/static/js/index.D2ZqaFuW.js:21
[  667094ms] [ERROR] Failed to load resource: net::ERR_CONNECTION_REFUSED @ http://localhost:8538/_stcore/health:0
[  669070ms] [ERROR] Failed to load resource: net::ERR_CONNECTION_REFUSED @ http://localhost:8538/_stcore/health:0
[  669070ms] [ERROR] Client Error in reaching server endpoint - No response received when attempting to reach /_stcore/health @ http://localhost:8538/static/js/index.D2ZqaFuW.js:16
[  669070ms] [ERROR] Is Streamlit still running? If you accidentally stopped Streamlit, just restart it in your terminal: @ http://localhost:8538/static/js/index.D2ZqaFuW.js:21
[  669094ms] [ERROR] Failed to load resource: net::ERR_CONNECTION_REFUSED @ http://localhost:8538/_stcore/host-config:0
[  671079ms] [ERROR] Failed to load resource: net::ERR_CONNECTION_REFUSED @ http://localhost:8538/_stcore/health:0
[  671080ms] [ERROR] Client Error in reaching server endpoint - No response received when attempting to reach /_stcore/health @ http://localhost:8538/static/js/index.D2ZqaFuW.js:16
[  671080ms] [ERROR] Is Streamlit still running? If you accidentally stopped Streamlit, just restart it in your terminal: @ http://localhost:8538/static/js/index.D2ZqaFuW.js:21
[  671108ms] [ERROR] Failed to load resource: net::ERR_CONNECTION_REFUSED @ http://localhost:8538/_stcore/host-config:0
[  673092ms] [ERROR] Failed to load resource: net::ERR_CONNECTION_REFUSED @ http://localhost:8538/_stcore/host-config:0
[  673092ms] [ERROR] Client Error in reaching server endpoint - No response received when attempting to reach /_stcore/host-config @ http://localhost:8538/static/js/index.D2ZqaFuW.js:16
[  673092ms] [ERROR] Is Streamlit still running? If you accidentally stopped Streamlit, just restart it in your terminal: @ http://localhost:8538/static/js/index.D2ZqaFuW.js:21
[  673117ms] [ERROR] Failed to load resource: net::ERR_CONNECTION_REFUSED @ http://localhost:8538/_stcore/health:0
[  675099ms] [ERROR] Failed to load resource: net::ERR_CONNECTION_REFUSED @ http://localhost:8538/_stcore/host-config:0
[  675099ms] [ERROR] Client Error in reaching server endpoint - No response received when attempting to reach /_stcore/host-config @ http://localhost:8538/static/js/index.D2ZqaFuW.js:16
[  675100ms] [ERROR] Is Streamlit still running? If you accidentally stopped Streamlit, just restart it in your terminal: @ http://localhost:8538/static/js/index.D2ZqaFuW.js:21
[  675122ms] [ERROR] Failed to load resource: net::ERR_CONNECTION_REFUSED @ http://localhost:8538/_stcore/health:0
[  677107ms] [ERROR] Failed to load resource: net::ERR_CONNECTION_REFUSED @ http://localhost:8538/_stcore/health:0
[  677107ms] [ERROR] Client Error in reaching server endpoint - No response received when attempting to reach /_stcore/health @ http://localhost:8538/static/js/index.D2ZqaFuW.js:16
[  677107ms] [ERROR] Is Streamlit still running? If you accidentally stopped Streamlit, just restart it in your terminal: @ http://localhost:8538/static/js/index.D2ZqaFuW.js:21
[  677132ms] [ERROR] Failed to load resource: net::ERR_CONNECTION_REFUSED @ http://localhost:8538/_stcore/host-config:0
[  679114ms] [ERROR] Failed to load resource: net::ERR_CONNECTION_REFUSED @ http://localhost:8538/_stcore/health:0
[  679114ms] [ERROR] Client Error in reaching server endpoint - No response received when attempting to reach /_stcore/health @ http://localhost:8538/static/js/index.D2ZqaFuW.js:16
[  679115ms] [ERROR] Is Streamlit still running? If you accidentally stopped Streamlit, just restart it in your terminal: @ http://localhost:8538/static/js/index.D2ZqaFuW.js:21
[  679136ms] [ERROR] Failed to load resource: net::ERR_CONNECTION_REFUSED @ http://localhost:8538/_stcore/host-config:0
[  681121ms] [ERROR] Failed to load resource: net::ERR_CONNECTION_REFUSED @ http://localhost:8538/_stcore/health:0
[  681121ms] [ERROR] Client Error in reaching server endpoint - No response received when attempting to reach /_stcore/health @ http://localhost:8538/static/js/index.D2ZqaFuW.js:16
[  681121ms] [ERROR] Is Streamlit still running? If you accidentally stopped Streamlit, just restart it in your terminal: @ http://localhost:8538/static/js/index.D2ZqaFuW.js:21
[  681144ms] [ERROR] Failed to load resource: net::ERR_CONNECTION_REFUSED @ http://localhost:8538/_stcore/host-config:0
[  683130ms] [ERROR] Failed to load resource: net::ERR_CONNECTION_REFUSED @ http://localhost:8538/_stcore/health:0
[  683130ms] [ERROR] Client Error in reaching server endpoint - No response received when attempting to reach /_stcore/health @ http://localhost:8538/static/js/index.D2ZqaFuW.js:16
[  683130ms] [ERROR] Is Streamlit still running? If you accidentally stopped Streamlit, just restart it in your terminal: @ http://localhost:8538/static/js/index.D2ZqaFuW.js:21
[  683163ms] [ERROR] Failed to load resource: net::ERR_CONNECTION_REFUSED @ http://localhost:8538/_stcore/host-config:0
[  685136ms] [ERROR] Failed to load resource: net::ERR_CONNECTION_REFUSED @ http://localhost:8538/_stcore/host-config:0
[  685136ms] [ERROR] Client Error in reaching server endpoint - No response received when attempting to reach /_stcore/host-config @ http://localhost:8538/static/js/index.D2ZqaFuW.js:16
[  685136ms] [ERROR] Is Streamlit still running? If you accidentally stopped Streamlit, just restart it in your terminal: @ http://localhost:8538/static/js/index.D2ZqaFuW.js:21
[  685159ms] [ERROR] Failed to load resource: net::ERR_CONNECTION_REFUSED @ http://localhost:8538/_stcore/health:0
[  687141ms] [ERROR] Failed to load resource: net::ERR_CONNECTION_REFUSED @ http://localhost:8538/_stcore/health:0
[  687141ms] [ERROR] Client Error in reaching server endpoint - No response received when attempting to reach /_stcore/health @ http://localhost:8538/static/js/index.D2ZqaFuW.js:16
[  687142ms] [ERROR] Is Streamlit still running? If you accidentally stopped Streamlit, just restart it in your terminal: @ http://localhost:8538/static/js/index.D2ZqaFuW.js:21
[  687166ms] [ERROR] Failed to load resource: net::ERR_CONNECTION_REFUSED @ http://localhost:8538/_stcore/host-config:0
[  689149ms] [ERROR] Failed to load resource: net::ERR_CONNECTION_REFUSED @ http://localhost:8538/_stcore/health:0
[  689149ms] [ERROR] Client Error in reaching server endpoint - No response received when attempting to reach /_stcore/health @ http://localhost:8538/static/js/index.D2ZqaFuW.js:16
[  689150ms] [ERROR] Is Streamlit still running? If you accidentally stopped Streamlit, just restart it in your terminal: @ http://localhost:8538/static/js/index.D2ZqaFuW.js:21
[  689150ms] [ERROR] Failed to load resource: net::ERR_CONNECTION_REFUSED @ http://localhost:8538/_stcore/host-config:0
[  691157ms] [ERROR] Failed to load resource: net::ERR_CONNECTION_REFUSED @ http://localhost:8538/_stcore/health:0
[  691157ms] [ERROR] Client Error in reaching server endpoint - No response received when attempting to reach /_stcore/health @ http://localhost:8538/static/js/index.D2ZqaFuW.js:16
[  691157ms] [ERROR] Is Streamlit still running? If you accidentally stopped Streamlit, just restart it in your terminal: @ http://localhost:8538/static/js/index.D2ZqaFuW.js:21
[  691183ms] [ERROR] Failed to load resource: net::ERR_CONNECTION_REFUSED @ http://localhost:8538/_stcore/host-config:0
[  693164ms] [ERROR] Failed to load resource: net::ERR_CONNECTION_REFUSED @ http://localhost:8538/_stcore/health:0
[  693164ms] [ERROR] Client Error in reaching server endpoint - No response received when attempting to reach /_stcore/health @ http://localhost:8538/static/js/index.D2ZqaFuW.js:16
[  693164ms] [ERROR] Is Streamlit still running? If you accidentally stopped Streamlit, just restart it in your terminal: @ http://localhost:8538/static/js/index.D2ZqaFuW.js:21
[  693186ms] [ERROR] Failed to load resource: net::ERR_CONNECTION_REFUSED @ http://localhost:8538/_stcore/host-config:0
[  695171ms] [ERROR] Failed to load resource: net::ERR_CONNECTION_REFUSED @ http://localhost:8538/_stcore/health:0
[  695172ms] [ERROR] Client Error in reaching server endpoint - No response received when attempting to reach /_stcore/health @ http://localhost:8538/static/js/index.D2ZqaFuW.js:16
[  695172ms] [ERROR] Is Streamlit still running? If you accidentally stopped Streamlit, just restart it in your terminal: @ http://localhost:8538/static/js/index.D2ZqaFuW.js:21
[  695198ms] [ERROR] Failed to load resource: net::ERR_CONNECTION_REFUSED @ http://localhost:8538/_stcore/host-config:0
[  697181ms] [ERROR] Failed to load resource: net::ERR_CONNECTION_REFUSED @ http://localhost:8538/_stcore/health:0
[  697181ms] [ERROR] Client Error in reaching server endpoint - No response received when attempting to reach /_stcore/health @ http://localhost:8538/static/js/index.D2ZqaFuW.js:16
[  697181ms] [ERROR] Is Streamlit still running? If you accidentally stopped Streamlit, just restart it in your terminal: @ http://localhost:8538/static/js/index.D2ZqaFuW.js:21
[  697207ms] [ERROR] Failed to load resource: net::ERR_CONNECTION_REFUSED @ http://localhost:8538/_stcore/host-config:0
[  699188ms] [ERROR] Failed to load resource: net::ERR_CONNECTION_REFUSED @ http://localhost:8538/_stcore/health:0
[  699188ms] [ERROR] Client Error in reaching server endpoint - No response received when attempting to reach /_stcore/health @ http://localhost:8538/static/js/index.D2ZqaFuW.js:16
[  699188ms] [ERROR] Is Streamlit still running? If you accidentally stopped Streamlit, just restart it in your terminal: @ http://localhost:8538/static/js/index.D2ZqaFuW.js:21
[  699215ms] [ERROR] Failed to load resource: net::ERR_CONNECTION_REFUSED @ http://localhost:8538/_stcore/host-config:0
[  701200ms] [ERROR] Failed to load resource: net::ERR_CONNECTION_REFUSED @ http://localhost:8538/_stcore/health:0
[  701201ms] [ERROR] Client Error in reaching server endpoint - No response received when attempting to reach /_stcore/health @ http://localhost:8538/static/js/index.D2ZqaFuW.js:16
[  701201ms] [ERROR] Is Streamlit still running? If you accidentally stopped Streamlit, just restart it in your terminal: @ http://localhost:8538/static/js/index.D2ZqaFuW.js:21
[  701234ms] [ERROR] Failed to load resource: net::ERR_CONNECTION_REFUSED @ http://localhost:8538/_stcore/host-config:0
[  703208ms] [ERROR] Failed to load resource: net::ERR_CONNECTION_REFUSED @ http://localhost:8538/_stcore/health:0
[  703208ms] [ERROR] Client Error in reaching server endpoint - No response received when attempting to reach /_stcore/health @ http://localhost:8538/static/js/index.D2ZqaFuW.js:16
[  703209ms] [ERROR] Is Streamlit still running? If you accidentally stopped Streamlit, just restart it in your terminal: @ http://localhost:8538/static/js/index.D2ZqaFuW.js:21
[  703237ms] [ERROR] Failed to load resource: net::ERR_CONNECTION_REFUSED @ http://localhost:8538/_stcore/host-config:0
[  705215ms] [ERROR] Failed to load resource: net::ERR_CONNECTION_REFUSED @ http://localhost:8538/_stcore/health:0
[  705215ms] [ERROR] Client Error in reaching server endpoint - No response received when attempting to reach /_stcore/health @ http://localhost:8538/static/js/index.D2ZqaFuW.js:16
[  705215ms] [ERROR] Is Streamlit still running? If you accidentally stopped Streamlit, just restart it in your terminal: @ http://localhost:8538/static/js/index.D2ZqaFuW.js:21
[  705236ms] [ERROR] Failed to load resource: net::ERR_CONNECTION_REFUSED @ http://localhost:8538/_stcore/host-config:0
[  707223ms] [ERROR] Failed to load resource: net::ERR_CONNECTION_REFUSED @ http://localhost:8538/_stcore/health:0
[  707223ms] [ERROR] Client Error in reaching server endpoint - No response received when attempting to reach /_stcore/health @ http://localhost:8538/static/js/index.D2ZqaFuW.js:16
[  707223ms] [ERROR] Is Streamlit still running? If you accidentally stopped Streamlit, just restart it in your terminal: @ http://localhost:8538/static/js/index.D2ZqaFuW.js:21
[  707244ms] [ERROR] Failed to load resource: net::ERR_CONNECTION_REFUSED @ http://localhost:8538/_stcore/host-config:0
[  709231ms] [ERROR] Failed to load resource: net::ERR_CONNECTION_REFUSED @ http://localhost:8538/_stcore/health:0
[  709231ms] [ERROR] Client Error in reaching server endpoint - No response received when attempting to reach /_stcore/health @ http://localhost:8538/static/js/index.D2ZqaFuW.js:16
[  709232ms] [ERROR] Is Streamlit still running? If you accidentally stopped Streamlit, just restart it in your terminal: @ http://localhost:8538/static/js/index.D2ZqaFuW.js:21
[  709254ms] [ERROR] Failed to load resource: net::ERR_CONNECTION_REFUSED @ http://localhost:8538/_stcore/host-config:0
[  711238ms] [ERROR] Failed to load resource: net::ERR_CONNECTION_REFUSED @ http://localhost:8538/_stcore/health:0
[  711238ms] [ERROR] Client Error in reaching server endpoint - No response received when attempting to reach /_stcore/health @ http://localhost:8538/static/js/index.D2ZqaFuW.js:16
[  711238ms] [ERROR] Is Streamlit still running? If you accidentally stopped Streamlit, just restart it in your terminal: @ http://localhost:8538/static/js/index.D2ZqaFuW.js:21
[  711268ms] [ERROR] Failed to load resource: net::ERR_CONNECTION_REFUSED @ http://localhost:8538/_stcore/host-config:0
[  713252ms] [ERROR] Failed to load resource: net::ERR_CONNECTION_REFUSED @ http://localhost:8538/_stcore/host-config:0
[  713252ms] [ERROR] Client Error in reaching server endpoint - No response received when attempting to reach /_stcore/host-config @ http://localhost:8538/static/js/index.D2ZqaFuW.js:16
[  713252ms] [ERROR] Is Streamlit still running? If you accidentally stopped Streamlit, just restart it in your terminal: @ http://localhost:8538/static/js/index.D2ZqaFuW.js:21
[  713293ms] [ERROR] Failed to load resource: net::ERR_CONNECTION_REFUSED @ http://localhost:8538/_stcore/health:0
[  715258ms] [ERROR] Failed to load resource: net::ERR_CONNECTION_REFUSED @ http://localhost:8538/_stcore/host-config:0
[  715259ms] [ERROR] Client Error in reaching server endpoint - No response received when attempting to reach /_stcore/host-config @ http://localhost:8538/static/js/index.D2ZqaFuW.js:16
[  715259ms] [ERROR] Is Streamlit still running? If you accidentally stopped Streamlit, just restart it in your terminal: @ http://localhost:8538/static/js/index.D2ZqaFuW.js:21
[  715280ms] [ERROR] Failed to load resource: net::ERR_CONNECTION_REFUSED @ http://localhost:8538/_stcore/health:0
[  717266ms] [ERROR] Failed to load resource: net::ERR_CONNECTION_REFUSED @ http://localhost:8538/_stcore/health:0
[  717267ms] [ERROR] Client Error in reaching server endpoint - No response received when attempting to reach /_stcore/health @ http://localhost:8538/static/js/index.D2ZqaFuW.js:16
[  717267ms] [ERROR] Is Streamlit still running? If you accidentally stopped Streamlit, just restart it in your terminal: @ http://localhost:8538/static/js/index.D2ZqaFuW.js:21
[  717288ms] [ERROR] Failed to load resource: net::ERR_CONNECTION_REFUSED @ http://localhost:8538/_stcore/host-config:0
[  719274ms] [ERROR] Failed to load resource: net::ERR_CONNECTION_REFUSED @ http://localhost:8538/_stcore/health:0
[  719274ms] [ERROR] Client Error in reaching server endpoint - No response received when attempting to reach /_stcore/health @ http://localhost:8538/static/js/index.D2ZqaFuW.js:16
[  719274ms] [ERROR] Is Streamlit still running? If you accidentally stopped Streamlit, just restart it in your terminal: @ http://localhost:8538/static/js/index.D2ZqaFuW.js:21
[  719296ms] [ERROR] Failed to load resource: net::ERR_CONNECTION_REFUSED @ http://localhost:8538/_stcore/host-config:0
[  721282ms] [ERROR] Failed to load resource: net::ERR_CONNECTION_REFUSED @ http://localhost:8538/_stcore/health:0
[  721282ms] [ERROR] Client Error in reaching server endpoint - No response received when attempting to reach /_stcore/health @ http://localhost:8538/static/js/index.D2ZqaFuW.js:16
[  721282ms] [ERROR] Is Streamlit still running? If you accidentally stopped Streamlit, just restart it in your terminal: @ http://localhost:8538/static/js/index.D2ZqaFuW.js:21
[  721283ms] [ERROR] Failed to load resource: net::ERR_CONNECTION_REFUSED @ http://localhost:8538/_stcore/host-config:0
[  723289ms] [ERROR] Failed to load resource: net::ERR_CONNECTION_REFUSED @ http://localhost:8538/_stcore/health:0
[  723289ms] [ERROR] Client Error in reaching server endpoint - No response received when attempting to reach /_stcore/health @ http://localhost:8538/static/js/index.D2ZqaFuW.js:16
[  723290ms] [ERROR] Is Streamlit still running? If you accidentally stopped Streamlit, just restart it in your terminal: @ http://localhost:8538/static/js/index.D2ZqaFuW.js:21
[  723313ms] [ERROR] Failed to load resource: net::ERR_CONNECTION_REFUSED @ http://localhost:8538/_stcore/host-config:0
[  725299ms] [ERROR] Failed to load resource: net::ERR_CONNECTION_REFUSED @ http://localhost:8538/_stcore/health:0
[  725299ms] [ERROR] Client Error in reaching server endpoint - No response received when attempting to reach /_stcore/health @ http://localhost:8538/static/js/index.D2ZqaFuW.js:16
[  725299ms] [ERROR] Is Streamlit still running? If you accidentally stopped Streamlit, just restart it in your terminal: @ http://localhost:8538/static/js/index.D2ZqaFuW.js:21
[  725325ms] [ERROR] Failed to load resource: net::ERR_CONNECTION_REFUSED @ http://localhost:8538/_stcore/host-config:0
[  727306ms] [ERROR] Failed to load resource: net::ERR_CONNECTION_REFUSED @ http://localhost:8538/_stcore/health:0
[  727306ms] [ERROR] Client Error in reaching server endpoint - No response received when attempting to reach /_stcore/health @ http://localhost:8538/static/js/index.D2ZqaFuW.js:16
[  727307ms] [ERROR] Is Streamlit still running? If you accidentally stopped Streamlit, just restart it in your terminal: @ http://localhost:8538/static/js/index.D2ZqaFuW.js:21
[  727329ms] [ERROR] Failed to load resource: net::ERR_CONNECTION_REFUSED @ http://localhost:8538/_stcore/host-config:0
[  729315ms] [ERROR] Failed to load resource: net::ERR_CONNECTION_REFUSED @ http://localhost:8538/_stcore/host-config:0
[  729316ms] [ERROR] Client Error in reaching server endpoint - No response received when attempting to reach /_stcore/host-config @ http://localhost:8538/static/js/index.D2ZqaFuW.js:16
[  729316ms] [ERROR] Is Streamlit still running? If you accidentally stopped Streamlit, just restart it in your terminal: @ http://localhost:8538/static/js/index.D2ZqaFuW.js:21
[  729318ms] [ERROR] Failed to load resource: net::ERR_CONNECTION_REFUSED @ http://localhost:8538/_stcore/health:0
[  731323ms] [ERROR] Failed to load resource: net::ERR_CONNECTION_REFUSED @ http://localhost:8538/_stcore/host-config:0
[  731323ms] [ERROR] Client Error in reaching server endpoint - No response received when attempting to reach /_stcore/host-config @ http://localhost:8538/static/js/index.D2ZqaFuW.js:16
[  731324ms] [ERROR] Is Streamlit still running? If you accidentally stopped Streamlit, just restart it in your terminal: @ http://localhost:8538/static/js/index.D2ZqaFuW.js:21
[  731348ms] [ERROR] Failed to load resource: net::ERR_CONNECTION_REFUSED @ http://localhost:8538/_stcore/health:0
[  733331ms] [ERROR] Failed to load resource: net::ERR_CONNECTION_REFUSED @ http://localhost:8538/_stcore/health:0
[  733331ms] [ERROR] Client Error in reaching server endpoint - No response received when attempting to reach /_stcore/health @ http://localhost:8538/static/js/index.D2ZqaFuW.js:16
[  733332ms] [ERROR] Is Streamlit still running? If you accidentally stopped Streamlit, just restart it in your terminal: @ http://localhost:8538/static/js/index.D2ZqaFuW.js:21
[  733357ms] [ERROR] Failed to load resource: net::ERR_CONNECTION_REFUSED @ http://localhost:8538/_stcore/host-config:0
[  735345ms] [ERROR] Failed to load resource: net::ERR_CONNECTION_REFUSED @ http://localhost:8538/_stcore/health:0
[  735345ms] [ERROR] Client Error in reaching server endpoint - No response received when attempting to reach /_stcore/health @ http://localhost:8538/static/js/index.D2ZqaFuW.js:16
[  735345ms] [ERROR] Is Streamlit still running? If you accidentally stopped Streamlit, just restart it in your terminal: @ http://localhost:8538/static/js/index.D2ZqaFuW.js:21
[  735345ms] [ERROR] Failed to load resource: net::ERR_CONNECTION_REFUSED @ http://localhost:8538/_stcore/host-config:0
[  737363ms] [ERROR] Failed to load resource: net::ERR_CONNECTION_REFUSED @ http://localhost:8538/_stcore/health:0
[  737363ms] [ERROR] Client Error in reaching server endpoint - No response received when attempting to reach /_stcore/health @ http://localhost:8538/static/js/index.D2ZqaFuW.js:16
[  737363ms] [ERROR] Is Streamlit still running? If you accidentally stopped Streamlit, just restart it in your terminal: @ http://localhost:8538/static/js/index.D2ZqaFuW.js:21
[  737450ms] [ERROR] Failed to load resource: net::ERR_CONNECTION_REFUSED @ http://localhost:8538/_stcore/host-config:0
[  739370ms] [ERROR] Failed to load resource: net::ERR_CONNECTION_REFUSED @ http://localhost:8538/_stcore/health:0
[  739370ms] [ERROR] Client Error in reaching server endpoint - No response received when attempting to reach /_stcore/health @ http://localhost:8538/static/js/index.D2ZqaFuW.js:16
[  739370ms] [ERROR] Is Streamlit still running? If you accidentally stopped Streamlit, just restart it in your terminal: @ http://localhost:8538/static/js/index.D2ZqaFuW.js:21
[  739393ms] [ERROR] Failed to load resource: net::ERR_CONNECTION_REFUSED @ http://localhost:8538/_stcore/host-config:0
[  741378ms] [ERROR] Failed to load resource: net::ERR_CONNECTION_REFUSED @ http://localhost:8538/_stcore/health:0
[  741378ms] [ERROR] Client Error in reaching server endpoint - No response received when attempting to reach /_stcore/health @ http://localhost:8538/static/js/index.D2ZqaFuW.js:16
[  741378ms] [ERROR] Is Streamlit still running? If you accidentally stopped Streamlit, just restart it in your terminal: @ http://localhost:8538/static/js/index.D2ZqaFuW.js:21
[  741409ms] [ERROR] Failed to load resource: net::ERR_CONNECTION_REFUSED @ http://localhost:8538/_stcore/host-config:0
[  743386ms] [ERROR] Failed to load resource: net::ERR_CONNECTION_REFUSED @ http://localhost:8538/_stcore/health:0
[  743386ms] [ERROR] Client Error in reaching server endpoint - No response received when attempting to reach /_stcore/health @ http://localhost:8538/static/js/index.D2ZqaFuW.js:16
[  743387ms] [ERROR] Is Streamlit still running? If you accidentally stopped Streamlit, just restart it in your terminal: @ http://localhost:8538/static/js/index.D2ZqaFuW.js:21
[  743412ms] [ERROR] Failed to load resource: net::ERR_CONNECTION_REFUSED @ http://localhost:8538/_stcore/host-config:0
[  745394ms] [ERROR] Failed to load resource: net::ERR_CONNECTION_REFUSED @ http://localhost:8538/_stcore/health:0
[  745394ms] [ERROR] Client Error in reaching server endpoint - No response received when attempting to reach /_stcore/health @ http://localhost:8538/static/js/index.D2ZqaFuW.js:16
[  745394ms] [ERROR] Is Streamlit still running? If you accidentally stopped Streamlit, just restart it in your terminal: @ http://localhost:8538/static/js/index.D2ZqaFuW.js:21
[  745420ms] [ERROR] Failed to load resource: net::ERR_CONNECTION_REFUSED @ http://localhost:8538/_stcore/host-config:0
[  747401ms] [ERROR] Failed to load resource: net::ERR_CONNECTION_REFUSED @ http://localhost:8538/_stcore/host-config:0
[  747402ms] [ERROR] Client Error in reaching server endpoint - No response received when attempting to reach /_stcore/host-config @ http://localhost:8538/static/js/index.D2ZqaFuW.js:16
[  747402ms] [ERROR] Is Streamlit still running? If you accidentally stopped Streamlit, just restart it in your terminal: @ http://localhost:8538/static/js/index.D2ZqaFuW.js:21
[  747423ms] [ERROR] Failed to load resource: net::ERR_CONNECTION_REFUSED @ http://localhost:8538/_stcore/health:0
[  749410ms] [ERROR] Failed to load resource: net::ERR_CONNECTION_REFUSED @ http://localhost:8538/_stcore/health:0
[  749411ms] [ERROR] Client Error in reaching server endpoint - No response received when attempting to reach /_stcore/health @ http://localhost:8538/static/js/index.D2ZqaFuW.js:16
[  749411ms] [ERROR] Is Streamlit still running? If you accidentally stopped Streamlit, just restart it in your terminal: @ http://localhost:8538/static/js/index.D2ZqaFuW.js:21
[  749442ms] [ERROR] Failed to load resource: net::ERR_CONNECTION_REFUSED @ http://localhost:8538/_stcore/host-config:0
[  751418ms] [ERROR] Failed to load resource: net::ERR_CONNECTION_REFUSED @ http://localhost:8538/_stcore/health:0
[  751418ms] [ERROR] Client Error in reaching server endpoint - No response received when attempting to reach /_stcore/health @ http://localhost:8538/static/js/index.D2ZqaFuW.js:16
[  751418ms] [ERROR] Is Streamlit still running? If you accidentally stopped Streamlit, just restart it in your terminal: @ http://localhost:8538/static/js/index.D2ZqaFuW.js:21
[  751439ms] [ERROR] Failed to load resource: net::ERR_CONNECTION_REFUSED @ http://localhost:8538/_stcore/host-config:0
[  753426ms] [ERROR] Failed to load resource: net::ERR_CONNECTION_REFUSED @ http://localhost:8538/_stcore/host-config:0
[  753426ms] [ERROR] Client Error in reaching server endpoint - No response received when attempting to reach /_stcore/host-config @ http://localhost:8538/static/js/index.D2ZqaFuW.js:16
[  753426ms] [ERROR] Is Streamlit still running? If you accidentally stopped Streamlit, just restart it in your terminal: @ http://localhost:8538/static/js/index.D2ZqaFuW.js:21
[  753448ms] [ERROR] Failed to load resource: net::ERR_CONNECTION_REFUSED @ http://localhost:8538/_stcore/health:0
[  755433ms] [ERROR] Failed to load resource: net::ERR_CONNECTION_REFUSED @ http://localhost:8538/_stcore/health:0
[  755433ms] [ERROR] Client Error in reaching server endpoint - No response received when attempting to reach /_stcore/health @ http://localhost:8538/static/js/index.D2ZqaFuW.js:16
[  755433ms] [ERROR] Is Streamlit still running? If you accidentally stopped Streamlit, just restart it in your terminal: @ http://localhost:8538/static/js/index.D2ZqaFuW.js:21
[  755457ms] [ERROR] Failed to load resource: net::ERR_CONNECTION_REFUSED @ http://localhost:8538/_stcore/host-config:0
[  757441ms] [ERROR] Failed to load resource: net::ERR_CONNECTION_REFUSED @ http://localhost:8538/_stcore/health:0
[  757441ms] [ERROR] Client Error in reaching server endpoint - No response received when attempting to reach /_stcore/health @ http://localhost:8538/static/js/index.D2ZqaFuW.js:16
[  757441ms] [ERROR] Is Streamlit still running? If you accidentally stopped Streamlit, just restart it in your terminal: @ http://localhost:8538/static/js/index.D2ZqaFuW.js:21
[  757463ms] [ERROR] Failed to load resource: net::ERR_CONNECTION_REFUSED @ http://localhost:8538/_stcore/host-config:0
[  759450ms] [ERROR] Failed to load resource: net::ERR_CONNECTION_REFUSED @ http://localhost:8538/_stcore/health:0
[  759451ms] [ERROR] Client Error in reaching server endpoint - No response received when attempting to reach /_stcore/health @ http://localhost:8538/static/js/index.D2ZqaFuW.js:16
[  759452ms] [ERROR] Is Streamlit still running? If you accidentally stopped Streamlit, just restart it in your terminal: @ http://localhost:8538/static/js/index.D2ZqaFuW.js:21
[  759515ms] [ERROR] Failed to load resource: net::ERR_CONNECTION_REFUSED @ http://localhost:8538/_stcore/host-config:0
[  761459ms] [ERROR] Failed to load resource: net::ERR_CONNECTION_REFUSED @ http://localhost:8538/_stcore/health:0
[  761459ms] [ERROR] Client Error in reaching server endpoint - No response received when attempting to reach /_stcore/health @ http://localhost:8538/static/js/index.D2ZqaFuW.js:16
[  761459ms] [ERROR] Is Streamlit still running? If you accidentally stopped Streamlit, just restart it in your terminal: @ http://localhost:8538/static/js/index.D2ZqaFuW.js:21
[  761481ms] [ERROR] Failed to load resource: net::ERR_CONNECTION_REFUSED @ http://localhost:8538/_stcore/host-config:0
[  763466ms] [ERROR] Failed to load resource: net::ERR_CONNECTION_REFUSED @ http://localhost:8538/_stcore/health:0
[  763466ms] [ERROR] Client Error in reaching server endpoint - No response received when attempting to reach /_stcore/health @ http://localhost:8538/static/js/index.D2ZqaFuW.js:16
[  763466ms] [ERROR] Is Streamlit still running? If you accidentally stopped Streamlit, just restart it in your terminal: @ http://localhost:8538/static/js/index.D2ZqaFuW.js:21
[  763488ms] [ERROR] Failed to load resource: net::ERR_CONNECTION_REFUSED @ http://localhost:8538/_stcore/host-config:0
[  765474ms] [ERROR] Failed to load resource: net::ERR_CONNECTION_REFUSED @ http://localhost:8538/_stcore/health:0
[  765474ms] [ERROR] Client Error in reaching server endpoint - No response received when attempting to reach /_stcore/health @ http://localhost:8538/static/js/index.D2ZqaFuW.js:16
[  765474ms] [ERROR] Is Streamlit still running? If you accidentally stopped Streamlit, just restart it in your terminal: @ http://localhost:8538/static/js/index.D2ZqaFuW.js:21
[  765496ms] [ERROR] Failed to load resource: net::ERR_CONNECTION_REFUSED @ http://localhost:8538/_stcore/host-config:0
[  767482ms] [ERROR] Failed to load resource: net::ERR_CONNECTION_REFUSED @ http://localhost:8538/_stcore/health:0
[  767482ms] [ERROR] Client Error in reaching server endpoint - No response received when attempting to reach /_stcore/health @ http://localhost:8538/static/js/index.D2ZqaFuW.js:16
[  767483ms] [ERROR] Is Streamlit still running? If you accidentally stopped Streamlit, just restart it in your terminal: @ http://localhost:8538/static/js/index.D2ZqaFuW.js:21
[  767483ms] [ERROR] Failed to load resource: net::ERR_CONNECTION_REFUSED @ http://localhost:8538/_stcore/host-config:0
[  769489ms] [ERROR] Failed to load resource: net::ERR_CONNECTION_REFUSED @ http://localhost:8538/_stcore/health:0
[  769489ms] [ERROR] Client Error in reaching server endpoint - No response received when attempting to reach /_stcore/health @ http://localhost:8538/static/js/index.D2ZqaFuW.js:16
[  769490ms] [ERROR] Is Streamlit still running? If you accidentally stopped Streamlit, just restart it in your terminal: @ http://localhost:8538/static/js/index.D2ZqaFuW.js:21
[  769512ms] [ERROR] Failed to load resource: net::ERR_CONNECTION_REFUSED @ http://localhost:8538/_stcore/host-config:0
[  771513ms] [ERROR] Failed to load resource: net::ERR_CONNECTION_REFUSED @ http://localhost:8538/_stcore/health:0
[  771513ms] [ERROR] Client Error in reaching server endpoint - No response received when attempting to reach /_stcore/health @ http://localhost:8538/static/js/index.D2ZqaFuW.js:16
[  771513ms] [ERROR] Is Streamlit still running? If you accidentally stopped Streamlit, just restart it in your terminal: @ http://localhost:8538/static/js/index.D2ZqaFuW.js:21
[  771554ms] [ERROR] Failed to load resource: net::ERR_CONNECTION_REFUSED @ http://localhost:8538/_stcore/host-config:0
[  773521ms] [ERROR] Failed to load resource: net::ERR_CONNECTION_REFUSED @ http://localhost:8538/_stcore/host-config:0
[  773521ms] [ERROR] Client Error in reaching server endpoint - No response received when attempting to reach /_stcore/host-config @ http://localhost:8538/static/js/index.D2ZqaFuW.js:16
[  773521ms] [ERROR] Is Streamlit still running? If you accidentally stopped Streamlit, just restart it in your terminal: @ http://localhost:8538/static/js/index.D2ZqaFuW.js:21
[  773544ms] [ERROR] Failed to load resource: net::ERR_CONNECTION_REFUSED @ http://localhost:8538/_stcore/health:0
[  775529ms] [ERROR] Failed to load resource: net::ERR_CONNECTION_REFUSED @ http://localhost:8538/_stcore/health:0
[  775529ms] [ERROR] Client Error in reaching server endpoint - No response received when attempting to reach /_stcore/health @ http://localhost:8538/static/js/index.D2ZqaFuW.js:16
[  775529ms] [ERROR] Is Streamlit still running? If you accidentally stopped Streamlit, just restart it in your terminal: @ http://localhost:8538/static/js/index.D2ZqaFuW.js:21
[  775564ms] [ERROR] Failed to load resource: net::ERR_CONNECTION_REFUSED @ http://localhost:8538/_stcore/host-config:0
[  777536ms] [ERROR] Failed to load resource: net::ERR_CONNECTION_REFUSED @ http://localhost:8538/_stcore/health:0
[  777536ms] [ERROR] Client Error in reaching server endpoint - No response received when attempting to reach /_stcore/health @ http://localhost:8538/static/js/index.D2ZqaFuW.js:16
[  777537ms] [ERROR] Is Streamlit still running? If you accidentally stopped Streamlit, just restart it in your terminal: @ http://localhost:8538/static/js/index.D2ZqaFuW.js:21
[  777581ms] [ERROR] Failed to load resource: net::ERR_CONNECTION_REFUSED @ http://localhost:8538/_stcore/host-config:0
[  779553ms] [ERROR] Failed to load resource: net::ERR_CONNECTION_REFUSED @ http://localhost:8538/_stcore/health:0
[  779553ms] [ERROR] Client Error in reaching server endpoint - No response received when attempting to reach /_stcore/health @ http://localhost:8538/static/js/index.D2ZqaFuW.js:16
[  779553ms] [ERROR] Is Streamlit still running? If you accidentally stopped Streamlit, just restart it in your terminal: @ http://localhost:8538/static/js/index.D2ZqaFuW.js:21
[  779626ms] [ERROR] Failed to load resource: net::ERR_CONNECTION_REFUSED @ http://localhost:8538/_stcore/host-config:0
[  781561ms] [ERROR] Failed to load resource: net::ERR_CONNECTION_REFUSED @ http://localhost:8538/_stcore/health:0
[  781561ms] [ERROR] Client Error in reaching server endpoint - No response received when attempting to reach /_stcore/health @ http://localhost:8538/static/js/index.D2ZqaFuW.js:16
[  781562ms] [ERROR] Is Streamlit still running? If you accidentally stopped Streamlit, just restart it in your terminal: @ http://localhost:8538/static/js/index.D2ZqaFuW.js:21
[  781585ms] [ERROR] Failed to load resource: net::ERR_CONNECTION_REFUSED @ http://localhost:8538/_stcore/host-config:0
[  783569ms] [ERROR] Failed to load resource: net::ERR_CONNECTION_REFUSED @ http://localhost:8538/_stcore/health:0
[  783569ms] [ERROR] Client Error in reaching server endpoint - No response received when attempting to reach /_stcore/health @ http://localhost:8538/static/js/index.D2ZqaFuW.js:16
[  783569ms] [ERROR] Is Streamlit still running? If you accidentally stopped Streamlit, just restart it in your terminal: @ http://localhost:8538/static/js/index.D2ZqaFuW.js:21
[  783591ms] [ERROR] Failed to load resource: net::ERR_CONNECTION_REFUSED @ http://localhost:8538/_stcore/host-config:0
[  785577ms] [ERROR] Failed to load resource: net::ERR_CONNECTION_REFUSED @ http://localhost:8538/_stcore/health:0
[  785577ms] [ERROR] Client Error in reaching server endpoint - No response received when attempting to reach /_stcore/health @ http://localhost:8538/static/js/index.D2ZqaFuW.js:16
[  785577ms] [ERROR] Is Streamlit still running? If you accidentally stopped Streamlit, just restart it in your terminal: @ http://localhost:8538/static/js/index.D2ZqaFuW.js:21
[  785600ms] [ERROR] Failed to load resource: net::ERR_CONNECTION_REFUSED @ http://localhost:8538/_stcore/host-config:0
[  787587ms] [ERROR] Failed to load resource: net::ERR_CONNECTION_REFUSED @ http://localhost:8538/_stcore/health:0
[  787587ms] [ERROR] Client Error in reaching server endpoint - No response received when attempting to reach /_stcore/health @ http://localhost:8538/static/js/index.D2ZqaFuW.js:16
[  787587ms] [ERROR] Is Streamlit still running? If you accidentally stopped Streamlit, just restart it in your terminal: @ http://localhost:8538/static/js/index.D2ZqaFuW.js:21
[  787610ms] [ERROR] Failed to load resource: net::ERR_CONNECTION_REFUSED @ http://localhost:8538/_stcore/host-config:0
[  789594ms] [ERROR] Failed to load resource: net::ERR_CONNECTION_REFUSED @ http://localhost:8538/_stcore/health:0
[  789595ms] [ERROR] Client Error in reaching server endpoint - No response received when attempting to reach /_stcore/health @ http://localhost:8538/static/js/index.D2ZqaFuW.js:16
[  789595ms] [ERROR] Is Streamlit still running? If you accidentally stopped Streamlit, just restart it in your terminal: @ http://localhost:8538/static/js/index.D2ZqaFuW.js:21
[  789617ms] [ERROR] Failed to load resource: net::ERR_CONNECTION_REFUSED @ http://localhost:8538/_stcore/host-config:0
[  791602ms] [ERROR] Failed to load resource: net::ERR_CONNECTION_REFUSED @ http://localhost:8538/_stcore/host-config:0
[  791602ms] [ERROR] Client Error in reaching server endpoint - No response received when attempting to reach /_stcore/host-config @ http://localhost:8538/static/js/index.D2ZqaFuW.js:16
[  791603ms] [ERROR] Is Streamlit still running? If you accidentally stopped Streamlit, just restart it in your terminal: @ http://localhost:8538/static/js/index.D2ZqaFuW.js:21
[  791625ms] [ERROR] Failed to load resource: net::ERR_CONNECTION_REFUSED @ http://localhost:8538/_stcore/health:0
[  793610ms] [ERROR] Failed to load resource: net::ERR_CONNECTION_REFUSED @ http://localhost:8538/_stcore/health:0
[  793610ms] [ERROR] Client Error in reaching server endpoint - No response received when attempting to reach /_stcore/health @ http://localhost:8538/static/js/index.D2ZqaFuW.js:16
[  793610ms] [ERROR] Is Streamlit still running? If you accidentally stopped Streamlit, just restart it in your terminal: @ http://localhost:8538/static/js/index.D2ZqaFuW.js:21
[  793632ms] [ERROR] Failed to load resource: net::ERR_CONNECTION_REFUSED @ http://localhost:8538/_stcore/host-config:0
[  795618ms] [ERROR] Failed to load resource: net::ERR_CONNECTION_REFUSED @ http://localhost:8538/_stcore/health:0
[  795618ms] [ERROR] Client Error in reaching server endpoint - No response received when attempting to reach /_stcore/health @ http://localhost:8538/static/js/index.D2ZqaFuW.js:16
[  795619ms] [ERROR] Is Streamlit still running? If you accidentally stopped Streamlit, just restart it in your terminal: @ http://localhost:8538/static/js/index.D2ZqaFuW.js:21
[  795642ms] [ERROR] Failed to load resource: net::ERR_CONNECTION_REFUSED @ http://localhost:8538/_stcore/host-config:0
[  797627ms] [ERROR] Failed to load resource: net::ERR_CONNECTION_REFUSED @ http://localhost:8538/_stcore/health:0
[  797627ms] [ERROR] Client Error in reaching server endpoint - No response received when attempting to reach /_stcore/health @ http://localhost:8538/static/js/index.D2ZqaFuW.js:16
[  797628ms] [ERROR] Is Streamlit still running? If you accidentally stopped Streamlit, just restart it in your terminal: @ http://localhost:8538/static/js/index.D2ZqaFuW.js:21
[  797648ms] [ERROR] Failed to load resource: net::ERR_CONNECTION_REFUSED @ http://localhost:8538/_stcore/host-config:0
[  799634ms] [ERROR] Failed to load resource: net::ERR_CONNECTION_REFUSED @ http://localhost:8538/_stcore/health:0
[  799635ms] [ERROR] Client Error in reaching server endpoint - No response received when attempting to reach /_stcore/health @ http://localhost:8538/static/js/index.D2ZqaFuW.js:16
[  799635ms] [ERROR] Is Streamlit still running? If you accidentally stopped Streamlit, just restart it in your terminal: @ http://localhost:8538/static/js/index.D2ZqaFuW.js:21
[  799657ms] [ERROR] Failed to load resource: net::ERR_CONNECTION_REFUSED @ http://localhost:8538/_stcore/host-config:0
[  801642ms] [ERROR] Failed to load resource: net::ERR_CONNECTION_REFUSED @ http://localhost:8538/_stcore/health:0
[  801642ms] [ERROR] Client Error in reaching server endpoint - No response received when attempting to reach /_stcore/health @ http://localhost:8538/static/js/index.D2ZqaFuW.js:16
[  801643ms] [ERROR] Is Streamlit still running? If you accidentally stopped Streamlit, just restart it in your terminal: @ http://localhost:8538/static/js/index.D2ZqaFuW.js:21
[  801665ms] [ERROR] Failed to load resource: net::ERR_CONNECTION_REFUSED @ http://localhost:8538/_stcore/host-config:0
[  803655ms] [ERROR] Failed to load resource: net::ERR_CONNECTION_REFUSED @ http://localhost:8538/_stcore/host-config:0
[  803656ms] [ERROR] Client Error in reaching server endpoint - No response received when attempting to reach /_stcore/host-config @ http://localhost:8538/static/js/index.D2ZqaFuW.js:16
[  803656ms] [ERROR] Is Streamlit still running? If you accidentally stopped Streamlit, just restart it in your terminal: @ http://localhost:8538/static/js/index.D2ZqaFuW.js:21
[  803695ms] [ERROR] Failed to load resource: net::ERR_CONNECTION_REFUSED @ http://localhost:8538/_stcore/health:0
[  805664ms] [ERROR] Failed to load resource: net::ERR_CONNECTION_REFUSED @ http://localhost:8538/_stcore/health:0
[  805664ms] [ERROR] Client Error in reaching server endpoint - No response received when attempting to reach /_stcore/health @ http://localhost:8538/static/js/index.D2ZqaFuW.js:16
[  805664ms] [ERROR] Is Streamlit still running? If you accidentally stopped Streamlit, just restart it in your terminal: @ http://localhost:8538/static/js/index.D2ZqaFuW.js:21
[  805686ms] [ERROR] Failed to load resource: net::ERR_CONNECTION_REFUSED @ http://localhost:8538/_stcore/host-config:0
[  807670ms] [ERROR] Failed to load resource: net::ERR_CONNECTION_REFUSED @ http://localhost:8538/_stcore/health:0
[  807670ms] [ERROR] Client Error in reaching server endpoint - No response received when attempting to reach /_stcore/health @ http://localhost:8538/static/js/index.D2ZqaFuW.js:16
[  807670ms] [ERROR] Is Streamlit still running? If you accidentally stopped Streamlit, just restart it in your terminal: @ http://localhost:8538/static/js/index.D2ZqaFuW.js:21
[  807694ms] [ERROR] Failed to load resource: net::ERR_CONNECTION_REFUSED @ http://localhost:8538/_stcore/host-config:0
[  809677ms] [ERROR] Failed to load resource: net::ERR_CONNECTION_REFUSED @ http://localhost:8538/_stcore/host-config:0
[  809678ms] [ERROR] Client Error in reaching server endpoint - No response received when attempting to reach /_stcore/host-config @ http://localhost:8538/static/js/index.D2ZqaFuW.js:16
[  809678ms] [ERROR] Is Streamlit still running? If you accidentally stopped Streamlit, just restart it in your terminal: @ http://localhost:8538/static/js/index.D2ZqaFuW.js:21
[  809701ms] [ERROR] Failed to load resource: net::ERR_CONNECTION_REFUSED @ http://localhost:8538/_stcore/health:0
[  811686ms] [ERROR] Failed to load resource: net::ERR_CONNECTION_REFUSED @ http://localhost:8538/_stcore/health:0
[  811686ms] [ERROR] Client Error in reaching server endpoint - No response received when attempting to reach /_stcore/health @ http://localhost:8538/static/js/index.D2ZqaFuW.js:16
[  811686ms] [ERROR] Is Streamlit still running? If you accidentally stopped Streamlit, just restart it in your terminal: @ http://localhost:8538/static/js/index.D2ZqaFuW.js:21
[  811710ms] [ERROR] Failed to load resource: net::ERR_CONNECTION_REFUSED @ http://localhost:8538/_stcore/host-config:0
[  813692ms] [ERROR] Failed to load resource: net::ERR_CONNECTION_REFUSED @ http://localhost:8538/_stcore/health:0
[  813692ms] [ERROR] Client Error in reaching server endpoint - No response received when attempting to reach /_stcore/health @ http://localhost:8538/static/js/index.D2ZqaFuW.js:16
[  813693ms] [ERROR] Is Streamlit still running? If you accidentally stopped Streamlit, just restart it in your terminal: @ http://localhost:8538/static/js/index.D2ZqaFuW.js:21
[  813716ms] [ERROR] Failed to load resource: net::ERR_CONNECTION_REFUSED @ http://localhost:8538/_stcore/host-config:0
[  815700ms] [ERROR] Failed to load resource: net::ERR_CONNECTION_REFUSED @ http://localhost:8538/_stcore/health:0
[  815700ms] [ERROR] Client Error in reaching server endpoint - No response received when attempting to reach /_stcore/health @ http://localhost:8538/static/js/index.D2ZqaFuW.js:16
[  815700ms] [ERROR] Is Streamlit still running? If you accidentally stopped Streamlit, just restart it in your terminal: @ http://localhost:8538/static/js/index.D2ZqaFuW.js:21
[  815723ms] [ERROR] Failed to load resource: net::ERR_CONNECTION_REFUSED @ http://localhost:8538/_stcore/host-config:0
[  817707ms] [ERROR] Failed to load resource: net::ERR_CONNECTION_REFUSED @ http://localhost:8538/_stcore/health:0
[  817707ms] [ERROR] Client Error in reaching server endpoint - No response received when attempting to reach /_stcore/health @ http://localhost:8538/static/js/index.D2ZqaFuW.js:16
[  817708ms] [ERROR] Is Streamlit still running? If you accidentally stopped Streamlit, just restart it in your terminal: @ http://localhost:8538/static/js/index.D2ZqaFuW.js:21
[  817730ms] [ERROR] Failed to load resource: net::ERR_CONNECTION_REFUSED @ http://localhost:8538/_stcore/host-config:0
[  819715ms] [ERROR] Failed to load resource: net::ERR_CONNECTION_REFUSED @ http://localhost:8538/_stcore/health:0
[  819715ms] [ERROR] Client Error in reaching server endpoint - No response received when attempting to reach /_stcore/health @ http://localhost:8538/static/js/index.D2ZqaFuW.js:16
[  819715ms] [ERROR] Is Streamlit still running? If you accidentally stopped Streamlit, just restart it in your terminal: @ http://localhost:8538/static/js/index.D2ZqaFuW.js:21
[  819737ms] [ERROR] Failed to load resource: net::ERR_CONNECTION_REFUSED @ http://localhost:8538/_stcore/host-config:0
[  821722ms] [ERROR] Failed to load resource: net::ERR_CONNECTION_REFUSED @ http://localhost:8538/_stcore/health:0
[  821723ms] [ERROR] Client Error in reaching server endpoint - No response received when attempting to reach /_stcore/health @ http://localhost:8538/static/js/index.D2ZqaFuW.js:16
[  821723ms] [ERROR] Is Streamlit still running? If you accidentally stopped Streamlit, just restart it in your terminal: @ http://localhost:8538/static/js/index.D2ZqaFuW.js:21
[  821747ms] [ERROR] Failed to load resource: net::ERR_CONNECTION_REFUSED @ http://localhost:8538/_stcore/host-config:0
[  823729ms] [ERROR] Failed to load resource: net::ERR_CONNECTION_REFUSED @ http://localhost:8538/_stcore/health:0
[  823730ms] [ERROR] Client Error in reaching server endpoint - No response received when attempting to reach /_stcore/health @ http://localhost:8538/static/js/index.D2ZqaFuW.js:16
[  823730ms] [ERROR] Is Streamlit still running? If you accidentally stopped Streamlit, just restart it in your terminal: @ http://localhost:8538/static/js/index.D2ZqaFuW.js:21
[  823752ms] [ERROR] Failed to load resource: net::ERR_CONNECTION_REFUSED @ http://localhost:8538/_stcore/host-config:0
[  825736ms] [ERROR] Failed to load resource: net::ERR_CONNECTION_REFUSED @ http://localhost:8538/_stcore/health:0
[  825736ms] [ERROR] Client Error in reaching server endpoint - No response received when attempting to reach /_stcore/health @ http://localhost:8538/static/js/index.D2ZqaFuW.js:16
[  825737ms] [ERROR] Is Streamlit still running? If you accidentally stopped Streamlit, just restart it in your terminal: @ http://localhost:8538/static/js/index.D2ZqaFuW.js:21
[  825759ms] [ERROR] Failed to load resource: net::ERR_CONNECTION_REFUSED @ http://localhost:8538/_stcore/host-config:0
[  827746ms] [ERROR] Failed to load resource: net::ERR_CONNECTION_REFUSED @ http://localhost:8538/_stcore/health:0
[  827747ms] [ERROR] Client Error in reaching server endpoint - No response received when attempting to reach /_stcore/health @ http://localhost:8538/static/js/index.D2ZqaFuW.js:16
[  827747ms] [ERROR] Is Streamlit still running? If you accidentally stopped Streamlit, just restart it in your terminal: @ http://localhost:8538/static/js/index.D2ZqaFuW.js:21
[  827777ms] [ERROR] Failed to load resource: net::ERR_CONNECTION_REFUSED @ http://localhost:8538/_stcore/host-config:0
[  829758ms] [ERROR] Failed to load resource: net::ERR_CONNECTION_REFUSED @ http://localhost:8538/_stcore/health:0
[  829759ms] [ERROR] Client Error in reaching server endpoint - No response received when attempting to reach /_stcore/health @ http://localhost:8538/static/js/index.D2ZqaFuW.js:16
[  829760ms] [ERROR] Is Streamlit still running? If you accidentally stopped Streamlit, just restart it in your terminal: @ http://localhost:8538/static/js/index.D2ZqaFuW.js:21
[  829837ms] [ERROR] Failed to load resource: net::ERR_CONNECTION_REFUSED @ http://localhost:8538/_stcore/host-config:0
[  831766ms] [ERROR] Failed to load resource: net::ERR_CONNECTION_REFUSED @ http://localhost:8538/_stcore/health:0
[  831766ms] [ERROR] Client Error in reaching server endpoint - No response received when attempting to reach /_stcore/health @ http://localhost:8538/static/js/index.D2ZqaFuW.js:16
[  831766ms] [ERROR] Is Streamlit still running? If you accidentally stopped Streamlit, just restart it in your terminal: @ http://localhost:8538/static/js/index.D2ZqaFuW.js:21
[  831800ms] [ERROR] Failed to load resource: net::ERR_CONNECTION_REFUSED @ http://localhost:8538/_stcore/host-config:0
[  833773ms] [ERROR] Failed to load resource: net::ERR_CONNECTION_REFUSED @ http://localhost:8538/_stcore/host-config:0
[  833774ms] [ERROR] Client Error in reaching server endpoint - No response received when attempting to reach /_stcore/host-config @ http://localhost:8538/static/js/index.D2ZqaFuW.js:16
[  833774ms] [ERROR] Is Streamlit still running? If you accidentally stopped Streamlit, just restart it in your terminal: @ http://localhost:8538/static/js/index.D2ZqaFuW.js:21
[  833797ms] [ERROR] Failed to load resource: net::ERR_CONNECTION_REFUSED @ http://localhost:8538/_stcore/health:0
[  835781ms] [ERROR] Failed to load resource: net::ERR_CONNECTION_REFUSED @ http://localhost:8538/_stcore/health:0
[  835781ms] [ERROR] Client Error in reaching server endpoint - No response received when attempting to reach /_stcore/health @ http://localhost:8538/static/js/index.D2ZqaFuW.js:16
[  835781ms] [ERROR] Is Streamlit still running? If you accidentally stopped Streamlit, just restart it in your terminal: @ http://localhost:8538/static/js/index.D2ZqaFuW.js:21
[  835803ms] [ERROR] Failed to load resource: net::ERR_CONNECTION_REFUSED @ http://localhost:8538/_stcore/host-config:0
[  837788ms] [ERROR] Failed to load resource: net::ERR_CONNECTION_REFUSED @ http://localhost:8538/_stcore/health:0
[  837788ms] [ERROR] Client Error in reaching server endpoint - No response received when attempting to reach /_stcore/health @ http://localhost:8538/static/js/index.D2ZqaFuW.js:16
[  837789ms] [ERROR] Is Streamlit still running? If you accidentally stopped Streamlit, just restart it in your terminal: @ http://localhost:8538/static/js/index.D2ZqaFuW.js:21
[  837811ms] [ERROR] Failed to load resource: net::ERR_CONNECTION_REFUSED @ http://localhost:8538/_stcore/host-config:0
[  839795ms] [ERROR] Failed to load resource: net::ERR_CONNECTION_REFUSED @ http://localhost:8538/_stcore/health:0
[  839796ms] [ERROR] Client Error in reaching server endpoint - No response received when attempting to reach /_stcore/health @ http://localhost:8538/static/js/index.D2ZqaFuW.js:16
[  839796ms] [ERROR] Is Streamlit still running? If you accidentally stopped Streamlit, just restart it in your terminal: @ http://localhost:8538/static/js/index.D2ZqaFuW.js:21
[  839818ms] [ERROR] Failed to load resource: net::ERR_CONNECTION_REFUSED @ http://localhost:8538/_stcore/host-config:0
[  841803ms] [ERROR] Failed to load resource: net::ERR_CONNECTION_REFUSED @ http://localhost:8538/_stcore/health:0
[  841803ms] [ERROR] Client Error in reaching server endpoint - No response received when attempting to reach /_stcore/health @ http://localhost:8538/static/js/index.D2ZqaFuW.js:16
[  841803ms] [ERROR] Is Streamlit still running? If you accidentally stopped Streamlit, just restart it in your terminal: @ http://localhost:8538/static/js/index.D2ZqaFuW.js:21
[  841804ms] [ERROR] Failed to load resource: net::ERR_CONNECTION_REFUSED @ http://localhost:8538/_stcore/host-config:0
[  843810ms] [ERROR] Failed to load resource: net::ERR_CONNECTION_REFUSED @ http://localhost:8538/_stcore/host-config:0
[  843811ms] [ERROR] Client Error in reaching server endpoint - No response received when attempting to reach /_stcore/host-config @ http://localhost:8538/static/js/index.D2ZqaFuW.js:16
[  843811ms] [ERROR] Is Streamlit still running? If you accidentally stopped Streamlit, just restart it in your terminal: @ http://localhost:8538/static/js/index.D2ZqaFuW.js:21
[  843833ms] [ERROR] Failed to load resource: net::ERR_CONNECTION_REFUSED @ http://localhost:8538/_stcore/health:0
[  845818ms] [ERROR] Failed to load resource: net::ERR_CONNECTION_REFUSED @ http://localhost:8538/_stcore/health:0
[  845818ms] [ERROR] Client Error in reaching server endpoint - No response received when attempting to reach /_stcore/health @ http://localhost:8538/static/js/index.D2ZqaFuW.js:16
[  845819ms] [ERROR] Is Streamlit still running? If you accidentally stopped Streamlit, just restart it in your terminal: @ http://localhost:8538/static/js/index.D2ZqaFuW.js:21
[  845841ms] [ERROR] Failed to load resource: net::ERR_CONNECTION_REFUSED @ http://localhost:8538/_stcore/host-config:0
[  847825ms] [ERROR] Failed to load resource: net::ERR_CONNECTION_REFUSED @ http://localhost:8538/_stcore/health:0
[  847826ms] [ERROR] Client Error in reaching server endpoint - No response received when attempting to reach /_stcore/health @ http://localhost:8538/static/js/index.D2ZqaFuW.js:16
[  847826ms] [ERROR] Is Streamlit still running? If you accidentally stopped Streamlit, just restart it in your terminal: @ http://localhost:8538/static/js/index.D2ZqaFuW.js:21
[  847848ms] [ERROR] Failed to load resource: net::ERR_CONNECTION_REFUSED @ http://localhost:8538/_stcore/host-config:0
[  849834ms] [ERROR] Failed to load resource: net::ERR_CONNECTION_REFUSED @ http://localhost:8538/_stcore/health:0
[  849834ms] [ERROR] Client Error in reaching server endpoint - No response received when attempting to reach /_stcore/health @ http://localhost:8538/static/js/index.D2ZqaFuW.js:16
[  849834ms] [ERROR] Is Streamlit still running? If you accidentally stopped Streamlit, just restart it in your terminal: @ http://localhost:8538/static/js/index.D2ZqaFuW.js:21
[  849856ms] [ERROR] Failed to load resource: net::ERR_CONNECTION_REFUSED @ http://localhost:8538/_stcore/host-config:0
[  851841ms] [ERROR] Failed to load resource: net::ERR_CONNECTION_REFUSED @ http://localhost:8538/_stcore/health:0
[  851841ms] [ERROR] Client Error in reaching server endpoint - No response received when attempting to reach /_stcore/health @ http://localhost:8538/static/js/index.D2ZqaFuW.js:16
[  851841ms] [ERROR] Is Streamlit still running? If you accidentally stopped Streamlit, just restart it in your terminal: @ http://localhost:8538/static/js/index.D2ZqaFuW.js:21
[  851864ms] [ERROR] Failed to load resource: net::ERR_CONNECTION_REFUSED @ http://localhost:8538/_stcore/host-config:0
[  853848ms] [ERROR] Failed to load resource: net::ERR_CONNECTION_REFUSED @ http://localhost:8538/_stcore/health:0
[  853848ms] [ERROR] Client Error in reaching server endpoint - No response received when attempting to reach /_stcore/health @ http://localhost:8538/static/js/index.D2ZqaFuW.js:16
[  853849ms] [ERROR] Is Streamlit still running? If you accidentally stopped Streamlit, just restart it in your terminal: @ http://localhost:8538/static/js/index.D2ZqaFuW.js:21
[  853871ms] [ERROR] Failed to load resource: net::ERR_CONNECTION_REFUSED @ http://localhost:8538/_stcore/host-config:0
[  855855ms] [ERROR] Failed to load resource: net::ERR_CONNECTION_REFUSED @ http://localhost:8538/_stcore/health:0
[  855855ms] [ERROR] Client Error in reaching server endpoint - No response received when attempting to reach /_stcore/health @ http://localhost:8538/static/js/index.D2ZqaFuW.js:16
[  855855ms] [ERROR] Is Streamlit still running? If you accidentally stopped Streamlit, just restart it in your terminal: @ http://localhost:8538/static/js/index.D2ZqaFuW.js:21
[  855879ms] [ERROR] Failed to load resource: net::ERR_CONNECTION_REFUSED @ http://localhost:8538/_stcore/host-config:0
[  857862ms] [ERROR] Failed to load resource: net::ERR_CONNECTION_REFUSED @ http://localhost:8538/_stcore/host-config:0
[  857863ms] [ERROR] Client Error in reaching server endpoint - No response received when attempting to reach /_stcore/host-config @ http://localhost:8538/static/js/index.D2ZqaFuW.js:16
[  857863ms] [ERROR] Is Streamlit still running? If you accidentally stopped Streamlit, just restart it in your terminal: @ http://localhost:8538/static/js/index.D2ZqaFuW.js:21
[  857884ms] [ERROR] Failed to load resource: net::ERR_CONNECTION_REFUSED @ http://localhost:8538/_stcore/health:0
[  859871ms] [ERROR] Failed to load resource: net::ERR_CONNECTION_REFUSED @ http://localhost:8538/_stcore/health:0
[  859871ms] [ERROR] Client Error in reaching server endpoint - No response received when attempting to reach /_stcore/health @ http://localhost:8538/static/js/index.D2ZqaFuW.js:16
[  859872ms] [ERROR] Is Streamlit still running? If you accidentally stopped Streamlit, just restart it in your terminal: @ http://localhost:8538/static/js/index.D2ZqaFuW.js:21
[  859899ms] [ERROR] Failed to load resource: net::ERR_CONNECTION_REFUSED @ http://localhost:8538/_stcore/host-config:0
[  861881ms] [ERROR] Failed to load resource: net::ERR_CONNECTION_REFUSED @ http://localhost:8538/_stcore/health:0
[  861881ms] [ERROR] Client Error in reaching server endpoint - No response received when attempting to reach /_stcore/health @ http://localhost:8538/static/js/index.D2ZqaFuW.js:16
[  861881ms] [ERROR] Is Streamlit still running? If you accidentally stopped Streamlit, just restart it in your terminal: @ http://localhost:8538/static/js/index.D2ZqaFuW.js:21
[  861904ms] [ERROR] Failed to load resource: net::ERR_CONNECTION_REFUSED @ http://localhost:8538/_stcore/host-config:0
[  863987ms] [ERROR] Failed to load resource: net::ERR_CONNECTION_REFUSED @ http://localhost:8538/_stcore/health:0
[  863988ms] [ERROR] Client Error in reaching server endpoint - No response received when attempting to reach /_stcore/health @ http://localhost:8538/static/js/index.D2ZqaFuW.js:16
[  863988ms] [ERROR] Is Streamlit still running? If you accidentally stopped Streamlit, just restart it in your terminal: @ http://localhost:8538/static/js/index.D2ZqaFuW.js:21
[  864040ms] [ERROR] Failed to load resource: net::ERR_CONNECTION_REFUSED @ http://localhost:8538/_stcore/host-config:0
[  865995ms] [ERROR] Failed to load resource: net::ERR_CONNECTION_REFUSED @ http://localhost:8538/_stcore/health:0
[  865995ms] [ERROR] Client Error in reaching server endpoint - No response received when attempting to reach /_stcore/health @ http://localhost:8538/static/js/index.D2ZqaFuW.js:16
[  865995ms] [ERROR] Is Streamlit still running? If you accidentally stopped Streamlit, just restart it in your terminal: @ http://localhost:8538/static/js/index.D2ZqaFuW.js:21
[  866019ms] [ERROR] Failed to load resource: net::ERR_CONNECTION_REFUSED @ http://localhost:8538/_stcore/host-config:0
[  868003ms] [ERROR] Failed to load resource: net::ERR_CONNECTION_REFUSED @ http://localhost:8538/_stcore/health:0
[  868003ms] [ERROR] Client Error in reaching server endpoint - No response received when attempting to reach /_stcore/health @ http://localhost:8538/static/js/index.D2ZqaFuW.js:16
[  868003ms] [ERROR] Is Streamlit still running? If you accidentally stopped Streamlit, just restart it in your terminal: @ http://localhost:8538/static/js/index.D2ZqaFuW.js:21
[  868028ms] [ERROR] Failed to load resource: net::ERR_CONNECTION_REFUSED @ http://localhost:8538/_stcore/host-config:0
[  870011ms] [ERROR] Failed to load resource: net::ERR_CONNECTION_REFUSED @ http://localhost:8538/_stcore/health:0
[  870011ms] [ERROR] Client Error in reaching server endpoint - No response received when attempting to reach /_stcore/health @ http://localhost:8538/static/js/index.D2ZqaFuW.js:16
[  870011ms] [ERROR] Is Streamlit still running? If you accidentally stopped Streamlit, just restart it in your terminal: @ http://localhost:8538/static/js/index.D2ZqaFuW.js:21
[  870035ms] [ERROR] Failed to load resource: net::ERR_CONNECTION_REFUSED @ http://localhost:8538/_stcore/host-config:0
[  872019ms] [ERROR] Failed to load resource: net::ERR_CONNECTION_REFUSED @ http://localhost:8538/_stcore/host-config:0
[  872019ms] [ERROR] Client Error in reaching server endpoint - No response received when attempting to reach /_stcore/host-config @ http://localhost:8538/static/js/index.D2ZqaFuW.js:16
[  872019ms] [ERROR] Is Streamlit still running? If you accidentally stopped Streamlit, just restart it in your terminal: @ http://localhost:8538/static/js/index.D2ZqaFuW.js:21
[  872019ms] [ERROR] Failed to load resource: net::ERR_CONNECTION_REFUSED @ http://localhost:8538/_stcore/health:0
[  874028ms] [ERROR] Failed to load resource: net::ERR_CONNECTION_REFUSED @ http://localhost:8538/_stcore/health:0
[  874028ms] [ERROR] Client Error in reaching server endpoint - No response received when attempting to reach /_stcore/health @ http://localhost:8538/static/js/index.D2ZqaFuW.js:16
[  874028ms] [ERROR] Is Streamlit still running? If you accidentally stopped Streamlit, just restart it in your terminal: @ http://localhost:8538/static/js/index.D2ZqaFuW.js:21
[  874057ms] [ERROR] Failed to load resource: net::ERR_CONNECTION_REFUSED @ http://localhost:8538/_stcore/host-config:0
[  876049ms] [ERROR] Failed to load resource: net::ERR_CONNECTION_REFUSED @ http://localhost:8538/_stcore/health:0
[  876050ms] [ERROR] Client Error in reaching server endpoint - No response received when attempting to reach /_stcore/health @ http://localhost:8538/static/js/index.D2ZqaFuW.js:16
[  876050ms] [ERROR] Is Streamlit still running? If you accidentally stopped Streamlit, just restart it in your terminal: @ http://localhost:8538/static/js/index.D2ZqaFuW.js:21
[  876129ms] [ERROR] Failed to load resource: net::ERR_CONNECTION_REFUSED @ http://localhost:8538/_stcore/host-config:0
[  878056ms] [ERROR] Failed to load resource: net::ERR_CONNECTION_REFUSED @ http://localhost:8538/_stcore/health:0
[  878056ms] [ERROR] Client Error in reaching server endpoint - No response received when attempting to reach /_stcore/health @ http://localhost:8538/static/js/index.D2ZqaFuW.js:16
[  878056ms] [ERROR] Is Streamlit still running? If you accidentally stopped Streamlit, just restart it in your terminal: @ http://localhost:8538/static/js/index.D2ZqaFuW.js:21
[  878084ms] [ERROR] Failed to load resource: net::ERR_CONNECTION_REFUSED @ http://localhost:8538/_stcore/host-config:0
[  880064ms] [ERROR] Failed to load resource: net::ERR_CONNECTION_REFUSED @ http://localhost:8538/_stcore/health:0
[  880064ms] [ERROR] Client Error in reaching server endpoint - No response received when attempting to reach /_stcore/health @ http://localhost:8538/static/js/index.D2ZqaFuW.js:16
[  880064ms] [ERROR] Is Streamlit still running? If you accidentally stopped Streamlit, just restart it in your terminal: @ http://localhost:8538/static/js/index.D2ZqaFuW.js:21
[  880087ms] [ERROR] Failed to load resource: net::ERR_CONNECTION_REFUSED @ http://localhost:8538/_stcore/host-config:0
[  882071ms] [ERROR] Failed to load resource: net::ERR_CONNECTION_REFUSED @ http://localhost:8538/_stcore/host-config:0
[  882071ms] [ERROR] Client Error in reaching server endpoint - No response received when attempting to reach /_stcore/host-config @ http://localhost:8538/static/js/index.D2ZqaFuW.js:16
[  882071ms] [ERROR] Is Streamlit still running? If you accidentally stopped Streamlit, just restart it in your terminal: @ http://localhost:8538/static/js/index.D2ZqaFuW.js:21
[  882096ms] [ERROR] Failed to load resource: net::ERR_CONNECTION_REFUSED @ http://localhost:8538/_stcore/health:0
[  884086ms] [ERROR] Failed to load resource: net::ERR_CONNECTION_REFUSED @ http://localhost:8538/_stcore/health:0
[  884086ms] [ERROR] Client Error in reaching server endpoint - No response received when attempting to reach /_stcore/health @ http://localhost:8538/static/js/index.D2ZqaFuW.js:16
[  884086ms] [ERROR] Is Streamlit still running? If you accidentally stopped Streamlit, just restart it in your terminal: @ http://localhost:8538/static/js/index.D2ZqaFuW.js:21
[  884106ms] [ERROR] Failed to load resource: net::ERR_CONNECTION_REFUSED @ http://localhost:8538/_stcore/host-config:0
[  886102ms] [ERROR] Failed to load resource: net::ERR_CONNECTION_REFUSED @ http://localhost:8538/_stcore/health:0
[  886102ms] [ERROR] Client Error in reaching server endpoint - No response received when attempting to reach /_stcore/health @ http://localhost:8538/static/js/index.D2ZqaFuW.js:16
[  886102ms] [ERROR] Is Streamlit still running? If you accidentally stopped Streamlit, just restart it in your terminal: @ http://localhost:8538/static/js/index.D2ZqaFuW.js:21
[  886102ms] [ERROR] Failed to load resource: net::ERR_CONNECTION_REFUSED @ http://localhost:8538/_stcore/host-config:0
[  888109ms] [ERROR] Failed to load resource: net::ERR_CONNECTION_REFUSED @ http://localhost:8538/_stcore/health:0
[  888109ms] [ERROR] Client Error in reaching server endpoint - No response received when attempting to reach /_stcore/health @ http://localhost:8538/static/js/index.D2ZqaFuW.js:16
[  888109ms] [ERROR] Is Streamlit still running? If you accidentally stopped Streamlit, just restart it in your terminal: @ http://localhost:8538/static/js/index.D2ZqaFuW.js:21
[  888131ms] [ERROR] Failed to load resource: net::ERR_CONNECTION_REFUSED @ http://localhost:8538/_stcore/host-config:0
[  890120ms] [ERROR] Failed to load resource: net::ERR_CONNECTION_REFUSED @ http://localhost:8538/_stcore/health:0
[  890120ms] [ERROR] Client Error in reaching server endpoint - No response received when attempting to reach /_stcore/health @ http://localhost:8538/static/js/index.D2ZqaFuW.js:16
[  890120ms] [ERROR] Is Streamlit still running? If you accidentally stopped Streamlit, just restart it in your terminal: @ http://localhost:8538/static/js/index.D2ZqaFuW.js:21
[  890141ms] [ERROR] Failed to load resource: net::ERR_CONNECTION_REFUSED @ http://localhost:8538/_stcore/host-config:0
[  892127ms] [ERROR] Failed to load resource: net::ERR_CONNECTION_REFUSED @ http://localhost:8538/_stcore/health:0
[  892127ms] [ERROR] Client Error in reaching server endpoint - No response received when attempting to reach /_stcore/health @ http://localhost:8538/static/js/index.D2ZqaFuW.js:16
[  892128ms] [ERROR] Is Streamlit still running? If you accidentally stopped Streamlit, just restart it in your terminal: @ http://localhost:8538/static/js/index.D2ZqaFuW.js:21
[  892128ms] [ERROR] Failed to load resource: net::ERR_CONNECTION_REFUSED @ http://localhost:8538/_stcore/host-config:0
[  894134ms] [ERROR] Failed to load resource: net::ERR_CONNECTION_REFUSED @ http://localhost:8538/_stcore/health:0
[  894135ms] [ERROR] Client Error in reaching server endpoint - No response received when attempting to reach /_stcore/health @ http://localhost:8538/static/js/index.D2ZqaFuW.js:16
[  894135ms] [ERROR] Is Streamlit still running? If you accidentally stopped Streamlit, just restart it in your terminal: @ http://localhost:8538/static/js/index.D2ZqaFuW.js:21
[  894158ms] [ERROR] Failed to load resource: net::ERR_CONNECTION_REFUSED @ http://localhost:8538/_stcore/host-config:0
[  896139ms] [ERROR] Failed to load resource: net::ERR_CONNECTION_REFUSED @ http://localhost:8538/_stcore/health:0
[  896139ms] [ERROR] Client Error in reaching server endpoint - No response received when attempting to reach /_stcore/health @ http://localhost:8538/static/js/index.D2ZqaFuW.js:16
[  896140ms] [ERROR] Is Streamlit still running? If you accidentally stopped Streamlit, just restart it in your terminal: @ http://localhost:8538/static/js/index.D2ZqaFuW.js:21
[  896161ms] [ERROR] Failed to load resource: net::ERR_CONNECTION_REFUSED @ http://localhost:8538/_stcore/host-config:0
[  898149ms] [ERROR] Failed to load resource: net::ERR_CONNECTION_REFUSED @ http://localhost:8538/_stcore/health:0
[  898149ms] [ERROR] Client Error in reaching server endpoint - No response received when attempting to reach /_stcore/health @ http://localhost:8538/static/js/index.D2ZqaFuW.js:16
[  898149ms] [ERROR] Is Streamlit still running? If you accidentally stopped Streamlit, just restart it in your terminal: @ http://localhost:8538/static/js/index.D2ZqaFuW.js:21
[  898181ms] [ERROR] Failed to load resource: net::ERR_CONNECTION_REFUSED @ http://localhost:8538/_stcore/host-config:0
[  900155ms] [ERROR] Failed to load resource: net::ERR_CONNECTION_REFUSED @ http://localhost:8538/_stcore/health:0
[  900156ms] [ERROR] Client Error in reaching server endpoint - No response received when attempting to reach /_stcore/health @ http://localhost:8538/static/js/index.D2ZqaFuW.js:16
[  900156ms] [ERROR] Is Streamlit still running? If you accidentally stopped Streamlit, just restart it in your terminal: @ http://localhost:8538/static/js/index.D2ZqaFuW.js:21
[  900183ms] [ERROR] Failed to load resource: net::ERR_CONNECTION_REFUSED @ http://localhost:8538/_stcore/host-config:0
[  902163ms] [ERROR] Failed to load resource: net::ERR_CONNECTION_REFUSED @ http://localhost:8538/_stcore/host-config:0
[  902163ms] [ERROR] Client Error in reaching server endpoint - No response received when attempting to reach /_stcore/host-config @ http://localhost:8538/static/js/index.D2ZqaFuW.js:16
[  902163ms] [ERROR] Is Streamlit still running? If you accidentally stopped Streamlit, just restart it in your terminal: @ http://localhost:8538/static/js/index.D2ZqaFuW.js:21
[  902197ms] [ERROR] Failed to load resource: net::ERR_CONNECTION_REFUSED @ http://localhost:8538/_stcore/health:0
[  904171ms] [ERROR] Failed to load resource: net::ERR_CONNECTION_REFUSED @ http://localhost:8538/_stcore/health:0
[  904171ms] [ERROR] Client Error in reaching server endpoint - No response received when attempting to reach /_stcore/health @ http://localhost:8538/static/js/index.D2ZqaFuW.js:16
[  904171ms] [ERROR] Is Streamlit still running? If you accidentally stopped Streamlit, just restart it in your terminal: @ http://localhost:8538/static/js/index.D2ZqaFuW.js:21
[  904197ms] [ERROR] Failed to load resource: net::ERR_CONNECTION_REFUSED @ http://localhost:8538/_stcore/host-config:0
[  906178ms] [ERROR] Failed to load resource: net::ERR_CONNECTION_REFUSED @ http://localhost:8538/_stcore/health:0
[  906178ms] [ERROR] Client Error in reaching server endpoint - No response received when attempting to reach /_stcore/health @ http://localhost:8538/static/js/index.D2ZqaFuW.js:16
[  906179ms] [ERROR] Is Streamlit still running? If you accidentally stopped Streamlit, just restart it in your terminal: @ http://localhost:8538/static/js/index.D2ZqaFuW.js:21
[  906201ms] [ERROR] Failed to load resource: net::ERR_CONNECTION_REFUSED @ http://localhost:8538/_stcore/host-config:0
[  908186ms] [ERROR] Failed to load resource: net::ERR_CONNECTION_REFUSED @ http://localhost:8538/_stcore/health:0
[  908186ms] [ERROR] Client Error in reaching server endpoint - No response received when attempting to reach /_stcore/health @ http://localhost:8538/static/js/index.D2ZqaFuW.js:16
[  908187ms] [ERROR] Is Streamlit still running? If you accidentally stopped Streamlit, just restart it in your terminal: @ http://localhost:8538/static/js/index.D2ZqaFuW.js:21
[  908210ms] [ERROR] Failed to load resource: net::ERR_CONNECTION_REFUSED @ http://localhost:8538/_stcore/host-config:0
[  910195ms] [ERROR] Failed to load resource: net::ERR_CONNECTION_REFUSED @ http://localhost:8538/_stcore/health:0
[  910195ms] [ERROR] Client Error in reaching server endpoint - No response received when attempting to reach /_stcore/health @ http://localhost:8538/static/js/index.D2ZqaFuW.js:16
[  910196ms] [ERROR] Is Streamlit still running? If you accidentally stopped Streamlit, just restart it in your terminal: @ http://localhost:8538/static/js/index.D2ZqaFuW.js:21
[  910219ms] [ERROR] Failed to load resource: net::ERR_CONNECTION_REFUSED @ http://localhost:8538/_stcore/host-config:0
[  912203ms] [ERROR] Failed to load resource: net::ERR_CONNECTION_REFUSED @ http://localhost:8538/_stcore/health:0
[  912203ms] [ERROR] Client Error in reaching server endpoint - No response received when attempting to reach /_stcore/health @ http://localhost:8538/static/js/index.D2ZqaFuW.js:16
[  912203ms] [ERROR] Is Streamlit still running? If you accidentally stopped Streamlit, just restart it in your terminal: @ http://localhost:8538/static/js/index.D2ZqaFuW.js:21
[  912226ms] [ERROR] Failed to load resource: net::ERR_CONNECTION_REFUSED @ http://localhost:8538/_stcore/host-config:0
[  914211ms] [ERROR] Failed to load resource: net::ERR_CONNECTION_REFUSED @ http://localhost:8538/_stcore/health:0
[  914211ms] [ERROR] Client Error in reaching server endpoint - No response received when attempting to reach /_stcore/health @ http://localhost:8538/static/js/index.D2ZqaFuW.js:16
[  914211ms] [ERROR] Is Streamlit still running? If you accidentally stopped Streamlit, just restart it in your terminal: @ http://localhost:8538/static/js/index.D2ZqaFuW.js:21
[  914234ms] [ERROR] Failed to load resource: net::ERR_CONNECTION_REFUSED @ http://localhost:8538/_stcore/host-config:0
[  916221ms] [ERROR] Failed to load resource: net::ERR_CONNECTION_REFUSED @ http://localhost:8538/_stcore/health:0
[  916221ms] [ERROR] Client Error in reaching server endpoint - No response received when attempting to reach /_stcore/health @ http://localhost:8538/static/js/index.D2ZqaFuW.js:16
[  916221ms] [ERROR] Is Streamlit still running? If you accidentally stopped Streamlit, just restart it in your terminal: @ http://localhost:8538/static/js/index.D2ZqaFuW.js:21
[  916251ms] [ERROR] Failed to load resource: net::ERR_CONNECTION_REFUSED @ http://localhost:8538/_stcore/host-config:0
[  918228ms] [ERROR] Failed to load resource: net::ERR_CONNECTION_REFUSED @ http://localhost:8538/_stcore/health:0
[  918228ms] [ERROR] Client Error in reaching server endpoint - No response received when attempting to reach /_stcore/health @ http://localhost:8538/static/js/index.D2ZqaFuW.js:16
[  918228ms] [ERROR] Is Streamlit still running? If you accidentally stopped Streamlit, just restart it in your terminal: @ http://localhost:8538/static/js/index.D2ZqaFuW.js:21
[  918252ms] [ERROR] Failed to load resource: net::ERR_CONNECTION_REFUSED @ http://localhost:8538/_stcore/host-config:0
[  920241ms] [ERROR] Failed to load resource: net::ERR_CONNECTION_REFUSED @ http://localhost:8538/_stcore/health:0
[  920242ms] [ERROR] Client Error in reaching server endpoint - No response received when attempting to reach /_stcore/health @ http://localhost:8538/static/js/index.D2ZqaFuW.js:16
[  920242ms] [ERROR] Is Streamlit still running? If you accidentally stopped Streamlit, just restart it in your terminal: @ http://localhost:8538/static/js/index.D2ZqaFuW.js:21
[  920242ms] [ERROR] Failed to load resource: net::ERR_CONNECTION_REFUSED @ http://localhost:8538/_stcore/host-config:0
[  922250ms] [ERROR] Failed to load resource: net::ERR_CONNECTION_REFUSED @ http://localhost:8538/_stcore/health:0
[  922250ms] [ERROR] Client Error in reaching server endpoint - No response received when attempting to reach /_stcore/health @ http://localhost:8538/static/js/index.D2ZqaFuW.js:16
[  922251ms] [ERROR] Is Streamlit still running? If you accidentally stopped Streamlit, just restart it in your terminal: @ http://localhost:8538/static/js/index.D2ZqaFuW.js:21
[  922276ms] [ERROR] Failed to load resource: net::ERR_CONNECTION_REFUSED @ http://localhost:8538/_stcore/host-config:0
[  924259ms] [ERROR] Failed to load resource: net::ERR_CONNECTION_REFUSED @ http://localhost:8538/_stcore/health:0
[  924259ms] [ERROR] Client Error in reaching server endpoint - No response received when attempting to reach /_stcore/health @ http://localhost:8538/static/js/index.D2ZqaFuW.js:16
[  924259ms] [ERROR] Is Streamlit still running? If you accidentally stopped Streamlit, just restart it in your terminal: @ http://localhost:8538/static/js/index.D2ZqaFuW.js:21
[  924285ms] [ERROR] Failed to load resource: net::ERR_CONNECTION_REFUSED @ http://localhost:8538/_stcore/host-config:0
[  926265ms] [ERROR] Failed to load resource: net::ERR_CONNECTION_REFUSED @ http://localhost:8538/_stcore/host-config:0
[  926265ms] [ERROR] Client Error in reaching server endpoint - No response received when attempting to reach /_stcore/host-config @ http://localhost:8538/static/js/index.D2ZqaFuW.js:16
[  926266ms] [ERROR] Is Streamlit still running? If you accidentally stopped Streamlit, just restart it in your terminal: @ http://localhost:8538/static/js/index.D2ZqaFuW.js:21
[  926291ms] [ERROR] Failed to load resource: net::ERR_CONNECTION_REFUSED @ http://localhost:8538/_stcore/health:0
[  928273ms] [ERROR] Failed to load resource: net::ERR_CONNECTION_REFUSED @ http://localhost:8538/_stcore/health:0
[  928273ms] [ERROR] Client Error in reaching server endpoint - No response received when attempting to reach /_stcore/health @ http://localhost:8538/static/js/index.D2ZqaFuW.js:16
[  928274ms] [ERROR] Is Streamlit still running? If you accidentally stopped Streamlit, just restart it in your terminal: @ http://localhost:8538/static/js/index.D2ZqaFuW.js:21
[  928296ms] [ERROR] Failed to load resource: net::ERR_CONNECTION_REFUSED @ http://localhost:8538/_stcore/host-config:0
[  930289ms] [ERROR] Failed to load resource: net::ERR_CONNECTION_REFUSED @ http://localhost:8538/_stcore/host-config:0
[  930289ms] [ERROR] Client Error in reaching server endpoint - No response received when attempting to reach /_stcore/host-config @ http://localhost:8538/static/js/index.D2ZqaFuW.js:16
[  930289ms] [ERROR] Is Streamlit still running? If you accidentally stopped Streamlit, just restart it in your terminal: @ http://localhost:8538/static/js/index.D2ZqaFuW.js:21
[  930356ms] [ERROR] Failed to load resource: net::ERR_CONNECTION_REFUSED @ http://localhost:8538/_stcore/health:0
[  932297ms] [ERROR] Failed to load resource: net::ERR_CONNECTION_REFUSED @ http://localhost:8538/_stcore/health:0
[  932297ms] [ERROR] Client Error in reaching server endpoint - No response received when attempting to reach /_stcore/health @ http://localhost:8538/static/js/index.D2ZqaFuW.js:16
[  932297ms] [ERROR] Is Streamlit still running? If you accidentally stopped Streamlit, just restart it in your terminal: @ http://localhost:8538/static/js/index.D2ZqaFuW.js:21
[  932322ms] [ERROR] Failed to load resource: net::ERR_CONNECTION_REFUSED @ http://localhost:8538/_stcore/host-config:0
[  934304ms] [ERROR] Failed to load resource: net::ERR_CONNECTION_REFUSED @ http://localhost:8538/_stcore/health:0
[  934305ms] [ERROR] Client Error in reaching server endpoint - No response received when attempting to reach /_stcore/health @ http://localhost:8538/static/js/index.D2ZqaFuW.js:16
[  934305ms] [ERROR] Is Streamlit still running? If you accidentally stopped Streamlit, just restart it in your terminal: @ http://localhost:8538/static/js/index.D2ZqaFuW.js:21
[  934328ms] [ERROR] Failed to load resource: net::ERR_CONNECTION_REFUSED @ http://localhost:8538/_stcore/host-config:0
[  936315ms] [ERROR] Failed to load resource: net::ERR_CONNECTION_REFUSED @ http://localhost:8538/_stcore/health:0
[  936315ms] [ERROR] Client Error in reaching server endpoint - No response received when attempting to reach /_stcore/health @ http://localhost:8538/static/js/index.D2ZqaFuW.js:16
[  936316ms] [ERROR] Is Streamlit still running? If you accidentally stopped Streamlit, just restart it in your terminal: @ http://localhost:8538/static/js/index.D2ZqaFuW.js:21
[  936338ms] [ERROR] Failed to load resource: net::ERR_CONNECTION_REFUSED @ http://localhost:8538/_stcore/host-config:0
[  938323ms] [ERROR] Failed to load resource: net::ERR_CONNECTION_REFUSED @ http://localhost:8538/_stcore/host-config:0
[  938323ms] [ERROR] Client Error in reaching server endpoint - No response received when attempting to reach /_stcore/host-config @ http://localhost:8538/static/js/index.D2ZqaFuW.js:16
[  938323ms] [ERROR] Is Streamlit still running? If you accidentally stopped Streamlit, just restart it in your terminal: @ http://localhost:8538/static/js/index.D2ZqaFuW.js:21
[  938349ms] [ERROR] Failed to load resource: net::ERR_CONNECTION_REFUSED @ http://localhost:8538/_stcore/health:0
[  940331ms] [ERROR] Failed to load resource: net::ERR_CONNECTION_REFUSED @ http://localhost:8538/_stcore/health:0
[  940331ms] [ERROR] Client Error in reaching server endpoint - No response received when attempting to reach /_stcore/health @ http://localhost:8538/static/js/index.D2ZqaFuW.js:16
[  940332ms] [ERROR] Is Streamlit still running? If you accidentally stopped Streamlit, just restart it in your terminal: @ http://localhost:8538/static/js/index.D2ZqaFuW.js:21
[  940355ms] [ERROR] Failed to load resource: net::ERR_CONNECTION_REFUSED @ http://localhost:8538/_stcore/host-config:0
[  942339ms] [ERROR] Failed to load resource: net::ERR_CONNECTION_REFUSED @ http://localhost:8538/_stcore/health:0
[  942339ms] [ERROR] Client Error in reaching server endpoint - No response received when attempting to reach /_stcore/health @ http://localhost:8538/static/js/index.D2ZqaFuW.js:16
[  942340ms] [ERROR] Is Streamlit still running? If you accidentally stopped Streamlit, just restart it in your terminal: @ http://localhost:8538/static/js/index.D2ZqaFuW.js:21
[  942363ms] [ERROR] Failed to load resource: net::ERR_CONNECTION_REFUSED @ http://localhost:8538/_stcore/host-config:0
[  944348ms] [ERROR] Failed to load resource: net::ERR_CONNECTION_REFUSED @ http://localhost:8538/_stcore/host-config:0
[  944348ms] [ERROR] Client Error in reaching server endpoint - No response received when attempting to reach /_stcore/host-config @ http://localhost:8538/static/js/index.D2ZqaFuW.js:16
[  944349ms] [ERROR] Is Streamlit still running? If you accidentally stopped Streamlit, just restart it in your terminal: @ http://localhost:8538/static/js/index.D2ZqaFuW.js:21
[  944376ms] [ERROR] Failed to load resource: net::ERR_CONNECTION_REFUSED @ http://localhost:8538/_stcore/health:0
[  946354ms] [ERROR] Failed to load resource: net::ERR_CONNECTION_REFUSED @ http://localhost:8538/_stcore/health:0
[  946355ms] [ERROR] Client Error in reaching server endpoint - No response received when attempting to reach /_stcore/health @ http://localhost:8538/static/js/index.D2ZqaFuW.js:16
[  946355ms] [ERROR] Is Streamlit still running? If you accidentally stopped Streamlit, just restart it in your terminal: @ http://localhost:8538/static/js/index.D2ZqaFuW.js:21
[  946382ms] [ERROR] Failed to load resource: net::ERR_CONNECTION_REFUSED @ http://localhost:8538/_stcore/host-config:0
[  948365ms] [ERROR] Failed to load resource: net::ERR_CONNECTION_REFUSED @ http://localhost:8538/_stcore/health:0
[  948365ms] [ERROR] Client Error in reaching server endpoint - No response received when attempting to reach /_stcore/health @ http://localhost:8538/static/js/index.D2ZqaFuW.js:16
[  948365ms] [ERROR] Is Streamlit still running? If you accidentally stopped Streamlit, just restart it in your terminal: @ http://localhost:8538/static/js/index.D2ZqaFuW.js:21
[  948388ms] [ERROR] Failed to load resource: net::ERR_CONNECTION_REFUSED @ http://localhost:8538/_stcore/host-config:0
[  950370ms] [ERROR] Failed to load resource: net::ERR_CONNECTION_REFUSED @ http://localhost:8538/_stcore/health:0
[  950370ms] [ERROR] Client Error in reaching server endpoint - No response received when attempting to reach /_stcore/health @ http://localhost:8538/static/js/index.D2ZqaFuW.js:16
[  950371ms] [ERROR] Is Streamlit still running? If you accidentally stopped Streamlit, just restart it in your terminal: @ http://localhost:8538/static/js/index.D2ZqaFuW.js:21
[  950393ms] [ERROR] Failed to load resource: net::ERR_CONNECTION_REFUSED @ http://localhost:8538/_stcore/host-config:0
[  952381ms] [ERROR] Failed to load resource: net::ERR_CONNECTION_REFUSED @ http://localhost:8538/_stcore/host-config:0
[  952381ms] [ERROR] Client Error in reaching server endpoint - No response received when attempting to reach /_stcore/host-config @ http://localhost:8538/static/js/index.D2ZqaFuW.js:16
[  952381ms] [ERROR] Is Streamlit still running? If you accidentally stopped Streamlit, just restart it in your terminal: @ http://localhost:8538/static/js/index.D2ZqaFuW.js:21
[  952407ms] [ERROR] Failed to load resource: net::ERR_CONNECTION_REFUSED @ http://localhost:8538/_stcore/health:0
[  954386ms] [ERROR] Failed to load resource: net::ERR_CONNECTION_REFUSED @ http://localhost:8538/_stcore/health:0
[  954386ms] [ERROR] Client Error in reaching server endpoint - No response received when attempting to reach /_stcore/health @ http://localhost:8538/static/js/index.D2ZqaFuW.js:16
[  954386ms] [ERROR] Is Streamlit still running? If you accidentally stopped Streamlit, just restart it in your terminal: @ http://localhost:8538/static/js/index.D2ZqaFuW.js:21
[  954413ms] [ERROR] Failed to load resource: net::ERR_CONNECTION_REFUSED @ http://localhost:8538/_stcore/host-config:0
[  956394ms] [ERROR] Failed to load resource: net::ERR_CONNECTION_REFUSED @ http://localhost:8538/_stcore/health:0
[  956394ms] [ERROR] Client Error in reaching server endpoint - No response received when attempting to reach /_stcore/health @ http://localhost:8538/static/js/index.D2ZqaFuW.js:16
[  956394ms] [ERROR] Is Streamlit still running? If you accidentally stopped Streamlit, just restart it in your terminal: @ http://localhost:8538/static/js/index.D2ZqaFuW.js:21
[  956417ms] [ERROR] Failed to load resource: net::ERR_CONNECTION_REFUSED @ http://localhost:8538/_stcore/host-config:0
[  958402ms] [ERROR] Failed to load resource: net::ERR_CONNECTION_REFUSED @ http://localhost:8538/_stcore/health:0
[  958402ms] [ERROR] Client Error in reaching server endpoint - No response received when attempting to reach /_stcore/health @ http://localhost:8538/static/js/index.D2ZqaFuW.js:16
[  958402ms] [ERROR] Is Streamlit still running? If you accidentally stopped Streamlit, just restart it in your terminal: @ http://localhost:8538/static/js/index.D2ZqaFuW.js:21
[  958424ms] [ERROR] Failed to load resource: net::ERR_CONNECTION_REFUSED @ http://localhost:8538/_stcore/host-config:0
[  960408ms] [ERROR] Failed to load resource: net::ERR_CONNECTION_REFUSED @ http://localhost:8538/_stcore/health:0
[  960408ms] [ERROR] Client Error in reaching server endpoint - No response received when attempting to reach /_stcore/health @ http://localhost:8538/static/js/index.D2ZqaFuW.js:16
[  960409ms] [ERROR] Is Streamlit still running? If you accidentally stopped Streamlit, just restart it in your terminal: @ http://localhost:8538/static/js/index.D2ZqaFuW.js:21
[  960431ms] [ERROR] Failed to load resource: net::ERR_CONNECTION_REFUSED @ http://localhost:8538/_stcore/host-config:0
[  962416ms] [ERROR] Failed to load resource: net::ERR_CONNECTION_REFUSED @ http://localhost:8538/_stcore/health:0
[  962417ms] [ERROR] Client Error in reaching server endpoint - No response received when attempting to reach /_stcore/health @ http://localhost:8538/static/js/index.D2ZqaFuW.js:16
[  962417ms] [ERROR] Is Streamlit still running? If you accidentally stopped Streamlit, just restart it in your terminal: @ http://localhost:8538/static/js/index.D2ZqaFuW.js:21
[  962444ms] [ERROR] Failed to load resource: net::ERR_CONNECTION_REFUSED @ http://localhost:8538/_stcore/host-config:0
[  964422ms] [ERROR] Failed to load resource: net::ERR_CONNECTION_REFUSED @ http://localhost:8538/_stcore/host-config:0
[  964422ms] [ERROR] Client Error in reaching server endpoint - No response received when attempting to reach /_stcore/host-config @ http://localhost:8538/static/js/index.D2ZqaFuW.js:16
[  964423ms] [ERROR] Is Streamlit still running? If you accidentally stopped Streamlit, just restart it in your terminal: @ http://localhost:8538/static/js/index.D2ZqaFuW.js:21
[  964455ms] [ERROR] Failed to load resource: net::ERR_CONNECTION_REFUSED @ http://localhost:8538/_stcore/health:0
[  966436ms] [ERROR] Failed to load resource: net::ERR_CONNECTION_REFUSED @ http://localhost:8538/_stcore/health:0
[  966436ms] [ERROR] Client Error in reaching server endpoint - No response received when attempting to reach /_stcore/health @ http://localhost:8538/static/js/index.D2ZqaFuW.js:16
[  966436ms] [ERROR] Is Streamlit still running? If you accidentally stopped Streamlit, just restart it in your terminal: @ http://localhost:8538/static/js/index.D2ZqaFuW.js:21
[  966459ms] [ERROR] Failed to load resource: net::ERR_CONNECTION_REFUSED @ http://localhost:8538/_stcore/host-config:0
[  968444ms] [ERROR] Failed to load resource: net::ERR_CONNECTION_REFUSED @ http://localhost:8538/_stcore/host-config:0
[  968444ms] [ERROR] Client Error in reaching server endpoint - No response received when attempting to reach /_stcore/host-config @ http://localhost:8538/static/js/index.D2ZqaFuW.js:16
[  968445ms] [ERROR] Is Streamlit still running? If you accidentally stopped Streamlit, just restart it in your terminal: @ http://localhost:8538/static/js/index.D2ZqaFuW.js:21
[  968467ms] [ERROR] Failed to load resource: net::ERR_CONNECTION_REFUSED @ http://localhost:8538/_stcore/health:0
[  970453ms] [ERROR] Failed to load resource: net::ERR_CONNECTION_REFUSED @ http://localhost:8538/_stcore/health:0
[  970453ms] [ERROR] Client Error in reaching server endpoint - No response received when attempting to reach /_stcore/health @ http://localhost:8538/static/js/index.D2ZqaFuW.js:16
[  970454ms] [ERROR] Is Streamlit still running? If you accidentally stopped Streamlit, just restart it in your terminal: @ http://localhost:8538/static/js/index.D2ZqaFuW.js:21
[  970476ms] [ERROR] Failed to load resource: net::ERR_CONNECTION_REFUSED @ http://localhost:8538/_stcore/host-config:0
[  972459ms] [ERROR] Failed to load resource: net::ERR_CONNECTION_REFUSED @ http://localhost:8538/_stcore/health:0
[  972459ms] [ERROR] Client Error in reaching server endpoint - No response received when attempting to reach /_stcore/health @ http://localhost:8538/static/js/index.D2ZqaFuW.js:16
[  972459ms] [ERROR] Is Streamlit still running? If you accidentally stopped Streamlit, just restart it in your terminal: @ http://localhost:8538/static/js/index.D2ZqaFuW.js:21
[  972483ms] [ERROR] Failed to load resource: net::ERR_CONNECTION_REFUSED @ http://localhost:8538/_stcore/host-config:0
[  974465ms] [ERROR] Failed to load resource: net::ERR_CONNECTION_REFUSED @ http://localhost:8538/_stcore/health:0
[  974466ms] [ERROR] Client Error in reaching server endpoint - No response received when attempting to reach /_stcore/health @ http://localhost:8538/static/js/index.D2ZqaFuW.js:16
[  974466ms] [ERROR] Is Streamlit still running? If you accidentally stopped Streamlit, just restart it in your terminal: @ http://localhost:8538/static/js/index.D2ZqaFuW.js:21
[  974492ms] [ERROR] Failed to load resource: net::ERR_CONNECTION_REFUSED @ http://localhost:8538/_stcore/host-config:0
[  976475ms] [ERROR] Failed to load resource: net::ERR_CONNECTION_REFUSED @ http://localhost:8538/_stcore/health:0
[  976475ms] [ERROR] Client Error in reaching server endpoint - No response received when attempting to reach /_stcore/health @ http://localhost:8538/static/js/index.D2ZqaFuW.js:16
[  976475ms] [ERROR] Is Streamlit still running? If you accidentally stopped Streamlit, just restart it in your terminal: @ http://localhost:8538/static/js/index.D2ZqaFuW.js:21
[  976496ms] [ERROR] Failed to load resource: net::ERR_CONNECTION_REFUSED @ http://localhost:8538/_stcore/host-config:0
[  978482ms] [ERROR] Failed to load resource: net::ERR_CONNECTION_REFUSED @ http://localhost:8538/_stcore/health:0
[  978482ms] [ERROR] Client Error in reaching server endpoint - No response received when attempting to reach /_stcore/health @ http://localhost:8538/static/js/index.D2ZqaFuW.js:16
[  978482ms] [ERROR] Is Streamlit still running? If you accidentally stopped Streamlit, just restart it in your terminal: @ http://localhost:8538/static/js/index.D2ZqaFuW.js:21
[  978503ms] [ERROR] Failed to load resource: net::ERR_CONNECTION_REFUSED @ http://localhost:8538/_stcore/host-config:0
[  980492ms] [ERROR] Failed to load resource: net::ERR_CONNECTION_REFUSED @ http://localhost:8538/_stcore/host-config:0
[  980492ms] [ERROR] Client Error in reaching server endpoint - No response received when attempting to reach /_stcore/host-config @ http://localhost:8538/static/js/index.D2ZqaFuW.js:16
[  980492ms] [ERROR] Is Streamlit still running? If you accidentally stopped Streamlit, just restart it in your terminal: @ http://localhost:8538/static/js/index.D2ZqaFuW.js:21
[  980512ms] [ERROR] Failed to load resource: net::ERR_CONNECTION_REFUSED @ http://localhost:8538/_stcore/health:0
[  982498ms] [ERROR] Failed to load resource: net::ERR_CONNECTION_REFUSED @ http://localhost:8538/_stcore/host-config:0
[  982499ms] [ERROR] Client Error in reaching server endpoint - No response received when attempting to reach /_stcore/host-config @ http://localhost:8538/static/js/index.D2ZqaFuW.js:16
[  982499ms] [ERROR] Is Streamlit still running? If you accidentally stopped Streamlit, just restart it in your terminal: @ http://localhost:8538/static/js/index.D2ZqaFuW.js:21
[  982522ms] [ERROR] Failed to load resource: net::ERR_CONNECTION_REFUSED @ http://localhost:8538/_stcore/health:0
[  984507ms] [ERROR] Failed to load resource: net::ERR_CONNECTION_REFUSED @ http://localhost:8538/_stcore/health:0
[  984507ms] [ERROR] Client Error in reaching server endpoint - No response received when attempting to reach /_stcore/health @ http://localhost:8538/static/js/index.D2ZqaFuW.js:16
[  984508ms] [ERROR] Is Streamlit still running? If you accidentally stopped Streamlit, just restart it in your terminal: @ http://localhost:8538/static/js/index.D2ZqaFuW.js:21
[  984541ms] [ERROR] Failed to load resource: net::ERR_CONNECTION_REFUSED @ http://localhost:8538/_stcore/host-config:0
[  986514ms] [ERROR] Failed to load resource: net::ERR_CONNECTION_REFUSED @ http://localhost:8538/_stcore/health:0
[  986514ms] [ERROR] Client Error in reaching server endpoint - No response received when attempting to reach /_stcore/health @ http://localhost:8538/static/js/index.D2ZqaFuW.js:16
[  986515ms] [ERROR] Is Streamlit still running? If you accidentally stopped Streamlit, just restart it in your terminal: @ http://localhost:8538/static/js/index.D2ZqaFuW.js:21
[  986539ms] [ERROR] Failed to load resource: net::ERR_CONNECTION_REFUSED @ http://localhost:8538/_stcore/host-config:0
[  988522ms] [ERROR] Failed to load resource: net::ERR_CONNECTION_REFUSED @ http://localhost:8538/_stcore/host-config:0
[  988522ms] [ERROR] Client Error in reaching server endpoint - No response received when attempting to reach /_stcore/host-config @ http://localhost:8538/static/js/index.D2ZqaFuW.js:16
[  988523ms] [ERROR] Is Streamlit still running? If you accidentally stopped Streamlit, just restart it in your terminal: @ http://localhost:8538/static/js/index.D2ZqaFuW.js:21
[  988545ms] [ERROR] Failed to load resource: net::ERR_CONNECTION_REFUSED @ http://localhost:8538/_stcore/health:0
[  990531ms] [ERROR] Failed to load resource: net::ERR_CONNECTION_REFUSED @ http://localhost:8538/_stcore/health:0
[  990531ms] [ERROR] Client Error in reaching server endpoint - No response received when attempting to reach /_stcore/health @ http://localhost:8538/static/js/index.D2ZqaFuW.js:16
[  990531ms] [ERROR] Is Streamlit still running? If you accidentally stopped Streamlit, just restart it in your terminal: @ http://localhost:8538/static/js/index.D2ZqaFuW.js:21
[  990556ms] [ERROR] Failed to load resource: net::ERR_CONNECTION_REFUSED @ http://localhost:8538/_stcore/host-config:0
[  992539ms] [ERROR] Failed to load resource: net::ERR_CONNECTION_REFUSED @ http://localhost:8538/_stcore/health:0
[  992539ms] [ERROR] Client Error in reaching server endpoint - No response received when attempting to reach /_stcore/health @ http://localhost:8538/static/js/index.D2ZqaFuW.js:16
[  992540ms] [ERROR] Is Streamlit still running? If you accidentally stopped Streamlit, just restart it in your terminal: @ http://localhost:8538/static/js/index.D2ZqaFuW.js:21
[  992563ms] [ERROR] Failed to load resource: net::ERR_CONNECTION_REFUSED @ http://localhost:8538/_stcore/host-config:0
[  994547ms] [ERROR] Failed to load resource: net::ERR_CONNECTION_REFUSED @ http://localhost:8538/_stcore/health:0
[  994547ms] [ERROR] Client Error in reaching server endpoint - No response received when attempting to reach /_stcore/health @ http://localhost:8538/static/js/index.D2ZqaFuW.js:16
[  994547ms] [ERROR] Is Streamlit still running? If you accidentally stopped Streamlit, just restart it in your terminal: @ http://localhost:8538/static/js/index.D2ZqaFuW.js:21
[  994571ms] [ERROR] Failed to load resource: net::ERR_CONNECTION_REFUSED @ http://localhost:8538/_stcore/host-config:0
[  996556ms] [ERROR] Failed to load resource: net::ERR_CONNECTION_REFUSED @ http://localhost:8538/_stcore/health:0
[  996556ms] [ERROR] Client Error in reaching server endpoint - No response received when attempting to reach /_stcore/health @ http://localhost:8538/static/js/index.D2ZqaFuW.js:16
[  996556ms] [ERROR] Is Streamlit still running? If you accidentally stopped Streamlit, just restart it in your terminal: @ http://localhost:8538/static/js/index.D2ZqaFuW.js:21
[  996582ms] [ERROR] Failed to load resource: net::ERR_CONNECTION_REFUSED @ http://localhost:8538/_stcore/host-config:0
[  998564ms] [ERROR] Failed to load resource: net::ERR_CONNECTION_REFUSED @ http://localhost:8538/_stcore/health:0
[  998564ms] [ERROR] Client Error in reaching server endpoint - No response received when attempting to reach /_stcore/health @ http://localhost:8538/static/js/index.D2ZqaFuW.js:16
[  998564ms] [ERROR] Is Streamlit still running? If you accidentally stopped Streamlit, just restart it in your terminal: @ http://localhost:8538/static/js/index.D2ZqaFuW.js:21
[  998588ms] [ERROR] Failed to load resource: net::ERR_CONNECTION_REFUSED @ http://localhost:8538/_stcore/host-config:0
[ 1000572ms] [ERROR] Failed to load resource: net::ERR_CONNECTION_REFUSED @ http://localhost:8538/_stcore/health:0
[ 1000573ms] [ERROR] Client Error in reaching server endpoint - No response received when attempting to reach /_stcore/health @ http://localhost:8538/static/js/index.D2ZqaFuW.js:16
[ 1000573ms] [ERROR] Is Streamlit still running? If you accidentally stopped Streamlit, just restart it in your terminal: @ http://localhost:8538/static/js/index.D2ZqaFuW.js:21
[ 1000596ms] [ERROR] Failed to load resource: net::ERR_CONNECTION_REFUSED @ http://localhost:8538/_stcore/host-config:0
[ 1002585ms] [ERROR] Failed to load resource: net::ERR_CONNECTION_REFUSED @ http://localhost:8538/_stcore/health:0
[ 1002585ms] [ERROR] Client Error in reaching server endpoint - No response received when attempting to reach /_stcore/health @ http://localhost:8538/static/js/index.D2ZqaFuW.js:16
[ 1002586ms] [ERROR] Is Streamlit still running? If you accidentally stopped Streamlit, just restart it in your terminal: @ http://localhost:8538/static/js/index.D2ZqaFuW.js:21
[ 1002613ms] [ERROR] Failed to load resource: net::ERR_CONNECTION_REFUSED @ http://localhost:8538/_stcore/host-config:0
[ 1004594ms] [ERROR] Failed to load resource: net::ERR_CONNECTION_REFUSED @ http://localhost:8538/_stcore/host-config:0
[ 1004594ms] [ERROR] Client Error in reaching server endpoint - No response received when attempting to reach /_stcore/host-config @ http://localhost:8538/static/js/index.D2ZqaFuW.js:16
[ 1004594ms] [ERROR] Is Streamlit still running? If you accidentally stopped Streamlit, just restart it in your terminal: @ http://localhost:8538/static/js/index.D2ZqaFuW.js:21
[ 1004617ms] [ERROR] Failed to load resource: net::ERR_CONNECTION_REFUSED @ http://localhost:8538/_stcore/health:0
[ 1006604ms] [ERROR] Failed to load resource: net::ERR_CONNECTION_REFUSED @ http://localhost:8538/_stcore/host-config:0
[ 1006604ms] [ERROR] Client Error in reaching server endpoint - No response received when attempting to reach /_stcore/host-config @ http://localhost:8538/static/js/index.D2ZqaFuW.js:16
[ 1006604ms] [ERROR] Is Streamlit still running? If you accidentally stopped Streamlit, just restart it in your terminal: @ http://localhost:8538/static/js/index.D2ZqaFuW.js:21
[ 1006624ms] [ERROR] Failed to load resource: net::ERR_CONNECTION_REFUSED @ http://localhost:8538/_stcore/health:0
[ 1008611ms] [ERROR] Failed to load resource: net::ERR_CONNECTION_REFUSED @ http://localhost:8538/_stcore/health:0
[ 1008611ms] [ERROR] Client Error in reaching server endpoint - No response received when attempting to reach /_stcore/health @ http://localhost:8538/static/js/index.D2ZqaFuW.js:16
[ 1008611ms] [ERROR] Is Streamlit still running? If you accidentally stopped Streamlit, just restart it in your terminal: @ http://localhost:8538/static/js/index.D2ZqaFuW.js:21
[ 1008655ms] [ERROR] Failed to load resource: net::ERR_CONNECTION_REFUSED @ http://localhost:8538/_stcore/host-config:0
[ 1010620ms] [ERROR] Failed to load resource: net::ERR_CONNECTION_REFUSED @ http://localhost:8538/_stcore/health:0
[ 1010620ms] [ERROR] Client Error in reaching server endpoint - No response received when attempting to reach /_stcore/health @ http://localhost:8538/static/js/index.D2ZqaFuW.js:16
[ 1010621ms] [ERROR] Is Streamlit still running? If you accidentally stopped Streamlit, just restart it in your terminal: @ http://localhost:8538/static/js/index.D2ZqaFuW.js:21
[ 1010658ms] [ERROR] Failed to load resource: net::ERR_CONNECTION_REFUSED @ http://localhost:8538/_stcore/host-config:0
[ 1012628ms] [ERROR] Failed to load resource: net::ERR_CONNECTION_REFUSED @ http://localhost:8538/_stcore/health:0
[ 1012629ms] [ERROR] Client Error in reaching server endpoint - No response received when attempting to reach /_stcore/health @ http://localhost:8538/static/js/index.D2ZqaFuW.js:16
[ 1012629ms] [ERROR] Is Streamlit still running? If you accidentally stopped Streamlit, just restart it in your terminal: @ http://localhost:8538/static/js/index.D2ZqaFuW.js:21
[ 1012653ms] [ERROR] Failed to load resource: net::ERR_CONNECTION_REFUSED @ http://localhost:8538/_stcore/host-config:0
[ 1014638ms] [ERROR] Failed to load resource: net::ERR_CONNECTION_REFUSED @ http://localhost:8538/_stcore/health:0
[ 1014638ms] [ERROR] Client Error in reaching server endpoint - No response received when attempting to reach /_stcore/health @ http://localhost:8538/static/js/index.D2ZqaFuW.js:16
[ 1014638ms] [ERROR] Is Streamlit still running? If you accidentally stopped Streamlit, just restart it in your terminal: @ http://localhost:8538/static/js/index.D2ZqaFuW.js:21
[ 1014662ms] [ERROR] Failed to load resource: net::ERR_CONNECTION_REFUSED @ http://localhost:8538/_stcore/host-config:0
[ 1016646ms] [ERROR] Failed to load resource: net::ERR_CONNECTION_REFUSED @ http://localhost:8538/_stcore/host-config:0
[ 1016646ms] [ERROR] Client Error in reaching server endpoint - No response received when attempting to reach /_stcore/host-config @ http://localhost:8538/static/js/index.D2ZqaFuW.js:16
[ 1016647ms] [ERROR] Is Streamlit still running? If you accidentally stopped Streamlit, just restart it in your terminal: @ http://localhost:8538/static/js/index.D2ZqaFuW.js:21
[ 1016668ms] [ERROR] Failed to load resource: net::ERR_CONNECTION_REFUSED @ http://localhost:8538/_stcore/health:0
[ 1018657ms] [ERROR] Failed to load resource: net::ERR_CONNECTION_REFUSED @ http://localhost:8538/_stcore/health:0
[ 1018657ms] [ERROR] Client Error in reaching server endpoint - No response received when attempting to reach /_stcore/health @ http://localhost:8538/static/js/index.D2ZqaFuW.js:16
[ 1018657ms] [ERROR] Is Streamlit still running? If you accidentally stopped Streamlit, just restart it in your terminal: @ http://localhost:8538/static/js/index.D2ZqaFuW.js:21
[ 1018692ms] [ERROR] Failed to load resource: net::ERR_CONNECTION_REFUSED @ http://localhost:8538/_stcore/host-config:0
[ 1020667ms] [ERROR] Failed to load resource: net::ERR_CONNECTION_REFUSED @ http://localhost:8538/_stcore/health:0
[ 1020667ms] [ERROR] Client Error in reaching server endpoint - No response received when attempting to reach /_stcore/health @ http://localhost:8538/static/js/index.D2ZqaFuW.js:16
[ 1020667ms] [ERROR] Is Streamlit still running? If you accidentally stopped Streamlit, just restart it in your terminal: @ http://localhost:8538/static/js/index.D2ZqaFuW.js:21
[ 1020695ms] [ERROR] Failed to load resource: net::ERR_CONNECTION_REFUSED @ http://localhost:8538/_stcore/host-config:0
[ 1022675ms] [ERROR] Failed to load resource: net::ERR_CONNECTION_REFUSED @ http://localhost:8538/_stcore/health:0
[ 1022675ms] [ERROR] Client Error in reaching server endpoint - No response received when attempting to reach /_stcore/health @ http://localhost:8538/static/js/index.D2ZqaFuW.js:16
[ 1022675ms] [ERROR] Is Streamlit still running? If you accidentally stopped Streamlit, just restart it in your terminal: @ http://localhost:8538/static/js/index.D2ZqaFuW.js:21
[ 1022697ms] [ERROR] Failed to load resource: net::ERR_CONNECTION_REFUSED @ http://localhost:8538/_stcore/host-config:0
[ 1024686ms] [ERROR] Failed to load resource: net::ERR_CONNECTION_REFUSED @ http://localhost:8538/_stcore/health:0
[ 1024686ms] [ERROR] Client Error in reaching server endpoint - No response received when attempting to reach /_stcore/health @ http://localhost:8538/static/js/index.D2ZqaFuW.js:16
[ 1024686ms] [ERROR] Is Streamlit still running? If you accidentally stopped Streamlit, just restart it in your terminal: @ http://localhost:8538/static/js/index.D2ZqaFuW.js:21
[ 1024720ms] [ERROR] Failed to load resource: net::ERR_CONNECTION_REFUSED @ http://localhost:8538/_stcore/host-config:0
[ 1026694ms] [ERROR] Failed to load resource: net::ERR_CONNECTION_REFUSED @ http://localhost:8538/_stcore/health:0
[ 1026694ms] [ERROR] Client Error in reaching server endpoint - No response received when attempting to reach /_stcore/health @ http://localhost:8538/static/js/index.D2ZqaFuW.js:16
[ 1026695ms] [ERROR] Is Streamlit still running? If you accidentally stopped Streamlit, just restart it in your terminal: @ http://localhost:8538/static/js/index.D2ZqaFuW.js:21
[ 1026718ms] [ERROR] Failed to load resource: net::ERR_CONNECTION_REFUSED @ http://localhost:8538/_stcore/host-config:0
[ 1028703ms] [ERROR] Failed to load resource: net::ERR_CONNECTION_REFUSED @ http://localhost:8538/_stcore/host-config:0
[ 1028703ms] [ERROR] Client Error in reaching server endpoint - No response received when attempting to reach /_stcore/host-config @ http://localhost:8538/static/js/index.D2ZqaFuW.js:16
[ 1028703ms] [ERROR] Is Streamlit still running? If you accidentally stopped Streamlit, just restart it in your terminal: @ http://localhost:8538/static/js/index.D2ZqaFuW.js:21
[ 1028727ms] [ERROR] Failed to load resource: net::ERR_CONNECTION_REFUSED @ http://localhost:8538/_stcore/health:0
[ 1030710ms] [ERROR] Failed to load resource: net::ERR_CONNECTION_REFUSED @ http://localhost:8538/_stcore/health:0
[ 1030710ms] [ERROR] Client Error in reaching server endpoint - No response received when attempting to reach /_stcore/health @ http://localhost:8538/static/js/index.D2ZqaFuW.js:16
[ 1030711ms] [ERROR] Is Streamlit still running? If you accidentally stopped Streamlit, just restart it in your terminal: @ http://localhost:8538/static/js/index.D2ZqaFuW.js:21
[ 1030734ms] [ERROR] Failed to load resource: net::ERR_CONNECTION_REFUSED @ http://localhost:8538/_stcore/host-config:0
[ 1032717ms] [ERROR] Failed to load resource: net::ERR_CONNECTION_REFUSED @ http://localhost:8538/_stcore/health:0
[ 1032717ms] [ERROR] Client Error in reaching server endpoint - No response received when attempting to reach /_stcore/health @ http://localhost:8538/static/js/index.D2ZqaFuW.js:16
[ 1032718ms] [ERROR] Is Streamlit still running? If you accidentally stopped Streamlit, just restart it in your terminal: @ http://localhost:8538/static/js/index.D2ZqaFuW.js:21
[ 1032741ms] [ERROR] Failed to load resource: net::ERR_CONNECTION_REFUSED @ http://localhost:8538/_stcore/host-config:0
[ 1034726ms] [ERROR] Failed to load resource: net::ERR_CONNECTION_REFUSED @ http://localhost:8538/_stcore/health:0
[ 1034726ms] [ERROR] Client Error in reaching server endpoint - No response received when attempting to reach /_stcore/health @ http://localhost:8538/static/js/index.D2ZqaFuW.js:16
[ 1034726ms] [ERROR] Is Streamlit still running? If you accidentally stopped Streamlit, just restart it in your terminal: @ http://localhost:8538/static/js/index.D2ZqaFuW.js:21
[ 1034752ms] [ERROR] Failed to load resource: net::ERR_CONNECTION_REFUSED @ http://localhost:8538/_stcore/host-config:0
[ 1036734ms] [ERROR] Failed to load resource: net::ERR_CONNECTION_REFUSED @ http://localhost:8538/_stcore/health:0
[ 1036735ms] [ERROR] Client Error in reaching server endpoint - No response received when attempting to reach /_stcore/health @ http://localhost:8538/static/js/index.D2ZqaFuW.js:16
[ 1036735ms] [ERROR] Is Streamlit still running? If you accidentally stopped Streamlit, just restart it in your terminal: @ http://localhost:8538/static/js/index.D2ZqaFuW.js:21
[ 1036735ms] [ERROR] Failed to load resource: net::ERR_CONNECTION_REFUSED @ http://localhost:8538/_stcore/host-config:0
[ 1038743ms] [ERROR] Failed to load resource: net::ERR_CONNECTION_REFUSED @ http://localhost:8538/_stcore/health:0
[ 1038743ms] [ERROR] Client Error in reaching server endpoint - No response received when attempting to reach /_stcore/health @ http://localhost:8538/static/js/index.D2ZqaFuW.js:16
[ 1038744ms] [ERROR] Is Streamlit still running? If you accidentally stopped Streamlit, just restart it in your terminal: @ http://localhost:8538/static/js/index.D2ZqaFuW.js:21
[ 1038767ms] [ERROR] Failed to load resource: net::ERR_CONNECTION_REFUSED @ http://localhost:8538/_stcore/host-config:0
[ 1040755ms] [ERROR] Failed to load resource: net::ERR_CONNECTION_REFUSED @ http://localhost:8538/_stcore/health:0
[ 1040756ms] [ERROR] Client Error in reaching server endpoint - No response received when attempting to reach /_stcore/health @ http://localhost:8538/static/js/index.D2ZqaFuW.js:16
[ 1040756ms] [ERROR] Is Streamlit still running? If you accidentally stopped Streamlit, just restart it in your terminal: @ http://localhost:8538/static/js/index.D2ZqaFuW.js:21
[ 1040779ms] [ERROR] Failed to load resource: net::ERR_CONNECTION_REFUSED @ http://localhost:8538/_stcore/host-config:0
[ 1042763ms] [ERROR] Failed to load resource: net::ERR_CONNECTION_REFUSED @ http://localhost:8538/_stcore/health:0
[ 1042763ms] [ERROR] Client Error in reaching server endpoint - No response received when attempting to reach /_stcore/health @ http://localhost:8538/static/js/index.D2ZqaFuW.js:16
[ 1042763ms] [ERROR] Is Streamlit still running? If you accidentally stopped Streamlit, just restart it in your terminal: @ http://localhost:8538/static/js/index.D2ZqaFuW.js:21
[ 1042787ms] [ERROR] Failed to load resource: net::ERR_CONNECTION_REFUSED @ http://localhost:8538/_stcore/host-config:0
[ 1044770ms] [ERROR] Failed to load resource: net::ERR_CONNECTION_REFUSED @ http://localhost:8538/_stcore/health:0
[ 1044771ms] [ERROR] Client Error in reaching server endpoint - No response received when attempting to reach /_stcore/health @ http://localhost:8538/static/js/index.D2ZqaFuW.js:16
[ 1044771ms] [ERROR] Is Streamlit still running? If you accidentally stopped Streamlit, just restart it in your terminal: @ http://localhost:8538/static/js/index.D2ZqaFuW.js:21
[ 1044793ms] [ERROR] Failed to load resource: net::ERR_CONNECTION_REFUSED @ http://localhost:8538/_stcore/host-config:0
[ 1046778ms] [ERROR] Failed to load resource: net::ERR_CONNECTION_REFUSED @ http://localhost:8538/_stcore/health:0
[ 1046778ms] [ERROR] Client Error in reaching server endpoint - No response received when attempting to reach /_stcore/health @ http://localhost:8538/static/js/index.D2ZqaFuW.js:16
[ 1046778ms] [ERROR] Is Streamlit still running? If you accidentally stopped Streamlit, just restart it in your terminal: @ http://localhost:8538/static/js/index.D2ZqaFuW.js:21
[ 1046801ms] [ERROR] Failed to load resource: net::ERR_CONNECTION_REFUSED @ http://localhost:8538/_stcore/host-config:0
[ 1048786ms] [ERROR] Failed to load resource: net::ERR_CONNECTION_REFUSED @ http://localhost:8538/_stcore/health:0
[ 1048786ms] [ERROR] Client Error in reaching server endpoint - No response received when attempting to reach /_stcore/health @ http://localhost:8538/static/js/index.D2ZqaFuW.js:16
[ 1048787ms] [ERROR] Is Streamlit still running? If you accidentally stopped Streamlit, just restart it in your terminal: @ http://localhost:8538/static/js/index.D2ZqaFuW.js:21
[ 1048814ms] [ERROR] Failed to load resource: net::ERR_CONNECTION_REFUSED @ http://localhost:8538/_stcore/host-config:0
[ 1050798ms] [ERROR] Failed to load resource: net::ERR_CONNECTION_REFUSED @ http://localhost:8538/_stcore/health:0
[ 1050798ms] [ERROR] Client Error in reaching server endpoint - No response received when attempting to reach /_stcore/health @ http://localhost:8538/static/js/index.D2ZqaFuW.js:16
[ 1050798ms] [ERROR] Is Streamlit still running? If you accidentally stopped Streamlit, just restart it in your terminal: @ http://localhost:8538/static/js/index.D2ZqaFuW.js:21
[ 1050829ms] [ERROR] Failed to load resource: net::ERR_CONNECTION_REFUSED @ http://localhost:8538/_stcore/host-config:0
[ 1052804ms] [ERROR] Failed to load resource: net::ERR_CONNECTION_REFUSED @ http://localhost:8538/_stcore/health:0
[ 1052804ms] [ERROR] Client Error in reaching server endpoint - No response received when attempting to reach /_stcore/health @ http://localhost:8538/static/js/index.D2ZqaFuW.js:16
[ 1052804ms] [ERROR] Is Streamlit still running? If you accidentally stopped Streamlit, just restart it in your terminal: @ http://localhost:8538/static/js/index.D2ZqaFuW.js:21
[ 1052832ms] [ERROR] Failed to load resource: net::ERR_CONNECTION_REFUSED @ http://localhost:8538/_stcore/host-config:0
[ 1054810ms] [ERROR] Failed to load resource: net::ERR_CONNECTION_REFUSED @ http://localhost:8538/_stcore/health:0
[ 1054811ms] [ERROR] Client Error in reaching server endpoint - No response received when attempting to reach /_stcore/health @ http://localhost:8538/static/js/index.D2ZqaFuW.js:16
[ 1054811ms] [ERROR] Is Streamlit still running? If you accidentally stopped Streamlit, just restart it in your terminal: @ http://localhost:8538/static/js/index.D2ZqaFuW.js:21
[ 1054835ms] [ERROR] Failed to load resource: net::ERR_CONNECTION_REFUSED @ http://localhost:8538/_stcore/host-config:0
[ 1056817ms] [ERROR] Failed to load resource: net::ERR_CONNECTION_REFUSED @ http://localhost:8538/_stcore/health:0
[ 1056818ms] [ERROR] Client Error in reaching server endpoint - No response received when attempting to reach /_stcore/health @ http://localhost:8538/static/js/index.D2ZqaFuW.js:16
[ 1056818ms] [ERROR] Is Streamlit still running? If you accidentally stopped Streamlit, just restart it in your terminal: @ http://localhost:8538/static/js/index.D2ZqaFuW.js:21
[ 1056847ms] [ERROR] Failed to load resource: net::ERR_CONNECTION_REFUSED @ http://localhost:8538/_stcore/host-config:0
[ 1058833ms] [ERROR] Failed to load resource: net::ERR_CONNECTION_REFUSED @ http://localhost:8538/_stcore/health:0
[ 1058833ms] [ERROR] Client Error in reaching server endpoint - No response received when attempting to reach /_stcore/health @ http://localhost:8538/static/js/index.D2ZqaFuW.js:16
[ 1058834ms] [ERROR] Is Streamlit still running? If you accidentally stopped Streamlit, just restart it in your terminal: @ http://localhost:8538/static/js/index.D2ZqaFuW.js:21
[ 1058834ms] [ERROR] Failed to load resource: net::ERR_CONNECTION_REFUSED @ http://localhost:8538/_stcore/host-config:0
[ 1060839ms] [ERROR] Failed to load resource: net::ERR_CONNECTION_REFUSED @ http://localhost:8538/_stcore/host-config:0
[ 1060839ms] [ERROR] Client Error in reaching server endpoint - No response received when attempting to reach /_stcore/host-config @ http://localhost:8538/static/js/index.D2ZqaFuW.js:16
[ 1060839ms] [ERROR] Is Streamlit still running? If you accidentally stopped Streamlit, just restart it in your terminal: @ http://localhost:8538/static/js/index.D2ZqaFuW.js:21
[ 1060839ms] [ERROR] Failed to load resource: net::ERR_CONNECTION_REFUSED @ http://localhost:8538/_stcore/health:0
[ 1062850ms] [ERROR] Failed to load resource: net::ERR_CONNECTION_REFUSED @ http://localhost:8538/_stcore/health:0
[ 1062850ms] [ERROR] Client Error in reaching server endpoint - No response received when attempting to reach /_stcore/health @ http://localhost:8538/static/js/index.D2ZqaFuW.js:16
[ 1062851ms] [ERROR] Is Streamlit still running? If you accidentally stopped Streamlit, just restart it in your terminal: @ http://localhost:8538/static/js/index.D2ZqaFuW.js:21
[ 1062874ms] [ERROR] Failed to load resource: net::ERR_CONNECTION_REFUSED @ http://localhost:8538/_stcore/host-config:0
[ 1064857ms] [ERROR] Failed to load resource: net::ERR_CONNECTION_REFUSED @ http://localhost:8538/_stcore/health:0
[ 1064857ms] [ERROR] Client Error in reaching server endpoint - No response received when attempting to reach /_stcore/health @ http://localhost:8538/static/js/index.D2ZqaFuW.js:16
[ 1064857ms] [ERROR] Is Streamlit still running? If you accidentally stopped Streamlit, just restart it in your terminal: @ http://localhost:8538/static/js/index.D2ZqaFuW.js:21
[ 1064881ms] [ERROR] Failed to load resource: net::ERR_CONNECTION_REFUSED @ http://localhost:8538/_stcore/host-config:0
[ 1066864ms] [ERROR] Failed to load resource: net::ERR_CONNECTION_REFUSED @ http://localhost:8538/_stcore/health:0
[ 1066865ms] [ERROR] Client Error in reaching server endpoint - No response received when attempting to reach /_stcore/health @ http://localhost:8538/static/js/index.D2ZqaFuW.js:16
[ 1066865ms] [ERROR] Is Streamlit still running? If you accidentally stopped Streamlit, just restart it in your terminal: @ http://localhost:8538/static/js/index.D2ZqaFuW.js:21
[ 1066887ms] [ERROR] Failed to load resource: net::ERR_CONNECTION_REFUSED @ http://localhost:8538/_stcore/host-config:0
[ 1068872ms] [ERROR] Failed to load resource: net::ERR_CONNECTION_REFUSED @ http://localhost:8538/_stcore/health:0
[ 1068872ms] [ERROR] Client Error in reaching server endpoint - No response received when attempting to reach /_stcore/health @ http://localhost:8538/static/js/index.D2ZqaFuW.js:16
[ 1068873ms] [ERROR] Is Streamlit still running? If you accidentally stopped Streamlit, just restart it in your terminal: @ http://localhost:8538/static/js/index.D2ZqaFuW.js:21
[ 1068897ms] [ERROR] Failed to load resource: net::ERR_CONNECTION_REFUSED @ http://localhost:8538/_stcore/host-config:0
[ 1070881ms] [ERROR] Failed to load resource: net::ERR_CONNECTION_REFUSED @ http://localhost:8538/_stcore/host-config:0
[ 1070881ms] [ERROR] Client Error in reaching server endpoint - No response received when attempting to reach /_stcore/host-config @ http://localhost:8538/static/js/index.D2ZqaFuW.js:16
[ 1070882ms] [ERROR] Is Streamlit still running? If you accidentally stopped Streamlit, just restart it in your terminal: @ http://localhost:8538/static/js/index.D2ZqaFuW.js:21
[ 1070903ms] [ERROR] Failed to load resource: net::ERR_CONNECTION_REFUSED @ http://localhost:8538/_stcore/health:0
[ 1072889ms] [ERROR] Failed to load resource: net::ERR_CONNECTION_REFUSED @ http://localhost:8538/_stcore/health:0
[ 1072890ms] [ERROR] Client Error in reaching server endpoint - No response received when attempting to reach /_stcore/health @ http://localhost:8538/static/js/index.D2ZqaFuW.js:16
[ 1072890ms] [ERROR] Is Streamlit still running? If you accidentally stopped Streamlit, just restart it in your terminal: @ http://localhost:8538/static/js/index.D2ZqaFuW.js:21
[ 1072912ms] [ERROR] Failed to load resource: net::ERR_CONNECTION_REFUSED @ http://localhost:8538/_stcore/host-config:0
[ 1074897ms] [ERROR] Failed to load resource: net::ERR_CONNECTION_REFUSED @ http://localhost:8538/_stcore/health:0
[ 1074897ms] [ERROR] Client Error in reaching server endpoint - No response received when attempting to reach /_stcore/health @ http://localhost:8538/static/js/index.D2ZqaFuW.js:16
[ 1074897ms] [ERROR] Is Streamlit still running? If you accidentally stopped Streamlit, just restart it in your terminal: @ http://localhost:8538/static/js/index.D2ZqaFuW.js:21
[ 1074919ms] [ERROR] Failed to load resource: net::ERR_CONNECTION_REFUSED @ http://localhost:8538/_stcore/host-config:0
[ 1076904ms] [ERROR] Failed to load resource: net::ERR_CONNECTION_REFUSED @ http://localhost:8538/_stcore/health:0
[ 1076905ms] [ERROR] Client Error in reaching server endpoint - No response received when attempting to reach /_stcore/health @ http://localhost:8538/static/js/index.D2ZqaFuW.js:16
[ 1076905ms] [ERROR] Is Streamlit still running? If you accidentally stopped Streamlit, just restart it in your terminal: @ http://localhost:8538/static/js/index.D2ZqaFuW.js:21
[ 1076929ms] [ERROR] Failed to load resource: net::ERR_CONNECTION_REFUSED @ http://localhost:8538/_stcore/host-config:0
[ 1078910ms] [ERROR] Failed to load resource: net::ERR_CONNECTION_REFUSED @ http://localhost:8538/_stcore/health:0
[ 1078910ms] [ERROR] Client Error in reaching server endpoint - No response received when attempting to reach /_stcore/health @ http://localhost:8538/static/js/index.D2ZqaFuW.js:16
[ 1078910ms] [ERROR] Is Streamlit still running? If you accidentally stopped Streamlit, just restart it in your terminal: @ http://localhost:8538/static/js/index.D2ZqaFuW.js:21
[ 1078943ms] [ERROR] Failed to load resource: net::ERR_CONNECTION_REFUSED @ http://localhost:8538/_stcore/host-config:0
[ 1080918ms] [ERROR] Failed to load resource: net::ERR_CONNECTION_REFUSED @ http://localhost:8538/_stcore/health:0
[ 1080918ms] [ERROR] Client Error in reaching server endpoint - No response received when attempting to reach /_stcore/health @ http://localhost:8538/static/js/index.D2ZqaFuW.js:16
[ 1080919ms] [ERROR] Is Streamlit still running? If you accidentally stopped Streamlit, just restart it in your terminal: @ http://localhost:8538/static/js/index.D2ZqaFuW.js:21
[ 1080942ms] [ERROR] Failed to load resource: net::ERR_CONNECTION_REFUSED @ http://localhost:8538/_stcore/host-config:0
[ 1082925ms] [ERROR] Failed to load resource: net::ERR_CONNECTION_REFUSED @ http://localhost:8538/_stcore/host-config:0
[ 1082925ms] [ERROR] Client Error in reaching server endpoint - No response received when attempting to reach /_stcore/host-config @ http://localhost:8538/static/js/index.D2ZqaFuW.js:16
[ 1082925ms] [ERROR] Is Streamlit still running? If you accidentally stopped Streamlit, just restart it in your terminal: @ http://localhost:8538/static/js/index.D2ZqaFuW.js:21
[ 1082954ms] [ERROR] Failed to load resource: net::ERR_CONNECTION_REFUSED @ http://localhost:8538/_stcore/health:0
[ 1084935ms] [ERROR] Failed to load resource: net::ERR_CONNECTION_REFUSED @ http://localhost:8538/_stcore/host-config:0
[ 1084935ms] [ERROR] Client Error in reaching server endpoint - No response received when attempting to reach /_stcore/host-config @ http://localhost:8538/static/js/index.D2ZqaFuW.js:16
[ 1084935ms] [ERROR] Is Streamlit still running? If you accidentally stopped Streamlit, just restart it in your terminal: @ http://localhost:8538/static/js/index.D2ZqaFuW.js:21
[ 1084959ms] [ERROR] Failed to load resource: net::ERR_CONNECTION_REFUSED @ http://localhost:8538/_stcore/health:0
[ 1087036ms] [ERROR] Failed to load resource: net::ERR_CONNECTION_REFUSED @ http://localhost:8538/_stcore/health:0
[ 1087037ms] [ERROR] Client Error in reaching server endpoint - No response received when attempting to reach /_stcore/health @ http://localhost:8538/static/js/index.D2ZqaFuW.js:16
[ 1087038ms] [ERROR] Is Streamlit still running? If you accidentally stopped Streamlit, just restart it in your terminal: @ http://localhost:8538/static/js/index.D2ZqaFuW.js:21
[ 1087040ms] [ERROR] Failed to load resource: net::ERR_CONNECTION_REFUSED @ http://localhost:8538/_stcore/host-config:0
[ 1089043ms] [ERROR] Failed to load resource: net::ERR_CONNECTION_REFUSED @ http://localhost:8538/_stcore/health:0
[ 1089043ms] [ERROR] Client Error in reaching server endpoint - No response received when attempting to reach /_stcore/health @ http://localhost:8538/static/js/index.D2ZqaFuW.js:16
[ 1089043ms] [ERROR] Is Streamlit still running? If you accidentally stopped Streamlit, just restart it in your terminal: @ http://localhost:8538/static/js/index.D2ZqaFuW.js:21
[ 1089078ms] [ERROR] Failed to load resource: net::ERR_CONNECTION_REFUSED @ http://localhost:8538/_stcore/host-config:0
[ 1091066ms] [ERROR] Failed to load resource: net::ERR_CONNECTION_REFUSED @ http://localhost:8538/_stcore/health:0
[ 1091066ms] [ERROR] Client Error in reaching server endpoint - No response received when attempting to reach /_stcore/health @ http://localhost:8538/static/js/index.D2ZqaFuW.js:16
[ 1091067ms] [ERROR] Is Streamlit still running? If you accidentally stopped Streamlit, just restart it in your terminal: @ http://localhost:8538/static/js/index.D2ZqaFuW.js:21
[ 1091098ms] [ERROR] Failed to load resource: net::ERR_CONNECTION_REFUSED @ http://localhost:8538/_stcore/host-config:0
[ 1093075ms] [ERROR] Failed to load resource: net::ERR_CONNECTION_REFUSED @ http://localhost:8538/_stcore/health:0
[ 1093076ms] [ERROR] Client Error in reaching server endpoint - No response received when attempting to reach /_stcore/health @ http://localhost:8538/static/js/index.D2ZqaFuW.js:16
[ 1093076ms] [ERROR] Is Streamlit still running? If you accidentally stopped Streamlit, just restart it in your terminal: @ http://localhost:8538/static/js/index.D2ZqaFuW.js:21
[ 1093098ms] [ERROR] Failed to load resource: net::ERR_CONNECTION_REFUSED @ http://localhost:8538/_stcore/host-config:0
[ 1095088ms] [ERROR] Failed to load resource: net::ERR_CONNECTION_REFUSED @ http://localhost:8538/_stcore/health:0
[ 1095088ms] [ERROR] Client Error in reaching server endpoint - No response received when attempting to reach /_stcore/health @ http://localhost:8538/static/js/index.D2ZqaFuW.js:16
[ 1095089ms] [ERROR] Is Streamlit still running? If you accidentally stopped Streamlit, just restart it in your terminal: @ http://localhost:8538/static/js/index.D2ZqaFuW.js:21
[ 1095120ms] [ERROR] Failed to load resource: net::ERR_CONNECTION_REFUSED @ http://localhost:8538/_stcore/host-config:0
[ 1097105ms] [ERROR] Failed to load resource: net::ERR_CONNECTION_REFUSED @ http://localhost:8538/_stcore/host-config:0
[ 1097105ms] [ERROR] Client Error in reaching server endpoint - No response received when attempting to reach /_stcore/host-config @ http://localhost:8538/static/js/index.D2ZqaFuW.js:16
[ 1097105ms] [ERROR] Is Streamlit still running? If you accidentally stopped Streamlit, just restart it in your terminal: @ http://localhost:8538/static/js/index.D2ZqaFuW.js:21
[ 1097140ms] [ERROR] Failed to load resource: net::ERR_CONNECTION_REFUSED @ http://localhost:8538/_stcore/health:0
[ 1099111ms] [ERROR] Failed to load resource: net::ERR_CONNECTION_REFUSED @ http://localhost:8538/_stcore/host-config:0
[ 1099111ms] [ERROR] Client Error in reaching server endpoint - No response received when attempting to reach /_stcore/host-config @ http://localhost:8538/static/js/index.D2ZqaFuW.js:16
[ 1099112ms] [ERROR] Is Streamlit still running? If you accidentally stopped Streamlit, just restart it in your terminal: @ http://localhost:8538/static/js/index.D2ZqaFuW.js:21
[ 1099134ms] [ERROR] Failed to load resource: net::ERR_CONNECTION_REFUSED @ http://localhost:8538/_stcore/health:0
[ 1101118ms] [ERROR] Failed to load resource: net::ERR_CONNECTION_REFUSED @ http://localhost:8538/_stcore/health:0
[ 1101118ms] [ERROR] Client Error in reaching server endpoint - No response received when attempting to reach /_stcore/health @ http://localhost:8538/static/js/index.D2ZqaFuW.js:16
[ 1101118ms] [ERROR] Is Streamlit still running? If you accidentally stopped Streamlit, just restart it in your terminal: @ http://localhost:8538/static/js/index.D2ZqaFuW.js:21
[ 1101173ms] [ERROR] Failed to load resource: net::ERR_CONNECTION_REFUSED @ http://localhost:8538/_stcore/host-config:0
[ 1103131ms] [ERROR] Failed to load resource: net::ERR_CONNECTION_REFUSED @ http://localhost:8538/_stcore/health:0
[ 1103131ms] [ERROR] Client Error in reaching server endpoint - No response received when attempting to reach /_stcore/health @ http://localhost:8538/static/js/index.D2ZqaFuW.js:16
[ 1103131ms] [ERROR] Is Streamlit still running? If you accidentally stopped Streamlit, just restart it in your terminal: @ http://localhost:8538/static/js/index.D2ZqaFuW.js:21
[ 1103183ms] [ERROR] Failed to load resource: net::ERR_CONNECTION_REFUSED @ http://localhost:8538/_stcore/host-config:0
[ 1105141ms] [ERROR] Failed to load resource: net::ERR_CONNECTION_REFUSED @ http://localhost:8538/_stcore/host-config:0
[ 1105142ms] [ERROR] Client Error in reaching server endpoint - No response received when attempting to reach /_stcore/host-config @ http://localhost:8538/static/js/index.D2ZqaFuW.js:16
[ 1105142ms] [ERROR] Is Streamlit still running? If you accidentally stopped Streamlit, just restart it in your terminal: @ http://localhost:8538/static/js/index.D2ZqaFuW.js:21
[ 1105170ms] [ERROR] Failed to load resource: net::ERR_CONNECTION_REFUSED @ http://localhost:8538/_stcore/health:0
[ 1107147ms] [ERROR] Failed to load resource: net::ERR_CONNECTION_REFUSED @ http://localhost:8538/_stcore/health:0
[ 1107147ms] [ERROR] Client Error in reaching server endpoint - No response received when attempting to reach /_stcore/health @ http://localhost:8538/static/js/index.D2ZqaFuW.js:16
[ 1107147ms] [ERROR] Is Streamlit still running? If you accidentally stopped Streamlit, just restart it in your terminal: @ http://localhost:8538/static/js/index.D2ZqaFuW.js:21
[ 1107174ms] [ERROR] Failed to load resource: net::ERR_CONNECTION_REFUSED @ http://localhost:8538/_stcore/host-config:0
[ 1109152ms] [ERROR] Failed to load resource: net::ERR_CONNECTION_REFUSED @ http://localhost:8538/_stcore/health:0
[ 1109152ms] [ERROR] Client Error in reaching server endpoint - No response received when attempting to reach /_stcore/health @ http://localhost:8538/static/js/index.D2ZqaFuW.js:16
[ 1109152ms] [ERROR] Is Streamlit still running? If you accidentally stopped Streamlit, just restart it in your terminal: @ http://localhost:8538/static/js/index.D2ZqaFuW.js:21
[ 1109183ms] [ERROR] Failed to load resource: net::ERR_CONNECTION_REFUSED @ http://localhost:8538/_stcore/host-config:0
[ 1111159ms] [ERROR] Failed to load resource: net::ERR_CONNECTION_REFUSED @ http://localhost:8538/_stcore/health:0
[ 1111159ms] [ERROR] Client Error in reaching server endpoint - No response received when attempting to reach /_stcore/health @ http://localhost:8538/static/js/index.D2ZqaFuW.js:16
[ 1111159ms] [ERROR] Is Streamlit still running? If you accidentally stopped Streamlit, just restart it in your terminal: @ http://localhost:8538/static/js/index.D2ZqaFuW.js:21
[ 1111190ms] [ERROR] Failed to load resource: net::ERR_CONNECTION_REFUSED @ http://localhost:8538/_stcore/host-config:0
[ 1113174ms] [ERROR] Failed to load resource: net::ERR_CONNECTION_REFUSED @ http://localhost:8538/_stcore/health:0
[ 1113174ms] [ERROR] Client Error in reaching server endpoint - No response received when attempting to reach /_stcore/health @ http://localhost:8538/static/js/index.D2ZqaFuW.js:16
[ 1113174ms] [ERROR] Is Streamlit still running? If you accidentally stopped Streamlit, just restart it in your terminal: @ http://localhost:8538/static/js/index.D2ZqaFuW.js:21
[ 1113202ms] [ERROR] Failed to load resource: net::ERR_CONNECTION_REFUSED @ http://localhost:8538/_stcore/host-config:0
[ 1115182ms] [ERROR] Failed to load resource: net::ERR_CONNECTION_REFUSED @ http://localhost:8538/_stcore/health:0
[ 1115183ms] [ERROR] Client Error in reaching server endpoint - No response received when attempting to reach /_stcore/health @ http://localhost:8538/static/js/index.D2ZqaFuW.js:16
[ 1115183ms] [ERROR] Is Streamlit still running? If you accidentally stopped Streamlit, just restart it in your terminal: @ http://localhost:8538/static/js/index.D2ZqaFuW.js:21
[ 1115208ms] [ERROR] Failed to load resource: net::ERR_CONNECTION_REFUSED @ http://localhost:8538/_stcore/host-config:0
[ 1117191ms] [ERROR] Failed to load resource: net::ERR_CONNECTION_REFUSED @ http://localhost:8538/_stcore/host-config:0
[ 1117191ms] [ERROR] Client Error in reaching server endpoint - No response received when attempting to reach /_stcore/host-config @ http://localhost:8538/static/js/index.D2ZqaFuW.js:16
[ 1117191ms] [ERROR] Is Streamlit still running? If you accidentally stopped Streamlit, just restart it in your terminal: @ http://localhost:8538/static/js/index.D2ZqaFuW.js:21
[ 1117222ms] [ERROR] Failed to load resource: net::ERR_CONNECTION_REFUSED @ http://localhost:8538/_stcore/health:0
[ 1119207ms] [ERROR] Failed to load resource: net::ERR_CONNECTION_REFUSED @ http://localhost:8538/_stcore/health:0
[ 1119207ms] [ERROR] Client Error in reaching server endpoint - No response received when attempting to reach /_stcore/health @ http://localhost:8538/static/js/index.D2ZqaFuW.js:16
[ 1119208ms] [ERROR] Is Streamlit still running? If you accidentally stopped Streamlit, just restart it in your terminal: @ http://localhost:8538/static/js/index.D2ZqaFuW.js:21
[ 1119232ms] [ERROR] Failed to load resource: net::ERR_CONNECTION_REFUSED @ http://localhost:8538/_stcore/host-config:0
[ 1121305ms] [ERROR] Failed to load resource: net::ERR_CONNECTION_REFUSED @ http://localhost:8538/_stcore/health:0
[ 1121305ms] [ERROR] Client Error in reaching server endpoint - No response received when attempting to reach /_stcore/health @ http://localhost:8538/static/js/index.D2ZqaFuW.js:16
[ 1121305ms] [ERROR] Is Streamlit still running? If you accidentally stopped Streamlit, just restart it in your terminal: @ http://localhost:8538/static/js/index.D2ZqaFuW.js:21
[ 1121338ms] [ERROR] Failed to load resource: net::ERR_CONNECTION_REFUSED @ http://localhost:8538/_stcore/host-config:0
[ 1123314ms] [ERROR] Failed to load resource: net::ERR_CONNECTION_REFUSED @ http://localhost:8538/_stcore/health:0
[ 1123314ms] [ERROR] Client Error in reaching server endpoint - No response received when attempting to reach /_stcore/health @ http://localhost:8538/static/js/index.D2ZqaFuW.js:16
[ 1123315ms] [ERROR] Is Streamlit still running? If you accidentally stopped Streamlit, just restart it in your terminal: @ http://localhost:8538/static/js/index.D2ZqaFuW.js:21
[ 1123348ms] [ERROR] Failed to load resource: net::ERR_CONNECTION_REFUSED @ http://localhost:8538/_stcore/host-config:0
[ 1125321ms] [ERROR] Failed to load resource: net::ERR_CONNECTION_REFUSED @ http://localhost:8538/_stcore/health:0
[ 1125322ms] [ERROR] Client Error in reaching server endpoint - No response received when attempting to reach /_stcore/health @ http://localhost:8538/static/js/index.D2ZqaFuW.js:16
[ 1125322ms] [ERROR] Is Streamlit still running? If you accidentally stopped Streamlit, just restart it in your terminal: @ http://localhost:8538/static/js/index.D2ZqaFuW.js:21
[ 1125351ms] [ERROR] Failed to load resource: net::ERR_CONNECTION_REFUSED @ http://localhost:8538/_stcore/host-config:0
[ 1127330ms] [ERROR] Failed to load resource: net::ERR_CONNECTION_REFUSED @ http://localhost:8538/_stcore/host-config:0
[ 1127330ms] [ERROR] Client Error in reaching server endpoint - No response received when attempting to reach /_stcore/host-config @ http://localhost:8538/static/js/index.D2ZqaFuW.js:16
[ 1127330ms] [ERROR] Is Streamlit still running? If you accidentally stopped Streamlit, just restart it in your terminal: @ http://localhost:8538/static/js/index.D2ZqaFuW.js:21
[ 1127356ms] [ERROR] Failed to load resource: net::ERR_CONNECTION_REFUSED @ http://localhost:8538/_stcore/health:0
[ 1129334ms] [ERROR] Failed to load resource: net::ERR_CONNECTION_REFUSED @ http://localhost:8538/_stcore/health:0
[ 1129334ms] [ERROR] Client Error in reaching server endpoint - No response received when attempting to reach /_stcore/health @ http://localhost:8538/static/js/index.D2ZqaFuW.js:16
[ 1129334ms] [ERROR] Is Streamlit still running? If you accidentally stopped Streamlit, just restart it in your terminal: @ http://localhost:8538/static/js/index.D2ZqaFuW.js:21
[ 1129362ms] [ERROR] Failed to load resource: net::ERR_CONNECTION_REFUSED @ http://localhost:8538/_stcore/host-config:0
[ 1131340ms] [ERROR] Failed to load resource: net::ERR_CONNECTION_REFUSED @ http://localhost:8538/_stcore/host-config:0
[ 1131340ms] [ERROR] Client Error in reaching server endpoint - No response received when attempting to reach /_stcore/host-config @ http://localhost:8538/static/js/index.D2ZqaFuW.js:16
[ 1131340ms] [ERROR] Is Streamlit still running? If you accidentally stopped Streamlit, just restart it in your terminal: @ http://localhost:8538/static/js/index.D2ZqaFuW.js:21
[ 1131375ms] [ERROR] Failed to load resource: net::ERR_CONNECTION_REFUSED @ http://localhost:8538/_stcore/health:0
[ 1133346ms] [ERROR] Failed to load resource: net::ERR_CONNECTION_REFUSED @ http://localhost:8538/_stcore/host-config:0
[ 1133346ms] [ERROR] Client Error in reaching server endpoint - No response received when attempting to reach /_stcore/host-config @ http://localhost:8538/static/js/index.D2ZqaFuW.js:16
[ 1133346ms] [ERROR] Is Streamlit still running? If you accidentally stopped Streamlit, just restart it in your terminal: @ http://localhost:8538/static/js/index.D2ZqaFuW.js:21
[ 1133375ms] [ERROR] Failed to load resource: net::ERR_CONNECTION_REFUSED @ http://localhost:8538/_stcore/health:0
[ 1135359ms] [ERROR] Failed to load resource: net::ERR_CONNECTION_REFUSED @ http://localhost:8538/_stcore/host-config:0
[ 1135359ms] [ERROR] Client Error in reaching server endpoint - No response received when attempting to reach /_stcore/host-config @ http://localhost:8538/static/js/index.D2ZqaFuW.js:16
[ 1135359ms] [ERROR] Is Streamlit still running? If you accidentally stopped Streamlit, just restart it in your terminal: @ http://localhost:8538/static/js/index.D2ZqaFuW.js:21
[ 1135383ms] [ERROR] Failed to load resource: net::ERR_CONNECTION_REFUSED @ http://localhost:8538/_stcore/health:0
[ 1137372ms] [ERROR] Failed to load resource: net::ERR_CONNECTION_REFUSED @ http://localhost:8538/_stcore/host-config:0
[ 1137372ms] [ERROR] Client Error in reaching server endpoint - No response received when attempting to reach /_stcore/host-config @ http://localhost:8538/static/js/index.D2ZqaFuW.js:16
[ 1137373ms] [ERROR] Is Streamlit still running? If you accidentally stopped Streamlit, just restart it in your terminal: @ http://localhost:8538/static/js/index.D2ZqaFuW.js:21
[ 1137402ms] [ERROR] Failed to load resource: net::ERR_CONNECTION_REFUSED @ http://localhost:8538/_stcore/health:0
[ 1139380ms] [ERROR] Failed to load resource: net::ERR_CONNECTION_REFUSED @ http://localhost:8538/_stcore/health:0
[ 1139380ms] [ERROR] Client Error in reaching server endpoint - No response received when attempting to reach /_stcore/health @ http://localhost:8538/static/js/index.D2ZqaFuW.js:16
[ 1139380ms] [ERROR] Is Streamlit still running? If you accidentally stopped Streamlit, just restart it in your terminal: @ http://localhost:8538/static/js/index.D2ZqaFuW.js:21
[ 1139405ms] [ERROR] Failed to load resource: net::ERR_CONNECTION_REFUSED @ http://localhost:8538/_stcore/host-config:0
[ 1141398ms] [ERROR] Failed to load resource: net::ERR_CONNECTION_REFUSED @ http://localhost:8538/_stcore/health:0
[ 1141398ms] [ERROR] Client Error in reaching server endpoint - No response received when attempting to reach /_stcore/health @ http://localhost:8538/static/js/index.D2ZqaFuW.js:16
[ 1141398ms] [ERROR] Is Streamlit still running? If you accidentally stopped Streamlit, just restart it in your terminal: @ http://localhost:8538/static/js/index.D2ZqaFuW.js:21
[ 1141426ms] [ERROR] Failed to load resource: net::ERR_CONNECTION_REFUSED @ http://localhost:8538/_stcore/host-config:0
[ 1143404ms] [ERROR] Failed to load resource: net::ERR_CONNECTION_REFUSED @ http://localhost:8538/_stcore/health:0
[ 1143404ms] [ERROR] Client Error in reaching server endpoint - No response received when attempting to reach /_stcore/health @ http://localhost:8538/static/js/index.D2ZqaFuW.js:16
[ 1143404ms] [ERROR] Is Streamlit still running? If you accidentally stopped Streamlit, just restart it in your terminal: @ http://localhost:8538/static/js/index.D2ZqaFuW.js:21
[ 1143427ms] [ERROR] Failed to load resource: net::ERR_CONNECTION_REFUSED @ http://localhost:8538/_stcore/host-config:0
[ 1145409ms] [ERROR] Failed to load resource: net::ERR_CONNECTION_REFUSED @ http://localhost:8538/_stcore/health:0
[ 1145409ms] [ERROR] Client Error in reaching server endpoint - No response received when attempting to reach /_stcore/health @ http://localhost:8538/static/js/index.D2ZqaFuW.js:16
[ 1145409ms] [ERROR] Is Streamlit still running? If you accidentally stopped Streamlit, just restart it in your terminal: @ http://localhost:8538/static/js/index.D2ZqaFuW.js:21
[ 1145459ms] [ERROR] Failed to load resource: net::ERR_CONNECTION_REFUSED @ http://localhost:8538/_stcore/host-config:0
[ 1147427ms] [ERROR] Failed to load resource: net::ERR_CONNECTION_REFUSED @ http://localhost:8538/_stcore/health:0
[ 1147427ms] [ERROR] Client Error in reaching server endpoint - No response received when attempting to reach /_stcore/health @ http://localhost:8538/static/js/index.D2ZqaFuW.js:16
[ 1147427ms] [ERROR] Is Streamlit still running? If you accidentally stopped Streamlit, just restart it in your terminal: @ http://localhost:8538/static/js/index.D2ZqaFuW.js:21
[ 1147427ms] [ERROR] Failed to load resource: net::ERR_CONNECTION_REFUSED @ http://localhost:8538/_stcore/host-config:0
[ 1149437ms] [ERROR] Failed to load resource: net::ERR_CONNECTION_REFUSED @ http://localhost:8538/_stcore/host-config:0
[ 1149437ms] [ERROR] Client Error in reaching server endpoint - No response received when attempting to reach /_stcore/host-config @ http://localhost:8538/static/js/index.D2ZqaFuW.js:16
[ 1149437ms] [ERROR] Is Streamlit still running? If you accidentally stopped Streamlit, just restart it in your terminal: @ http://localhost:8538/static/js/index.D2ZqaFuW.js:21
[ 1149474ms] [ERROR] Failed to load resource: net::ERR_CONNECTION_REFUSED @ http://localhost:8538/_stcore/health:0
[ 1151446ms] [ERROR] Failed to load resource: net::ERR_CONNECTION_REFUSED @ http://localhost:8538/_stcore/health:0
[ 1151446ms] [ERROR] Client Error in reaching server endpoint - No response received when attempting to reach /_stcore/health @ http://localhost:8538/static/js/index.D2ZqaFuW.js:16
[ 1151446ms] [ERROR] Is Streamlit still running? If you accidentally stopped Streamlit, just restart it in your terminal: @ http://localhost:8538/static/js/index.D2ZqaFuW.js:21
[ 1151476ms] [ERROR] Failed to load resource: net::ERR_CONNECTION_REFUSED @ http://localhost:8538/_stcore/host-config:0
[ 1153457ms] [ERROR] Failed to load resource: net::ERR_CONNECTION_REFUSED @ http://localhost:8538/_stcore/health:0
[ 1153457ms] [ERROR] Client Error in reaching server endpoint - No response received when attempting to reach /_stcore/health @ http://localhost:8538/static/js/index.D2ZqaFuW.js:16
[ 1153458ms] [ERROR] Is Streamlit still running? If you accidentally stopped Streamlit, just restart it in your terminal: @ http://localhost:8538/static/js/index.D2ZqaFuW.js:21
[ 1153486ms] [ERROR] Failed to load resource: net::ERR_CONNECTION_REFUSED @ http://localhost:8538/_stcore/host-config:0
[ 1155463ms] [ERROR] Failed to load resource: net::ERR_CONNECTION_REFUSED @ http://localhost:8538/_stcore/health:0
[ 1155463ms] [ERROR] Client Error in reaching server endpoint - No response received when attempting to reach /_stcore/health @ http://localhost:8538/static/js/index.D2ZqaFuW.js:16
[ 1155463ms] [ERROR] Is Streamlit still running? If you accidentally stopped Streamlit, just restart it in your terminal: @ http://localhost:8538/static/js/index.D2ZqaFuW.js:21
[ 1155485ms] [ERROR] Failed to load resource: net::ERR_CONNECTION_REFUSED @ http://localhost:8538/_stcore/host-config:0
[ 1157509ms] [ERROR] Failed to load resource: net::ERR_CONNECTION_REFUSED @ http://localhost:8538/_stcore/health:0
[ 1157509ms] [ERROR] Client Error in reaching server endpoint - No response received when attempting to reach /_stcore/health @ http://localhost:8538/static/js/index.D2ZqaFuW.js:16
[ 1157509ms] [ERROR] Is Streamlit still running? If you accidentally stopped Streamlit, just restart it in your terminal: @ http://localhost:8538/static/js/index.D2ZqaFuW.js:21
[ 1157536ms] [ERROR] Failed to load resource: net::ERR_CONNECTION_REFUSED @ http://localhost:8538/_stcore/host-config:0
[ 1159515ms] [ERROR] Failed to load resource: net::ERR_CONNECTION_REFUSED @ http://localhost:8538/_stcore/health:0
[ 1159515ms] [ERROR] Client Error in reaching server endpoint - No response received when attempting to reach /_stcore/health @ http://localhost:8538/static/js/index.D2ZqaFuW.js:16
[ 1159515ms] [ERROR] Is Streamlit still running? If you accidentally stopped Streamlit, just restart it in your terminal: @ http://localhost:8538/static/js/index.D2ZqaFuW.js:21
[ 1159539ms] [ERROR] Failed to load resource: net::ERR_CONNECTION_REFUSED @ http://localhost:8538/_stcore/host-config:0
[ 1161521ms] [ERROR] Failed to load resource: net::ERR_CONNECTION_REFUSED @ http://localhost:8538/_stcore/health:0
[ 1161521ms] [ERROR] Client Error in reaching server endpoint - No response received when attempting to reach /_stcore/health @ http://localhost:8538/static/js/index.D2ZqaFuW.js:16
[ 1161521ms] [ERROR] Is Streamlit still running? If you accidentally stopped Streamlit, just restart it in your terminal: @ http://localhost:8538/static/js/index.D2ZqaFuW.js:21
[ 1161544ms] [ERROR] Failed to load resource: net::ERR_CONNECTION_REFUSED @ http://localhost:8538/_stcore/host-config:0
[ 1163528ms] [ERROR] Failed to load resource: net::ERR_CONNECTION_REFUSED @ http://localhost:8538/_stcore/health:0
[ 1163528ms] [ERROR] Client Error in reaching server endpoint - No response received when attempting to reach /_stcore/health @ http://localhost:8538/static/js/index.D2ZqaFuW.js:16
[ 1163528ms] [ERROR] Is Streamlit still running? If you accidentally stopped Streamlit, just restart it in your terminal: @ http://localhost:8538/static/js/index.D2ZqaFuW.js:21
[ 1163576ms] [ERROR] Failed to load resource: net::ERR_CONNECTION_REFUSED @ http://localhost:8538/_stcore/host-config:0
[ 1165588ms] [ERROR] Failed to load resource: net::ERR_CONNECTION_REFUSED @ http://localhost:8538/_stcore/health:0
[ 1165589ms] [ERROR] Client Error in reaching server endpoint - No response received when attempting to reach /_stcore/health @ http://localhost:8538/static/js/index.D2ZqaFuW.js:16
[ 1165589ms] [ERROR] Is Streamlit still running? If you accidentally stopped Streamlit, just restart it in your terminal: @ http://localhost:8538/static/js/index.D2ZqaFuW.js:21
[ 1165638ms] [ERROR] Failed to load resource: net::ERR_CONNECTION_REFUSED @ http://localhost:8538/_stcore/host-config:0
[ 1167596ms] [ERROR] Failed to load resource: net::ERR_CONNECTION_REFUSED @ http://localhost:8538/_stcore/health:0
[ 1167596ms] [ERROR] Client Error in reaching server endpoint - No response received when attempting to reach /_stcore/health @ http://localhost:8538/static/js/index.D2ZqaFuW.js:16
[ 1167597ms] [ERROR] Is Streamlit still running? If you accidentally stopped Streamlit, just restart it in your terminal: @ http://localhost:8538/static/js/index.D2ZqaFuW.js:21
[ 1167618ms] [ERROR] Failed to load resource: net::ERR_CONNECTION_REFUSED @ http://localhost:8538/_stcore/host-config:0
[ 1169603ms] [ERROR] Failed to load resource: net::ERR_CONNECTION_REFUSED @ http://localhost:8538/_stcore/health:0
[ 1169604ms] [ERROR] Client Error in reaching server endpoint - No response received when attempting to reach /_stcore/health @ http://localhost:8538/static/js/index.D2ZqaFuW.js:16
[ 1169604ms] [ERROR] Is Streamlit still running? If you accidentally stopped Streamlit, just restart it in your terminal: @ http://localhost:8538/static/js/index.D2ZqaFuW.js:21
[ 1169625ms] [ERROR] Failed to load resource: net::ERR_CONNECTION_REFUSED @ http://localhost:8538/_stcore/host-config:0
[ 1171608ms] [ERROR] Failed to load resource: net::ERR_CONNECTION_REFUSED @ http://localhost:8538/_stcore/health:0
[ 1171608ms] [ERROR] Client Error in reaching server endpoint - No response received when attempting to reach /_stcore/health @ http://localhost:8538/static/js/index.D2ZqaFuW.js:16
[ 1171608ms] [ERROR] Is Streamlit still running? If you accidentally stopped Streamlit, just restart it in your terminal: @ http://localhost:8538/static/js/index.D2ZqaFuW.js:21
[ 1171632ms] [ERROR] Failed to load resource: net::ERR_CONNECTION_REFUSED @ http://localhost:8538/_stcore/host-config:0
[ 1173643ms] [ERROR] Failed to load resource: net::ERR_CONNECTION_REFUSED @ http://localhost:8538/_stcore/health:0
[ 1173644ms] [ERROR] Client Error in reaching server endpoint - No response received when attempting to reach /_stcore/health @ http://localhost:8538/static/js/index.D2ZqaFuW.js:16
[ 1173644ms] [ERROR] Is Streamlit still running? If you accidentally stopped Streamlit, just restart it in your terminal: @ http://localhost:8538/static/js/index.D2ZqaFuW.js:21
[ 1173644ms] [ERROR] Failed to load resource: net::ERR_CONNECTION_REFUSED @ http://localhost:8538/_stcore/host-config:0
