[   36426ms] [WARNING] WebSocket onclose @ http://localhost:8765/static/js/index.D2ZqaFuW.js:17
[   36535ms] [ERROR] Failed to load resource: net::ERR_CONNECTION_RESET @ http://localhost:8765/_stcore/health:0
[   36539ms] [ERROR] Failed to load resource: net::ERR_CONNECTION_RESET @ http://localhost:8765/_stcore/host-config:0
[   36644ms] [ERROR] Failed to load resource: net::ERR_CONNECTION_REFUSED @ http://localhost:8765/_stcore/health:0
[   36645ms] [ERROR] Failed to load resource: net::ERR_CONNECTION_REFUSED @ http://localhost:8765/_stcore/host-config:0
[   36830ms] [ERROR] Failed to load resource: net::ERR_CONNECTION_REFUSED @ http://localhost:8765/_stcore/health:0
[   36832ms] [ERROR] Failed to load resource: net::ERR_CONNECTION_REFUSED @ http://localhost:8765/_stcore/host-config:0
[   37169ms] [ERROR] Failed to load resource: net::ERR_CONNECTION_REFUSED @ http://localhost:8765/_stcore/health:0
[   37172ms] [ERROR] Failed to load resource: net::ERR_CONNECTION_REFUSED @ http://localhost:8765/_stcore/host-config:0
[   38074ms] [ERROR] Failed to load resource: net::ERR_CONNECTION_REFUSED @ http://localhost:8765/_stcore/health:0
[   38075ms] [ERROR] Failed to load resource: net::ERR_CONNECTION_REFUSED @ http://localhost:8765/_stcore/host-config:0
[   39651ms] [ERROR] Failed to load resource: net::ERR_CONNECTION_REFUSED @ http://localhost:8765/_stcore/health:0
[   39652ms] [ERROR] Client Error in reaching server endpoint - No response received when attempting to reach /_stcore/health @ http://localhost:8765/static/js/index.D2ZqaFuW.js:16
[   39652ms] [ERROR] Is Streamlit still running? If you accidentally stopped Streamlit, just restart it in your terminal: @ http://localhost:8765/static/js/index.D2ZqaFuW.js:21
[   39758ms] [ERROR] Failed to load resource: net::ERR_CONNECTION_REFUSED @ http://localhost:8765/static/media/SourceCodeVF-Upright.ttf.BjWn63N-.woff2:0
[   39762ms] [ERROR] Failed to load resource: net::ERR_CONNECTION_REFUSED @ http://localhost:8765/_stcore/host-config:0
[   41702ms] [ERROR] Failed to load resource: net::ERR_CONNECTION_REFUSED @ http://localhost:8765/_stcore/health:0
[   41703ms] [ERROR] Client Error in reaching server endpoint - No response received when attempting to reach /_stcore/health @ http://localhost:8765/static/js/index.D2ZqaFuW.js:16
[   41703ms] [ERROR] Is Streamlit still running? If you accidentally stopped Streamlit, just restart it in your terminal: @ http://localhost:8765/static/js/index.D2ZqaFuW.js:21
[   41744ms] [ERROR] Failed to load resource: net::ERR_CONNECTION_REFUSED @ http://localhost:8765/_stcore/host-config:0
[   43711ms] [ERROR] Failed to load resource: net::ERR_CONNECTION_REFUSED @ http://localhost:8765/_stcore/host-config:0
[   43711ms] [ERROR] Client Error in reaching server endpoint - No response received when attempting to reach /_stcore/host-config @ http://localhost:8765/static/js/index.D2ZqaFuW.js:16
[   43711ms] [ERROR] Is Streamlit still running? If you accidentally stopped Streamlit, just restart it in your terminal: @ http://localhost:8765/static/js/index.D2ZqaFuW.js:21
[   43744ms] [ERROR] Failed to load resource: net::ERR_CONNECTION_REFUSED @ http://localhost:8765/_stcore/health:0
[   45717ms] [ERROR] Failed to load resource: net::ERR_CONNECTION_REFUSED @ http://localhost:8765/_stcore/health:0
[   45717ms] [ERROR] Client Error in reaching server endpoint - No response received when attempting to reach /_stcore/health @ http://localhost:8765/static/js/index.D2ZqaFuW.js:16
[   45717ms] [ERROR] Is Streamlit still running? If you accidentally stopped Streamlit, just restart it in your terminal: @ http://localhost:8765/static/js/index.D2ZqaFuW.js:21
[   45746ms] [ERROR] Failed to load resource: net::ERR_CONNECTION_REFUSED @ http://localhost:8765/_stcore/host-config:0
[   47727ms] [ERROR] Failed to load resource: net::ERR_CONNECTION_REFUSED @ http://localhost:8765/_stcore/health:0
[   47727ms] [ERROR] Client Error in reaching server endpoint - No response received when attempting to reach /_stcore/health @ http://localhost:8765/static/js/index.D2ZqaFuW.js:16
[   47727ms] [ERROR] Is Streamlit still running? If you accidentally stopped Streamlit, just restart it in your terminal: @ http://localhost:8765/static/js/index.D2ZqaFuW.js:21
[   47757ms] [ERROR] Failed to load resource: net::ERR_CONNECTION_REFUSED @ http://localhost:8765/_stcore/host-config:0
[   49734ms] [ERROR] Failed to load resource: net::ERR_CONNECTION_REFUSED @ http://localhost:8765/_stcore/host-config:0
[   49734ms] [ERROR] Client Error in reaching server endpoint - No response received when attempting to reach /_stcore/host-config @ http://localhost:8765/static/js/index.D2ZqaFuW.js:16
[   49734ms] [ERROR] Is Streamlit still running? If you accidentally stopped Streamlit, just restart it in your terminal: @ http://localhost:8765/static/js/index.D2ZqaFuW.js:21
[   49765ms] [ERROR] Failed to load resource: net::ERR_CONNECTION_REFUSED @ http://localhost:8765/_stcore/health:0
[   51742ms] [ERROR] Failed to load resource: net::ERR_CONNECTION_REFUSED @ http://localhost:8765/_stcore/host-config:0
[   51742ms] [ERROR] Client Error in reaching server endpoint - No response received when attempting to reach /_stcore/host-config @ http://localhost:8765/static/js/index.D2ZqaFuW.js:16
[   51743ms] [ERROR] Is Streamlit still running? If you accidentally stopped Streamlit, just restart it in your terminal: @ http://localhost:8765/static/js/index.D2ZqaFuW.js:21
[   51769ms] [ERROR] Failed to load resource: net::ERR_CONNECTION_REFUSED @ http://localhost:8765/_stcore/health:0
[   53747ms] [ERROR] Failed to load resource: net::ERR_CONNECTION_REFUSED @ http://localhost:8765/_stcore/health:0
[   53747ms] [ERROR] Client Error in reaching server endpoint - No response received when attempting to reach /_stcore/health @ http://localhost:8765/static/js/index.D2ZqaFuW.js:16
[   53747ms] [ERROR] Is Streamlit still running? If you accidentally stopped Streamlit, just restart it in your terminal: @ http://localhost:8765/static/js/index.D2ZqaFuW.js:21
[   53774ms] [ERROR] Failed to load resource: net::ERR_CONNECTION_REFUSED @ http://localhost:8765/_stcore/host-config:0
[   55753ms] [ERROR] Failed to load resource: net::ERR_CONNECTION_REFUSED @ http://localhost:8765/_stcore/health:0
[   55753ms] [ERROR] Client Error in reaching server endpoint - No response received when attempting to reach /_stcore/health @ http://localhost:8765/static/js/index.D2ZqaFuW.js:16
[   55753ms] [ERROR] Is Streamlit still running? If you accidentally stopped Streamlit, just restart it in your terminal: @ http://localhost:8765/static/js/index.D2ZqaFuW.js:21
[   55781ms] [ERROR] Failed to load resource: net::ERR_CONNECTION_REFUSED @ http://localhost:8765/_stcore/host-config:0
[   57768ms] [ERROR] Failed to load resource: net::ERR_CONNECTION_REFUSED @ http://localhost:8765/_stcore/health:0
[   57768ms] [ERROR] Client Error in reaching server endpoint - No response received when attempting to reach /_stcore/health @ http://localhost:8765/static/js/index.D2ZqaFuW.js:16
[   57768ms] [ERROR] Is Streamlit still running? If you accidentally stopped Streamlit, just restart it in your terminal: @ http://localhost:8765/static/js/index.D2ZqaFuW.js:21
[   57804ms] [ERROR] Failed to load resource: net::ERR_CONNECTION_REFUSED @ http://localhost:8765/_stcore/host-config:0
[   59775ms] [ERROR] Failed to load resource: net::ERR_CONNECTION_REFUSED @ http://localhost:8765/_stcore/health:0
[   59775ms] [ERROR] Client Error in reaching server endpoint - No response received when attempting to reach /_stcore/health @ http://localhost:8765/static/js/index.D2ZqaFuW.js:16
[   59775ms] [ERROR] Is Streamlit still running? If you accidentally stopped Streamlit, just restart it in your terminal: @ http://localhost:8765/static/js/index.D2ZqaFuW.js:21
[   59799ms] [ERROR] Failed to load resource: net::ERR_CONNECTION_REFUSED @ http://localhost:8765/_stcore/host-config:0
[   61783ms] [ERROR] Failed to load resource: net::ERR_CONNECTION_REFUSED @ http://localhost:8765/_stcore/health:0
[   61783ms] [ERROR] Client Error in reaching server endpoint - No response received when attempting to reach /_stcore/health @ http://localhost:8765/static/js/index.D2ZqaFuW.js:16
[   61783ms] [ERROR] Is Streamlit still running? If you accidentally stopped Streamlit, just restart it in your terminal: @ http://localhost:8765/static/js/index.D2ZqaFuW.js:21
[   61807ms] [ERROR] Failed to load resource: net::ERR_CONNECTION_REFUSED @ http://localhost:8765/_stcore/host-config:0
[   63793ms] [ERROR] Failed to load resource: net::ERR_CONNECTION_REFUSED @ http://localhost:8765/_stcore/health:0
[   63793ms] [ERROR] Client Error in reaching server endpoint - No response received when attempting to reach /_stcore/health @ http://localhost:8765/static/js/index.D2ZqaFuW.js:16
[   63793ms] [ERROR] Is Streamlit still running? If you accidentally stopped Streamlit, just restart it in your terminal: @ http://localhost:8765/static/js/index.D2ZqaFuW.js:21
[   63815ms] [ERROR] Failed to load resource: net::ERR_CONNECTION_REFUSED @ http://localhost:8765/_stcore/host-config:0
[   65797ms] [ERROR] Failed to load resource: net::ERR_CONNECTION_REFUSED @ http://localhost:8765/_stcore/health:0
[   65798ms] [ERROR] Client Error in reaching server endpoint - No response received when attempting to reach /_stcore/health @ http://localhost:8765/static/js/index.D2ZqaFuW.js:16
[   65798ms] [ERROR] Is Streamlit still running? If you accidentally stopped Streamlit, just restart it in your terminal: @ http://localhost:8765/static/js/index.D2ZqaFuW.js:21
[   65824ms] [ERROR] Failed to load resource: net::ERR_CONNECTION_REFUSED @ http://localhost:8765/_stcore/host-config:0
[   67804ms] [ERROR] Failed to load resource: net::ERR_CONNECTION_REFUSED @ http://localhost:8765/_stcore/health:0
[   67804ms] [ERROR] Client Error in reaching server endpoint - No response received when attempting to reach /_stcore/health @ http://localhost:8765/static/js/index.D2ZqaFuW.js:16
[   67805ms] [ERROR] Is Streamlit still running? If you accidentally stopped Streamlit, just restart it in your terminal: @ http://localhost:8765/static/js/index.D2ZqaFuW.js:21
[   67839ms] [ERROR] Failed to load resource: net::ERR_CONNECTION_REFUSED @ http://localhost:8765/_stcore/host-config:0
[   69812ms] [ERROR] Failed to load resource: net::ERR_CONNECTION_REFUSED @ http://localhost:8765/_stcore/host-config:0
[   69812ms] [ERROR] Client Error in reaching server endpoint - No response received when attempting to reach /_stcore/host-config @ http://localhost:8765/static/js/index.D2ZqaFuW.js:16
[   69812ms] [ERROR] Is Streamlit still running? If you accidentally stopped Streamlit, just restart it in your terminal: @ http://localhost:8765/static/js/index.D2ZqaFuW.js:21
[   69836ms] [ERROR] Failed to load resource: net::ERR_CONNECTION_REFUSED @ http://localhost:8765/_stcore/health:0
[   71819ms] [ERROR] Failed to load resource: net::ERR_CONNECTION_REFUSED @ http://localhost:8765/_stcore/health:0
[   71819ms] [ERROR] Client Error in reaching server endpoint - No response received when attempting to reach /_stcore/health @ http://localhost:8765/static/js/index.D2ZqaFuW.js:16
[   71819ms] [ERROR] Is Streamlit still running? If you accidentally stopped Streamlit, just restart it in your terminal: @ http://localhost:8765/static/js/index.D2ZqaFuW.js:21
[   71846ms] [ERROR] Failed to load resource: net::ERR_CONNECTION_REFUSED @ http://localhost:8765/_stcore/host-config:0
[   73827ms] [ERROR] Failed to load resource: net::ERR_CONNECTION_REFUSED @ http://localhost:8765/_stcore/health:0
[   73827ms] [ERROR] Client Error in reaching server endpoint - No response received when attempting to reach /_stcore/health @ http://localhost:8765/static/js/index.D2ZqaFuW.js:16
[   73828ms] [ERROR] Is Streamlit still running? If you accidentally stopped Streamlit, just restart it in your terminal: @ http://localhost:8765/static/js/index.D2ZqaFuW.js:21
[   73850ms] [ERROR] Failed to load resource: net::ERR_CONNECTION_REFUSED @ http://localhost:8765/_stcore/host-config:0
[   75837ms] [ERROR] Failed to load resource: net::ERR_CONNECTION_REFUSED @ http://localhost:8765/_stcore/health:0
[   75837ms] [ERROR] Client Error in reaching server endpoint - No response received when attempting to reach /_stcore/health @ http://localhost:8765/static/js/index.D2ZqaFuW.js:16
[   75837ms] [ERROR] Is Streamlit still running? If you accidentally stopped Streamlit, just restart it in your terminal: @ http://localhost:8765/static/js/index.D2ZqaFuW.js:21
[   75865ms] [ERROR] Failed to load resource: net::ERR_CONNECTION_REFUSED @ http://localhost:8765/_stcore/host-config:0
[   77845ms] [ERROR] Failed to load resource: net::ERR_CONNECTION_REFUSED @ http://localhost:8765/_stcore/health:0
[   77845ms] [ERROR] Client Error in reaching server endpoint - No response received when attempting to reach /_stcore/health @ http://localhost:8765/static/js/index.D2ZqaFuW.js:16
[   77846ms] [ERROR] Is Streamlit still running? If you accidentally stopped Streamlit, just restart it in your terminal: @ http://localhost:8765/static/js/index.D2ZqaFuW.js:21
[   77873ms] [ERROR] Failed to load resource: net::ERR_CONNECTION_REFUSED @ http://localhost:8765/_stcore/host-config:0
[   79853ms] [ERROR] Failed to load resource: net::ERR_CONNECTION_REFUSED @ http://localhost:8765/_stcore/health:0
[   79853ms] [ERROR] Client Error in reaching server endpoint - No response received when attempting to reach /_stcore/health @ http://localhost:8765/static/js/index.D2ZqaFuW.js:16
[   79853ms] [ERROR] Is Streamlit still running? If you accidentally stopped Streamlit, just restart it in your terminal: @ http://localhost:8765/static/js/index.D2ZqaFuW.js:21
[   79880ms] [ERROR] Failed to load resource: net::ERR_CONNECTION_REFUSED @ http://localhost:8765/_stcore/host-config:0
[   81861ms] [ERROR] Failed to load resource: net::ERR_CONNECTION_REFUSED @ http://localhost:8765/_stcore/host-config:0
[   81861ms] [ERROR] Client Error in reaching server endpoint - No response received when attempting to reach /_stcore/host-config @ http://localhost:8765/static/js/index.D2ZqaFuW.js:16
[   81861ms] [ERROR] Is Streamlit still running? If you accidentally stopped Streamlit, just restart it in your terminal: @ http://localhost:8765/static/js/index.D2ZqaFuW.js:21
[   81885ms] [ERROR] Failed to load resource: net::ERR_CONNECTION_REFUSED @ http://localhost:8765/_stcore/health:0
[   83868ms] [ERROR] Failed to load resource: net::ERR_CONNECTION_REFUSED @ http://localhost:8765/_stcore/host-config:0
[   83868ms] [ERROR] Client Error in reaching server endpoint - No response received when attempting to reach /_stcore/host-config @ http://localhost:8765/static/js/index.D2ZqaFuW.js:16
[   83868ms] [ERROR] Is Streamlit still running? If you accidentally stopped Streamlit, just restart it in your terminal: @ http://localhost:8765/static/js/index.D2ZqaFuW.js:21
[   83898ms] [ERROR] Failed to load resource: net::ERR_CONNECTION_REFUSED @ http://localhost:8765/_stcore/health:0
[   85875ms] [ERROR] Failed to load resource: net::ERR_CONNECTION_REFUSED @ http://localhost:8765/_stcore/health:0
[   85875ms] [ERROR] Client Error in reaching server endpoint - No response received when attempting to reach /_stcore/health @ http://localhost:8765/static/js/index.D2ZqaFuW.js:16
[   85876ms] [ERROR] Is Streamlit still running? If you accidentally stopped Streamlit, just restart it in your terminal: @ http://localhost:8765/static/js/index.D2ZqaFuW.js:21
[   85899ms] [ERROR] Failed to load resource: net::ERR_CONNECTION_REFUSED @ http://localhost:8765/_stcore/host-config:0
[   87886ms] [ERROR] Failed to load resource: net::ERR_CONNECTION_REFUSED @ http://localhost:8765/_stcore/host-config:0
[   87886ms] [ERROR] Client Error in reaching server endpoint - No response received when attempting to reach /_stcore/host-config @ http://localhost:8765/static/js/index.D2ZqaFuW.js:16
[   87886ms] [ERROR] Is Streamlit still running? If you accidentally stopped Streamlit, just restart it in your terminal: @ http://localhost:8765/static/js/index.D2ZqaFuW.js:21
[   87912ms] [ERROR] Failed to load resource: net::ERR_CONNECTION_REFUSED @ http://localhost:8765/_stcore/health:0
[   89909ms] [ERROR] Failed to load resource: net::ERR_CONNECTION_REFUSED @ http://localhost:8765/_stcore/host-config:0
[   89909ms] [ERROR] Client Error in reaching server endpoint - No response received when attempting to reach /_stcore/host-config @ http://localhost:8765/static/js/index.D2ZqaFuW.js:16
[   89909ms] [ERROR] Is Streamlit still running? If you accidentally stopped Streamlit, just restart it in your terminal: @ http://localhost:8765/static/js/index.D2ZqaFuW.js:21
[   89931ms] [ERROR] Failed to load resource: net::ERR_CONNECTION_REFUSED @ http://localhost:8765/_stcore/health:0
[   91914ms] [ERROR] Failed to load resource: net::ERR_CONNECTION_REFUSED @ http://localhost:8765/_stcore/health:0
[   91914ms] [ERROR] Client Error in reaching server endpoint - No response received when attempting to reach /_stcore/health @ http://localhost:8765/static/js/index.D2ZqaFuW.js:16
[   91914ms] [ERROR] Is Streamlit still running? If you accidentally stopped Streamlit, just restart it in your terminal: @ http://localhost:8765/static/js/index.D2ZqaFuW.js:21
[   91939ms] [ERROR] Failed to load resource: net::ERR_CONNECTION_REFUSED @ http://localhost:8765/_stcore/host-config:0
[   93925ms] [ERROR] Failed to load resource: net::ERR_CONNECTION_REFUSED @ http://localhost:8765/_stcore/health:0
[   93925ms] [ERROR] Client Error in reaching server endpoint - No response received when attempting to reach /_stcore/health @ http://localhost:8765/static/js/index.D2ZqaFuW.js:16
[   93925ms] [ERROR] Is Streamlit still running? If you accidentally stopped Streamlit, just restart it in your terminal: @ http://localhost:8765/static/js/index.D2ZqaFuW.js:21
[   93950ms] [ERROR] Failed to load resource: net::ERR_CONNECTION_REFUSED @ http://localhost:8765/_stcore/host-config:0
[   95931ms] [ERROR] Failed to load resource: net::ERR_CONNECTION_REFUSED @ http://localhost:8765/_stcore/host-config:0
[   95931ms] [ERROR] Client Error in reaching server endpoint - No response received when attempting to reach /_stcore/host-config @ http://localhost:8765/static/js/index.D2ZqaFuW.js:16
[   95931ms] [ERROR] Is Streamlit still running? If you accidentally stopped Streamlit, just restart it in your terminal: @ http://localhost:8765/static/js/index.D2ZqaFuW.js:21
[   95961ms] [ERROR] Failed to load resource: net::ERR_CONNECTION_REFUSED @ http://localhost:8765/_stcore/health:0
[   97943ms] [ERROR] Failed to load resource: net::ERR_CONNECTION_REFUSED @ http://localhost:8765/_stcore/health:0
[   97943ms] [ERROR] Client Error in reaching server endpoint - No response received when attempting to reach /_stcore/health @ http://localhost:8765/static/js/index.D2ZqaFuW.js:16
[   97944ms] [ERROR] Is Streamlit still running? If you accidentally stopped Streamlit, just restart it in your terminal: @ http://localhost:8765/static/js/index.D2ZqaFuW.js:21
[   97968ms] [ERROR] Failed to load resource: net::ERR_CONNECTION_REFUSED @ http://localhost:8765/_stcore/host-config:0
[   99949ms] [ERROR] Failed to load resource: net::ERR_CONNECTION_REFUSED @ http://localhost:8765/_stcore/health:0
[   99949ms] [ERROR] Client Error in reaching server endpoint - No response received when attempting to reach /_stcore/health @ http://localhost:8765/static/js/index.D2ZqaFuW.js:16
[   99949ms] [ERROR] Is Streamlit still running? If you accidentally stopped Streamlit, just restart it in your terminal: @ http://localhost:8765/static/js/index.D2ZqaFuW.js:21
[   99977ms] [ERROR] Failed to load resource: net::ERR_CONNECTION_REFUSED @ http://localhost:8765/_stcore/host-config:0
[  101954ms] [ERROR] Failed to load resource: net::ERR_CONNECTION_REFUSED @ http://localhost:8765/_stcore/health:0
[  101954ms] [ERROR] Client Error in reaching server endpoint - No response received when attempting to reach /_stcore/health @ http://localhost:8765/static/js/index.D2ZqaFuW.js:16
[  101955ms] [ERROR] Is Streamlit still running? If you accidentally stopped Streamlit, just restart it in your terminal: @ http://localhost:8765/static/js/index.D2ZqaFuW.js:21
[  101987ms] [ERROR] Failed to load resource: net::ERR_CONNECTION_REFUSED @ http://localhost:8765/_stcore/host-config:0
[  103961ms] [ERROR] Failed to load resource: net::ERR_CONNECTION_REFUSED @ http://localhost:8765/_stcore/health:0
[  103961ms] [ERROR] Client Error in reaching server endpoint - No response received when attempting to reach /_stcore/health @ http://localhost:8765/static/js/index.D2ZqaFuW.js:16
[  103961ms] [ERROR] Is Streamlit still running? If you accidentally stopped Streamlit, just restart it in your terminal: @ http://localhost:8765/static/js/index.D2ZqaFuW.js:21
[  103982ms] [ERROR] Failed to load resource: net::ERR_CONNECTION_REFUSED @ http://localhost:8765/_stcore/host-config:0
[  105968ms] [ERROR] Failed to load resource: net::ERR_CONNECTION_REFUSED @ http://localhost:8765/_stcore/health:0
[  105968ms] [ERROR] Client Error in reaching server endpoint - No response received when attempting to reach /_stcore/health @ http://localhost:8765/static/js/index.D2ZqaFuW.js:16
[  105968ms] [ERROR] Is Streamlit still running? If you accidentally stopped Streamlit, just restart it in your terminal: @ http://localhost:8765/static/js/index.D2ZqaFuW.js:21
[  105994ms] [ERROR] Failed to load resource: net::ERR_CONNECTION_REFUSED @ http://localhost:8765/_stcore/host-config:0
[  107973ms] [ERROR] Failed to load resource: net::ERR_CONNECTION_REFUSED @ http://localhost:8765/_stcore/host-config:0
[  107973ms] [ERROR] Client Error in reaching server endpoint - No response received when attempting to reach /_stcore/host-config @ http://localhost:8765/static/js/index.D2ZqaFuW.js:16
[  107974ms] [ERROR] Is Streamlit still running? If you accidentally stopped Streamlit, just restart it in your terminal: @ http://localhost:8765/static/js/index.D2ZqaFuW.js:21
[  107997ms] [ERROR] Failed to load resource: net::ERR_CONNECTION_REFUSED @ http://localhost:8765/_stcore/health:0
[  109987ms] [ERROR] Failed to load resource: net::ERR_CONNECTION_REFUSED @ http://localhost:8765/_stcore/health:0
[  109988ms] [ERROR] Client Error in reaching server endpoint - No response received when attempting to reach /_stcore/health @ http://localhost:8765/static/js/index.D2ZqaFuW.js:16
[  109988ms] [ERROR] Is Streamlit still running? If you accidentally stopped Streamlit, just restart it in your terminal: @ http://localhost:8765/static/js/index.D2ZqaFuW.js:21
[  110015ms] [ERROR] Failed to load resource: net::ERR_CONNECTION_REFUSED @ http://localhost:8765/_stcore/host-config:0
[  111995ms] [ERROR] Failed to load resource: net::ERR_CONNECTION_REFUSED @ http://localhost:8765/_stcore/health:0
[  111995ms] [ERROR] Client Error in reaching server endpoint - No response received when attempting to reach /_stcore/health @ http://localhost:8765/static/js/index.D2ZqaFuW.js:16
[  111995ms] [ERROR] Is Streamlit still running? If you accidentally stopped Streamlit, just restart it in your terminal: @ http://localhost:8765/static/js/index.D2ZqaFuW.js:21
[  112019ms] [ERROR] Failed to load resource: net::ERR_CONNECTION_REFUSED @ http://localhost:8765/_stcore/host-config:0
[  114006ms] [ERROR] Failed to load resource: net::ERR_CONNECTION_REFUSED @ http://localhost:8765/_stcore/health:0
[  114006ms] [ERROR] Client Error in reaching server endpoint - No response received when attempting to reach /_stcore/health @ http://localhost:8765/static/js/index.D2ZqaFuW.js:16
[  114006ms] [ERROR] Is Streamlit still running? If you accidentally stopped Streamlit, just restart it in your terminal: @ http://localhost:8765/static/js/index.D2ZqaFuW.js:21
[  114030ms] [ERROR] Failed to load resource: net::ERR_CONNECTION_REFUSED @ http://localhost:8765/_stcore/host-config:0
[  116014ms] [ERROR] Failed to load resource: net::ERR_CONNECTION_REFUSED @ http://localhost:8765/_stcore/host-config:0
[  116014ms] [ERROR] Client Error in reaching server endpoint - No response received when attempting to reach /_stcore/host-config @ http://localhost:8765/static/js/index.D2ZqaFuW.js:16
[  116015ms] [ERROR] Is Streamlit still running? If you accidentally stopped Streamlit, just restart it in your terminal: @ http://localhost:8765/static/js/index.D2ZqaFuW.js:21
[  116051ms] [ERROR] Failed to load resource: net::ERR_CONNECTION_REFUSED @ http://localhost:8765/_stcore/health:0
[  118022ms] [ERROR] Failed to load resource: net::ERR_CONNECTION_REFUSED @ http://localhost:8765/_stcore/health:0
[  118022ms] [ERROR] Client Error in reaching server endpoint - No response received when attempting to reach /_stcore/health @ http://localhost:8765/static/js/index.D2ZqaFuW.js:16
[  118023ms] [ERROR] Is Streamlit still running? If you accidentally stopped Streamlit, just restart it in your terminal: @ http://localhost:8765/static/js/index.D2ZqaFuW.js:21
[  118045ms] [ERROR] Failed to load resource: net::ERR_CONNECTION_REFUSED @ http://localhost:8765/_stcore/host-config:0
[  120031ms] [ERROR] Failed to load resource: net::ERR_CONNECTION_REFUSED @ http://localhost:8765/_stcore/health:0
[  120031ms] [ERROR] Client Error in reaching server endpoint - No response received when attempting to reach /_stcore/health @ http://localhost:8765/static/js/index.D2ZqaFuW.js:16
[  120032ms] [ERROR] Is Streamlit still running? If you accidentally stopped Streamlit, just restart it in your terminal: @ http://localhost:8765/static/js/index.D2ZqaFuW.js:21
[  120054ms] [ERROR] Failed to load resource: net::ERR_CONNECTION_REFUSED @ http://localhost:8765/_stcore/host-config:0
[  122038ms] [ERROR] Failed to load resource: net::ERR_CONNECTION_REFUSED @ http://localhost:8765/_stcore/health:0
[  122039ms] [ERROR] Client Error in reaching server endpoint - No response received when attempting to reach /_stcore/health @ http://localhost:8765/static/js/index.D2ZqaFuW.js:16
[  122039ms] [ERROR] Is Streamlit still running? If you accidentally stopped Streamlit, just restart it in your terminal: @ http://localhost:8765/static/js/index.D2ZqaFuW.js:21
[  122062ms] [ERROR] Failed to load resource: net::ERR_CONNECTION_REFUSED @ http://localhost:8765/_stcore/host-config:0
[  124062ms] [ERROR] Failed to load resource: net::ERR_CONNECTION_REFUSED @ http://localhost:8765/_stcore/health:0
[  124063ms] [ERROR] Client Error in reaching server endpoint - No response received when attempting to reach /_stcore/health @ http://localhost:8765/static/js/index.D2ZqaFuW.js:16
[  124064ms] [ERROR] Is Streamlit still running? If you accidentally stopped Streamlit, just restart it in your terminal: @ http://localhost:8765/static/js/index.D2ZqaFuW.js:21
[  124146ms] [ERROR] Failed to load resource: net::ERR_CONNECTION_REFUSED @ http://localhost:8765/_stcore/host-config:0
[  126075ms] [ERROR] Failed to load resource: net::ERR_CONNECTION_REFUSED @ http://localhost:8765/_stcore/health:0
[  126075ms] [ERROR] Client Error in reaching server endpoint - No response received when attempting to reach /_stcore/health @ http://localhost:8765/static/js/index.D2ZqaFuW.js:16
[  126075ms] [ERROR] Is Streamlit still running? If you accidentally stopped Streamlit, just restart it in your terminal: @ http://localhost:8765/static/js/index.D2ZqaFuW.js:21
[  126110ms] [ERROR] Failed to load resource: net::ERR_CONNECTION_REFUSED @ http://localhost:8765/_stcore/host-config:0
[  128083ms] [ERROR] Failed to load resource: net::ERR_CONNECTION_REFUSED @ http://localhost:8765/_stcore/host-config:0
[  128083ms] [ERROR] Client Error in reaching server endpoint - No response received when attempting to reach /_stcore/host-config @ http://localhost:8765/static/js/index.D2ZqaFuW.js:16
[  128083ms] [ERROR] Is Streamlit still running? If you accidentally stopped Streamlit, just restart it in your terminal: @ http://localhost:8765/static/js/index.D2ZqaFuW.js:21
[  128110ms] [ERROR] Failed to load resource: net::ERR_CONNECTION_REFUSED @ http://localhost:8765/_stcore/health:0
[  130090ms] [ERROR] Failed to load resource: net::ERR_CONNECTION_REFUSED @ http://localhost:8765/_stcore/health:0
[  130090ms] [ERROR] Client Error in reaching server endpoint - No response received when attempting to reach /_stcore/health @ http://localhost:8765/static/js/index.D2ZqaFuW.js:16
[  130090ms] [ERROR] Is Streamlit still running? If you accidentally stopped Streamlit, just restart it in your terminal: @ http://localhost:8765/static/js/index.D2ZqaFuW.js:21
[  130117ms] [ERROR] Failed to load resource: net::ERR_CONNECTION_REFUSED @ http://localhost:8765/_stcore/host-config:0
[  132097ms] [ERROR] Failed to load resource: net::ERR_CONNECTION_REFUSED @ http://localhost:8765/_stcore/health:0
[  132097ms] [ERROR] Client Error in reaching server endpoint - No response received when attempting to reach /_stcore/health @ http://localhost:8765/static/js/index.D2ZqaFuW.js:16
[  132098ms] [ERROR] Is Streamlit still running? If you accidentally stopped Streamlit, just restart it in your terminal: @ http://localhost:8765/static/js/index.D2ZqaFuW.js:21
[  132121ms] [ERROR] Failed to load resource: net::ERR_CONNECTION_REFUSED @ http://localhost:8765/_stcore/host-config:0
[  134105ms] [ERROR] Failed to load resource: net::ERR_CONNECTION_REFUSED @ http://localhost:8765/_stcore/host-config:0
[  134105ms] [ERROR] Client Error in reaching server endpoint - No response received when attempting to reach /_stcore/host-config @ http://localhost:8765/static/js/index.D2ZqaFuW.js:16
[  134105ms] [ERROR] Is Streamlit still running? If you accidentally stopped Streamlit, just restart it in your terminal: @ http://localhost:8765/static/js/index.D2ZqaFuW.js:21
[  134128ms] [ERROR] Failed to load resource: net::ERR_CONNECTION_REFUSED @ http://localhost:8765/_stcore/health:0
[  136112ms] [ERROR] Failed to load resource: net::ERR_CONNECTION_REFUSED @ http://localhost:8765/_stcore/health:0
[  136113ms] [ERROR] Client Error in reaching server endpoint - No response received when attempting to reach /_stcore/health @ http://localhost:8765/static/js/index.D2ZqaFuW.js:16
[  136113ms] [ERROR] Is Streamlit still running? If you accidentally stopped Streamlit, just restart it in your terminal: @ http://localhost:8765/static/js/index.D2ZqaFuW.js:21
[  136139ms] [ERROR] Failed to load resource: net::ERR_CONNECTION_REFUSED @ http://localhost:8765/_stcore/host-config:0
[  138120ms] [ERROR] Failed to load resource: net::ERR_CONNECTION_REFUSED @ http://localhost:8765/_stcore/health:0
[  138121ms] [ERROR] Client Error in reaching server endpoint - No response received when attempting to reach /_stcore/health @ http://localhost:8765/static/js/index.D2ZqaFuW.js:16
[  138121ms] [ERROR] Is Streamlit still running? If you accidentally stopped Streamlit, just restart it in your terminal: @ http://localhost:8765/static/js/index.D2ZqaFuW.js:21
[  138146ms] [ERROR] Failed to load resource: net::ERR_CONNECTION_REFUSED @ http://localhost:8765/_stcore/host-config:0
[  140129ms] [ERROR] Failed to load resource: net::ERR_CONNECTION_REFUSED @ http://localhost:8765/_stcore/health:0
[  140129ms] [ERROR] Client Error in reaching server endpoint - No response received when attempting to reach /_stcore/health @ http://localhost:8765/static/js/index.D2ZqaFuW.js:16
[  140129ms] [ERROR] Is Streamlit still running? If you accidentally stopped Streamlit, just restart it in your terminal: @ http://localhost:8765/static/js/index.D2ZqaFuW.js:21
[  140130ms] [ERROR] Failed to load resource: net::ERR_CONNECTION_REFUSED @ http://localhost:8765/_stcore/host-config:0
[  142136ms] [ERROR] Failed to load resource: net::ERR_CONNECTION_REFUSED @ http://localhost:8765/_stcore/health:0
[  142136ms] [ERROR] Client Error in reaching server endpoint - No response received when attempting to reach /_stcore/health @ http://localhost:8765/static/js/index.D2ZqaFuW.js:16
[  142137ms] [ERROR] Is Streamlit still running? If you accidentally stopped Streamlit, just restart it in your terminal: @ http://localhost:8765/static/js/index.D2ZqaFuW.js:21
[  142158ms] [ERROR] Failed to load resource: net::ERR_CONNECTION_REFUSED @ http://localhost:8765/_stcore/host-config:0
[  144144ms] [ERROR] Failed to load resource: net::ERR_CONNECTION_REFUSED @ http://localhost:8765/_stcore/health:0
[  144144ms] [ERROR] Client Error in reaching server endpoint - No response received when attempting to reach /_stcore/health @ http://localhost:8765/static/js/index.D2ZqaFuW.js:16
[  144145ms] [ERROR] Is Streamlit still running? If you accidentally stopped Streamlit, just restart it in your terminal: @ http://localhost:8765/static/js/index.D2ZqaFuW.js:21
[  144165ms] [ERROR] Failed to load resource: net::ERR_CONNECTION_REFUSED @ http://localhost:8765/_stcore/host-config:0
[  146151ms] [ERROR] Failed to load resource: net::ERR_CONNECTION_REFUSED @ http://localhost:8765/_stcore/health:0
[  146151ms] [ERROR] Client Error in reaching server endpoint - No response received when attempting to reach /_stcore/health @ http://localhost:8765/static/js/index.D2ZqaFuW.js:16
[  146151ms] [ERROR] Is Streamlit still running? If you accidentally stopped Streamlit, just restart it in your terminal: @ http://localhost:8765/static/js/index.D2ZqaFuW.js:21
[  146172ms] [ERROR] Failed to load resource: net::ERR_CONNECTION_REFUSED @ http://localhost:8765/_stcore/host-config:0
[  148158ms] [ERROR] Failed to load resource: net::ERR_CONNECTION_REFUSED @ http://localhost:8765/_stcore/host-config:0
[  148158ms] [ERROR] Client Error in reaching server endpoint - No response received when attempting to reach /_stcore/host-config @ http://localhost:8765/static/js/index.D2ZqaFuW.js:16
[  148158ms] [ERROR] Is Streamlit still running? If you accidentally stopped Streamlit, just restart it in your terminal: @ http://localhost:8765/static/js/index.D2ZqaFuW.js:21
[  148181ms] [ERROR] Failed to load resource: net::ERR_CONNECTION_REFUSED @ http://localhost:8765/_stcore/health:0
[  150166ms] [ERROR] Failed to load resource: net::ERR_CONNECTION_REFUSED @ http://localhost:8765/_stcore/health:0
[  150166ms] [ERROR] Client Error in reaching server endpoint - No response received when attempting to reach /_stcore/health @ http://localhost:8765/static/js/index.D2ZqaFuW.js:16
[  150167ms] [ERROR] Is Streamlit still running? If you accidentally stopped Streamlit, just restart it in your terminal: @ http://localhost:8765/static/js/index.D2ZqaFuW.js:21
[  150191ms] [ERROR] Failed to load resource: net::ERR_CONNECTION_REFUSED @ http://localhost:8765/_stcore/host-config:0
[  152173ms] [ERROR] Failed to load resource: net::ERR_CONNECTION_REFUSED @ http://localhost:8765/_stcore/health:0
[  152174ms] [ERROR] Client Error in reaching server endpoint - No response received when attempting to reach /_stcore/health @ http://localhost:8765/static/js/index.D2ZqaFuW.js:16
[  152174ms] [ERROR] Is Streamlit still running? If you accidentally stopped Streamlit, just restart it in your terminal: @ http://localhost:8765/static/js/index.D2ZqaFuW.js:21
[  152196ms] [ERROR] Failed to load resource: net::ERR_CONNECTION_REFUSED @ http://localhost:8765/_stcore/host-config:0
[  154181ms] [ERROR] Failed to load resource: net::ERR_CONNECTION_REFUSED @ http://localhost:8765/_stcore/host-config:0
[  154181ms] [ERROR] Client Error in reaching server endpoint - No response received when attempting to reach /_stcore/host-config @ http://localhost:8765/static/js/index.D2ZqaFuW.js:16
[  154181ms] [ERROR] Is Streamlit still running? If you accidentally stopped Streamlit, just restart it in your terminal: @ http://localhost:8765/static/js/index.D2ZqaFuW.js:21
[  154202ms] [ERROR] Failed to load resource: net::ERR_CONNECTION_REFUSED @ http://localhost:8765/_stcore/health:0
[  156188ms] [ERROR] Failed to load resource: net::ERR_CONNECTION_REFUSED @ http://localhost:8765/_stcore/health:0
[  156188ms] [ERROR] Client Error in reaching server endpoint - No response received when attempting to reach /_stcore/health @ http://localhost:8765/static/js/index.D2ZqaFuW.js:16
[  156188ms] [ERROR] Is Streamlit still running? If you accidentally stopped Streamlit, just restart it in your terminal: @ http://localhost:8765/static/js/index.D2ZqaFuW.js:21
[  156209ms] [ERROR] Failed to load resource: net::ERR_CONNECTION_REFUSED @ http://localhost:8765/_stcore/host-config:0
[  158195ms] [ERROR] Failed to load resource: net::ERR_CONNECTION_REFUSED @ http://localhost:8765/_stcore/health:0
[  158195ms] [ERROR] Client Error in reaching server endpoint - No response received when attempting to reach /_stcore/health @ http://localhost:8765/static/js/index.D2ZqaFuW.js:16
[  158196ms] [ERROR] Is Streamlit still running? If you accidentally stopped Streamlit, just restart it in your terminal: @ http://localhost:8765/static/js/index.D2ZqaFuW.js:21
[  158217ms] [ERROR] Failed to load resource: net::ERR_CONNECTION_REFUSED @ http://localhost:8765/_stcore/host-config:0
[  160203ms] [ERROR] Failed to load resource: net::ERR_CONNECTION_REFUSED @ http://localhost:8765/_stcore/health:0
[  160203ms] [ERROR] Client Error in reaching server endpoint - No response received when attempting to reach /_stcore/health @ http://localhost:8765/static/js/index.D2ZqaFuW.js:16
[  160204ms] [ERROR] Is Streamlit still running? If you accidentally stopped Streamlit, just restart it in your terminal: @ http://localhost:8765/static/js/index.D2ZqaFuW.js:21
[  160225ms] [ERROR] Failed to load resource: net::ERR_CONNECTION_REFUSED @ http://localhost:8765/_stcore/host-config:0
[  162211ms] [ERROR] Failed to load resource: net::ERR_CONNECTION_REFUSED @ http://localhost:8765/_stcore/host-config:0
[  162211ms] [ERROR] Client Error in reaching server endpoint - No response received when attempting to reach /_stcore/host-config @ http://localhost:8765/static/js/index.D2ZqaFuW.js:16
[  162211ms] [ERROR] Is Streamlit still running? If you accidentally stopped Streamlit, just restart it in your terminal: @ http://localhost:8765/static/js/index.D2ZqaFuW.js:21
[  162233ms] [ERROR] Failed to load resource: net::ERR_CONNECTION_REFUSED @ http://localhost:8765/_stcore/health:0
[  164218ms] [ERROR] Failed to load resource: net::ERR_CONNECTION_REFUSED @ http://localhost:8765/_stcore/health:0
[  164218ms] [ERROR] Client Error in reaching server endpoint - No response received when attempting to reach /_stcore/health @ http://localhost:8765/static/js/index.D2ZqaFuW.js:16
[  164219ms] [ERROR] Is Streamlit still running? If you accidentally stopped Streamlit, just restart it in your terminal: @ http://localhost:8765/static/js/index.D2ZqaFuW.js:21
[  164240ms] [ERROR] Failed to load resource: net::ERR_CONNECTION_REFUSED @ http://localhost:8765/_stcore/host-config:0
[  166225ms] [ERROR] Failed to load resource: net::ERR_CONNECTION_REFUSED @ http://localhost:8765/_stcore/health:0
[  166225ms] [ERROR] Client Error in reaching server endpoint - No response received when attempting to reach /_stcore/health @ http://localhost:8765/static/js/index.D2ZqaFuW.js:16
[  166226ms] [ERROR] Is Streamlit still running? If you accidentally stopped Streamlit, just restart it in your terminal: @ http://localhost:8765/static/js/index.D2ZqaFuW.js:21
[  166247ms] [ERROR] Failed to load resource: net::ERR_CONNECTION_REFUSED @ http://localhost:8765/_stcore/host-config:0
[  168232ms] [ERROR] Failed to load resource: net::ERR_CONNECTION_REFUSED @ http://localhost:8765/_stcore/health:0
[  168233ms] [ERROR] Client Error in reaching server endpoint - No response received when attempting to reach /_stcore/health @ http://localhost:8765/static/js/index.D2ZqaFuW.js:16
[  168233ms] [ERROR] Is Streamlit still running? If you accidentally stopped Streamlit, just restart it in your terminal: @ http://localhost:8765/static/js/index.D2ZqaFuW.js:21
[  168254ms] [ERROR] Failed to load resource: net::ERR_CONNECTION_REFUSED @ http://localhost:8765/_stcore/host-config:0
[  170240ms] [ERROR] Failed to load resource: net::ERR_CONNECTION_REFUSED @ http://localhost:8765/_stcore/health:0
[  170241ms] [ERROR] Client Error in reaching server endpoint - No response received when attempting to reach /_stcore/health @ http://localhost:8765/static/js/index.D2ZqaFuW.js:16
[  170241ms] [ERROR] Is Streamlit still running? If you accidentally stopped Streamlit, just restart it in your terminal: @ http://localhost:8765/static/js/index.D2ZqaFuW.js:21
[  170262ms] [ERROR] Failed to load resource: net::ERR_CONNECTION_REFUSED @ http://localhost:8765/_stcore/host-config:0
[  172248ms] [ERROR] Failed to load resource: net::ERR_CONNECTION_REFUSED @ http://localhost:8765/_stcore/health:0
[  172248ms] [ERROR] Client Error in reaching server endpoint - No response received when attempting to reach /_stcore/health @ http://localhost:8765/static/js/index.D2ZqaFuW.js:16
[  172248ms] [ERROR] Is Streamlit still running? If you accidentally stopped Streamlit, just restart it in your terminal: @ http://localhost:8765/static/js/index.D2ZqaFuW.js:21
[  172270ms] [ERROR] Failed to load resource: net::ERR_CONNECTION_REFUSED @ http://localhost:8765/_stcore/host-config:0
[  174256ms] [ERROR] Failed to load resource: net::ERR_CONNECTION_REFUSED @ http://localhost:8765/_stcore/health:0
[  174256ms] [ERROR] Client Error in reaching server endpoint - No response received when attempting to reach /_stcore/health @ http://localhost:8765/static/js/index.D2ZqaFuW.js:16
[  174257ms] [ERROR] Is Streamlit still running? If you accidentally stopped Streamlit, just restart it in your terminal: @ http://localhost:8765/static/js/index.D2ZqaFuW.js:21
[  174278ms] [ERROR] Failed to load resource: net::ERR_CONNECTION_REFUSED @ http://localhost:8765/_stcore/host-config:0
[  176264ms] [ERROR] Failed to load resource: net::ERR_CONNECTION_REFUSED @ http://localhost:8765/_stcore/host-config:0
[  176264ms] [ERROR] Client Error in reaching server endpoint - No response received when attempting to reach /_stcore/host-config @ http://localhost:8765/static/js/index.D2ZqaFuW.js:16
[  176264ms] [ERROR] Is Streamlit still running? If you accidentally stopped Streamlit, just restart it in your terminal: @ http://localhost:8765/static/js/index.D2ZqaFuW.js:21
[  176285ms] [ERROR] Failed to load resource: net::ERR_CONNECTION_REFUSED @ http://localhost:8765/_stcore/health:0
[  178271ms] [ERROR] Failed to load resource: net::ERR_CONNECTION_REFUSED @ http://localhost:8765/_stcore/health:0
[  178271ms] [ERROR] Client Error in reaching server endpoint - No response received when attempting to reach /_stcore/health @ http://localhost:8765/static/js/index.D2ZqaFuW.js:16
[  178271ms] [ERROR] Is Streamlit still running? If you accidentally stopped Streamlit, just restart it in your terminal: @ http://localhost:8765/static/js/index.D2ZqaFuW.js:21
[  178292ms] [ERROR] Failed to load resource: net::ERR_CONNECTION_REFUSED @ http://localhost:8765/_stcore/host-config:0
[  180278ms] [ERROR] Failed to load resource: net::ERR_CONNECTION_REFUSED @ http://localhost:8765/_stcore/host-config:0
[  180279ms] [ERROR] Client Error in reaching server endpoint - No response received when attempting to reach /_stcore/host-config @ http://localhost:8765/static/js/index.D2ZqaFuW.js:16
[  180279ms] [ERROR] Is Streamlit still running? If you accidentally stopped Streamlit, just restart it in your terminal: @ http://localhost:8765/static/js/index.D2ZqaFuW.js:21
[  180301ms] [ERROR] Failed to load resource: net::ERR_CONNECTION_REFUSED @ http://localhost:8765/_stcore/health:0
[  182285ms] [ERROR] Failed to load resource: net::ERR_CONNECTION_REFUSED @ http://localhost:8765/_stcore/host-config:0
[  182286ms] [ERROR] Client Error in reaching server endpoint - No response received when attempting to reach /_stcore/host-config @ http://localhost:8765/static/js/index.D2ZqaFuW.js:16
[  182286ms] [ERROR] Is Streamlit still running? If you accidentally stopped Streamlit, just restart it in your terminal: @ http://localhost:8765/static/js/index.D2ZqaFuW.js:21
[  182307ms] [ERROR] Failed to load resource: net::ERR_CONNECTION_REFUSED @ http://localhost:8765/_stcore/health:0
[  184293ms] [ERROR] Failed to load resource: net::ERR_CONNECTION_REFUSED @ http://localhost:8765/_stcore/health:0
[  184294ms] [ERROR] Client Error in reaching server endpoint - No response received when attempting to reach /_stcore/health @ http://localhost:8765/static/js/index.D2ZqaFuW.js:16
[  184294ms] [ERROR] Is Streamlit still running? If you accidentally stopped Streamlit, just restart it in your terminal: @ http://localhost:8765/static/js/index.D2ZqaFuW.js:21
[  184315ms] [ERROR] Failed to load resource: net::ERR_CONNECTION_REFUSED @ http://localhost:8765/_stcore/host-config:0
[  186300ms] [ERROR] Failed to load resource: net::ERR_CONNECTION_REFUSED @ http://localhost:8765/_stcore/health:0
[  186300ms] [ERROR] Client Error in reaching server endpoint - No response received when attempting to reach /_stcore/health @ http://localhost:8765/static/js/index.D2ZqaFuW.js:16
[  186301ms] [ERROR] Is Streamlit still running? If you accidentally stopped Streamlit, just restart it in your terminal: @ http://localhost:8765/static/js/index.D2ZqaFuW.js:21
[  186322ms] [ERROR] Failed to load resource: net::ERR_CONNECTION_REFUSED @ http://localhost:8765/_stcore/host-config:0
[  188308ms] [ERROR] Failed to load resource: net::ERR_CONNECTION_REFUSED @ http://localhost:8765/_stcore/health:0
[  188308ms] [ERROR] Client Error in reaching server endpoint - No response received when attempting to reach /_stcore/health @ http://localhost:8765/static/js/index.D2ZqaFuW.js:16
[  188308ms] [ERROR] Is Streamlit still running? If you accidentally stopped Streamlit, just restart it in your terminal: @ http://localhost:8765/static/js/index.D2ZqaFuW.js:21
[  188330ms] [ERROR] Failed to load resource: net::ERR_CONNECTION_REFUSED @ http://localhost:8765/_stcore/host-config:0
[  190315ms] [ERROR] Failed to load resource: net::ERR_CONNECTION_REFUSED @ http://localhost:8765/_stcore/health:0
[  190315ms] [ERROR] Client Error in reaching server endpoint - No response received when attempting to reach /_stcore/health @ http://localhost:8765/static/js/index.D2ZqaFuW.js:16
[  190316ms] [ERROR] Is Streamlit still running? If you accidentally stopped Streamlit, just restart it in your terminal: @ http://localhost:8765/static/js/index.D2ZqaFuW.js:21
[  190337ms] [ERROR] Failed to load resource: net::ERR_CONNECTION_REFUSED @ http://localhost:8765/_stcore/host-config:0
[  192322ms] [ERROR] Failed to load resource: net::ERR_CONNECTION_REFUSED @ http://localhost:8765/_stcore/health:0
[  192322ms] [ERROR] Client Error in reaching server endpoint - No response received when attempting to reach /_stcore/health @ http://localhost:8765/static/js/index.D2ZqaFuW.js:16
[  192322ms] [ERROR] Is Streamlit still running? If you accidentally stopped Streamlit, just restart it in your terminal: @ http://localhost:8765/static/js/index.D2ZqaFuW.js:21
[  192343ms] [ERROR] Failed to load resource: net::ERR_CONNECTION_REFUSED @ http://localhost:8765/_stcore/host-config:0
[  194330ms] [ERROR] Failed to load resource: net::ERR_CONNECTION_REFUSED @ http://localhost:8765/_stcore/health:0
[  194330ms] [ERROR] Client Error in reaching server endpoint - No response received when attempting to reach /_stcore/health @ http://localhost:8765/static/js/index.D2ZqaFuW.js:16
[  194330ms] [ERROR] Is Streamlit still running? If you accidentally stopped Streamlit, just restart it in your terminal: @ http://localhost:8765/static/js/index.D2ZqaFuW.js:21
[  194351ms] [ERROR] Failed to load resource: net::ERR_CONNECTION_REFUSED @ http://localhost:8765/_stcore/host-config:0
[  196337ms] [ERROR] Failed to load resource: net::ERR_CONNECTION_REFUSED @ http://localhost:8765/_stcore/health:0
[  196337ms] [ERROR] Client Error in reaching server endpoint - No response received when attempting to reach /_stcore/health @ http://localhost:8765/static/js/index.D2ZqaFuW.js:16
[  196338ms] [ERROR] Is Streamlit still running? If you accidentally stopped Streamlit, just restart it in your terminal: @ http://localhost:8765/static/js/index.D2ZqaFuW.js:21
[  196358ms] [ERROR] Failed to load resource: net::ERR_CONNECTION_REFUSED @ http://localhost:8765/_stcore/host-config:0
[  198344ms] [ERROR] Failed to load resource: net::ERR_CONNECTION_REFUSED @ http://localhost:8765/_stcore/health:0
[  198345ms] [ERROR] Client Error in reaching server endpoint - No response received when attempting to reach /_stcore/health @ http://localhost:8765/static/js/index.D2ZqaFuW.js:16
[  198345ms] [ERROR] Is Streamlit still running? If you accidentally stopped Streamlit, just restart it in your terminal: @ http://localhost:8765/static/js/index.D2ZqaFuW.js:21
[  198368ms] [ERROR] Failed to load resource: net::ERR_CONNECTION_REFUSED @ http://localhost:8765/_stcore/host-config:0
[  200351ms] [ERROR] Failed to load resource: net::ERR_CONNECTION_REFUSED @ http://localhost:8765/_stcore/health:0
[  200352ms] [ERROR] Client Error in reaching server endpoint - No response received when attempting to reach /_stcore/health @ http://localhost:8765/static/js/index.D2ZqaFuW.js:16
[  200352ms] [ERROR] Is Streamlit still running? If you accidentally stopped Streamlit, just restart it in your terminal: @ http://localhost:8765/static/js/index.D2ZqaFuW.js:21
[  200374ms] [ERROR] Failed to load resource: net::ERR_CONNECTION_REFUSED @ http://localhost:8765/_stcore/host-config:0
[  202359ms] [ERROR] Failed to load resource: net::ERR_CONNECTION_REFUSED @ http://localhost:8765/_stcore/health:0
[  202359ms] [ERROR] Client Error in reaching server endpoint - No response received when attempting to reach /_stcore/health @ http://localhost:8765/static/js/index.D2ZqaFuW.js:16
[  202359ms] [ERROR] Is Streamlit still running? If you accidentally stopped Streamlit, just restart it in your terminal: @ http://localhost:8765/static/js/index.D2ZqaFuW.js:21
[  202381ms] [ERROR] Failed to load resource: net::ERR_CONNECTION_REFUSED @ http://localhost:8765/_stcore/host-config:0
[  204366ms] [ERROR] Failed to load resource: net::ERR_CONNECTION_REFUSED @ http://localhost:8765/_stcore/health:0
[  204366ms] [ERROR] Client Error in reaching server endpoint - No response received when attempting to reach /_stcore/health @ http://localhost:8765/static/js/index.D2ZqaFuW.js:16
[  204366ms] [ERROR] Is Streamlit still running? If you accidentally stopped Streamlit, just restart it in your terminal: @ http://localhost:8765/static/js/index.D2ZqaFuW.js:21
[  204388ms] [ERROR] Failed to load resource: net::ERR_CONNECTION_REFUSED @ http://localhost:8765/_stcore/host-config:0
[  206373ms] [ERROR] Failed to load resource: net::ERR_CONNECTION_REFUSED @ http://localhost:8765/_stcore/health:0
[  206373ms] [ERROR] Client Error in reaching server endpoint - No response received when attempting to reach /_stcore/health @ http://localhost:8765/static/js/index.D2ZqaFuW.js:16
[  206373ms] [ERROR] Is Streamlit still running? If you accidentally stopped Streamlit, just restart it in your terminal: @ http://localhost:8765/static/js/index.D2ZqaFuW.js:21
[  206396ms] [ERROR] Failed to load resource: net::ERR_CONNECTION_REFUSED @ http://localhost:8765/_stcore/host-config:0
[  208380ms] [ERROR] Failed to load resource: net::ERR_CONNECTION_REFUSED @ http://localhost:8765/_stcore/health:0
[  208380ms] [ERROR] Client Error in reaching server endpoint - No response received when attempting to reach /_stcore/health @ http://localhost:8765/static/js/index.D2ZqaFuW.js:16
[  208380ms] [ERROR] Is Streamlit still running? If you accidentally stopped Streamlit, just restart it in your terminal: @ http://localhost:8765/static/js/index.D2ZqaFuW.js:21
[  208402ms] [ERROR] Failed to load resource: net::ERR_CONNECTION_REFUSED @ http://localhost:8765/_stcore/host-config:0
[  210388ms] [ERROR] Failed to load resource: net::ERR_CONNECTION_REFUSED @ http://localhost:8765/_stcore/health:0
[  210388ms] [ERROR] Client Error in reaching server endpoint - No response received when attempting to reach /_stcore/health @ http://localhost:8765/static/js/index.D2ZqaFuW.js:16
[  210388ms] [ERROR] Is Streamlit still running? If you accidentally stopped Streamlit, just restart it in your terminal: @ http://localhost:8765/static/js/index.D2ZqaFuW.js:21
[  210410ms] [ERROR] Failed to load resource: net::ERR_CONNECTION_REFUSED @ http://localhost:8765/_stcore/host-config:0
[  212395ms] [ERROR] Failed to load resource: net::ERR_CONNECTION_REFUSED @ http://localhost:8765/_stcore/health:0
[  212395ms] [ERROR] Client Error in reaching server endpoint - No response received when attempting to reach /_stcore/health @ http://localhost:8765/static/js/index.D2ZqaFuW.js:16
[  212396ms] [ERROR] Is Streamlit still running? If you accidentally stopped Streamlit, just restart it in your terminal: @ http://localhost:8765/static/js/index.D2ZqaFuW.js:21
[  212416ms] [ERROR] Failed to load resource: net::ERR_CONNECTION_REFUSED @ http://localhost:8765/_stcore/host-config:0
[  214403ms] [ERROR] Failed to load resource: net::ERR_CONNECTION_REFUSED @ http://localhost:8765/_stcore/health:0
[  214403ms] [ERROR] Client Error in reaching server endpoint - No response received when attempting to reach /_stcore/health @ http://localhost:8765/static/js/index.D2ZqaFuW.js:16
[  214403ms] [ERROR] Is Streamlit still running? If you accidentally stopped Streamlit, just restart it in your terminal: @ http://localhost:8765/static/js/index.D2ZqaFuW.js:21
[  214424ms] [ERROR] Failed to load resource: net::ERR_CONNECTION_REFUSED @ http://localhost:8765/_stcore/host-config:0
[  216410ms] [ERROR] Failed to load resource: net::ERR_CONNECTION_REFUSED @ http://localhost:8765/_stcore/health:0
[  216410ms] [ERROR] Client Error in reaching server endpoint - No response received when attempting to reach /_stcore/health @ http://localhost:8765/static/js/index.D2ZqaFuW.js:16
[  216411ms] [ERROR] Is Streamlit still running? If you accidentally stopped Streamlit, just restart it in your terminal: @ http://localhost:8765/static/js/index.D2ZqaFuW.js:21
[  216432ms] [ERROR] Failed to load resource: net::ERR_CONNECTION_REFUSED @ http://localhost:8765/_stcore/host-config:0
[  218418ms] [ERROR] Failed to load resource: net::ERR_CONNECTION_REFUSED @ http://localhost:8765/_stcore/health:0
[  218419ms] [ERROR] Client Error in reaching server endpoint - No response received when attempting to reach /_stcore/health @ http://localhost:8765/static/js/index.D2ZqaFuW.js:16
[  218419ms] [ERROR] Is Streamlit still running? If you accidentally stopped Streamlit, just restart it in your terminal: @ http://localhost:8765/static/js/index.D2ZqaFuW.js:21
[  218440ms] [ERROR] Failed to load resource: net::ERR_CONNECTION_REFUSED @ http://localhost:8765/_stcore/host-config:0
[  220426ms] [ERROR] Failed to load resource: net::ERR_CONNECTION_REFUSED @ http://localhost:8765/_stcore/health:0
[  220426ms] [ERROR] Client Error in reaching server endpoint - No response received when attempting to reach /_stcore/health @ http://localhost:8765/static/js/index.D2ZqaFuW.js:16
[  220426ms] [ERROR] Is Streamlit still running? If you accidentally stopped Streamlit, just restart it in your terminal: @ http://localhost:8765/static/js/index.D2ZqaFuW.js:21
[  220447ms] [ERROR] Failed to load resource: net::ERR_CONNECTION_REFUSED @ http://localhost:8765/_stcore/host-config:0
[  222432ms] [ERROR] Failed to load resource: net::ERR_CONNECTION_REFUSED @ http://localhost:8765/_stcore/health:0
[  222432ms] [ERROR] Client Error in reaching server endpoint - No response received when attempting to reach /_stcore/health @ http://localhost:8765/static/js/index.D2ZqaFuW.js:16
[  222432ms] [ERROR] Is Streamlit still running? If you accidentally stopped Streamlit, just restart it in your terminal: @ http://localhost:8765/static/js/index.D2ZqaFuW.js:21
[  222453ms] [ERROR] Failed to load resource: net::ERR_CONNECTION_REFUSED @ http://localhost:8765/_stcore/host-config:0
[  224440ms] [ERROR] Failed to load resource: net::ERR_CONNECTION_REFUSED @ http://localhost:8765/_stcore/health:0
[  224440ms] [ERROR] Client Error in reaching server endpoint - No response received when attempting to reach /_stcore/health @ http://localhost:8765/static/js/index.D2ZqaFuW.js:16
[  224440ms] [ERROR] Is Streamlit still running? If you accidentally stopped Streamlit, just restart it in your terminal: @ http://localhost:8765/static/js/index.D2ZqaFuW.js:21
[  224461ms] [ERROR] Failed to load resource: net::ERR_CONNECTION_REFUSED @ http://localhost:8765/_stcore/host-config:0
[  226448ms] [ERROR] Failed to load resource: net::ERR_CONNECTION_REFUSED @ http://localhost:8765/_stcore/health:0
[  226448ms] [ERROR] Client Error in reaching server endpoint - No response received when attempting to reach /_stcore/health @ http://localhost:8765/static/js/index.D2ZqaFuW.js:16
[  226448ms] [ERROR] Is Streamlit still running? If you accidentally stopped Streamlit, just restart it in your terminal: @ http://localhost:8765/static/js/index.D2ZqaFuW.js:21
[  226469ms] [ERROR] Failed to load resource: net::ERR_CONNECTION_REFUSED @ http://localhost:8765/_stcore/host-config:0
[  228456ms] [ERROR] Failed to load resource: net::ERR_CONNECTION_REFUSED @ http://localhost:8765/_stcore/host-config:0
[  228456ms] [ERROR] Client Error in reaching server endpoint - No response received when attempting to reach /_stcore/host-config @ http://localhost:8765/static/js/index.D2ZqaFuW.js:16
[  228456ms] [ERROR] Is Streamlit still running? If you accidentally stopped Streamlit, just restart it in your terminal: @ http://localhost:8765/static/js/index.D2ZqaFuW.js:21
[  228479ms] [ERROR] Failed to load resource: net::ERR_CONNECTION_REFUSED @ http://localhost:8765/_stcore/health:0
[  230463ms] [ERROR] Failed to load resource: net::ERR_CONNECTION_REFUSED @ http://localhost:8765/_stcore/health:0
[  230463ms] [ERROR] Client Error in reaching server endpoint - No response received when attempting to reach /_stcore/health @ http://localhost:8765/static/js/index.D2ZqaFuW.js:16
[  230464ms] [ERROR] Is Streamlit still running? If you accidentally stopped Streamlit, just restart it in your terminal: @ http://localhost:8765/static/js/index.D2ZqaFuW.js:21
[  230484ms] [ERROR] Failed to load resource: net::ERR_CONNECTION_REFUSED @ http://localhost:8765/_stcore/host-config:0
[  232470ms] [ERROR] Failed to load resource: net::ERR_CONNECTION_REFUSED @ http://localhost:8765/_stcore/health:0
[  232471ms] [ERROR] Client Error in reaching server endpoint - No response received when attempting to reach /_stcore/health @ http://localhost:8765/static/js/index.D2ZqaFuW.js:16
[  232471ms] [ERROR] Is Streamlit still running? If you accidentally stopped Streamlit, just restart it in your terminal: @ http://localhost:8765/static/js/index.D2ZqaFuW.js:21
[  232491ms] [ERROR] Failed to load resource: net::ERR_CONNECTION_REFUSED @ http://localhost:8765/_stcore/host-config:0
[  234477ms] [ERROR] Failed to load resource: net::ERR_CONNECTION_REFUSED @ http://localhost:8765/_stcore/health:0
[  234477ms] [ERROR] Client Error in reaching server endpoint - No response received when attempting to reach /_stcore/health @ http://localhost:8765/static/js/index.D2ZqaFuW.js:16
[  234477ms] [ERROR] Is Streamlit still running? If you accidentally stopped Streamlit, just restart it in your terminal: @ http://localhost:8765/static/js/index.D2ZqaFuW.js:21
[  234497ms] [ERROR] Failed to load resource: net::ERR_CONNECTION_REFUSED @ http://localhost:8765/_stcore/host-config:0
[  236485ms] [ERROR] Failed to load resource: net::ERR_CONNECTION_REFUSED @ http://localhost:8765/_stcore/health:0
[  236485ms] [ERROR] Client Error in reaching server endpoint - No response received when attempting to reach /_stcore/health @ http://localhost:8765/static/js/index.D2ZqaFuW.js:16
[  236485ms] [ERROR] Is Streamlit still running? If you accidentally stopped Streamlit, just restart it in your terminal: @ http://localhost:8765/static/js/index.D2ZqaFuW.js:21
[  236506ms] [ERROR] Failed to load resource: net::ERR_CONNECTION_REFUSED @ http://localhost:8765/_stcore/host-config:0
[  238492ms] [ERROR] Failed to load resource: net::ERR_CONNECTION_REFUSED @ http://localhost:8765/_stcore/health:0
[  238492ms] [ERROR] Client Error in reaching server endpoint - No response received when attempting to reach /_stcore/health @ http://localhost:8765/static/js/index.D2ZqaFuW.js:16
[  238493ms] [ERROR] Is Streamlit still running? If you accidentally stopped Streamlit, just restart it in your terminal: @ http://localhost:8765/static/js/index.D2ZqaFuW.js:21
[  238513ms] [ERROR] Failed to load resource: net::ERR_CONNECTION_REFUSED @ http://localhost:8765/_stcore/host-config:0
[  240500ms] [ERROR] Failed to load resource: net::ERR_CONNECTION_REFUSED @ http://localhost:8765/_stcore/health:0
[  240500ms] [ERROR] Client Error in reaching server endpoint - No response received when attempting to reach /_stcore/health @ http://localhost:8765/static/js/index.D2ZqaFuW.js:16
[  240500ms] [ERROR] Is Streamlit still running? If you accidentally stopped Streamlit, just restart it in your terminal: @ http://localhost:8765/static/js/index.D2ZqaFuW.js:21
[  240520ms] [ERROR] Failed to load resource: net::ERR_CONNECTION_REFUSED @ http://localhost:8765/_stcore/host-config:0
[  242507ms] [ERROR] Failed to load resource: net::ERR_CONNECTION_REFUSED @ http://localhost:8765/_stcore/health:0
[  242507ms] [ERROR] Client Error in reaching server endpoint - No response received when attempting to reach /_stcore/health @ http://localhost:8765/static/js/index.D2ZqaFuW.js:16
[  242508ms] [ERROR] Is Streamlit still running? If you accidentally stopped Streamlit, just restart it in your terminal: @ http://localhost:8765/static/js/index.D2ZqaFuW.js:21
[  242530ms] [ERROR] Failed to load resource: net::ERR_CONNECTION_REFUSED @ http://localhost:8765/_stcore/host-config:0
[  244515ms] [ERROR] Failed to load resource: net::ERR_CONNECTION_REFUSED @ http://localhost:8765/_stcore/health:0
[  244516ms] [ERROR] Client Error in reaching server endpoint - No response received when attempting to reach /_stcore/health @ http://localhost:8765/static/js/index.D2ZqaFuW.js:16
[  244516ms] [ERROR] Is Streamlit still running? If you accidentally stopped Streamlit, just restart it in your terminal: @ http://localhost:8765/static/js/index.D2ZqaFuW.js:21
[  244537ms] [ERROR] Failed to load resource: net::ERR_CONNECTION_REFUSED @ http://localhost:8765/_stcore/host-config:0
[  246524ms] [ERROR] Failed to load resource: net::ERR_CONNECTION_REFUSED @ http://localhost:8765/_stcore/health:0
[  246525ms] [ERROR] Client Error in reaching server endpoint - No response received when attempting to reach /_stcore/health @ http://localhost:8765/static/js/index.D2ZqaFuW.js:16
[  246525ms] [ERROR] Is Streamlit still running? If you accidentally stopped Streamlit, just restart it in your terminal: @ http://localhost:8765/static/js/index.D2ZqaFuW.js:21
[  246564ms] [ERROR] Failed to load resource: net::ERR_CONNECTION_REFUSED @ http://localhost:8765/_stcore/host-config:0
[  248532ms] [ERROR] Failed to load resource: net::ERR_CONNECTION_REFUSED @ http://localhost:8765/_stcore/health:0
[  248533ms] [ERROR] Client Error in reaching server endpoint - No response received when attempting to reach /_stcore/health @ http://localhost:8765/static/js/index.D2ZqaFuW.js:16
[  248533ms] [ERROR] Is Streamlit still running? If you accidentally stopped Streamlit, just restart it in your terminal: @ http://localhost:8765/static/js/index.D2ZqaFuW.js:21
[  248533ms] [ERROR] Failed to load resource: net::ERR_CONNECTION_REFUSED @ http://localhost:8765/_stcore/host-config:0
[  250539ms] [ERROR] Failed to load resource: net::ERR_CONNECTION_REFUSED @ http://localhost:8765/_stcore/health:0
[  250540ms] [ERROR] Client Error in reaching server endpoint - No response received when attempting to reach /_stcore/health @ http://localhost:8765/static/js/index.D2ZqaFuW.js:16
[  250540ms] [ERROR] Is Streamlit still running? If you accidentally stopped Streamlit, just restart it in your terminal: @ http://localhost:8765/static/js/index.D2ZqaFuW.js:21
[  250561ms] [ERROR] Failed to load resource: net::ERR_CONNECTION_REFUSED @ http://localhost:8765/_stcore/host-config:0
[  252546ms] [ERROR] Failed to load resource: net::ERR_CONNECTION_REFUSED @ http://localhost:8765/_stcore/health:0
[  252547ms] [ERROR] Client Error in reaching server endpoint - No response received when attempting to reach /_stcore/health @ http://localhost:8765/static/js/index.D2ZqaFuW.js:16
[  252547ms] [ERROR] Is Streamlit still running? If you accidentally stopped Streamlit, just restart it in your terminal: @ http://localhost:8765/static/js/index.D2ZqaFuW.js:21
[  252570ms] [ERROR] Failed to load resource: net::ERR_CONNECTION_REFUSED @ http://localhost:8765/_stcore/host-config:0
[  254551ms] [ERROR] Failed to load resource: net::ERR_CONNECTION_REFUSED @ http://localhost:8765/_stcore/health:0
[  254551ms] [ERROR] Client Error in reaching server endpoint - No response received when attempting to reach /_stcore/health @ http://localhost:8765/static/js/index.D2ZqaFuW.js:16
[  254551ms] [ERROR] Is Streamlit still running? If you accidentally stopped Streamlit, just restart it in your terminal: @ http://localhost:8765/static/js/index.D2ZqaFuW.js:21
[  254552ms] [ERROR] Failed to load resource: net::ERR_CONNECTION_REFUSED @ http://localhost:8765/_stcore/host-config:0
[  256556ms] [ERROR] Failed to load resource: net::ERR_CONNECTION_REFUSED @ http://localhost:8765/_stcore/host-config:0
[  256556ms] [ERROR] Client Error in reaching server endpoint - No response received when attempting to reach /_stcore/host-config @ http://localhost:8765/static/js/index.D2ZqaFuW.js:16
[  256557ms] [ERROR] Is Streamlit still running? If you accidentally stopped Streamlit, just restart it in your terminal: @ http://localhost:8765/static/js/index.D2ZqaFuW.js:21
[  256577ms] [ERROR] Failed to load resource: net::ERR_CONNECTION_REFUSED @ http://localhost:8765/_stcore/health:0
[  258562ms] [ERROR] Failed to load resource: net::ERR_CONNECTION_REFUSED @ http://localhost:8765/_stcore/health:0
[  258562ms] [ERROR] Client Error in reaching server endpoint - No response received when attempting to reach /_stcore/health @ http://localhost:8765/static/js/index.D2ZqaFuW.js:16
[  258563ms] [ERROR] Is Streamlit still running? If you accidentally stopped Streamlit, just restart it in your terminal: @ http://localhost:8765/static/js/index.D2ZqaFuW.js:21
[  258584ms] [ERROR] Failed to load resource: net::ERR_CONNECTION_REFUSED @ http://localhost:8765/_stcore/host-config:0
[  260570ms] [ERROR] Failed to load resource: net::ERR_CONNECTION_REFUSED @ http://localhost:8765/_stcore/health:0
[  260570ms] [ERROR] Client Error in reaching server endpoint - No response received when attempting to reach /_stcore/health @ http://localhost:8765/static/js/index.D2ZqaFuW.js:16
[  260570ms] [ERROR] Is Streamlit still running? If you accidentally stopped Streamlit, just restart it in your terminal: @ http://localhost:8765/static/js/index.D2ZqaFuW.js:21
[  260596ms] [ERROR] Failed to load resource: net::ERR_CONNECTION_REFUSED @ http://localhost:8765/_stcore/host-config:0
[  262578ms] [ERROR] Failed to load resource: net::ERR_CONNECTION_REFUSED @ http://localhost:8765/_stcore/health:0
[  262579ms] [ERROR] Client Error in reaching server endpoint - No response received when attempting to reach /_stcore/health @ http://localhost:8765/static/js/index.D2ZqaFuW.js:16
[  262579ms] [ERROR] Is Streamlit still running? If you accidentally stopped Streamlit, just restart it in your terminal: @ http://localhost:8765/static/js/index.D2ZqaFuW.js:21
[  262601ms] [ERROR] Failed to load resource: net::ERR_CONNECTION_REFUSED @ http://localhost:8765/_stcore/host-config:0
[  264586ms] [ERROR] Failed to load resource: net::ERR_CONNECTION_REFUSED @ http://localhost:8765/_stcore/health:0
[  264586ms] [ERROR] Client Error in reaching server endpoint - No response received when attempting to reach /_stcore/health @ http://localhost:8765/static/js/index.D2ZqaFuW.js:16
[  264586ms] [ERROR] Is Streamlit still running? If you accidentally stopped Streamlit, just restart it in your terminal: @ http://localhost:8765/static/js/index.D2ZqaFuW.js:21
[  264586ms] [ERROR] Failed to load resource: net::ERR_CONNECTION_REFUSED @ http://localhost:8765/_stcore/host-config:0
[  266592ms] [ERROR] Failed to load resource: net::ERR_CONNECTION_REFUSED @ http://localhost:8765/_stcore/health:0
[  266592ms] [ERROR] Client Error in reaching server endpoint - No response received when attempting to reach /_stcore/health @ http://localhost:8765/static/js/index.D2ZqaFuW.js:16
[  266592ms] [ERROR] Is Streamlit still running? If you accidentally stopped Streamlit, just restart it in your terminal: @ http://localhost:8765/static/js/index.D2ZqaFuW.js:21
[  266612ms] [ERROR] Failed to load resource: net::ERR_CONNECTION_REFUSED @ http://localhost:8765/_stcore/host-config:0
[  268601ms] [ERROR] Failed to load resource: net::ERR_CONNECTION_REFUSED @ http://localhost:8765/_stcore/health:0
[  268602ms] [ERROR] Client Error in reaching server endpoint - No response received when attempting to reach /_stcore/health @ http://localhost:8765/static/js/index.D2ZqaFuW.js:16
[  268602ms] [ERROR] Is Streamlit still running? If you accidentally stopped Streamlit, just restart it in your terminal: @ http://localhost:8765/static/js/index.D2ZqaFuW.js:21
[  268633ms] [ERROR] Failed to load resource: net::ERR_CONNECTION_REFUSED @ http://localhost:8765/_stcore/host-config:0
[  270610ms] [ERROR] Failed to load resource: net::ERR_CONNECTION_REFUSED @ http://localhost:8765/_stcore/health:0
[  270611ms] [ERROR] Client Error in reaching server endpoint - No response received when attempting to reach /_stcore/health @ http://localhost:8765/static/js/index.D2ZqaFuW.js:16
[  270611ms] [ERROR] Is Streamlit still running? If you accidentally stopped Streamlit, just restart it in your terminal: @ http://localhost:8765/static/js/index.D2ZqaFuW.js:21
[  270630ms] [ERROR] Failed to load resource: net::ERR_CONNECTION_REFUSED @ http://localhost:8765/_stcore/host-config:0
[  272621ms] [ERROR] Failed to load resource: net::ERR_CONNECTION_REFUSED @ http://localhost:8765/_stcore/health:0
[  272621ms] [ERROR] Client Error in reaching server endpoint - No response received when attempting to reach /_stcore/health @ http://localhost:8765/static/js/index.D2ZqaFuW.js:16
[  272621ms] [ERROR] Is Streamlit still running? If you accidentally stopped Streamlit, just restart it in your terminal: @ http://localhost:8765/static/js/index.D2ZqaFuW.js:21
[  272654ms] [ERROR] Failed to load resource: net::ERR_CONNECTION_REFUSED @ http://localhost:8765/_stcore/host-config:0
[  274630ms] [ERROR] Failed to load resource: net::ERR_CONNECTION_REFUSED @ http://localhost:8765/_stcore/host-config:0
[  274630ms] [ERROR] Client Error in reaching server endpoint - No response received when attempting to reach /_stcore/host-config @ http://localhost:8765/static/js/index.D2ZqaFuW.js:16
[  274630ms] [ERROR] Is Streamlit still running? If you accidentally stopped Streamlit, just restart it in your terminal: @ http://localhost:8765/static/js/index.D2ZqaFuW.js:21
[  274658ms] [ERROR] Failed to load resource: net::ERR_CONNECTION_REFUSED @ http://localhost:8765/_stcore/health:0
[  276637ms] [ERROR] Failed to load resource: net::ERR_CONNECTION_REFUSED @ http://localhost:8765/_stcore/health:0
[  276637ms] [ERROR] Client Error in reaching server endpoint - No response received when attempting to reach /_stcore/health @ http://localhost:8765/static/js/index.D2ZqaFuW.js:16
[  276638ms] [ERROR] Is Streamlit still running? If you accidentally stopped Streamlit, just restart it in your terminal: @ http://localhost:8765/static/js/index.D2ZqaFuW.js:21
[  276658ms] [ERROR] Failed to load resource: net::ERR_CONNECTION_REFUSED @ http://localhost:8765/_stcore/host-config:0
[  278644ms] [ERROR] Failed to load resource: net::ERR_CONNECTION_REFUSED @ http://localhost:8765/_stcore/health:0
[  278645ms] [ERROR] Client Error in reaching server endpoint - No response received when attempting to reach /_stcore/health @ http://localhost:8765/static/js/index.D2ZqaFuW.js:16
[  278645ms] [ERROR] Is Streamlit still running? If you accidentally stopped Streamlit, just restart it in your terminal: @ http://localhost:8765/static/js/index.D2ZqaFuW.js:21
[  278668ms] [ERROR] Failed to load resource: net::ERR_CONNECTION_REFUSED @ http://localhost:8765/_stcore/host-config:0
[  280652ms] [ERROR] Failed to load resource: net::ERR_CONNECTION_REFUSED @ http://localhost:8765/_stcore/health:0
[  280652ms] [ERROR] Client Error in reaching server endpoint - No response received when attempting to reach /_stcore/health @ http://localhost:8765/static/js/index.D2ZqaFuW.js:16
[  280652ms] [ERROR] Is Streamlit still running? If you accidentally stopped Streamlit, just restart it in your terminal: @ http://localhost:8765/static/js/index.D2ZqaFuW.js:21
[  280673ms] [ERROR] Failed to load resource: net::ERR_CONNECTION_REFUSED @ http://localhost:8765/_stcore/host-config:0
[  282660ms] [ERROR] Failed to load resource: net::ERR_CONNECTION_REFUSED @ http://localhost:8765/_stcore/health:0
[  282660ms] [ERROR] Client Error in reaching server endpoint - No response received when attempting to reach /_stcore/health @ http://localhost:8765/static/js/index.D2ZqaFuW.js:16
[  282660ms] [ERROR] Is Streamlit still running? If you accidentally stopped Streamlit, just restart it in your terminal: @ http://localhost:8765/static/js/index.D2ZqaFuW.js:21
[  282682ms] [ERROR] Failed to load resource: net::ERR_CONNECTION_REFUSED @ http://localhost:8765/_stcore/host-config:0
[  284668ms] [ERROR] Failed to load resource: net::ERR_CONNECTION_REFUSED @ http://localhost:8765/_stcore/health:0
[  284668ms] [ERROR] Client Error in reaching server endpoint - No response received when attempting to reach /_stcore/health @ http://localhost:8765/static/js/index.D2ZqaFuW.js:16
[  284668ms] [ERROR] Is Streamlit still running? If you accidentally stopped Streamlit, just restart it in your terminal: @ http://localhost:8765/static/js/index.D2ZqaFuW.js:21
[  284691ms] [ERROR] Failed to load resource: net::ERR_CONNECTION_REFUSED @ http://localhost:8765/_stcore/host-config:0
[  286675ms] [ERROR] Failed to load resource: net::ERR_CONNECTION_REFUSED @ http://localhost:8765/_stcore/health:0
[  286675ms] [ERROR] Client Error in reaching server endpoint - No response received when attempting to reach /_stcore/health @ http://localhost:8765/static/js/index.D2ZqaFuW.js:16
[  286676ms] [ERROR] Is Streamlit still running? If you accidentally stopped Streamlit, just restart it in your terminal: @ http://localhost:8765/static/js/index.D2ZqaFuW.js:21
[  286698ms] [ERROR] Failed to load resource: net::ERR_CONNECTION_REFUSED @ http://localhost:8765/_stcore/host-config:0
[  288683ms] [ERROR] Failed to load resource: net::ERR_CONNECTION_REFUSED @ http://localhost:8765/_stcore/health:0
[  288684ms] [ERROR] Client Error in reaching server endpoint - No response received when attempting to reach /_stcore/health @ http://localhost:8765/static/js/index.D2ZqaFuW.js:16
[  288684ms] [ERROR] Is Streamlit still running? If you accidentally stopped Streamlit, just restart it in your terminal: @ http://localhost:8765/static/js/index.D2ZqaFuW.js:21
[  288706ms] [ERROR] Failed to load resource: net::ERR_CONNECTION_REFUSED @ http://localhost:8765/_stcore/host-config:0
[  290691ms] [ERROR] Failed to load resource: net::ERR_CONNECTION_REFUSED @ http://localhost:8765/_stcore/host-config:0
[  290691ms] [ERROR] Client Error in reaching server endpoint - No response received when attempting to reach /_stcore/host-config @ http://localhost:8765/static/js/index.D2ZqaFuW.js:16
[  290692ms] [ERROR] Is Streamlit still running? If you accidentally stopped Streamlit, just restart it in your terminal: @ http://localhost:8765/static/js/index.D2ZqaFuW.js:21
[  290713ms] [ERROR] Failed to load resource: net::ERR_CONNECTION_REFUSED @ http://localhost:8765/_stcore/health:0
[  292699ms] [ERROR] Failed to load resource: net::ERR_CONNECTION_REFUSED @ http://localhost:8765/_stcore/health:0
[  292700ms] [ERROR] Client Error in reaching server endpoint - No response received when attempting to reach /_stcore/health @ http://localhost:8765/static/js/index.D2ZqaFuW.js:16
[  292700ms] [ERROR] Is Streamlit still running? If you accidentally stopped Streamlit, just restart it in your terminal: @ http://localhost:8765/static/js/index.D2ZqaFuW.js:21
[  292723ms] [ERROR] Failed to load resource: net::ERR_CONNECTION_REFUSED @ http://localhost:8765/_stcore/host-config:0
[  294707ms] [ERROR] Failed to load resource: net::ERR_CONNECTION_REFUSED @ http://localhost:8765/_stcore/health:0
[  294707ms] [ERROR] Client Error in reaching server endpoint - No response received when attempting to reach /_stcore/health @ http://localhost:8765/static/js/index.D2ZqaFuW.js:16
[  294707ms] [ERROR] Is Streamlit still running? If you accidentally stopped Streamlit, just restart it in your terminal: @ http://localhost:8765/static/js/index.D2ZqaFuW.js:21
[  294729ms] [ERROR] Failed to load resource: net::ERR_CONNECTION_REFUSED @ http://localhost:8765/_stcore/host-config:0
[  296717ms] [ERROR] Failed to load resource: net::ERR_CONNECTION_REFUSED @ http://localhost:8765/_stcore/health:0
[  296717ms] [ERROR] Client Error in reaching server endpoint - No response received when attempting to reach /_stcore/health @ http://localhost:8765/static/js/index.D2ZqaFuW.js:16
[  296717ms] [ERROR] Is Streamlit still running? If you accidentally stopped Streamlit, just restart it in your terminal: @ http://localhost:8765/static/js/index.D2ZqaFuW.js:21
[  296744ms] [ERROR] Failed to load resource: net::ERR_CONNECTION_REFUSED @ http://localhost:8765/_stcore/host-config:0
[  298729ms] [ERROR] Failed to load resource: net::ERR_CONNECTION_REFUSED @ http://localhost:8765/_stcore/health:0
[  298729ms] [ERROR] Client Error in reaching server endpoint - No response received when attempting to reach /_stcore/health @ http://localhost:8765/static/js/index.D2ZqaFuW.js:16
[  298729ms] [ERROR] Is Streamlit still running? If you accidentally stopped Streamlit, just restart it in your terminal: @ http://localhost:8765/static/js/index.D2ZqaFuW.js:21
[  298754ms] [ERROR] Failed to load resource: net::ERR_CONNECTION_REFUSED @ http://localhost:8765/_stcore/host-config:0
[  300737ms] [ERROR] Failed to load resource: net::ERR_CONNECTION_REFUSED @ http://localhost:8765/_stcore/health:0
[  300737ms] [ERROR] Client Error in reaching server endpoint - No response received when attempting to reach /_stcore/health @ http://localhost:8765/static/js/index.D2ZqaFuW.js:16
[  300737ms] [ERROR] Is Streamlit still running? If you accidentally stopped Streamlit, just restart it in your terminal: @ http://localhost:8765/static/js/index.D2ZqaFuW.js:21
[  300762ms] [ERROR] Failed to load resource: net::ERR_CONNECTION_REFUSED @ http://localhost:8765/_stcore/host-config:0
[  302744ms] [ERROR] Failed to load resource: net::ERR_CONNECTION_REFUSED @ http://localhost:8765/_stcore/health:0
[  302744ms] [ERROR] Client Error in reaching server endpoint - No response received when attempting to reach /_stcore/health @ http://localhost:8765/static/js/index.D2ZqaFuW.js:16
[  302744ms] [ERROR] Is Streamlit still running? If you accidentally stopped Streamlit, just restart it in your terminal: @ http://localhost:8765/static/js/index.D2ZqaFuW.js:21
[  302765ms] [ERROR] Failed to load resource: net::ERR_CONNECTION_REFUSED @ http://localhost:8765/_stcore/host-config:0
[  304751ms] [ERROR] Failed to load resource: net::ERR_CONNECTION_REFUSED @ http://localhost:8765/_stcore/health:0
[  304751ms] [ERROR] Client Error in reaching server endpoint - No response received when attempting to reach /_stcore/health @ http://localhost:8765/static/js/index.D2ZqaFuW.js:16
[  304751ms] [ERROR] Is Streamlit still running? If you accidentally stopped Streamlit, just restart it in your terminal: @ http://localhost:8765/static/js/index.D2ZqaFuW.js:21
[  304771ms] [ERROR] Failed to load resource: net::ERR_CONNECTION_REFUSED @ http://localhost:8765/_stcore/host-config:0
[  306763ms] [ERROR] Failed to load resource: net::ERR_CONNECTION_REFUSED @ http://localhost:8765/_stcore/health:0
[  306763ms] [ERROR] Client Error in reaching server endpoint - No response received when attempting to reach /_stcore/health @ http://localhost:8765/static/js/index.D2ZqaFuW.js:16
[  306763ms] [ERROR] Is Streamlit still running? If you accidentally stopped Streamlit, just restart it in your terminal: @ http://localhost:8765/static/js/index.D2ZqaFuW.js:21
[  306788ms] [ERROR] Failed to load resource: net::ERR_CONNECTION_REFUSED @ http://localhost:8765/_stcore/host-config:0
[  308786ms] [ERROR] Failed to load resource: net::ERR_CONNECTION_REFUSED @ http://localhost:8765/_stcore/health:0
[  308786ms] [ERROR] Client Error in reaching server endpoint - No response received when attempting to reach /_stcore/health @ http://localhost:8765/static/js/index.D2ZqaFuW.js:16
[  308786ms] [ERROR] Is Streamlit still running? If you accidentally stopped Streamlit, just restart it in your terminal: @ http://localhost:8765/static/js/index.D2ZqaFuW.js:21
[  308805ms] [ERROR] Failed to load resource: net::ERR_CONNECTION_REFUSED @ http://localhost:8765/_stcore/host-config:0
[  310793ms] [ERROR] Failed to load resource: net::ERR_CONNECTION_REFUSED @ http://localhost:8765/_stcore/health:0
[  310793ms] [ERROR] Client Error in reaching server endpoint - No response received when attempting to reach /_stcore/health @ http://localhost:8765/static/js/index.D2ZqaFuW.js:16
[  310794ms] [ERROR] Is Streamlit still running? If you accidentally stopped Streamlit, just restart it in your terminal: @ http://localhost:8765/static/js/index.D2ZqaFuW.js:21
[  310813ms] [ERROR] Failed to load resource: net::ERR_CONNECTION_REFUSED @ http://localhost:8765/_stcore/host-config:0
[  312801ms] [ERROR] Failed to load resource: net::ERR_CONNECTION_REFUSED @ http://localhost:8765/_stcore/health:0
[  312801ms] [ERROR] Client Error in reaching server endpoint - No response received when attempting to reach /_stcore/health @ http://localhost:8765/static/js/index.D2ZqaFuW.js:16
[  312801ms] [ERROR] Is Streamlit still running? If you accidentally stopped Streamlit, just restart it in your terminal: @ http://localhost:8765/static/js/index.D2ZqaFuW.js:21
[  312822ms] [ERROR] Failed to load resource: net::ERR_CONNECTION_REFUSED @ http://localhost:8765/_stcore/host-config:0
[  314815ms] [ERROR] Failed to load resource: net::ERR_CONNECTION_REFUSED @ http://localhost:8765/_stcore/health:0
[  314815ms] [ERROR] Client Error in reaching server endpoint - No response received when attempting to reach /_stcore/health @ http://localhost:8765/static/js/index.D2ZqaFuW.js:16
[  314815ms] [ERROR] Is Streamlit still running? If you accidentally stopped Streamlit, just restart it in your terminal: @ http://localhost:8765/static/js/index.D2ZqaFuW.js:21
[  314835ms] [ERROR] Failed to load resource: net::ERR_CONNECTION_REFUSED @ http://localhost:8765/_stcore/host-config:0
[  316824ms] [ERROR] Failed to load resource: net::ERR_CONNECTION_REFUSED @ http://localhost:8765/_stcore/health:0
[  316824ms] [ERROR] Client Error in reaching server endpoint - No response received when attempting to reach /_stcore/health @ http://localhost:8765/static/js/index.D2ZqaFuW.js:16
[  316824ms] [ERROR] Is Streamlit still running? If you accidentally stopped Streamlit, just restart it in your terminal: @ http://localhost:8765/static/js/index.D2ZqaFuW.js:21
[  316843ms] [ERROR] Failed to load resource: net::ERR_CONNECTION_REFUSED @ http://localhost:8765/_stcore/host-config:0
[  318833ms] [ERROR] Failed to load resource: net::ERR_CONNECTION_REFUSED @ http://localhost:8765/_stcore/health:0
[  318833ms] [ERROR] Client Error in reaching server endpoint - No response received when attempting to reach /_stcore/health @ http://localhost:8765/static/js/index.D2ZqaFuW.js:16
[  318834ms] [ERROR] Is Streamlit still running? If you accidentally stopped Streamlit, just restart it in your terminal: @ http://localhost:8765/static/js/index.D2ZqaFuW.js:21
[  318858ms] [ERROR] Failed to load resource: net::ERR_CONNECTION_REFUSED @ http://localhost:8765/_stcore/host-config:0
[  320843ms] [ERROR] Failed to load resource: net::ERR_CONNECTION_REFUSED @ http://localhost:8765/_stcore/health:0
[  320843ms] [ERROR] Client Error in reaching server endpoint - No response received when attempting to reach /_stcore/health @ http://localhost:8765/static/js/index.D2ZqaFuW.js:16
[  320843ms] [ERROR] Is Streamlit still running? If you accidentally stopped Streamlit, just restart it in your terminal: @ http://localhost:8765/static/js/index.D2ZqaFuW.js:21
[  320867ms] [ERROR] Failed to load resource: net::ERR_CONNECTION_REFUSED @ http://localhost:8765/_stcore/host-config:0
[  322849ms] [ERROR] Failed to load resource: net::ERR_CONNECTION_REFUSED @ http://localhost:8765/_stcore/host-config:0
[  322850ms] [ERROR] Client Error in reaching server endpoint - No response received when attempting to reach /_stcore/host-config @ http://localhost:8765/static/js/index.D2ZqaFuW.js:16
[  322850ms] [ERROR] Is Streamlit still running? If you accidentally stopped Streamlit, just restart it in your terminal: @ http://localhost:8765/static/js/index.D2ZqaFuW.js:21
[  322871ms] [ERROR] Failed to load resource: net::ERR_CONNECTION_REFUSED @ http://localhost:8765/_stcore/health:0
[  324858ms] [ERROR] Failed to load resource: net::ERR_CONNECTION_REFUSED @ http://localhost:8765/_stcore/health:0
[  324858ms] [ERROR] Client Error in reaching server endpoint - No response received when attempting to reach /_stcore/health @ http://localhost:8765/static/js/index.D2ZqaFuW.js:16
[  324858ms] [ERROR] Is Streamlit still running? If you accidentally stopped Streamlit, just restart it in your terminal: @ http://localhost:8765/static/js/index.D2ZqaFuW.js:21
[  324883ms] [ERROR] Failed to load resource: net::ERR_CONNECTION_REFUSED @ http://localhost:8765/_stcore/host-config:0
[  326864ms] [ERROR] Failed to load resource: net::ERR_CONNECTION_REFUSED @ http://localhost:8765/_stcore/health:0
[  326864ms] [ERROR] Client Error in reaching server endpoint - No response received when attempting to reach /_stcore/health @ http://localhost:8765/static/js/index.D2ZqaFuW.js:16
[  326864ms] [ERROR] Is Streamlit still running? If you accidentally stopped Streamlit, just restart it in your terminal: @ http://localhost:8765/static/js/index.D2ZqaFuW.js:21
[  326886ms] [ERROR] Failed to load resource: net::ERR_CONNECTION_REFUSED @ http://localhost:8765/_stcore/host-config:0
[  328876ms] [ERROR] Failed to load resource: net::ERR_CONNECTION_REFUSED @ http://localhost:8765/_stcore/host-config:0
[  328876ms] [ERROR] Client Error in reaching server endpoint - No response received when attempting to reach /_stcore/host-config @ http://localhost:8765/static/js/index.D2ZqaFuW.js:16
[  328876ms] [ERROR] Is Streamlit still running? If you accidentally stopped Streamlit, just restart it in your terminal: @ http://localhost:8765/static/js/index.D2ZqaFuW.js:21
[  328900ms] [ERROR] Failed to load resource: net::ERR_CONNECTION_REFUSED @ http://localhost:8765/_stcore/health:0
[  330882ms] [ERROR] Failed to load resource: net::ERR_CONNECTION_REFUSED @ http://localhost:8765/_stcore/health:0
[  330882ms] [ERROR] Client Error in reaching server endpoint - No response received when attempting to reach /_stcore/health @ http://localhost:8765/static/js/index.D2ZqaFuW.js:16
[  330882ms] [ERROR] Is Streamlit still running? If you accidentally stopped Streamlit, just restart it in your terminal: @ http://localhost:8765/static/js/index.D2ZqaFuW.js:21
[  330908ms] [ERROR] Failed to load resource: net::ERR_CONNECTION_REFUSED @ http://localhost:8765/_stcore/host-config:0
[  332889ms] [ERROR] Failed to load resource: net::ERR_CONNECTION_REFUSED @ http://localhost:8765/_stcore/host-config:0
[  332889ms] [ERROR] Client Error in reaching server endpoint - No response received when attempting to reach /_stcore/host-config @ http://localhost:8765/static/js/index.D2ZqaFuW.js:16
[  332889ms] [ERROR] Is Streamlit still running? If you accidentally stopped Streamlit, just restart it in your terminal: @ http://localhost:8765/static/js/index.D2ZqaFuW.js:21
[  332914ms] [ERROR] Failed to load resource: net::ERR_CONNECTION_REFUSED @ http://localhost:8765/_stcore/health:0
[  334896ms] [ERROR] Failed to load resource: net::ERR_CONNECTION_REFUSED @ http://localhost:8765/_stcore/host-config:0
[  334896ms] [ERROR] Client Error in reaching server endpoint - No response received when attempting to reach /_stcore/host-config @ http://localhost:8765/static/js/index.D2ZqaFuW.js:16
[  334896ms] [ERROR] Is Streamlit still running? If you accidentally stopped Streamlit, just restart it in your terminal: @ http://localhost:8765/static/js/index.D2ZqaFuW.js:21
[  334923ms] [ERROR] Failed to load resource: net::ERR_CONNECTION_REFUSED @ http://localhost:8765/_stcore/health:0
[  336902ms] [ERROR] Failed to load resource: net::ERR_CONNECTION_REFUSED @ http://localhost:8765/_stcore/health:0
[  336902ms] [ERROR] Client Error in reaching server endpoint - No response received when attempting to reach /_stcore/health @ http://localhost:8765/static/js/index.D2ZqaFuW.js:16
[  336902ms] [ERROR] Is Streamlit still running? If you accidentally stopped Streamlit, just restart it in your terminal: @ http://localhost:8765/static/js/index.D2ZqaFuW.js:21
[  336923ms] [ERROR] Failed to load resource: net::ERR_CONNECTION_REFUSED @ http://localhost:8765/_stcore/host-config:0
[  338912ms] [ERROR] Failed to load resource: net::ERR_CONNECTION_REFUSED @ http://localhost:8765/_stcore/health:0
[  338912ms] [ERROR] Client Error in reaching server endpoint - No response received when attempting to reach /_stcore/health @ http://localhost:8765/static/js/index.D2ZqaFuW.js:16
[  338912ms] [ERROR] Is Streamlit still running? If you accidentally stopped Streamlit, just restart it in your terminal: @ http://localhost:8765/static/js/index.D2ZqaFuW.js:21
[  338935ms] [ERROR] Failed to load resource: net::ERR_CONNECTION_REFUSED @ http://localhost:8765/_stcore/host-config:0
[  340930ms] [ERROR] Failed to load resource: net::ERR_CONNECTION_REFUSED @ http://localhost:8765/_stcore/health:0
[  340931ms] [ERROR] Client Error in reaching server endpoint - No response received when attempting to reach /_stcore/health @ http://localhost:8765/static/js/index.D2ZqaFuW.js:16
[  340931ms] [ERROR] Is Streamlit still running? If you accidentally stopped Streamlit, just restart it in your terminal: @ http://localhost:8765/static/js/index.D2ZqaFuW.js:21
[  340951ms] [ERROR] Failed to load resource: net::ERR_CONNECTION_REFUSED @ http://localhost:8765/_stcore/host-config:0
[  342936ms] [ERROR] Failed to load resource: net::ERR_CONNECTION_REFUSED @ http://localhost:8765/_stcore/health:0
[  342936ms] [ERROR] Client Error in reaching server endpoint - No response received when attempting to reach /_stcore/health @ http://localhost:8765/static/js/index.D2ZqaFuW.js:16
[  342937ms] [ERROR] Is Streamlit still running? If you accidentally stopped Streamlit, just restart it in your terminal: @ http://localhost:8765/static/js/index.D2ZqaFuW.js:21
[  342957ms] [ERROR] Failed to load resource: net::ERR_CONNECTION_REFUSED @ http://localhost:8765/_stcore/host-config:0
[  344948ms] [ERROR] Failed to load resource: net::ERR_CONNECTION_REFUSED @ http://localhost:8765/_stcore/health:0
[  344948ms] [ERROR] Client Error in reaching server endpoint - No response received when attempting to reach /_stcore/health @ http://localhost:8765/static/js/index.D2ZqaFuW.js:16
[  344948ms] [ERROR] Is Streamlit still running? If you accidentally stopped Streamlit, just restart it in your terminal: @ http://localhost:8765/static/js/index.D2ZqaFuW.js:21
[  344969ms] [ERROR] Failed to load resource: net::ERR_CONNECTION_REFUSED @ http://localhost:8765/_stcore/host-config:0
[  346958ms] [ERROR] Failed to load resource: net::ERR_CONNECTION_REFUSED @ http://localhost:8765/_stcore/host-config:0
[  346958ms] [ERROR] Client Error in reaching server endpoint - No response received when attempting to reach /_stcore/host-config @ http://localhost:8765/static/js/index.D2ZqaFuW.js:16
[  346959ms] [ERROR] Is Streamlit still running? If you accidentally stopped Streamlit, just restart it in your terminal: @ http://localhost:8765/static/js/index.D2ZqaFuW.js:21
[  346985ms] [ERROR] Failed to load resource: net::ERR_CONNECTION_REFUSED @ http://localhost:8765/_stcore/health:0
[  348964ms] [ERROR] Failed to load resource: net::ERR_CONNECTION_REFUSED @ http://localhost:8765/_stcore/health:0
[  348964ms] [ERROR] Client Error in reaching server endpoint - No response received when attempting to reach /_stcore/health @ http://localhost:8765/static/js/index.D2ZqaFuW.js:16
[  348964ms] [ERROR] Is Streamlit still running? If you accidentally stopped Streamlit, just restart it in your terminal: @ http://localhost:8765/static/js/index.D2ZqaFuW.js:21
[  348990ms] [ERROR] Failed to load resource: net::ERR_CONNECTION_REFUSED @ http://localhost:8765/_stcore/host-config:0
[  350971ms] [ERROR] Failed to load resource: net::ERR_CONNECTION_REFUSED @ http://localhost:8765/_stcore/health:0
[  350971ms] [ERROR] Client Error in reaching server endpoint - No response received when attempting to reach /_stcore/health @ http://localhost:8765/static/js/index.D2ZqaFuW.js:16
[  350972ms] [ERROR] Is Streamlit still running? If you accidentally stopped Streamlit, just restart it in your terminal: @ http://localhost:8765/static/js/index.D2ZqaFuW.js:21
[  351009ms] [ERROR] Failed to load resource: net::ERR_CONNECTION_REFUSED @ http://localhost:8765/_stcore/host-config:0
[  352979ms] [ERROR] Failed to load resource: net::ERR_CONNECTION_REFUSED @ http://localhost:8765/_stcore/health:0
[  352979ms] [ERROR] Client Error in reaching server endpoint - No response received when attempting to reach /_stcore/health @ http://localhost:8765/static/js/index.D2ZqaFuW.js:16
[  352980ms] [ERROR] Is Streamlit still running? If you accidentally stopped Streamlit, just restart it in your terminal: @ http://localhost:8765/static/js/index.D2ZqaFuW.js:21
[  353004ms] [ERROR] Failed to load resource: net::ERR_CONNECTION_REFUSED @ http://localhost:8765/_stcore/host-config:0
[  354986ms] [ERROR] Failed to load resource: net::ERR_CONNECTION_REFUSED @ http://localhost:8765/_stcore/host-config:0
[  354987ms] [ERROR] Client Error in reaching server endpoint - No response received when attempting to reach /_stcore/host-config @ http://localhost:8765/static/js/index.D2ZqaFuW.js:16
[  354987ms] [ERROR] Is Streamlit still running? If you accidentally stopped Streamlit, just restart it in your terminal: @ http://localhost:8765/static/js/index.D2ZqaFuW.js:21
[  355008ms] [ERROR] Failed to load resource: net::ERR_CONNECTION_REFUSED @ http://localhost:8765/_stcore/health:0
[  356995ms] [ERROR] Failed to load resource: net::ERR_CONNECTION_REFUSED @ http://localhost:8765/_stcore/health:0
[  356995ms] [ERROR] Client Error in reaching server endpoint - No response received when attempting to reach /_stcore/health @ http://localhost:8765/static/js/index.D2ZqaFuW.js:16
[  356995ms] [ERROR] Is Streamlit still running? If you accidentally stopped Streamlit, just restart it in your terminal: @ http://localhost:8765/static/js/index.D2ZqaFuW.js:21
[  357016ms] [ERROR] Failed to load resource: net::ERR_CONNECTION_REFUSED @ http://localhost:8765/_stcore/host-config:0
[  359002ms] [ERROR] Failed to load resource: net::ERR_CONNECTION_REFUSED @ http://localhost:8765/_stcore/health:0
[  359002ms] [ERROR] Client Error in reaching server endpoint - No response received when attempting to reach /_stcore/health @ http://localhost:8765/static/js/index.D2ZqaFuW.js:16
[  359002ms] [ERROR] Is Streamlit still running? If you accidentally stopped Streamlit, just restart it in your terminal: @ http://localhost:8765/static/js/index.D2ZqaFuW.js:21
[  359023ms] [ERROR] Failed to load resource: net::ERR_CONNECTION_REFUSED @ http://localhost:8765/_stcore/host-config:0
[  361010ms] [ERROR] Failed to load resource: net::ERR_CONNECTION_REFUSED @ http://localhost:8765/_stcore/health:0
[  361010ms] [ERROR] Client Error in reaching server endpoint - No response received when attempting to reach /_stcore/health @ http://localhost:8765/static/js/index.D2ZqaFuW.js:16
[  361010ms] [ERROR] Is Streamlit still running? If you accidentally stopped Streamlit, just restart it in your terminal: @ http://localhost:8765/static/js/index.D2ZqaFuW.js:21
[  361030ms] [ERROR] Failed to load resource: net::ERR_CONNECTION_REFUSED @ http://localhost:8765/_stcore/host-config:0
[  363017ms] [ERROR] Failed to load resource: net::ERR_CONNECTION_REFUSED @ http://localhost:8765/_stcore/health:0
[  363017ms] [ERROR] Client Error in reaching server endpoint - No response received when attempting to reach /_stcore/health @ http://localhost:8765/static/js/index.D2ZqaFuW.js:16
[  363017ms] [ERROR] Is Streamlit still running? If you accidentally stopped Streamlit, just restart it in your terminal: @ http://localhost:8765/static/js/index.D2ZqaFuW.js:21
[  363038ms] [ERROR] Failed to load resource: net::ERR_CONNECTION_REFUSED @ http://localhost:8765/_stcore/host-config:0
[  365026ms] [ERROR] Failed to load resource: net::ERR_CONNECTION_REFUSED @ http://localhost:8765/_stcore/host-config:0
[  365026ms] [ERROR] Client Error in reaching server endpoint - No response received when attempting to reach /_stcore/host-config @ http://localhost:8765/static/js/index.D2ZqaFuW.js:16
[  365026ms] [ERROR] Is Streamlit still running? If you accidentally stopped Streamlit, just restart it in your terminal: @ http://localhost:8765/static/js/index.D2ZqaFuW.js:21
[  365051ms] [ERROR] Failed to load resource: net::ERR_CONNECTION_REFUSED @ http://localhost:8765/_stcore/health:0
[  367032ms] [ERROR] Failed to load resource: net::ERR_CONNECTION_REFUSED @ http://localhost:8765/_stcore/health:0
[  367032ms] [ERROR] Client Error in reaching server endpoint - No response received when attempting to reach /_stcore/health @ http://localhost:8765/static/js/index.D2ZqaFuW.js:16
[  367032ms] [ERROR] Is Streamlit still running? If you accidentally stopped Streamlit, just restart it in your terminal: @ http://localhost:8765/static/js/index.D2ZqaFuW.js:21
[  367057ms] [ERROR] Failed to load resource: net::ERR_CONNECTION_REFUSED @ http://localhost:8765/_stcore/host-config:0
[  369039ms] [ERROR] Failed to load resource: net::ERR_CONNECTION_REFUSED @ http://localhost:8765/_stcore/health:0
[  369039ms] [ERROR] Client Error in reaching server endpoint - No response received when attempting to reach /_stcore/health @ http://localhost:8765/static/js/index.D2ZqaFuW.js:16
[  369040ms] [ERROR] Is Streamlit still running? If you accidentally stopped Streamlit, just restart it in your terminal: @ http://localhost:8765/static/js/index.D2ZqaFuW.js:21
[  369063ms] [ERROR] Failed to load resource: net::ERR_CONNECTION_REFUSED @ http://localhost:8765/_stcore/host-config:0
[  371044ms] [ERROR] Failed to load resource: net::ERR_CONNECTION_REFUSED @ http://localhost:8765/_stcore/host-config:0
[  371044ms] [ERROR] Client Error in reaching server endpoint - No response received when attempting to reach /_stcore/host-config @ http://localhost:8765/static/js/index.D2ZqaFuW.js:16
[  371044ms] [ERROR] Is Streamlit still running? If you accidentally stopped Streamlit, just restart it in your terminal: @ http://localhost:8765/static/js/index.D2ZqaFuW.js:21
[  371075ms] [ERROR] Failed to load resource: net::ERR_CONNECTION_REFUSED @ http://localhost:8765/_stcore/health:0
[  373052ms] [ERROR] Failed to load resource: net::ERR_CONNECTION_REFUSED @ http://localhost:8765/_stcore/health:0
[  373052ms] [ERROR] Client Error in reaching server endpoint - No response received when attempting to reach /_stcore/health @ http://localhost:8765/static/js/index.D2ZqaFuW.js:16
[  373052ms] [ERROR] Is Streamlit still running? If you accidentally stopped Streamlit, just restart it in your terminal: @ http://localhost:8765/static/js/index.D2ZqaFuW.js:21
[  373071ms] [ERROR] Failed to load resource: net::ERR_CONNECTION_REFUSED @ http://localhost:8765/_stcore/host-config:0
[  375059ms] [ERROR] Failed to load resource: net::ERR_CONNECTION_REFUSED @ http://localhost:8765/_stcore/health:0
[  375060ms] [ERROR] Client Error in reaching server endpoint - No response received when attempting to reach /_stcore/health @ http://localhost:8765/static/js/index.D2ZqaFuW.js:16
[  375060ms] [ERROR] Is Streamlit still running? If you accidentally stopped Streamlit, just restart it in your terminal: @ http://localhost:8765/static/js/index.D2ZqaFuW.js:21
[  375081ms] [ERROR] Failed to load resource: net::ERR_CONNECTION_REFUSED @ http://localhost:8765/_stcore/host-config:0
[  377067ms] [ERROR] Failed to load resource: net::ERR_CONNECTION_REFUSED @ http://localhost:8765/_stcore/health:0
[  377068ms] [ERROR] Client Error in reaching server endpoint - No response received when attempting to reach /_stcore/health @ http://localhost:8765/static/js/index.D2ZqaFuW.js:16
[  377068ms] [ERROR] Is Streamlit still running? If you accidentally stopped Streamlit, just restart it in your terminal: @ http://localhost:8765/static/js/index.D2ZqaFuW.js:21
[  377090ms] [ERROR] Failed to load resource: net::ERR_CONNECTION_REFUSED @ http://localhost:8765/_stcore/host-config:0
[  379075ms] [ERROR] Failed to load resource: net::ERR_CONNECTION_REFUSED @ http://localhost:8765/_stcore/health:0
[  379075ms] [ERROR] Client Error in reaching server endpoint - No response received when attempting to reach /_stcore/health @ http://localhost:8765/static/js/index.D2ZqaFuW.js:16
[  379075ms] [ERROR] Is Streamlit still running? If you accidentally stopped Streamlit, just restart it in your terminal: @ http://localhost:8765/static/js/index.D2ZqaFuW.js:21
[  379095ms] [ERROR] Failed to load resource: net::ERR_CONNECTION_REFUSED @ http://localhost:8765/_stcore/host-config:0
[  381082ms] [ERROR] Failed to load resource: net::ERR_CONNECTION_REFUSED @ http://localhost:8765/_stcore/health:0
[  381082ms] [ERROR] Client Error in reaching server endpoint - No response received when attempting to reach /_stcore/health @ http://localhost:8765/static/js/index.D2ZqaFuW.js:16
[  381082ms] [ERROR] Is Streamlit still running? If you accidentally stopped Streamlit, just restart it in your terminal: @ http://localhost:8765/static/js/index.D2ZqaFuW.js:21
[  381106ms] [ERROR] Failed to load resource: net::ERR_CONNECTION_REFUSED @ http://localhost:8765/_stcore/host-config:0
[  383091ms] [ERROR] Failed to load resource: net::ERR_CONNECTION_REFUSED @ http://localhost:8765/_stcore/health:0
[  383092ms] [ERROR] Client Error in reaching server endpoint - No response received when attempting to reach /_stcore/health @ http://localhost:8765/static/js/index.D2ZqaFuW.js:16
[  383092ms] [ERROR] Is Streamlit still running? If you accidentally stopped Streamlit, just restart it in your terminal: @ http://localhost:8765/static/js/index.D2ZqaFuW.js:21
[  383112ms] [ERROR] Failed to load resource: net::ERR_CONNECTION_REFUSED @ http://localhost:8765/_stcore/host-config:0
[  385099ms] [ERROR] Failed to load resource: net::ERR_CONNECTION_REFUSED @ http://localhost:8765/_stcore/health:0
[  385099ms] [ERROR] Client Error in reaching server endpoint - No response received when attempting to reach /_stcore/health @ http://localhost:8765/static/js/index.D2ZqaFuW.js:16
[  385099ms] [ERROR] Is Streamlit still running? If you accidentally stopped Streamlit, just restart it in your terminal: @ http://localhost:8765/static/js/index.D2ZqaFuW.js:21
[  385119ms] [ERROR] Failed to load resource: net::ERR_CONNECTION_REFUSED @ http://localhost:8765/_stcore/host-config:0
[  387109ms] [ERROR] Failed to load resource: net::ERR_CONNECTION_REFUSED @ http://localhost:8765/_stcore/host-config:0
[  387109ms] [ERROR] Client Error in reaching server endpoint - No response received when attempting to reach /_stcore/host-config @ http://localhost:8765/static/js/index.D2ZqaFuW.js:16
[  387109ms] [ERROR] Is Streamlit still running? If you accidentally stopped Streamlit, just restart it in your terminal: @ http://localhost:8765/static/js/index.D2ZqaFuW.js:21
[  387130ms] [ERROR] Failed to load resource: net::ERR_CONNECTION_REFUSED @ http://localhost:8765/_stcore/health:0
[  389115ms] [ERROR] Failed to load resource: net::ERR_CONNECTION_REFUSED @ http://localhost:8765/_stcore/host-config:0
[  389115ms] [ERROR] Client Error in reaching server endpoint - No response received when attempting to reach /_stcore/host-config @ http://localhost:8765/static/js/index.D2ZqaFuW.js:16
[  389116ms] [ERROR] Is Streamlit still running? If you accidentally stopped Streamlit, just restart it in your terminal: @ http://localhost:8765/static/js/index.D2ZqaFuW.js:21
[  389143ms] [ERROR] Failed to load resource: net::ERR_CONNECTION_REFUSED @ http://localhost:8765/_stcore/health:0
[  391124ms] [ERROR] Failed to load resource: net::ERR_CONNECTION_REFUSED @ http://localhost:8765/_stcore/health:0
[  391124ms] [ERROR] Client Error in reaching server endpoint - No response received when attempting to reach /_stcore/health @ http://localhost:8765/static/js/index.D2ZqaFuW.js:16
[  391124ms] [ERROR] Is Streamlit still running? If you accidentally stopped Streamlit, just restart it in your terminal: @ http://localhost:8765/static/js/index.D2ZqaFuW.js:21
[  391145ms] [ERROR] Failed to load resource: net::ERR_CONNECTION_REFUSED @ http://localhost:8765/_stcore/host-config:0
[  393131ms] [ERROR] Failed to load resource: net::ERR_CONNECTION_REFUSED @ http://localhost:8765/_stcore/health:0
[  393131ms] [ERROR] Client Error in reaching server endpoint - No response received when attempting to reach /_stcore/health @ http://localhost:8765/static/js/index.D2ZqaFuW.js:16
[  393132ms] [ERROR] Is Streamlit still running? If you accidentally stopped Streamlit, just restart it in your terminal: @ http://localhost:8765/static/js/index.D2ZqaFuW.js:21
[  393153ms] [ERROR] Failed to load resource: net::ERR_CONNECTION_REFUSED @ http://localhost:8765/_stcore/host-config:0
[  395139ms] [ERROR] Failed to load resource: net::ERR_CONNECTION_REFUSED @ http://localhost:8765/_stcore/health:0
[  395139ms] [ERROR] Client Error in reaching server endpoint - No response received when attempting to reach /_stcore/health @ http://localhost:8765/static/js/index.D2ZqaFuW.js:16
[  395140ms] [ERROR] Is Streamlit still running? If you accidentally stopped Streamlit, just restart it in your terminal: @ http://localhost:8765/static/js/index.D2ZqaFuW.js:21
[  395160ms] [ERROR] Failed to load resource: net::ERR_CONNECTION_REFUSED @ http://localhost:8765/_stcore/host-config:0
[  397147ms] [ERROR] Failed to load resource: net::ERR_CONNECTION_REFUSED @ http://localhost:8765/_stcore/health:0
[  397148ms] [ERROR] Client Error in reaching server endpoint - No response received when attempting to reach /_stcore/health @ http://localhost:8765/static/js/index.D2ZqaFuW.js:16
[  397148ms] [ERROR] Is Streamlit still running? If you accidentally stopped Streamlit, just restart it in your terminal: @ http://localhost:8765/static/js/index.D2ZqaFuW.js:21
[  397169ms] [ERROR] Failed to load resource: net::ERR_CONNECTION_REFUSED @ http://localhost:8765/_stcore/host-config:0
[  399155ms] [ERROR] Failed to load resource: net::ERR_CONNECTION_REFUSED @ http://localhost:8765/_stcore/health:0
[  399155ms] [ERROR] Client Error in reaching server endpoint - No response received when attempting to reach /_stcore/health @ http://localhost:8765/static/js/index.D2ZqaFuW.js:16
[  399155ms] [ERROR] Is Streamlit still running? If you accidentally stopped Streamlit, just restart it in your terminal: @ http://localhost:8765/static/js/index.D2ZqaFuW.js:21
[  399180ms] [ERROR] Failed to load resource: net::ERR_CONNECTION_REFUSED @ http://localhost:8765/_stcore/host-config:0
[  401163ms] [ERROR] Failed to load resource: net::ERR_CONNECTION_REFUSED @ http://localhost:8765/_stcore/host-config:0
[  401163ms] [ERROR] Client Error in reaching server endpoint - No response received when attempting to reach /_stcore/host-config @ http://localhost:8765/static/js/index.D2ZqaFuW.js:16
[  401164ms] [ERROR] Is Streamlit still running? If you accidentally stopped Streamlit, just restart it in your terminal: @ http://localhost:8765/static/js/index.D2ZqaFuW.js:21
[  401186ms] [ERROR] Failed to load resource: net::ERR_CONNECTION_REFUSED @ http://localhost:8765/_stcore/health:0
[  403171ms] [ERROR] Failed to load resource: net::ERR_CONNECTION_REFUSED @ http://localhost:8765/_stcore/health:0
[  403171ms] [ERROR] Client Error in reaching server endpoint - No response received when attempting to reach /_stcore/health @ http://localhost:8765/static/js/index.D2ZqaFuW.js:16
[  403171ms] [ERROR] Is Streamlit still running? If you accidentally stopped Streamlit, just restart it in your terminal: @ http://localhost:8765/static/js/index.D2ZqaFuW.js:21
[  403194ms] [ERROR] Failed to load resource: net::ERR_CONNECTION_REFUSED @ http://localhost:8765/_stcore/host-config:0
[  405179ms] [ERROR] Failed to load resource: net::ERR_CONNECTION_REFUSED @ http://localhost:8765/_stcore/health:0
[  405179ms] [ERROR] Client Error in reaching server endpoint - No response received when attempting to reach /_stcore/health @ http://localhost:8765/static/js/index.D2ZqaFuW.js:16
[  405179ms] [ERROR] Is Streamlit still running? If you accidentally stopped Streamlit, just restart it in your terminal: @ http://localhost:8765/static/js/index.D2ZqaFuW.js:21
[  405200ms] [ERROR] Failed to load resource: net::ERR_CONNECTION_REFUSED @ http://localhost:8765/_stcore/host-config:0
[  407186ms] [ERROR] Failed to load resource: net::ERR_CONNECTION_REFUSED @ http://localhost:8765/_stcore/health:0
[  407187ms] [ERROR] Client Error in reaching server endpoint - No response received when attempting to reach /_stcore/health @ http://localhost:8765/static/js/index.D2ZqaFuW.js:16
[  407187ms] [ERROR] Is Streamlit still running? If you accidentally stopped Streamlit, just restart it in your terminal: @ http://localhost:8765/static/js/index.D2ZqaFuW.js:21
[  407209ms] [ERROR] Failed to load resource: net::ERR_CONNECTION_REFUSED @ http://localhost:8765/_stcore/host-config:0
[  409194ms] [ERROR] Failed to load resource: net::ERR_CONNECTION_REFUSED @ http://localhost:8765/_stcore/health:0
[  409194ms] [ERROR] Client Error in reaching server endpoint - No response received when attempting to reach /_stcore/health @ http://localhost:8765/static/js/index.D2ZqaFuW.js:16
[  409194ms] [ERROR] Is Streamlit still running? If you accidentally stopped Streamlit, just restart it in your terminal: @ http://localhost:8765/static/js/index.D2ZqaFuW.js:21
[  409217ms] [ERROR] Failed to load resource: net::ERR_CONNECTION_REFUSED @ http://localhost:8765/_stcore/host-config:0
[  411202ms] [ERROR] Failed to load resource: net::ERR_CONNECTION_REFUSED @ http://localhost:8765/_stcore/host-config:0
[  411202ms] [ERROR] Client Error in reaching server endpoint - No response received when attempting to reach /_stcore/host-config @ http://localhost:8765/static/js/index.D2ZqaFuW.js:16
[  411202ms] [ERROR] Is Streamlit still running? If you accidentally stopped Streamlit, just restart it in your terminal: @ http://localhost:8765/static/js/index.D2ZqaFuW.js:21
[  411224ms] [ERROR] Failed to load resource: net::ERR_CONNECTION_REFUSED @ http://localhost:8765/_stcore/health:0
[  413210ms] [ERROR] Failed to load resource: net::ERR_CONNECTION_REFUSED @ http://localhost:8765/_stcore/health:0
[  413210ms] [ERROR] Client Error in reaching server endpoint - No response received when attempting to reach /_stcore/health @ http://localhost:8765/static/js/index.D2ZqaFuW.js:16
[  413210ms] [ERROR] Is Streamlit still running? If you accidentally stopped Streamlit, just restart it in your terminal: @ http://localhost:8765/static/js/index.D2ZqaFuW.js:21
[  413231ms] [ERROR] Failed to load resource: net::ERR_CONNECTION_REFUSED @ http://localhost:8765/_stcore/host-config:0
[  415217ms] [ERROR] Failed to load resource: net::ERR_CONNECTION_REFUSED @ http://localhost:8765/_stcore/host-config:0
[  415218ms] [ERROR] Client Error in reaching server endpoint - No response received when attempting to reach /_stcore/host-config @ http://localhost:8765/static/js/index.D2ZqaFuW.js:16
[  415218ms] [ERROR] Is Streamlit still running? If you accidentally stopped Streamlit, just restart it in your terminal: @ http://localhost:8765/static/js/index.D2ZqaFuW.js:21
[  415239ms] [ERROR] Failed to load resource: net::ERR_CONNECTION_REFUSED @ http://localhost:8765/_stcore/health:0
[  417228ms] [ERROR] Failed to load resource: net::ERR_CONNECTION_REFUSED @ http://localhost:8765/_stcore/health:0
[  417228ms] [ERROR] Client Error in reaching server endpoint - No response received when attempting to reach /_stcore/health @ http://localhost:8765/static/js/index.D2ZqaFuW.js:16
[  417228ms] [ERROR] Is Streamlit still running? If you accidentally stopped Streamlit, just restart it in your terminal: @ http://localhost:8765/static/js/index.D2ZqaFuW.js:21
[  417250ms] [ERROR] Failed to load resource: net::ERR_CONNECTION_REFUSED @ http://localhost:8765/_stcore/host-config:0
[  419234ms] [ERROR] Failed to load resource: net::ERR_CONNECTION_REFUSED @ http://localhost:8765/_stcore/health:0
[  419234ms] [ERROR] Client Error in reaching server endpoint - No response received when attempting to reach /_stcore/health @ http://localhost:8765/static/js/index.D2ZqaFuW.js:16
[  419235ms] [ERROR] Is Streamlit still running? If you accidentally stopped Streamlit, just restart it in your terminal: @ http://localhost:8765/static/js/index.D2ZqaFuW.js:21
[  419256ms] [ERROR] Failed to load resource: net::ERR_CONNECTION_REFUSED @ http://localhost:8765/_stcore/host-config:0
[  421241ms] [ERROR] Failed to load resource: net::ERR_CONNECTION_REFUSED @ http://localhost:8765/_stcore/health:0
[  421241ms] [ERROR] Client Error in reaching server endpoint - No response received when attempting to reach /_stcore/health @ http://localhost:8765/static/js/index.D2ZqaFuW.js:16
[  421241ms] [ERROR] Is Streamlit still running? If you accidentally stopped Streamlit, just restart it in your terminal: @ http://localhost:8765/static/js/index.D2ZqaFuW.js:21
[  421262ms] [ERROR] Failed to load resource: net::ERR_CONNECTION_REFUSED @ http://localhost:8765/_stcore/host-config:0
[  423249ms] [ERROR] Failed to load resource: net::ERR_CONNECTION_REFUSED @ http://localhost:8765/_stcore/health:0
[  423249ms] [ERROR] Client Error in reaching server endpoint - No response received when attempting to reach /_stcore/health @ http://localhost:8765/static/js/index.D2ZqaFuW.js:16
[  423249ms] [ERROR] Is Streamlit still running? If you accidentally stopped Streamlit, just restart it in your terminal: @ http://localhost:8765/static/js/index.D2ZqaFuW.js:21
[  423270ms] [ERROR] Failed to load resource: net::ERR_CONNECTION_REFUSED @ http://localhost:8765/_stcore/host-config:0
[  425259ms] [ERROR] Failed to load resource: net::ERR_CONNECTION_REFUSED @ http://localhost:8765/_stcore/health:0
[  425260ms] [ERROR] Client Error in reaching server endpoint - No response received when attempting to reach /_stcore/health @ http://localhost:8765/static/js/index.D2ZqaFuW.js:16
[  425260ms] [ERROR] Is Streamlit still running? If you accidentally stopped Streamlit, just restart it in your terminal: @ http://localhost:8765/static/js/index.D2ZqaFuW.js:21
[  425260ms] [ERROR] Failed to load resource: net::ERR_CONNECTION_REFUSED @ http://localhost:8765/_stcore/host-config:0
[  427264ms] [ERROR] Failed to load resource: net::ERR_CONNECTION_REFUSED @ http://localhost:8765/_stcore/health:0
[  427264ms] [ERROR] Client Error in reaching server endpoint - No response received when attempting to reach /_stcore/health @ http://localhost:8765/static/js/index.D2ZqaFuW.js:16
[  427264ms] [ERROR] Is Streamlit still running? If you accidentally stopped Streamlit, just restart it in your terminal: @ http://localhost:8765/static/js/index.D2ZqaFuW.js:21
[  427283ms] [ERROR] Failed to load resource: net::ERR_CONNECTION_REFUSED @ http://localhost:8765/_stcore/host-config:0
[  429272ms] [ERROR] Failed to load resource: net::ERR_CONNECTION_REFUSED @ http://localhost:8765/_stcore/host-config:0
[  429272ms] [ERROR] Client Error in reaching server endpoint - No response received when attempting to reach /_stcore/host-config @ http://localhost:8765/static/js/index.D2ZqaFuW.js:16
[  429272ms] [ERROR] Is Streamlit still running? If you accidentally stopped Streamlit, just restart it in your terminal: @ http://localhost:8765/static/js/index.D2ZqaFuW.js:21
[  429293ms] [ERROR] Failed to load resource: net::ERR_CONNECTION_REFUSED @ http://localhost:8765/_stcore/health:0
[  431280ms] [ERROR] Failed to load resource: net::ERR_CONNECTION_REFUSED @ http://localhost:8765/_stcore/health:0
[  431280ms] [ERROR] Client Error in reaching server endpoint - No response received when attempting to reach /_stcore/health @ http://localhost:8765/static/js/index.D2ZqaFuW.js:16
[  431280ms] [ERROR] Is Streamlit still running? If you accidentally stopped Streamlit, just restart it in your terminal: @ http://localhost:8765/static/js/index.D2ZqaFuW.js:21
[  431301ms] [ERROR] Failed to load resource: net::ERR_CONNECTION_REFUSED @ http://localhost:8765/_stcore/host-config:0
[  433287ms] [ERROR] Failed to load resource: net::ERR_CONNECTION_REFUSED @ http://localhost:8765/_stcore/health:0
[  433287ms] [ERROR] Client Error in reaching server endpoint - No response received when attempting to reach /_stcore/health @ http://localhost:8765/static/js/index.D2ZqaFuW.js:16
[  433287ms] [ERROR] Is Streamlit still running? If you accidentally stopped Streamlit, just restart it in your terminal: @ http://localhost:8765/static/js/index.D2ZqaFuW.js:21
[  433308ms] [ERROR] Failed to load resource: net::ERR_CONNECTION_REFUSED @ http://localhost:8765/_stcore/host-config:0
[  435295ms] [ERROR] Failed to load resource: net::ERR_CONNECTION_REFUSED @ http://localhost:8765/_stcore/health:0
[  435295ms] [ERROR] Client Error in reaching server endpoint - No response received when attempting to reach /_stcore/health @ http://localhost:8765/static/js/index.D2ZqaFuW.js:16
[  435295ms] [ERROR] Is Streamlit still running? If you accidentally stopped Streamlit, just restart it in your terminal: @ http://localhost:8765/static/js/index.D2ZqaFuW.js:21
[  435317ms] [ERROR] Failed to load resource: net::ERR_CONNECTION_REFUSED @ http://localhost:8765/_stcore/host-config:0
[  437304ms] [ERROR] Failed to load resource: net::ERR_CONNECTION_REFUSED @ http://localhost:8765/_stcore/health:0
[  437304ms] [ERROR] Client Error in reaching server endpoint - No response received when attempting to reach /_stcore/health @ http://localhost:8765/static/js/index.D2ZqaFuW.js:16
[  437305ms] [ERROR] Is Streamlit still running? If you accidentally stopped Streamlit, just restart it in your terminal: @ http://localhost:8765/static/js/index.D2ZqaFuW.js:21
[  437326ms] [ERROR] Failed to load resource: net::ERR_CONNECTION_REFUSED @ http://localhost:8765/_stcore/host-config:0
[  439313ms] [ERROR] Failed to load resource: net::ERR_CONNECTION_REFUSED @ http://localhost:8765/_stcore/health:0
[  439313ms] [ERROR] Client Error in reaching server endpoint - No response received when attempting to reach /_stcore/health @ http://localhost:8765/static/js/index.D2ZqaFuW.js:16
[  439313ms] [ERROR] Is Streamlit still running? If you accidentally stopped Streamlit, just restart it in your terminal: @ http://localhost:8765/static/js/index.D2ZqaFuW.js:21
[  439334ms] [ERROR] Failed to load resource: net::ERR_CONNECTION_REFUSED @ http://localhost:8765/_stcore/host-config:0
[  441318ms] [ERROR] Failed to load resource: net::ERR_CONNECTION_REFUSED @ http://localhost:8765/_stcore/health:0
[  441318ms] [ERROR] Client Error in reaching server endpoint - No response received when attempting to reach /_stcore/health @ http://localhost:8765/static/js/index.D2ZqaFuW.js:16
[  441318ms] [ERROR] Is Streamlit still running? If you accidentally stopped Streamlit, just restart it in your terminal: @ http://localhost:8765/static/js/index.D2ZqaFuW.js:21
[  441337ms] [ERROR] Failed to load resource: net::ERR_CONNECTION_REFUSED @ http://localhost:8765/_stcore/host-config:0
[  443324ms] [ERROR] Failed to load resource: net::ERR_CONNECTION_REFUSED @ http://localhost:8765/_stcore/health:0
[  443324ms] [ERROR] Client Error in reaching server endpoint - No response received when attempting to reach /_stcore/health @ http://localhost:8765/static/js/index.D2ZqaFuW.js:16
[  443325ms] [ERROR] Is Streamlit still running? If you accidentally stopped Streamlit, just restart it in your terminal: @ http://localhost:8765/static/js/index.D2ZqaFuW.js:21
[  443344ms] [ERROR] Failed to load resource: net::ERR_CONNECTION_REFUSED @ http://localhost:8765/_stcore/host-config:0
[  445330ms] [ERROR] Failed to load resource: net::ERR_CONNECTION_REFUSED @ http://localhost:8765/_stcore/health:0
[  445331ms] [ERROR] Client Error in reaching server endpoint - No response received when attempting to reach /_stcore/health @ http://localhost:8765/static/js/index.D2ZqaFuW.js:16
[  445331ms] [ERROR] Is Streamlit still running? If you accidentally stopped Streamlit, just restart it in your terminal: @ http://localhost:8765/static/js/index.D2ZqaFuW.js:21
[  445349ms] [ERROR] Failed to load resource: net::ERR_CONNECTION_REFUSED @ http://localhost:8765/_stcore/host-config:0
[  447341ms] [ERROR] Failed to load resource: net::ERR_CONNECTION_REFUSED @ http://localhost:8765/_stcore/health:0
[  447342ms] [ERROR] Client Error in reaching server endpoint - No response received when attempting to reach /_stcore/health @ http://localhost:8765/static/js/index.D2ZqaFuW.js:16
[  447342ms] [ERROR] Is Streamlit still running? If you accidentally stopped Streamlit, just restart it in your terminal: @ http://localhost:8765/static/js/index.D2ZqaFuW.js:21
[  447363ms] [ERROR] Failed to load resource: net::ERR_CONNECTION_REFUSED @ http://localhost:8765/_stcore/host-config:0
[  449349ms] [ERROR] Failed to load resource: net::ERR_CONNECTION_REFUSED @ http://localhost:8765/_stcore/health:0
[  449349ms] [ERROR] Client Error in reaching server endpoint - No response received when attempting to reach /_stcore/health @ http://localhost:8765/static/js/index.D2ZqaFuW.js:16
[  449349ms] [ERROR] Is Streamlit still running? If you accidentally stopped Streamlit, just restart it in your terminal: @ http://localhost:8765/static/js/index.D2ZqaFuW.js:21
[  449368ms] [ERROR] Failed to load resource: net::ERR_CONNECTION_REFUSED @ http://localhost:8765/_stcore/host-config:0
[  451355ms] [ERROR] Failed to load resource: net::ERR_CONNECTION_REFUSED @ http://localhost:8765/_stcore/health:0
[  451355ms] [ERROR] Client Error in reaching server endpoint - No response received when attempting to reach /_stcore/health @ http://localhost:8765/static/js/index.D2ZqaFuW.js:16
[  451356ms] [ERROR] Is Streamlit still running? If you accidentally stopped Streamlit, just restart it in your terminal: @ http://localhost:8765/static/js/index.D2ZqaFuW.js:21
[  451379ms] [ERROR] Failed to load resource: net::ERR_CONNECTION_REFUSED @ http://localhost:8765/_stcore/host-config:0
[  453364ms] [ERROR] Failed to load resource: net::ERR_CONNECTION_REFUSED @ http://localhost:8765/_stcore/health:0
[  453364ms] [ERROR] Client Error in reaching server endpoint - No response received when attempting to reach /_stcore/health @ http://localhost:8765/static/js/index.D2ZqaFuW.js:16
[  453364ms] [ERROR] Is Streamlit still running? If you accidentally stopped Streamlit, just restart it in your terminal: @ http://localhost:8765/static/js/index.D2ZqaFuW.js:21
[  453367ms] [ERROR] Failed to load resource: net::ERR_CONNECTION_REFUSED @ http://localhost:8765/_stcore/host-config:0
[  455371ms] [ERROR] Failed to load resource: net::ERR_CONNECTION_REFUSED @ http://localhost:8765/_stcore/health:0
[  455371ms] [ERROR] Client Error in reaching server endpoint - No response received when attempting to reach /_stcore/health @ http://localhost:8765/static/js/index.D2ZqaFuW.js:16
[  455372ms] [ERROR] Is Streamlit still running? If you accidentally stopped Streamlit, just restart it in your terminal: @ http://localhost:8765/static/js/index.D2ZqaFuW.js:21
[  455394ms] [ERROR] Failed to load resource: net::ERR_CONNECTION_REFUSED @ http://localhost:8765/_stcore/host-config:0
[  457378ms] [ERROR] Failed to load resource: net::ERR_CONNECTION_REFUSED @ http://localhost:8765/_stcore/health:0
[  457378ms] [ERROR] Client Error in reaching server endpoint - No response received when attempting to reach /_stcore/health @ http://localhost:8765/static/js/index.D2ZqaFuW.js:16
[  457378ms] [ERROR] Is Streamlit still running? If you accidentally stopped Streamlit, just restart it in your terminal: @ http://localhost:8765/static/js/index.D2ZqaFuW.js:21
[  457378ms] [ERROR] Failed to load resource: net::ERR_CONNECTION_REFUSED @ http://localhost:8765/_stcore/host-config:0
[  459385ms] [ERROR] Failed to load resource: net::ERR_CONNECTION_REFUSED @ http://localhost:8765/_stcore/host-config:0
[  459385ms] [ERROR] Client Error in reaching server endpoint - No response received when attempting to reach /_stcore/host-config @ http://localhost:8765/static/js/index.D2ZqaFuW.js:16
[  459386ms] [ERROR] Is Streamlit still running? If you accidentally stopped Streamlit, just restart it in your terminal: @ http://localhost:8765/static/js/index.D2ZqaFuW.js:21
[  459405ms] [ERROR] Failed to load resource: net::ERR_CONNECTION_REFUSED @ http://localhost:8765/_stcore/health:0
[  461393ms] [ERROR] Failed to load resource: net::ERR_CONNECTION_REFUSED @ http://localhost:8765/_stcore/host-config:0
[  461393ms] [ERROR] Client Error in reaching server endpoint - No response received when attempting to reach /_stcore/host-config @ http://localhost:8765/static/js/index.D2ZqaFuW.js:16
[  461393ms] [ERROR] Is Streamlit still running? If you accidentally stopped Streamlit, just restart it in your terminal: @ http://localhost:8765/static/js/index.D2ZqaFuW.js:21
[  461414ms] [ERROR] Failed to load resource: net::ERR_CONNECTION_REFUSED @ http://localhost:8765/_stcore/health:0
[  463400ms] [ERROR] Failed to load resource: net::ERR_CONNECTION_REFUSED @ http://localhost:8765/_stcore/health:0
[  463400ms] [ERROR] Client Error in reaching server endpoint - No response received when attempting to reach /_stcore/health @ http://localhost:8765/static/js/index.D2ZqaFuW.js:16
[  463400ms] [ERROR] Is Streamlit still running? If you accidentally stopped Streamlit, just restart it in your terminal: @ http://localhost:8765/static/js/index.D2ZqaFuW.js:21
[  463429ms] [ERROR] Failed to load resource: net::ERR_CONNECTION_REFUSED @ http://localhost:8765/_stcore/host-config:0
[  465408ms] [ERROR] Failed to load resource: net::ERR_CONNECTION_REFUSED @ http://localhost:8765/_stcore/health:0
[  465408ms] [ERROR] Client Error in reaching server endpoint - No response received when attempting to reach /_stcore/health @ http://localhost:8765/static/js/index.D2ZqaFuW.js:16
[  465409ms] [ERROR] Is Streamlit still running? If you accidentally stopped Streamlit, just restart it in your terminal: @ http://localhost:8765/static/js/index.D2ZqaFuW.js:21
[  465430ms] [ERROR] Failed to load resource: net::ERR_CONNECTION_REFUSED @ http://localhost:8765/_stcore/host-config:0
[  467417ms] [ERROR] Failed to load resource: net::ERR_CONNECTION_REFUSED @ http://localhost:8765/_stcore/health:0
[  467417ms] [ERROR] Client Error in reaching server endpoint - No response received when attempting to reach /_stcore/health @ http://localhost:8765/static/js/index.D2ZqaFuW.js:16
[  467418ms] [ERROR] Is Streamlit still running? If you accidentally stopped Streamlit, just restart it in your terminal: @ http://localhost:8765/static/js/index.D2ZqaFuW.js:21
[  467442ms] [ERROR] Failed to load resource: net::ERR_CONNECTION_REFUSED @ http://localhost:8765/_stcore/host-config:0
[  469423ms] [ERROR] Failed to load resource: net::ERR_CONNECTION_REFUSED @ http://localhost:8765/_stcore/health:0
[  469423ms] [ERROR] Client Error in reaching server endpoint - No response received when attempting to reach /_stcore/health @ http://localhost:8765/static/js/index.D2ZqaFuW.js:16
[  469423ms] [ERROR] Is Streamlit still running? If you accidentally stopped Streamlit, just restart it in your terminal: @ http://localhost:8765/static/js/index.D2ZqaFuW.js:21
[  469443ms] [ERROR] Failed to load resource: net::ERR_CONNECTION_REFUSED @ http://localhost:8765/_stcore/host-config:0
[  471429ms] [ERROR] Failed to load resource: net::ERR_CONNECTION_REFUSED @ http://localhost:8765/_stcore/health:0
[  471429ms] [ERROR] Client Error in reaching server endpoint - No response received when attempting to reach /_stcore/health @ http://localhost:8765/static/js/index.D2ZqaFuW.js:16
[  471430ms] [ERROR] Is Streamlit still running? If you accidentally stopped Streamlit, just restart it in your terminal: @ http://localhost:8765/static/js/index.D2ZqaFuW.js:21
[  471458ms] [ERROR] Failed to load resource: net::ERR_CONNECTION_REFUSED @ http://localhost:8765/_stcore/host-config:0
[  473438ms] [ERROR] Failed to load resource: net::ERR_CONNECTION_REFUSED @ http://localhost:8765/_stcore/health:0
[  473438ms] [ERROR] Client Error in reaching server endpoint - No response received when attempting to reach /_stcore/health @ http://localhost:8765/static/js/index.D2ZqaFuW.js:16
[  473438ms] [ERROR] Is Streamlit still running? If you accidentally stopped Streamlit, just restart it in your terminal: @ http://localhost:8765/static/js/index.D2ZqaFuW.js:21
[  473459ms] [ERROR] Failed to load resource: net::ERR_CONNECTION_REFUSED @ http://localhost:8765/_stcore/host-config:0
[  475444ms] [ERROR] Failed to load resource: net::ERR_CONNECTION_REFUSED @ http://localhost:8765/_stcore/health:0
[  475444ms] [ERROR] Client Error in reaching server endpoint - No response received when attempting to reach /_stcore/health @ http://localhost:8765/static/js/index.D2ZqaFuW.js:16
[  475444ms] [ERROR] Is Streamlit still running? If you accidentally stopped Streamlit, just restart it in your terminal: @ http://localhost:8765/static/js/index.D2ZqaFuW.js:21
[  475463ms] [ERROR] Failed to load resource: net::ERR_CONNECTION_REFUSED @ http://localhost:8765/_stcore/host-config:0
[  477453ms] [ERROR] Failed to load resource: net::ERR_CONNECTION_REFUSED @ http://localhost:8765/_stcore/host-config:0
[  477453ms] [ERROR] Client Error in reaching server endpoint - No response received when attempting to reach /_stcore/host-config @ http://localhost:8765/static/js/index.D2ZqaFuW.js:16
[  477453ms] [ERROR] Is Streamlit still running? If you accidentally stopped Streamlit, just restart it in your terminal: @ http://localhost:8765/static/js/index.D2ZqaFuW.js:21
[  477476ms] [ERROR] Failed to load resource: net::ERR_CONNECTION_REFUSED @ http://localhost:8765/_stcore/health:0
[  479481ms] [ERROR] Failed to load resource: net::ERR_CONNECTION_REFUSED @ http://localhost:8765/_stcore/host-config:0
[  479481ms] [ERROR] Client Error in reaching server endpoint - No response received when attempting to reach /_stcore/host-config @ http://localhost:8765/static/js/index.D2ZqaFuW.js:16
[  479481ms] [ERROR] Is Streamlit still running? If you accidentally stopped Streamlit, just restart it in your terminal: @ http://localhost:8765/static/js/index.D2ZqaFuW.js:21
[  479481ms] [ERROR] Failed to load resource: net::ERR_CONNECTION_REFUSED @ http://localhost:8765/_stcore/health:0
[  481489ms] [ERROR] Failed to load resource: net::ERR_CONNECTION_REFUSED @ http://localhost:8765/_stcore/health:0
[  481489ms] [ERROR] Client Error in reaching server endpoint - No response received when attempting to reach /_stcore/health @ http://localhost:8765/static/js/index.D2ZqaFuW.js:16
[  481489ms] [ERROR] Is Streamlit still running? If you accidentally stopped Streamlit, just restart it in your terminal: @ http://localhost:8765/static/js/index.D2ZqaFuW.js:21
[  481515ms] [ERROR] Failed to load resource: net::ERR_CONNECTION_REFUSED @ http://localhost:8765/_stcore/host-config:0
[  483495ms] [ERROR] Failed to load resource: net::ERR_CONNECTION_REFUSED @ http://localhost:8765/_stcore/health:0
[  483495ms] [ERROR] Client Error in reaching server endpoint - No response received when attempting to reach /_stcore/health @ http://localhost:8765/static/js/index.D2ZqaFuW.js:16
[  483495ms] [ERROR] Is Streamlit still running? If you accidentally stopped Streamlit, just restart it in your terminal: @ http://localhost:8765/static/js/index.D2ZqaFuW.js:21
[  483514ms] [ERROR] Failed to load resource: net::ERR_CONNECTION_REFUSED @ http://localhost:8765/_stcore/host-config:0
[  485501ms] [ERROR] Failed to load resource: net::ERR_CONNECTION_REFUSED @ http://localhost:8765/_stcore/health:0
[  485501ms] [ERROR] Client Error in reaching server endpoint - No response received when attempting to reach /_stcore/health @ http://localhost:8765/static/js/index.D2ZqaFuW.js:16
[  485501ms] [ERROR] Is Streamlit still running? If you accidentally stopped Streamlit, just restart it in your terminal: @ http://localhost:8765/static/js/index.D2ZqaFuW.js:21
[  485523ms] [ERROR] Failed to load resource: net::ERR_CONNECTION_REFUSED @ http://localhost:8765/_stcore/host-config:0
