[  360504ms] [WARNING] Unrecognized feature: 'ambient-light-sensor'. @ http://localhost:8511/static/js/isLength.DwwZub7z.js:0
[  360504ms] [WARNING] Unrecognized feature: 'battery'. @ http://localhost:8511/static/js/isLength.DwwZub7z.js:0
[  360505ms] [WARNING] Unrecognized feature: 'document-domain'. @ http://localhost:8511/static/js/isLength.DwwZub7z.js:0
[  360505ms] [WARNING] Unrecognized feature: 'layout-animations'. @ http://localhost:8511/static/js/isLength.DwwZub7z.js:0
[  360505ms] [WARNING] Unrecognized feature: 'legacy-image-formats'. @ http://localhost:8511/static/js/isLength.DwwZub7z.js:0
[  360505ms] [WARNING] Unrecognized feature: 'oversized-images'. @ http://localhost:8511/static/js/isLength.DwwZub7z.js:0
[  360505ms] [WARNING] Unrecognized feature: 'vr'. @ http://localhost:8511/static/js/isLength.DwwZub7z.js:0
[  360505ms] [WARNING] Unrecognized feature: 'wake-lock'. @ http://localhost:8511/static/js/isLength.DwwZub7z.js:0
[  360896ms] [WARNING] An iframe which has both allow-scripts and allow-same-origin for its sandbox attribute can escape its sandboxing. @ about:srcdoc:0
[  738727ms] [WARNING] WebSocket onclose @ http://localhost:8511/static/js/index.D2ZqaFuW.js:17
[  739122ms] [ERROR] Failed to load resource: net::ERR_CONNECTION_REFUSED @ http://localhost:8511/_stcore/health:0
[  739127ms] [ERROR] Failed to load resource: net::ERR_CONNECTION_REFUSED @ http://localhost:8511/_stcore/host-config:0
[  739236ms] [ERROR] Failed to load resource: net::ERR_CONNECTION_REFUSED @ http://localhost:8511/_stcore/health:0
[  739237ms] [ERROR] Failed to load resource: net::ERR_CONNECTION_REFUSED @ http://localhost:8511/_stcore/host-config:0
[  739422ms] [ERROR] Failed to load resource: net::ERR_CONNECTION_REFUSED @ http://localhost:8511/_stcore/health:0
[  739423ms] [ERROR] Failed to load resource: net::ERR_CONNECTION_REFUSED @ http://localhost:8511/_stcore/host-config:0
[  739765ms] [ERROR] Failed to load resource: net::ERR_CONNECTION_REFUSED @ http://localhost:8511/_stcore/host-config:0
[  739766ms] [ERROR] Failed to load resource: net::ERR_CONNECTION_REFUSED @ http://localhost:8511/_stcore/health:0
[  740423ms] [ERROR] Failed to load resource: net::ERR_CONNECTION_REFUSED @ http://localhost:8511/_stcore/health:0
[  740424ms] [ERROR] Failed to load resource: net::ERR_CONNECTION_REFUSED @ http://localhost:8511/_stcore/host-config:0
[  742143ms] [ERROR] Failed to load resource: net::ERR_CONNECTION_REFUSED @ http://localhost:8511/_stcore/host-config:0
[  742144ms] [ERROR] Client Error in reaching server endpoint - No response received when attempting to reach /_stcore/host-config @ http://localhost:8511/static/js/index.D2ZqaFuW.js:16
[  742144ms] [ERROR] Is Streamlit still running? If you accidentally stopped Streamlit, just restart it in your terminal: @ http://localhost:8511/static/js/index.D2ZqaFuW.js:21
[  742789ms] [ERROR] Failed to load resource: net::ERR_CONNECTION_REFUSED @ http://localhost:8511/_stcore/health:0
[  744150ms] [ERROR] Failed to load resource: net::ERR_CONNECTION_REFUSED @ http://localhost:8511/_stcore/health:0
[  744151ms] [ERROR] Client Error in reaching server endpoint - No response received when attempting to reach /_stcore/health @ http://localhost:8511/static/js/index.D2ZqaFuW.js:16
[  744151ms] [ERROR] Is Streamlit still running? If you accidentally stopped Streamlit, just restart it in your terminal: @ http://localhost:8511/static/js/index.D2ZqaFuW.js:21
[  744345ms] [ERROR] Failed to load resource: net::ERR_CONNECTION_REFUSED @ http://localhost:8511/_stcore/host-config:0
[  746158ms] [ERROR] Failed to load resource: net::ERR_CONNECTION_REFUSED @ http://localhost:8511/_stcore/health:0
[  746158ms] [ERROR] Client Error in reaching server endpoint - No response received when attempting to reach /_stcore/health @ http://localhost:8511/static/js/index.D2ZqaFuW.js:16
[  746158ms] [ERROR] Is Streamlit still running? If you accidentally stopped Streamlit, just restart it in your terminal: @ http://localhost:8511/static/js/index.D2ZqaFuW.js:21
[  746344ms] [ERROR] Failed to load resource: net::ERR_CONNECTION_REFUSED @ http://localhost:8511/_stcore/host-config:0
[  748165ms] [ERROR] Failed to load resource: net::ERR_CONNECTION_REFUSED @ http://localhost:8511/_stcore/health:0
[  748165ms] [ERROR] Client Error in reaching server endpoint - No response received when attempting to reach /_stcore/health @ http://localhost:8511/static/js/index.D2ZqaFuW.js:16
[  748165ms] [ERROR] Is Streamlit still running? If you accidentally stopped Streamlit, just restart it in your terminal: @ http://localhost:8511/static/js/index.D2ZqaFuW.js:21
[  748302ms] [ERROR] Failed to load resource: net::ERR_CONNECTION_REFUSED @ http://localhost:8511/_stcore/host-config:0
[  750173ms] [ERROR] Failed to load resource: net::ERR_CONNECTION_REFUSED @ http://localhost:8511/_stcore/health:0
[  750173ms] [ERROR] Client Error in reaching server endpoint - No response received when attempting to reach /_stcore/health @ http://localhost:8511/static/js/index.D2ZqaFuW.js:16
[  750173ms] [ERROR] Is Streamlit still running? If you accidentally stopped Streamlit, just restart it in your terminal: @ http://localhost:8511/static/js/index.D2ZqaFuW.js:21
[  750306ms] [ERROR] Failed to load resource: net::ERR_CONNECTION_REFUSED @ http://localhost:8511/_stcore/host-config:0
[  752178ms] [ERROR] Failed to load resource: net::ERR_CONNECTION_REFUSED @ http://localhost:8511/_stcore/health:0
[  752178ms] [ERROR] Client Error in reaching server endpoint - No response received when attempting to reach /_stcore/health @ http://localhost:8511/static/js/index.D2ZqaFuW.js:16
[  752178ms] [ERROR] Is Streamlit still running? If you accidentally stopped Streamlit, just restart it in your terminal: @ http://localhost:8511/static/js/index.D2ZqaFuW.js:21
[  752343ms] [ERROR] Failed to load resource: net::ERR_CONNECTION_REFUSED @ http://localhost:8511/_stcore/host-config:0
[  754183ms] [ERROR] Failed to load resource: net::ERR_CONNECTION_REFUSED @ http://localhost:8511/_stcore/health:0
[  754183ms] [ERROR] Client Error in reaching server endpoint - No response received when attempting to reach /_stcore/health @ http://localhost:8511/static/js/index.D2ZqaFuW.js:16
[  754184ms] [ERROR] Is Streamlit still running? If you accidentally stopped Streamlit, just restart it in your terminal: @ http://localhost:8511/static/js/index.D2ZqaFuW.js:21
[  754329ms] [ERROR] Failed to load resource: net::ERR_CONNECTION_REFUSED @ http://localhost:8511/_stcore/host-config:0
[  756193ms] [ERROR] Failed to load resource: net::ERR_CONNECTION_REFUSED @ http://localhost:8511/_stcore/health:0
[  756193ms] [ERROR] Client Error in reaching server endpoint - No response received when attempting to reach /_stcore/health @ http://localhost:8511/static/js/index.D2ZqaFuW.js:16
[  756193ms] [ERROR] Is Streamlit still running? If you accidentally stopped Streamlit, just restart it in your terminal: @ http://localhost:8511/static/js/index.D2ZqaFuW.js:21
[  756378ms] [ERROR] Failed to load resource: net::ERR_CONNECTION_REFUSED @ http://localhost:8511/_stcore/host-config:0
[  758199ms] [ERROR] Failed to load resource: net::ERR_CONNECTION_REFUSED @ http://localhost:8511/_stcore/health:0
[  758199ms] [ERROR] Client Error in reaching server endpoint - No response received when attempting to reach /_stcore/health @ http://localhost:8511/static/js/index.D2ZqaFuW.js:16
[  758199ms] [ERROR] Is Streamlit still running? If you accidentally stopped Streamlit, just restart it in your terminal: @ http://localhost:8511/static/js/index.D2ZqaFuW.js:21
[  758315ms] [ERROR] Failed to load resource: net::ERR_CONNECTION_REFUSED @ http://localhost:8511/_stcore/host-config:0
[  760206ms] [ERROR] Failed to load resource: net::ERR_CONNECTION_REFUSED @ http://localhost:8511/_stcore/health:0
[  760207ms] [ERROR] Client Error in reaching server endpoint - No response received when attempting to reach /_stcore/health @ http://localhost:8511/static/js/index.D2ZqaFuW.js:16
[  760207ms] [ERROR] Is Streamlit still running? If you accidentally stopped Streamlit, just restart it in your terminal: @ http://localhost:8511/static/js/index.D2ZqaFuW.js:21
[  760374ms] [ERROR] Failed to load resource: net::ERR_CONNECTION_REFUSED @ http://localhost:8511/_stcore/host-config:0
[  762222ms] [ERROR] Failed to load resource: net::ERR_CONNECTION_REFUSED @ http://localhost:8511/_stcore/host-config:0
[  762222ms] [ERROR] Client Error in reaching server endpoint - No response received when attempting to reach /_stcore/host-config @ http://localhost:8511/static/js/index.D2ZqaFuW.js:16
[  762222ms] [ERROR] Is Streamlit still running? If you accidentally stopped Streamlit, just restart it in your terminal: @ http://localhost:8511/static/js/index.D2ZqaFuW.js:21
[  762394ms] [ERROR] Failed to load resource: net::ERR_CONNECTION_REFUSED @ http://localhost:8511/_stcore/health:0
[  764232ms] [ERROR] Failed to load resource: net::ERR_CONNECTION_REFUSED @ http://localhost:8511/_stcore/host-config:0
[  764232ms] [ERROR] Client Error in reaching server endpoint - No response received when attempting to reach /_stcore/host-config @ http://localhost:8511/static/js/index.D2ZqaFuW.js:16
[  764232ms] [ERROR] Is Streamlit still running? If you accidentally stopped Streamlit, just restart it in your terminal: @ http://localhost:8511/static/js/index.D2ZqaFuW.js:21
[  764388ms] [ERROR] Failed to load resource: net::ERR_CONNECTION_REFUSED @ http://localhost:8511/_stcore/health:0
[  766239ms] [ERROR] Failed to load resource: net::ERR_CONNECTION_REFUSED @ http://localhost:8511/_stcore/health:0
[  766239ms] [ERROR] Client Error in reaching server endpoint - No response received when attempting to reach /_stcore/health @ http://localhost:8511/static/js/index.D2ZqaFuW.js:16
[  766240ms] [ERROR] Is Streamlit still running? If you accidentally stopped Streamlit, just restart it in your terminal: @ http://localhost:8511/static/js/index.D2ZqaFuW.js:21
[  766391ms] [ERROR] Failed to load resource: net::ERR_CONNECTION_REFUSED @ http://localhost:8511/_stcore/host-config:0
[  768247ms] [ERROR] Failed to load resource: net::ERR_CONNECTION_REFUSED @ http://localhost:8511/_stcore/health:0
[  768247ms] [ERROR] Client Error in reaching server endpoint - No response received when attempting to reach /_stcore/health @ http://localhost:8511/static/js/index.D2ZqaFuW.js:16
[  768248ms] [ERROR] Is Streamlit still running? If you accidentally stopped Streamlit, just restart it in your terminal: @ http://localhost:8511/static/js/index.D2ZqaFuW.js:21
[  768361ms] [ERROR] Failed to load resource: net::ERR_CONNECTION_REFUSED @ http://localhost:8511/_stcore/host-config:0
[  770255ms] [ERROR] Failed to load resource: net::ERR_CONNECTION_REFUSED @ http://localhost:8511/_stcore/health:0
[  770256ms] [ERROR] Client Error in reaching server endpoint - No response received when attempting to reach /_stcore/health @ http://localhost:8511/static/js/index.D2ZqaFuW.js:16
[  770256ms] [ERROR] Is Streamlit still running? If you accidentally stopped Streamlit, just restart it in your terminal: @ http://localhost:8511/static/js/index.D2ZqaFuW.js:21
[  770392ms] [ERROR] Failed to load resource: net::ERR_CONNECTION_REFUSED @ http://localhost:8511/_stcore/host-config:0
[  772263ms] [ERROR] Failed to load resource: net::ERR_CONNECTION_REFUSED @ http://localhost:8511/_stcore/health:0
[  772263ms] [ERROR] Client Error in reaching server endpoint - No response received when attempting to reach /_stcore/health @ http://localhost:8511/static/js/index.D2ZqaFuW.js:16
[  772263ms] [ERROR] Is Streamlit still running? If you accidentally stopped Streamlit, just restart it in your terminal: @ http://localhost:8511/static/js/index.D2ZqaFuW.js:21
[  772385ms] [ERROR] Failed to load resource: net::ERR_CONNECTION_REFUSED @ http://localhost:8511/_stcore/host-config:0
[  774270ms] [ERROR] Failed to load resource: net::ERR_CONNECTION_REFUSED @ http://localhost:8511/_stcore/health:0
[  774270ms] [ERROR] Client Error in reaching server endpoint - No response received when attempting to reach /_stcore/health @ http://localhost:8511/static/js/index.D2ZqaFuW.js:16
[  774271ms] [ERROR] Is Streamlit still running? If you accidentally stopped Streamlit, just restart it in your terminal: @ http://localhost:8511/static/js/index.D2ZqaFuW.js:21
[  774401ms] [ERROR] Failed to load resource: net::ERR_CONNECTION_REFUSED @ http://localhost:8511/_stcore/host-config:0
[  776278ms] [ERROR] Failed to load resource: net::ERR_CONNECTION_REFUSED @ http://localhost:8511/_stcore/host-config:0
[  776279ms] [ERROR] Client Error in reaching server endpoint - No response received when attempting to reach /_stcore/host-config @ http://localhost:8511/static/js/index.D2ZqaFuW.js:16
[  776279ms] [ERROR] Is Streamlit still running? If you accidentally stopped Streamlit, just restart it in your terminal: @ http://localhost:8511/static/js/index.D2ZqaFuW.js:21
[  776416ms] [ERROR] Failed to load resource: net::ERR_CONNECTION_REFUSED @ http://localhost:8511/_stcore/health:0
[  778284ms] [ERROR] Failed to load resource: net::ERR_CONNECTION_REFUSED @ http://localhost:8511/_stcore/health:0
[  778284ms] [ERROR] Client Error in reaching server endpoint - No response received when attempting to reach /_stcore/health @ http://localhost:8511/static/js/index.D2ZqaFuW.js:16
[  778284ms] [ERROR] Is Streamlit still running? If you accidentally stopped Streamlit, just restart it in your terminal: @ http://localhost:8511/static/js/index.D2ZqaFuW.js:21
[  778401ms] [ERROR] Failed to load resource: net::ERR_CONNECTION_REFUSED @ http://localhost:8511/_stcore/host-config:0
[  780291ms] [ERROR] Failed to load resource: net::ERR_CONNECTION_REFUSED @ http://localhost:8511/_stcore/health:0
[  780291ms] [ERROR] Client Error in reaching server endpoint - No response received when attempting to reach /_stcore/health @ http://localhost:8511/static/js/index.D2ZqaFuW.js:16
[  780291ms] [ERROR] Is Streamlit still running? If you accidentally stopped Streamlit, just restart it in your terminal: @ http://localhost:8511/static/js/index.D2ZqaFuW.js:21
[  780426ms] [ERROR] Failed to load resource: net::ERR_CONNECTION_REFUSED @ http://localhost:8511/_stcore/host-config:0
[  782298ms] [ERROR] Failed to load resource: net::ERR_CONNECTION_REFUSED @ http://localhost:8511/_stcore/host-config:0
[  782298ms] [ERROR] Client Error in reaching server endpoint - No response received when attempting to reach /_stcore/host-config @ http://localhost:8511/static/js/index.D2ZqaFuW.js:16
[  782299ms] [ERROR] Is Streamlit still running? If you accidentally stopped Streamlit, just restart it in your terminal: @ http://localhost:8511/static/js/index.D2ZqaFuW.js:21
[  782415ms] [ERROR] Failed to load resource: net::ERR_CONNECTION_REFUSED @ http://localhost:8511/_stcore/health:0
[  784304ms] [ERROR] Failed to load resource: net::ERR_CONNECTION_REFUSED @ http://localhost:8511/_stcore/health:0
[  784304ms] [ERROR] Client Error in reaching server endpoint - No response received when attempting to reach /_stcore/health @ http://localhost:8511/static/js/index.D2ZqaFuW.js:16
[  784304ms] [ERROR] Is Streamlit still running? If you accidentally stopped Streamlit, just restart it in your terminal: @ http://localhost:8511/static/js/index.D2ZqaFuW.js:21
[  784304ms] [ERROR] Failed to load resource: net::ERR_CONNECTION_REFUSED @ http://localhost:8511/_stcore/host-config:0
[  786311ms] [ERROR] Failed to load resource: net::ERR_CONNECTION_REFUSED @ http://localhost:8511/_stcore/health:0
[  786311ms] [ERROR] Client Error in reaching server endpoint - No response received when attempting to reach /_stcore/health @ http://localhost:8511/static/js/index.D2ZqaFuW.js:16
[  786311ms] [ERROR] Is Streamlit still running? If you accidentally stopped Streamlit, just restart it in your terminal: @ http://localhost:8511/static/js/index.D2ZqaFuW.js:21
[  786439ms] [ERROR] Failed to load resource: net::ERR_CONNECTION_REFUSED @ http://localhost:8511/_stcore/host-config:0
[  788319ms] [ERROR] Failed to load resource: net::ERR_CONNECTION_REFUSED @ http://localhost:8511/_stcore/health:0
[  788319ms] [ERROR] Client Error in reaching server endpoint - No response received when attempting to reach /_stcore/health @ http://localhost:8511/static/js/index.D2ZqaFuW.js:16
[  788319ms] [ERROR] Is Streamlit still running? If you accidentally stopped Streamlit, just restart it in your terminal: @ http://localhost:8511/static/js/index.D2ZqaFuW.js:21
[  788438ms] [ERROR] Failed to load resource: net::ERR_CONNECTION_REFUSED @ http://localhost:8511/_stcore/host-config:0
[  790326ms] [ERROR] Failed to load resource: net::ERR_CONNECTION_REFUSED @ http://localhost:8511/_stcore/health:0
[  790326ms] [ERROR] Client Error in reaching server endpoint - No response received when attempting to reach /_stcore/health @ http://localhost:8511/static/js/index.D2ZqaFuW.js:16
[  790327ms] [ERROR] Is Streamlit still running? If you accidentally stopped Streamlit, just restart it in your terminal: @ http://localhost:8511/static/js/index.D2ZqaFuW.js:21
[  790469ms] [ERROR] Failed to load resource: net::ERR_CONNECTION_REFUSED @ http://localhost:8511/_stcore/host-config:0
[  792332ms] [ERROR] Failed to load resource: net::ERR_CONNECTION_REFUSED @ http://localhost:8511/_stcore/health:0
[  792332ms] [ERROR] Client Error in reaching server endpoint - No response received when attempting to reach /_stcore/health @ http://localhost:8511/static/js/index.D2ZqaFuW.js:16
[  792332ms] [ERROR] Is Streamlit still running? If you accidentally stopped Streamlit, just restart it in your terminal: @ http://localhost:8511/static/js/index.D2ZqaFuW.js:21
[  792453ms] [ERROR] Failed to load resource: net::ERR_CONNECTION_REFUSED @ http://localhost:8511/_stcore/host-config:0
[  794341ms] [ERROR] Failed to load resource: net::ERR_CONNECTION_REFUSED @ http://localhost:8511/_stcore/host-config:0
[  794341ms] [ERROR] Client Error in reaching server endpoint - No response received when attempting to reach /_stcore/host-config @ http://localhost:8511/static/js/index.D2ZqaFuW.js:16
[  794341ms] [ERROR] Is Streamlit still running? If you accidentally stopped Streamlit, just restart it in your terminal: @ http://localhost:8511/static/js/index.D2ZqaFuW.js:21
[  794473ms] [ERROR] Failed to load resource: net::ERR_CONNECTION_REFUSED @ http://localhost:8511/_stcore/health:0
[  796348ms] [ERROR] Failed to load resource: net::ERR_CONNECTION_REFUSED @ http://localhost:8511/_stcore/health:0
[  796348ms] [ERROR] Client Error in reaching server endpoint - No response received when attempting to reach /_stcore/health @ http://localhost:8511/static/js/index.D2ZqaFuW.js:16
[  796348ms] [ERROR] Is Streamlit still running? If you accidentally stopped Streamlit, just restart it in your terminal: @ http://localhost:8511/static/js/index.D2ZqaFuW.js:21
[  796476ms] [ERROR] Failed to load resource: net::ERR_CONNECTION_REFUSED @ http://localhost:8511/_stcore/host-config:0
[  798356ms] [ERROR] Failed to load resource: net::ERR_CONNECTION_REFUSED @ http://localhost:8511/_stcore/health:0
[  798356ms] [ERROR] Client Error in reaching server endpoint - No response received when attempting to reach /_stcore/health @ http://localhost:8511/static/js/index.D2ZqaFuW.js:16
[  798356ms] [ERROR] Is Streamlit still running? If you accidentally stopped Streamlit, just restart it in your terminal: @ http://localhost:8511/static/js/index.D2ZqaFuW.js:21
[  798476ms] [ERROR] Failed to load resource: net::ERR_CONNECTION_REFUSED @ http://localhost:8511/_stcore/host-config:0
[  800363ms] [ERROR] Failed to load resource: net::ERR_CONNECTION_REFUSED @ http://localhost:8511/_stcore/health:0
[  800363ms] [ERROR] Client Error in reaching server endpoint - No response received when attempting to reach /_stcore/health @ http://localhost:8511/static/js/index.D2ZqaFuW.js:16
[  800363ms] [ERROR] Is Streamlit still running? If you accidentally stopped Streamlit, just restart it in your terminal: @ http://localhost:8511/static/js/index.D2ZqaFuW.js:21
[  800495ms] [ERROR] Failed to load resource: net::ERR_CONNECTION_REFUSED @ http://localhost:8511/_stcore/host-config:0
[  802372ms] [ERROR] Failed to load resource: net::ERR_CONNECTION_REFUSED @ http://localhost:8511/_stcore/health:0
[  802372ms] [ERROR] Client Error in reaching server endpoint - No response received when attempting to reach /_stcore/health @ http://localhost:8511/static/js/index.D2ZqaFuW.js:16
[  802373ms] [ERROR] Is Streamlit still running? If you accidentally stopped Streamlit, just restart it in your terminal: @ http://localhost:8511/static/js/index.D2ZqaFuW.js:21
[  802485ms] [ERROR] Failed to load resource: net::ERR_CONNECTION_REFUSED @ http://localhost:8511/_stcore/host-config:0
[  804381ms] [ERROR] Failed to load resource: net::ERR_CONNECTION_REFUSED @ http://localhost:8511/_stcore/health:0
[  804381ms] [ERROR] Client Error in reaching server endpoint - No response received when attempting to reach /_stcore/health @ http://localhost:8511/static/js/index.D2ZqaFuW.js:16
[  804381ms] [ERROR] Is Streamlit still running? If you accidentally stopped Streamlit, just restart it in your terminal: @ http://localhost:8511/static/js/index.D2ZqaFuW.js:21
[  804492ms] [ERROR] Failed to load resource: net::ERR_CONNECTION_REFUSED @ http://localhost:8511/_stcore/host-config:0
[  806389ms] [ERROR] Failed to load resource: net::ERR_CONNECTION_REFUSED @ http://localhost:8511/_stcore/health:0
[  806389ms] [ERROR] Client Error in reaching server endpoint - No response received when attempting to reach /_stcore/health @ http://localhost:8511/static/js/index.D2ZqaFuW.js:16
[  806389ms] [ERROR] Is Streamlit still running? If you accidentally stopped Streamlit, just restart it in your terminal: @ http://localhost:8511/static/js/index.D2ZqaFuW.js:21
[  806514ms] [ERROR] Failed to load resource: net::ERR_CONNECTION_REFUSED @ http://localhost:8511/_stcore/host-config:0
[  808397ms] [ERROR] Failed to load resource: net::ERR_CONNECTION_REFUSED @ http://localhost:8511/_stcore/health:0
[  808397ms] [ERROR] Client Error in reaching server endpoint - No response received when attempting to reach /_stcore/health @ http://localhost:8511/static/js/index.D2ZqaFuW.js:16
[  808398ms] [ERROR] Is Streamlit still running? If you accidentally stopped Streamlit, just restart it in your terminal: @ http://localhost:8511/static/js/index.D2ZqaFuW.js:21
[  808398ms] [ERROR] Failed to load resource: net::ERR_CONNECTION_REFUSED @ http://localhost:8511/_stcore/host-config:0
[  810404ms] [ERROR] Failed to load resource: net::ERR_CONNECTION_REFUSED @ http://localhost:8511/_stcore/health:0
[  810405ms] [ERROR] Client Error in reaching server endpoint - No response received when attempting to reach /_stcore/health @ http://localhost:8511/static/js/index.D2ZqaFuW.js:16
[  810405ms] [ERROR] Is Streamlit still running? If you accidentally stopped Streamlit, just restart it in your terminal: @ http://localhost:8511/static/js/index.D2ZqaFuW.js:21
[  810533ms] [ERROR] Failed to load resource: net::ERR_CONNECTION_REFUSED @ http://localhost:8511/_stcore/host-config:0
[  812410ms] [ERROR] Failed to load resource: net::ERR_CONNECTION_REFUSED @ http://localhost:8511/_stcore/health:0
[  812410ms] [ERROR] Client Error in reaching server endpoint - No response received when attempting to reach /_stcore/health @ http://localhost:8511/static/js/index.D2ZqaFuW.js:16
[  812411ms] [ERROR] Is Streamlit still running? If you accidentally stopped Streamlit, just restart it in your terminal: @ http://localhost:8511/static/js/index.D2ZqaFuW.js:21
[  812519ms] [ERROR] Failed to load resource: net::ERR_CONNECTION_REFUSED @ http://localhost:8511/_stcore/host-config:0
[  814417ms] [ERROR] Failed to load resource: net::ERR_CONNECTION_REFUSED @ http://localhost:8511/_stcore/health:0
[  814418ms] [ERROR] Client Error in reaching server endpoint - No response received when attempting to reach /_stcore/health @ http://localhost:8511/static/js/index.D2ZqaFuW.js:16
[  814418ms] [ERROR] Is Streamlit still running? If you accidentally stopped Streamlit, just restart it in your terminal: @ http://localhost:8511/static/js/index.D2ZqaFuW.js:21
[  814528ms] [ERROR] Failed to load resource: net::ERR_CONNECTION_REFUSED @ http://localhost:8511/_stcore/host-config:0
[  816426ms] [ERROR] Failed to load resource: net::ERR_CONNECTION_REFUSED @ http://localhost:8511/_stcore/health:0
[  816426ms] [ERROR] Client Error in reaching server endpoint - No response received when attempting to reach /_stcore/health @ http://localhost:8511/static/js/index.D2ZqaFuW.js:16
[  816427ms] [ERROR] Is Streamlit still running? If you accidentally stopped Streamlit, just restart it in your terminal: @ http://localhost:8511/static/js/index.D2ZqaFuW.js:21
[  816550ms] [ERROR] Failed to load resource: net::ERR_CONNECTION_REFUSED @ http://localhost:8511/_stcore/host-config:0
[  818434ms] [ERROR] Failed to load resource: net::ERR_CONNECTION_REFUSED @ http://localhost:8511/_stcore/health:0
[  818434ms] [ERROR] Client Error in reaching server endpoint - No response received when attempting to reach /_stcore/health @ http://localhost:8511/static/js/index.D2ZqaFuW.js:16
[  818434ms] [ERROR] Is Streamlit still running? If you accidentally stopped Streamlit, just restart it in your terminal: @ http://localhost:8511/static/js/index.D2ZqaFuW.js:21
[  818543ms] [ERROR] Failed to load resource: net::ERR_CONNECTION_REFUSED @ http://localhost:8511/_stcore/host-config:0
[  820442ms] [ERROR] Failed to load resource: net::ERR_CONNECTION_REFUSED @ http://localhost:8511/_stcore/health:0
[  820442ms] [ERROR] Client Error in reaching server endpoint - No response received when attempting to reach /_stcore/health @ http://localhost:8511/static/js/index.D2ZqaFuW.js:16
[  820442ms] [ERROR] Is Streamlit still running? If you accidentally stopped Streamlit, just restart it in your terminal: @ http://localhost:8511/static/js/index.D2ZqaFuW.js:21
[  820571ms] [ERROR] Failed to load resource: net::ERR_CONNECTION_REFUSED @ http://localhost:8511/_stcore/host-config:0
[  822451ms] [ERROR] Failed to load resource: net::ERR_CONNECTION_REFUSED @ http://localhost:8511/_stcore/health:0
[  822451ms] [ERROR] Client Error in reaching server endpoint - No response received when attempting to reach /_stcore/health @ http://localhost:8511/static/js/index.D2ZqaFuW.js:16
[  822451ms] [ERROR] Is Streamlit still running? If you accidentally stopped Streamlit, just restart it in your terminal: @ http://localhost:8511/static/js/index.D2ZqaFuW.js:21
[  822452ms] [ERROR] Failed to load resource: net::ERR_CONNECTION_REFUSED @ http://localhost:8511/_stcore/host-config:0
[  824458ms] [ERROR] Failed to load resource: net::ERR_CONNECTION_REFUSED @ http://localhost:8511/_stcore/health:0
[  824458ms] [ERROR] Client Error in reaching server endpoint - No response received when attempting to reach /_stcore/health @ http://localhost:8511/static/js/index.D2ZqaFuW.js:16
[  824458ms] [ERROR] Is Streamlit still running? If you accidentally stopped Streamlit, just restart it in your terminal: @ http://localhost:8511/static/js/index.D2ZqaFuW.js:21
[  824566ms] [ERROR] Failed to load resource: net::ERR_CONNECTION_REFUSED @ http://localhost:8511/_stcore/host-config:0
[  826465ms] [ERROR] Failed to load resource: net::ERR_CONNECTION_REFUSED @ http://localhost:8511/_stcore/host-config:0
[  826466ms] [ERROR] Client Error in reaching server endpoint - No response received when attempting to reach /_stcore/host-config @ http://localhost:8511/static/js/index.D2ZqaFuW.js:16
[  826466ms] [ERROR] Is Streamlit still running? If you accidentally stopped Streamlit, just restart it in your terminal: @ http://localhost:8511/static/js/index.D2ZqaFuW.js:21
[  826590ms] [ERROR] Failed to load resource: net::ERR_CONNECTION_REFUSED @ http://localhost:8511/_stcore/health:0
[  828472ms] [ERROR] Failed to load resource: net::ERR_CONNECTION_REFUSED @ http://localhost:8511/_stcore/health:0
[  828473ms] [ERROR] Client Error in reaching server endpoint - No response received when attempting to reach /_stcore/health @ http://localhost:8511/static/js/index.D2ZqaFuW.js:16
[  828473ms] [ERROR] Is Streamlit still running? If you accidentally stopped Streamlit, just restart it in your terminal: @ http://localhost:8511/static/js/index.D2ZqaFuW.js:21
[  828584ms] [ERROR] Failed to load resource: net::ERR_CONNECTION_REFUSED @ http://localhost:8511/_stcore/host-config:0
[  830478ms] [ERROR] Failed to load resource: net::ERR_CONNECTION_REFUSED @ http://localhost:8511/_stcore/health:0
[  830479ms] [ERROR] Client Error in reaching server endpoint - No response received when attempting to reach /_stcore/health @ http://localhost:8511/static/js/index.D2ZqaFuW.js:16
[  830479ms] [ERROR] Is Streamlit still running? If you accidentally stopped Streamlit, just restart it in your terminal: @ http://localhost:8511/static/js/index.D2ZqaFuW.js:21
[  830601ms] [ERROR] Failed to load resource: net::ERR_CONNECTION_REFUSED @ http://localhost:8511/_stcore/host-config:0
[  832485ms] [ERROR] Failed to load resource: net::ERR_CONNECTION_REFUSED @ http://localhost:8511/_stcore/health:0
[  832486ms] [ERROR] Client Error in reaching server endpoint - No response received when attempting to reach /_stcore/health @ http://localhost:8511/static/js/index.D2ZqaFuW.js:16
[  832486ms] [ERROR] Is Streamlit still running? If you accidentally stopped Streamlit, just restart it in your terminal: @ http://localhost:8511/static/js/index.D2ZqaFuW.js:21
[  832594ms] [ERROR] Failed to load resource: net::ERR_CONNECTION_REFUSED @ http://localhost:8511/_stcore/host-config:0
[  834493ms] [ERROR] Failed to load resource: net::ERR_CONNECTION_REFUSED @ http://localhost:8511/_stcore/health:0
[  834494ms] [ERROR] Client Error in reaching server endpoint - No response received when attempting to reach /_stcore/health @ http://localhost:8511/static/js/index.D2ZqaFuW.js:16
[  834494ms] [ERROR] Is Streamlit still running? If you accidentally stopped Streamlit, just restart it in your terminal: @ http://localhost:8511/static/js/index.D2ZqaFuW.js:21
[  834602ms] [ERROR] Failed to load resource: net::ERR_CONNECTION_REFUSED @ http://localhost:8511/_stcore/host-config:0
[  836500ms] [ERROR] Failed to load resource: net::ERR_CONNECTION_REFUSED @ http://localhost:8511/_stcore/health:0
[  836500ms] [ERROR] Client Error in reaching server endpoint - No response received when attempting to reach /_stcore/health @ http://localhost:8511/static/js/index.D2ZqaFuW.js:16
[  836501ms] [ERROR] Is Streamlit still running? If you accidentally stopped Streamlit, just restart it in your terminal: @ http://localhost:8511/static/js/index.D2ZqaFuW.js:21
[  836624ms] [ERROR] Failed to load resource: net::ERR_CONNECTION_REFUSED @ http://localhost:8511/_stcore/host-config:0
[  838508ms] [ERROR] Failed to load resource: net::ERR_CONNECTION_REFUSED @ http://localhost:8511/_stcore/host-config:0
[  838508ms] [ERROR] Client Error in reaching server endpoint - No response received when attempting to reach /_stcore/host-config @ http://localhost:8511/static/js/index.D2ZqaFuW.js:16
[  838508ms] [ERROR] Is Streamlit still running? If you accidentally stopped Streamlit, just restart it in your terminal: @ http://localhost:8511/static/js/index.D2ZqaFuW.js:21
[  838619ms] [ERROR] Failed to load resource: net::ERR_CONNECTION_REFUSED @ http://localhost:8511/_stcore/health:0
[  840516ms] [ERROR] Failed to load resource: net::ERR_CONNECTION_REFUSED @ http://localhost:8511/_stcore/health:0
[  840516ms] [ERROR] Client Error in reaching server endpoint - No response received when attempting to reach /_stcore/health @ http://localhost:8511/static/js/index.D2ZqaFuW.js:16
[  840516ms] [ERROR] Is Streamlit still running? If you accidentally stopped Streamlit, just restart it in your terminal: @ http://localhost:8511/static/js/index.D2ZqaFuW.js:21
[  840646ms] [ERROR] Failed to load resource: net::ERR_CONNECTION_REFUSED @ http://localhost:8511/_stcore/host-config:0
[  842523ms] [ERROR] Failed to load resource: net::ERR_CONNECTION_REFUSED @ http://localhost:8511/_stcore/health:0
[  842523ms] [ERROR] Client Error in reaching server endpoint - No response received when attempting to reach /_stcore/health @ http://localhost:8511/static/js/index.D2ZqaFuW.js:16
[  842523ms] [ERROR] Is Streamlit still running? If you accidentally stopped Streamlit, just restart it in your terminal: @ http://localhost:8511/static/js/index.D2ZqaFuW.js:21
[  842633ms] [ERROR] Failed to load resource: net::ERR_CONNECTION_REFUSED @ http://localhost:8511/_stcore/host-config:0
[  844530ms] [ERROR] Failed to load resource: net::ERR_CONNECTION_REFUSED @ http://localhost:8511/_stcore/health:0
[  844531ms] [ERROR] Client Error in reaching server endpoint - No response received when attempting to reach /_stcore/health @ http://localhost:8511/static/js/index.D2ZqaFuW.js:16
[  844531ms] [ERROR] Is Streamlit still running? If you accidentally stopped Streamlit, just restart it in your terminal: @ http://localhost:8511/static/js/index.D2ZqaFuW.js:21
[  844639ms] [ERROR] Failed to load resource: net::ERR_CONNECTION_REFUSED @ http://localhost:8511/_stcore/host-config:0
[  846537ms] [ERROR] Failed to load resource: net::ERR_CONNECTION_REFUSED @ http://localhost:8511/_stcore/health:0
[  846538ms] [ERROR] Client Error in reaching server endpoint - No response received when attempting to reach /_stcore/health @ http://localhost:8511/static/js/index.D2ZqaFuW.js:16
[  846538ms] [ERROR] Is Streamlit still running? If you accidentally stopped Streamlit, just restart it in your terminal: @ http://localhost:8511/static/js/index.D2ZqaFuW.js:21
[  846663ms] [ERROR] Failed to load resource: net::ERR_CONNECTION_REFUSED @ http://localhost:8511/_stcore/host-config:0
[  848544ms] [ERROR] Failed to load resource: net::ERR_CONNECTION_REFUSED @ http://localhost:8511/_stcore/health:0
[  848545ms] [ERROR] Client Error in reaching server endpoint - No response received when attempting to reach /_stcore/health @ http://localhost:8511/static/js/index.D2ZqaFuW.js:16
[  848545ms] [ERROR] Is Streamlit still running? If you accidentally stopped Streamlit, just restart it in your terminal: @ http://localhost:8511/static/js/index.D2ZqaFuW.js:21
[  848966ms] [ERROR] Failed to load resource: net::ERR_CONNECTION_REFUSED @ http://localhost:8511/_stcore/host-config:0
[  850550ms] [ERROR] Failed to load resource: net::ERR_CONNECTION_REFUSED @ http://localhost:8511/_stcore/health:0
[  850550ms] [ERROR] Client Error in reaching server endpoint - No response received when attempting to reach /_stcore/health @ http://localhost:8511/static/js/index.D2ZqaFuW.js:16
[  850550ms] [ERROR] Is Streamlit still running? If you accidentally stopped Streamlit, just restart it in your terminal: @ http://localhost:8511/static/js/index.D2ZqaFuW.js:21
[  850778ms] [ERROR] Failed to load resource: net::ERR_CONNECTION_REFUSED @ http://localhost:8511/_stcore/host-config:0
[  852556ms] [ERROR] Failed to load resource: net::ERR_CONNECTION_REFUSED @ http://localhost:8511/_stcore/health:0
[  852556ms] [ERROR] Client Error in reaching server endpoint - No response received when attempting to reach /_stcore/health @ http://localhost:8511/static/js/index.D2ZqaFuW.js:16
[  852556ms] [ERROR] Is Streamlit still running? If you accidentally stopped Streamlit, just restart it in your terminal: @ http://localhost:8511/static/js/index.D2ZqaFuW.js:21
[  852730ms] [ERROR] Failed to load resource: net::ERR_CONNECTION_REFUSED @ http://localhost:8511/_stcore/host-config:0
[  854634ms] [ERROR] Failed to load resource: net::ERR_CONNECTION_REFUSED @ http://localhost:8511/_stcore/health:0
[  854634ms] [ERROR] Client Error in reaching server endpoint - No response received when attempting to reach /_stcore/health @ http://localhost:8511/static/js/index.D2ZqaFuW.js:16
[  854634ms] [ERROR] Is Streamlit still running? If you accidentally stopped Streamlit, just restart it in your terminal: @ http://localhost:8511/static/js/index.D2ZqaFuW.js:21
[  854931ms] [ERROR] Failed to load resource: net::ERR_CONNECTION_REFUSED @ http://localhost:8511/_stcore/host-config:0
[  856640ms] [ERROR] Failed to load resource: net::ERR_CONNECTION_REFUSED @ http://localhost:8511/_stcore/health:0
[  856640ms] [ERROR] Client Error in reaching server endpoint - No response received when attempting to reach /_stcore/health @ http://localhost:8511/static/js/index.D2ZqaFuW.js:16
[  856640ms] [ERROR] Is Streamlit still running? If you accidentally stopped Streamlit, just restart it in your terminal: @ http://localhost:8511/static/js/index.D2ZqaFuW.js:21
[  856773ms] [ERROR] Failed to load resource: net::ERR_CONNECTION_REFUSED @ http://localhost:8511/_stcore/host-config:0
[  858647ms] [ERROR] Failed to load resource: net::ERR_CONNECTION_REFUSED @ http://localhost:8511/_stcore/health:0
[  858647ms] [ERROR] Client Error in reaching server endpoint - No response received when attempting to reach /_stcore/health @ http://localhost:8511/static/js/index.D2ZqaFuW.js:16
[  858647ms] [ERROR] Is Streamlit still running? If you accidentally stopped Streamlit, just restart it in your terminal: @ http://localhost:8511/static/js/index.D2ZqaFuW.js:21
[  858786ms] [ERROR] Failed to load resource: net::ERR_CONNECTION_REFUSED @ http://localhost:8511/_stcore/host-config:0
[  860655ms] [ERROR] Failed to load resource: net::ERR_CONNECTION_REFUSED @ http://localhost:8511/_stcore/health:0
[  860655ms] [ERROR] Client Error in reaching server endpoint - No response received when attempting to reach /_stcore/health @ http://localhost:8511/static/js/index.D2ZqaFuW.js:16
[  860655ms] [ERROR] Is Streamlit still running? If you accidentally stopped Streamlit, just restart it in your terminal: @ http://localhost:8511/static/js/index.D2ZqaFuW.js:21
[  860808ms] [ERROR] Failed to load resource: net::ERR_CONNECTION_REFUSED @ http://localhost:8511/_stcore/host-config:0
[  862662ms] [ERROR] Failed to load resource: net::ERR_CONNECTION_REFUSED @ http://localhost:8511/_stcore/host-config:0
[  862662ms] [ERROR] Client Error in reaching server endpoint - No response received when attempting to reach /_stcore/host-config @ http://localhost:8511/static/js/index.D2ZqaFuW.js:16
[  862662ms] [ERROR] Is Streamlit still running? If you accidentally stopped Streamlit, just restart it in your terminal: @ http://localhost:8511/static/js/index.D2ZqaFuW.js:21
[  862789ms] [ERROR] Failed to load resource: net::ERR_CONNECTION_REFUSED @ http://localhost:8511/_stcore/health:0
[  864668ms] [ERROR] Failed to load resource: net::ERR_CONNECTION_REFUSED @ http://localhost:8511/_stcore/health:0
[  864668ms] [ERROR] Client Error in reaching server endpoint - No response received when attempting to reach /_stcore/health @ http://localhost:8511/static/js/index.D2ZqaFuW.js:16
[  864669ms] [ERROR] Is Streamlit still running? If you accidentally stopped Streamlit, just restart it in your terminal: @ http://localhost:8511/static/js/index.D2ZqaFuW.js:21
[  864833ms] [ERROR] Failed to load resource: net::ERR_CONNECTION_REFUSED @ http://localhost:8511/_stcore/host-config:0
[  866676ms] [ERROR] Failed to load resource: net::ERR_CONNECTION_REFUSED @ http://localhost:8511/_stcore/health:0
[  866676ms] [ERROR] Client Error in reaching server endpoint - No response received when attempting to reach /_stcore/health @ http://localhost:8511/static/js/index.D2ZqaFuW.js:16
[  866677ms] [ERROR] Is Streamlit still running? If you accidentally stopped Streamlit, just restart it in your terminal: @ http://localhost:8511/static/js/index.D2ZqaFuW.js:21
[  866823ms] [ERROR] Failed to load resource: net::ERR_CONNECTION_REFUSED @ http://localhost:8511/_stcore/host-config:0
[  868684ms] [ERROR] Failed to load resource: net::ERR_CONNECTION_REFUSED @ http://localhost:8511/_stcore/health:0
[  868684ms] [ERROR] Client Error in reaching server endpoint - No response received when attempting to reach /_stcore/health @ http://localhost:8511/static/js/index.D2ZqaFuW.js:16
[  868684ms] [ERROR] Is Streamlit still running? If you accidentally stopped Streamlit, just restart it in your terminal: @ http://localhost:8511/static/js/index.D2ZqaFuW.js:21
[  868828ms] [ERROR] Failed to load resource: net::ERR_CONNECTION_REFUSED @ http://localhost:8511/_stcore/host-config:0
[  870691ms] [ERROR] Failed to load resource: net::ERR_CONNECTION_REFUSED @ http://localhost:8511/_stcore/health:0
[  870691ms] [ERROR] Client Error in reaching server endpoint - No response received when attempting to reach /_stcore/health @ http://localhost:8511/static/js/index.D2ZqaFuW.js:16
[  870692ms] [ERROR] Is Streamlit still running? If you accidentally stopped Streamlit, just restart it in your terminal: @ http://localhost:8511/static/js/index.D2ZqaFuW.js:21
[  870830ms] [ERROR] Failed to load resource: net::ERR_CONNECTION_REFUSED @ http://localhost:8511/_stcore/host-config:0
[  872698ms] [ERROR] Failed to load resource: net::ERR_CONNECTION_REFUSED @ http://localhost:8511/_stcore/host-config:0
[  872698ms] [ERROR] Client Error in reaching server endpoint - No response received when attempting to reach /_stcore/host-config @ http://localhost:8511/static/js/index.D2ZqaFuW.js:16
[  872698ms] [ERROR] Is Streamlit still running? If you accidentally stopped Streamlit, just restart it in your terminal: @ http://localhost:8511/static/js/index.D2ZqaFuW.js:21
[  872815ms] [ERROR] Failed to load resource: net::ERR_CONNECTION_REFUSED @ http://localhost:8511/_stcore/health:0
[  874704ms] [ERROR] Failed to load resource: net::ERR_CONNECTION_REFUSED @ http://localhost:8511/_stcore/health:0
[  874704ms] [ERROR] Client Error in reaching server endpoint - No response received when attempting to reach /_stcore/health @ http://localhost:8511/static/js/index.D2ZqaFuW.js:16
[  874705ms] [ERROR] Is Streamlit still running? If you accidentally stopped Streamlit, just restart it in your terminal: @ http://localhost:8511/static/js/index.D2ZqaFuW.js:21
[  874833ms] [ERROR] Failed to load resource: net::ERR_CONNECTION_REFUSED @ http://localhost:8511/_stcore/host-config:0
[  876711ms] [ERROR] Failed to load resource: net::ERR_CONNECTION_REFUSED @ http://localhost:8511/_stcore/health:0
[  876712ms] [ERROR] Client Error in reaching server endpoint - No response received when attempting to reach /_stcore/health @ http://localhost:8511/static/js/index.D2ZqaFuW.js:16
[  876712ms] [ERROR] Is Streamlit still running? If you accidentally stopped Streamlit, just restart it in your terminal: @ http://localhost:8511/static/js/index.D2ZqaFuW.js:21
[  876826ms] [ERROR] Failed to load resource: net::ERR_CONNECTION_REFUSED @ http://localhost:8511/_stcore/host-config:0
[  878718ms] [ERROR] Failed to load resource: net::ERR_CONNECTION_REFUSED @ http://localhost:8511/_stcore/health:0
[  878718ms] [ERROR] Client Error in reaching server endpoint - No response received when attempting to reach /_stcore/health @ http://localhost:8511/static/js/index.D2ZqaFuW.js:16
[  878719ms] [ERROR] Is Streamlit still running? If you accidentally stopped Streamlit, just restart it in your terminal: @ http://localhost:8511/static/js/index.D2ZqaFuW.js:21
[  878858ms] [ERROR] Failed to load resource: net::ERR_CONNECTION_REFUSED @ http://localhost:8511/_stcore/host-config:0
[  880721ms] [ERROR] Failed to load resource: net::ERR_CONNECTION_REFUSED @ http://localhost:8511/_stcore/health:0
[  880721ms] [ERROR] Client Error in reaching server endpoint - No response received when attempting to reach /_stcore/health @ http://localhost:8511/static/js/index.D2ZqaFuW.js:16
[  880721ms] [ERROR] Is Streamlit still running? If you accidentally stopped Streamlit, just restart it in your terminal: @ http://localhost:8511/static/js/index.D2ZqaFuW.js:21
[  880886ms] [ERROR] Failed to load resource: net::ERR_CONNECTION_REFUSED @ http://localhost:8511/_stcore/host-config:0
[  882726ms] [ERROR] Failed to load resource: net::ERR_CONNECTION_REFUSED @ http://localhost:8511/_stcore/health:0
[  882726ms] [ERROR] Client Error in reaching server endpoint - No response received when attempting to reach /_stcore/health @ http://localhost:8511/static/js/index.D2ZqaFuW.js:16
[  882727ms] [ERROR] Is Streamlit still running? If you accidentally stopped Streamlit, just restart it in your terminal: @ http://localhost:8511/static/js/index.D2ZqaFuW.js:21
[  882857ms] [ERROR] Failed to load resource: net::ERR_CONNECTION_REFUSED @ http://localhost:8511/_stcore/host-config:0
[  884731ms] [ERROR] Failed to load resource: net::ERR_CONNECTION_REFUSED @ http://localhost:8511/_stcore/host-config:0
[  884731ms] [ERROR] Client Error in reaching server endpoint - No response received when attempting to reach /_stcore/host-config @ http://localhost:8511/static/js/index.D2ZqaFuW.js:16
[  884731ms] [ERROR] Is Streamlit still running? If you accidentally stopped Streamlit, just restart it in your terminal: @ http://localhost:8511/static/js/index.D2ZqaFuW.js:21
[  884887ms] [ERROR] Failed to load resource: net::ERR_CONNECTION_REFUSED @ http://localhost:8511/_stcore/health:0
[  886738ms] [ERROR] Failed to load resource: net::ERR_CONNECTION_REFUSED @ http://localhost:8511/_stcore/health:0
[  886738ms] [ERROR] Client Error in reaching server endpoint - No response received when attempting to reach /_stcore/health @ http://localhost:8511/static/js/index.D2ZqaFuW.js:16
[  886738ms] [ERROR] Is Streamlit still running? If you accidentally stopped Streamlit, just restart it in your terminal: @ http://localhost:8511/static/js/index.D2ZqaFuW.js:21
[  886870ms] [ERROR] Failed to load resource: net::ERR_CONNECTION_REFUSED @ http://localhost:8511/_stcore/host-config:0
[  888743ms] [ERROR] Failed to load resource: net::ERR_CONNECTION_REFUSED @ http://localhost:8511/_stcore/health:0
[  888743ms] [ERROR] Client Error in reaching server endpoint - No response received when attempting to reach /_stcore/health @ http://localhost:8511/static/js/index.D2ZqaFuW.js:16
[  888743ms] [ERROR] Is Streamlit still running? If you accidentally stopped Streamlit, just restart it in your terminal: @ http://localhost:8511/static/js/index.D2ZqaFuW.js:21
[  888863ms] [ERROR] Failed to load resource: net::ERR_CONNECTION_REFUSED @ http://localhost:8511/_stcore/host-config:0
[  890749ms] [ERROR] Failed to load resource: net::ERR_CONNECTION_REFUSED @ http://localhost:8511/_stcore/host-config:0
[  890749ms] [ERROR] Client Error in reaching server endpoint - No response received when attempting to reach /_stcore/host-config @ http://localhost:8511/static/js/index.D2ZqaFuW.js:16
[  890749ms] [ERROR] Is Streamlit still running? If you accidentally stopped Streamlit, just restart it in your terminal: @ http://localhost:8511/static/js/index.D2ZqaFuW.js:21
[  890978ms] [ERROR] Failed to load resource: net::ERR_CONNECTION_REFUSED @ http://localhost:8511/_stcore/health:0
[  892756ms] [ERROR] Failed to load resource: net::ERR_CONNECTION_REFUSED @ http://localhost:8511/_stcore/health:0
[  892757ms] [ERROR] Client Error in reaching server endpoint - No response received when attempting to reach /_stcore/health @ http://localhost:8511/static/js/index.D2ZqaFuW.js:16
[  892757ms] [ERROR] Is Streamlit still running? If you accidentally stopped Streamlit, just restart it in your terminal: @ http://localhost:8511/static/js/index.D2ZqaFuW.js:21
[  892952ms] [ERROR] Failed to load resource: net::ERR_CONNECTION_REFUSED @ http://localhost:8511/_stcore/host-config:0
[  895017ms] [ERROR] Failed to load resource: net::ERR_CONNECTION_REFUSED @ http://localhost:8511/_stcore/health:0
[  895017ms] [ERROR] Client Error in reaching server endpoint - No response received when attempting to reach /_stcore/health @ http://localhost:8511/static/js/index.D2ZqaFuW.js:16
[  895018ms] [ERROR] Is Streamlit still running? If you accidentally stopped Streamlit, just restart it in your terminal: @ http://localhost:8511/static/js/index.D2ZqaFuW.js:21
[  895522ms] [ERROR] Failed to load resource: net::ERR_CONNECTION_REFUSED @ http://localhost:8511/_stcore/host-config:0
[  897021ms] [ERROR] Failed to load resource: net::ERR_CONNECTION_REFUSED @ http://localhost:8511/_stcore/health:0
[  897021ms] [ERROR] Client Error in reaching server endpoint - No response received when attempting to reach /_stcore/health @ http://localhost:8511/static/js/index.D2ZqaFuW.js:16
[  897021ms] [ERROR] Is Streamlit still running? If you accidentally stopped Streamlit, just restart it in your terminal: @ http://localhost:8511/static/js/index.D2ZqaFuW.js:21
[  897881ms] [ERROR] Failed to load resource: net::ERR_CONNECTION_REFUSED @ http://localhost:8511/_stcore/host-config:0
[  899027ms] [ERROR] Failed to load resource: net::ERR_CONNECTION_REFUSED @ http://localhost:8511/_stcore/health:0
[  899027ms] [ERROR] Client Error in reaching server endpoint - No response received when attempting to reach /_stcore/health @ http://localhost:8511/static/js/index.D2ZqaFuW.js:16
[  899027ms] [ERROR] Is Streamlit still running? If you accidentally stopped Streamlit, just restart it in your terminal: @ http://localhost:8511/static/js/index.D2ZqaFuW.js:21
[  899739ms] [ERROR] Failed to load resource: net::ERR_CONNECTION_REFUSED @ http://localhost:8511/_stcore/host-config:0
[  901032ms] [ERROR] Failed to load resource: net::ERR_CONNECTION_REFUSED @ http://localhost:8511/_stcore/host-config:0
[  901032ms] [ERROR] Client Error in reaching server endpoint - No response received when attempting to reach /_stcore/host-config @ http://localhost:8511/static/js/index.D2ZqaFuW.js:16
[  901032ms] [ERROR] Is Streamlit still running? If you accidentally stopped Streamlit, just restart it in your terminal: @ http://localhost:8511/static/js/index.D2ZqaFuW.js:21
[  901217ms] [ERROR] Failed to load resource: net::ERR_CONNECTION_REFUSED @ http://localhost:8511/_stcore/health:0
[  903037ms] [ERROR] Failed to load resource: net::ERR_CONNECTION_REFUSED @ http://localhost:8511/_stcore/health:0
[  903037ms] [ERROR] Client Error in reaching server endpoint - No response received when attempting to reach /_stcore/health @ http://localhost:8511/static/js/index.D2ZqaFuW.js:16
[  903038ms] [ERROR] Is Streamlit still running? If you accidentally stopped Streamlit, just restart it in your terminal: @ http://localhost:8511/static/js/index.D2ZqaFuW.js:21
[  903155ms] [ERROR] Failed to load resource: net::ERR_CONNECTION_REFUSED @ http://localhost:8511/_stcore/host-config:0
[  905042ms] [ERROR] Failed to load resource: net::ERR_CONNECTION_REFUSED @ http://localhost:8511/_stcore/health:0
[  905042ms] [ERROR] Client Error in reaching server endpoint - No response received when attempting to reach /_stcore/health @ http://localhost:8511/static/js/index.D2ZqaFuW.js:16
[  905042ms] [ERROR] Is Streamlit still running? If you accidentally stopped Streamlit, just restart it in your terminal: @ http://localhost:8511/static/js/index.D2ZqaFuW.js:21
[  905184ms] [ERROR] Failed to load resource: net::ERR_CONNECTION_REFUSED @ http://localhost:8511/_stcore/host-config:0
[  907046ms] [ERROR] Failed to load resource: net::ERR_CONNECTION_REFUSED @ http://localhost:8511/_stcore/health:0
[  907046ms] [ERROR] Client Error in reaching server endpoint - No response received when attempting to reach /_stcore/health @ http://localhost:8511/static/js/index.D2ZqaFuW.js:16
[  907046ms] [ERROR] Is Streamlit still running? If you accidentally stopped Streamlit, just restart it in your terminal: @ http://localhost:8511/static/js/index.D2ZqaFuW.js:21
[  907159ms] [ERROR] Failed to load resource: net::ERR_CONNECTION_REFUSED @ http://localhost:8511/_stcore/host-config:0
[  909050ms] [ERROR] Failed to load resource: net::ERR_CONNECTION_REFUSED @ http://localhost:8511/_stcore/host-config:0
[  909050ms] [ERROR] Client Error in reaching server endpoint - No response received when attempting to reach /_stcore/host-config @ http://localhost:8511/static/js/index.D2ZqaFuW.js:16
[  909050ms] [ERROR] Is Streamlit still running? If you accidentally stopped Streamlit, just restart it in your terminal: @ http://localhost:8511/static/js/index.D2ZqaFuW.js:21
[  909162ms] [ERROR] Failed to load resource: net::ERR_CONNECTION_REFUSED @ http://localhost:8511/_stcore/health:0
[  911058ms] [ERROR] Failed to load resource: net::ERR_CONNECTION_REFUSED @ http://localhost:8511/_stcore/health:0
[  911058ms] [ERROR] Client Error in reaching server endpoint - No response received when attempting to reach /_stcore/health @ http://localhost:8511/static/js/index.D2ZqaFuW.js:16
[  911058ms] [ERROR] Is Streamlit still running? If you accidentally stopped Streamlit, just restart it in your terminal: @ http://localhost:8511/static/js/index.D2ZqaFuW.js:21
[  911186ms] [ERROR] Failed to load resource: net::ERR_CONNECTION_REFUSED @ http://localhost:8511/_stcore/host-config:0
[  913065ms] [ERROR] Failed to load resource: net::ERR_CONNECTION_REFUSED @ http://localhost:8511/_stcore/host-config:0
[  913065ms] [ERROR] Client Error in reaching server endpoint - No response received when attempting to reach /_stcore/host-config @ http://localhost:8511/static/js/index.D2ZqaFuW.js:16
[  913066ms] [ERROR] Is Streamlit still running? If you accidentally stopped Streamlit, just restart it in your terminal: @ http://localhost:8511/static/js/index.D2ZqaFuW.js:21
[  913179ms] [ERROR] Failed to load resource: net::ERR_CONNECTION_REFUSED @ http://localhost:8511/_stcore/health:0
[  915073ms] [ERROR] Failed to load resource: net::ERR_CONNECTION_REFUSED @ http://localhost:8511/_stcore/health:0
[  915073ms] [ERROR] Client Error in reaching server endpoint - No response received when attempting to reach /_stcore/health @ http://localhost:8511/static/js/index.D2ZqaFuW.js:16
[  915073ms] [ERROR] Is Streamlit still running? If you accidentally stopped Streamlit, just restart it in your terminal: @ http://localhost:8511/static/js/index.D2ZqaFuW.js:21
[  915198ms] [ERROR] Failed to load resource: net::ERR_CONNECTION_REFUSED @ http://localhost:8511/_stcore/host-config:0
[  917080ms] [ERROR] Failed to load resource: net::ERR_CONNECTION_REFUSED @ http://localhost:8511/_stcore/health:0
[  917080ms] [ERROR] Client Error in reaching server endpoint - No response received when attempting to reach /_stcore/health @ http://localhost:8511/static/js/index.D2ZqaFuW.js:16
[  917081ms] [ERROR] Is Streamlit still running? If you accidentally stopped Streamlit, just restart it in your terminal: @ http://localhost:8511/static/js/index.D2ZqaFuW.js:21
[  917195ms] [ERROR] Failed to load resource: net::ERR_CONNECTION_REFUSED @ http://localhost:8511/_stcore/host-config:0
[  919086ms] [ERROR] Failed to load resource: net::ERR_CONNECTION_REFUSED @ http://localhost:8511/_stcore/health:0
[  919086ms] [ERROR] Client Error in reaching server endpoint - No response received when attempting to reach /_stcore/health @ http://localhost:8511/static/js/index.D2ZqaFuW.js:16
[  919086ms] [ERROR] Is Streamlit still running? If you accidentally stopped Streamlit, just restart it in your terminal: @ http://localhost:8511/static/js/index.D2ZqaFuW.js:21
[  919196ms] [ERROR] Failed to load resource: net::ERR_CONNECTION_REFUSED @ http://localhost:8511/_stcore/host-config:0
[  921093ms] [ERROR] Failed to load resource: net::ERR_CONNECTION_REFUSED @ http://localhost:8511/_stcore/health:0
[  921093ms] [ERROR] Client Error in reaching server endpoint - No response received when attempting to reach /_stcore/health @ http://localhost:8511/static/js/index.D2ZqaFuW.js:16
[  921094ms] [ERROR] Is Streamlit still running? If you accidentally stopped Streamlit, just restart it in your terminal: @ http://localhost:8511/static/js/index.D2ZqaFuW.js:21
[  921220ms] [ERROR] Failed to load resource: net::ERR_CONNECTION_REFUSED @ http://localhost:8511/_stcore/host-config:0
[  923100ms] [ERROR] Failed to load resource: net::ERR_CONNECTION_REFUSED @ http://localhost:8511/_stcore/host-config:0
[  923100ms] [ERROR] Client Error in reaching server endpoint - No response received when attempting to reach /_stcore/host-config @ http://localhost:8511/static/js/index.D2ZqaFuW.js:16
[  923101ms] [ERROR] Is Streamlit still running? If you accidentally stopped Streamlit, just restart it in your terminal: @ http://localhost:8511/static/js/index.D2ZqaFuW.js:21
[  923214ms] [ERROR] Failed to load resource: net::ERR_CONNECTION_REFUSED @ http://localhost:8511/_stcore/health:0
[  925105ms] [ERROR] Failed to load resource: net::ERR_CONNECTION_REFUSED @ http://localhost:8511/_stcore/health:0
[  925105ms] [ERROR] Client Error in reaching server endpoint - No response received when attempting to reach /_stcore/health @ http://localhost:8511/static/js/index.D2ZqaFuW.js:16
[  925106ms] [ERROR] Is Streamlit still running? If you accidentally stopped Streamlit, just restart it in your terminal: @ http://localhost:8511/static/js/index.D2ZqaFuW.js:21
[  925261ms] [ERROR] Failed to load resource: net::ERR_CONNECTION_REFUSED @ http://localhost:8511/_stcore/host-config:0
[  927112ms] [ERROR] Failed to load resource: net::ERR_CONNECTION_REFUSED @ http://localhost:8511/_stcore/health:0
[  927113ms] [ERROR] Client Error in reaching server endpoint - No response received when attempting to reach /_stcore/health @ http://localhost:8511/static/js/index.D2ZqaFuW.js:16
[  927113ms] [ERROR] Is Streamlit still running? If you accidentally stopped Streamlit, just restart it in your terminal: @ http://localhost:8511/static/js/index.D2ZqaFuW.js:21
[  927227ms] [ERROR] Failed to load resource: net::ERR_CONNECTION_REFUSED @ http://localhost:8511/_stcore/host-config:0
[  929121ms] [ERROR] Failed to load resource: net::ERR_CONNECTION_REFUSED @ http://localhost:8511/_stcore/health:0
[  929121ms] [ERROR] Client Error in reaching server endpoint - No response received when attempting to reach /_stcore/health @ http://localhost:8511/static/js/index.D2ZqaFuW.js:16
[  929122ms] [ERROR] Is Streamlit still running? If you accidentally stopped Streamlit, just restart it in your terminal: @ http://localhost:8511/static/js/index.D2ZqaFuW.js:21
[  929234ms] [ERROR] Failed to load resource: net::ERR_CONNECTION_REFUSED @ http://localhost:8511/_stcore/host-config:0
[  931126ms] [ERROR] Failed to load resource: net::ERR_CONNECTION_REFUSED @ http://localhost:8511/_stcore/health:0
[  931126ms] [ERROR] Client Error in reaching server endpoint - No response received when attempting to reach /_stcore/health @ http://localhost:8511/static/js/index.D2ZqaFuW.js:16
[  931126ms] [ERROR] Is Streamlit still running? If you accidentally stopped Streamlit, just restart it in your terminal: @ http://localhost:8511/static/js/index.D2ZqaFuW.js:21
[  931310ms] [ERROR] Failed to load resource: net::ERR_CONNECTION_REFUSED @ http://localhost:8511/_stcore/host-config:0
[  933131ms] [ERROR] Failed to load resource: net::ERR_CONNECTION_REFUSED @ http://localhost:8511/_stcore/health:0
[  933131ms] [ERROR] Client Error in reaching server endpoint - No response received when attempting to reach /_stcore/health @ http://localhost:8511/static/js/index.D2ZqaFuW.js:16
[  933131ms] [ERROR] Is Streamlit still running? If you accidentally stopped Streamlit, just restart it in your terminal: @ http://localhost:8511/static/js/index.D2ZqaFuW.js:21
[  933240ms] [ERROR] Failed to load resource: net::ERR_CONNECTION_REFUSED @ http://localhost:8511/_stcore/host-config:0
[  935136ms] [ERROR] Failed to load resource: net::ERR_CONNECTION_REFUSED @ http://localhost:8511/_stcore/health:0
[  935136ms] [ERROR] Client Error in reaching server endpoint - No response received when attempting to reach /_stcore/health @ http://localhost:8511/static/js/index.D2ZqaFuW.js:16
[  935136ms] [ERROR] Is Streamlit still running? If you accidentally stopped Streamlit, just restart it in your terminal: @ http://localhost:8511/static/js/index.D2ZqaFuW.js:21
[  935265ms] [ERROR] Failed to load resource: net::ERR_CONNECTION_REFUSED @ http://localhost:8511/_stcore/host-config:0
[  937143ms] [ERROR] Failed to load resource: net::ERR_CONNECTION_REFUSED @ http://localhost:8511/_stcore/health:0
[  937143ms] [ERROR] Client Error in reaching server endpoint - No response received when attempting to reach /_stcore/health @ http://localhost:8511/static/js/index.D2ZqaFuW.js:16
[  937143ms] [ERROR] Is Streamlit still running? If you accidentally stopped Streamlit, just restart it in your terminal: @ http://localhost:8511/static/js/index.D2ZqaFuW.js:21
[  937255ms] [ERROR] Failed to load resource: net::ERR_CONNECTION_REFUSED @ http://localhost:8511/_stcore/host-config:0
[  939150ms] [ERROR] Failed to load resource: net::ERR_CONNECTION_REFUSED @ http://localhost:8511/_stcore/health:0
[  939150ms] [ERROR] Client Error in reaching server endpoint - No response received when attempting to reach /_stcore/health @ http://localhost:8511/static/js/index.D2ZqaFuW.js:16
[  939150ms] [ERROR] Is Streamlit still running? If you accidentally stopped Streamlit, just restart it in your terminal: @ http://localhost:8511/static/js/index.D2ZqaFuW.js:21
[  939264ms] [ERROR] Failed to load resource: net::ERR_CONNECTION_REFUSED @ http://localhost:8511/_stcore/host-config:0
[  941158ms] [ERROR] Failed to load resource: net::ERR_CONNECTION_REFUSED @ http://localhost:8511/_stcore/health:0
[  941158ms] [ERROR] Client Error in reaching server endpoint - No response received when attempting to reach /_stcore/health @ http://localhost:8511/static/js/index.D2ZqaFuW.js:16
[  941159ms] [ERROR] Is Streamlit still running? If you accidentally stopped Streamlit, just restart it in your terminal: @ http://localhost:8511/static/js/index.D2ZqaFuW.js:21
[  941286ms] [ERROR] Failed to load resource: net::ERR_CONNECTION_REFUSED @ http://localhost:8511/_stcore/host-config:0
[  943165ms] [ERROR] Failed to load resource: net::ERR_CONNECTION_REFUSED @ http://localhost:8511/_stcore/health:0
[  943166ms] [ERROR] Client Error in reaching server endpoint - No response received when attempting to reach /_stcore/health @ http://localhost:8511/static/js/index.D2ZqaFuW.js:16
[  943166ms] [ERROR] Is Streamlit still running? If you accidentally stopped Streamlit, just restart it in your terminal: @ http://localhost:8511/static/js/index.D2ZqaFuW.js:21
[  943278ms] [ERROR] Failed to load resource: net::ERR_CONNECTION_REFUSED @ http://localhost:8511/_stcore/host-config:0
[  945171ms] [ERROR] Failed to load resource: net::ERR_CONNECTION_REFUSED @ http://localhost:8511/_stcore/health:0
[  945171ms] [ERROR] Client Error in reaching server endpoint - No response received when attempting to reach /_stcore/health @ http://localhost:8511/static/js/index.D2ZqaFuW.js:16
[  945171ms] [ERROR] Is Streamlit still running? If you accidentally stopped Streamlit, just restart it in your terminal: @ http://localhost:8511/static/js/index.D2ZqaFuW.js:21
[  945877ms] [ERROR] Failed to load resource: net::ERR_CONNECTION_REFUSED @ http://localhost:8511/_stcore/host-config:0
[  947175ms] [ERROR] Failed to load resource: net::ERR_CONNECTION_REFUSED @ http://localhost:8511/_stcore/health:0
[  947175ms] [ERROR] Client Error in reaching server endpoint - No response received when attempting to reach /_stcore/health @ http://localhost:8511/static/js/index.D2ZqaFuW.js:16
[  947176ms] [ERROR] Is Streamlit still running? If you accidentally stopped Streamlit, just restart it in your terminal: @ http://localhost:8511/static/js/index.D2ZqaFuW.js:21
[  947288ms] [ERROR] Failed to load resource: net::ERR_CONNECTION_REFUSED @ http://localhost:8511/_stcore/host-config:0
[  949180ms] [ERROR] Failed to load resource: net::ERR_CONNECTION_REFUSED @ http://localhost:8511/_stcore/health:0
[  949180ms] [ERROR] Client Error in reaching server endpoint - No response received when attempting to reach /_stcore/health @ http://localhost:8511/static/js/index.D2ZqaFuW.js:16
[  949180ms] [ERROR] Is Streamlit still running? If you accidentally stopped Streamlit, just restart it in your terminal: @ http://localhost:8511/static/js/index.D2ZqaFuW.js:21
[  949292ms] [ERROR] Failed to load resource: net::ERR_CONNECTION_REFUSED @ http://localhost:8511/_stcore/host-config:0
[  951187ms] [ERROR] Failed to load resource: net::ERR_CONNECTION_REFUSED @ http://localhost:8511/_stcore/host-config:0
[  951187ms] [ERROR] Client Error in reaching server endpoint - No response received when attempting to reach /_stcore/host-config @ http://localhost:8511/static/js/index.D2ZqaFuW.js:16
[  951187ms] [ERROR] Is Streamlit still running? If you accidentally stopped Streamlit, just restart it in your terminal: @ http://localhost:8511/static/js/index.D2ZqaFuW.js:21
[  951311ms] [ERROR] Failed to load resource: net::ERR_CONNECTION_REFUSED @ http://localhost:8511/_stcore/health:0
[  953195ms] [ERROR] Failed to load resource: net::ERR_CONNECTION_REFUSED @ http://localhost:8511/_stcore/health:0
[  953195ms] [ERROR] Client Error in reaching server endpoint - No response received when attempting to reach /_stcore/health @ http://localhost:8511/static/js/index.D2ZqaFuW.js:16
[  953195ms] [ERROR] Is Streamlit still running? If you accidentally stopped Streamlit, just restart it in your terminal: @ http://localhost:8511/static/js/index.D2ZqaFuW.js:21
[  953308ms] [ERROR] Failed to load resource: net::ERR_CONNECTION_REFUSED @ http://localhost:8511/_stcore/host-config:0
[  955202ms] [ERROR] Failed to load resource: net::ERR_CONNECTION_REFUSED @ http://localhost:8511/_stcore/health:0
[  955202ms] [ERROR] Client Error in reaching server endpoint - No response received when attempting to reach /_stcore/health @ http://localhost:8511/static/js/index.D2ZqaFuW.js:16
[  955203ms] [ERROR] Is Streamlit still running? If you accidentally stopped Streamlit, just restart it in your terminal: @ http://localhost:8511/static/js/index.D2ZqaFuW.js:21
[  955354ms] [ERROR] Failed to load resource: net::ERR_CONNECTION_REFUSED @ http://localhost:8511/_stcore/host-config:0
[  957210ms] [ERROR] Failed to load resource: net::ERR_CONNECTION_REFUSED @ http://localhost:8511/_stcore/health:0
[  957210ms] [ERROR] Client Error in reaching server endpoint - No response received when attempting to reach /_stcore/health @ http://localhost:8511/static/js/index.D2ZqaFuW.js:16
[  957210ms] [ERROR] Is Streamlit still running? If you accidentally stopped Streamlit, just restart it in your terminal: @ http://localhost:8511/static/js/index.D2ZqaFuW.js:21
[  957362ms] [ERROR] Failed to load resource: net::ERR_CONNECTION_REFUSED @ http://localhost:8511/_stcore/host-config:0
[  959217ms] [ERROR] Failed to load resource: net::ERR_CONNECTION_REFUSED @ http://localhost:8511/_stcore/health:0
[  959217ms] [ERROR] Client Error in reaching server endpoint - No response received when attempting to reach /_stcore/health @ http://localhost:8511/static/js/index.D2ZqaFuW.js:16
[  959218ms] [ERROR] Is Streamlit still running? If you accidentally stopped Streamlit, just restart it in your terminal: @ http://localhost:8511/static/js/index.D2ZqaFuW.js:21
[  959347ms] [ERROR] Failed to load resource: net::ERR_CONNECTION_REFUSED @ http://localhost:8511/_stcore/host-config:0
[  961226ms] [ERROR] Failed to load resource: net::ERR_CONNECTION_REFUSED @ http://localhost:8511/_stcore/health:0
[  961226ms] [ERROR] Client Error in reaching server endpoint - No response received when attempting to reach /_stcore/health @ http://localhost:8511/static/js/index.D2ZqaFuW.js:16
[  961226ms] [ERROR] Is Streamlit still running? If you accidentally stopped Streamlit, just restart it in your terminal: @ http://localhost:8511/static/js/index.D2ZqaFuW.js:21
[  961363ms] [ERROR] Failed to load resource: net::ERR_CONNECTION_REFUSED @ http://localhost:8511/_stcore/host-config:0
[  963233ms] [ERROR] Failed to load resource: net::ERR_CONNECTION_REFUSED @ http://localhost:8511/_stcore/health:0
[  963233ms] [ERROR] Client Error in reaching server endpoint - No response received when attempting to reach /_stcore/health @ http://localhost:8511/static/js/index.D2ZqaFuW.js:16
[  963233ms] [ERROR] Is Streamlit still running? If you accidentally stopped Streamlit, just restart it in your terminal: @ http://localhost:8511/static/js/index.D2ZqaFuW.js:21
[  963360ms] [ERROR] Failed to load resource: net::ERR_CONNECTION_REFUSED @ http://localhost:8511/_stcore/host-config:0
[  965240ms] [ERROR] Failed to load resource: net::ERR_CONNECTION_REFUSED @ http://localhost:8511/_stcore/health:0
[  965241ms] [ERROR] Client Error in reaching server endpoint - No response received when attempting to reach /_stcore/health @ http://localhost:8511/static/js/index.D2ZqaFuW.js:16
[  965241ms] [ERROR] Is Streamlit still running? If you accidentally stopped Streamlit, just restart it in your terminal: @ http://localhost:8511/static/js/index.D2ZqaFuW.js:21
[  965356ms] [ERROR] Failed to load resource: net::ERR_CONNECTION_REFUSED @ http://localhost:8511/_stcore/host-config:0
[  967249ms] [ERROR] Failed to load resource: net::ERR_CONNECTION_REFUSED @ http://localhost:8511/_stcore/health:0
[  967249ms] [ERROR] Client Error in reaching server endpoint - No response received when attempting to reach /_stcore/health @ http://localhost:8511/static/js/index.D2ZqaFuW.js:16
[  967249ms] [ERROR] Is Streamlit still running? If you accidentally stopped Streamlit, just restart it in your terminal: @ http://localhost:8511/static/js/index.D2ZqaFuW.js:21
[  967386ms] [ERROR] Failed to load resource: net::ERR_CONNECTION_REFUSED @ http://localhost:8511/_stcore/host-config:0
[  969256ms] [ERROR] Failed to load resource: net::ERR_CONNECTION_REFUSED @ http://localhost:8511/_stcore/health:0
[  969257ms] [ERROR] Client Error in reaching server endpoint - No response received when attempting to reach /_stcore/health @ http://localhost:8511/static/js/index.D2ZqaFuW.js:16
[  969257ms] [ERROR] Is Streamlit still running? If you accidentally stopped Streamlit, just restart it in your terminal: @ http://localhost:8511/static/js/index.D2ZqaFuW.js:21
[  969382ms] [ERROR] Failed to load resource: net::ERR_CONNECTION_REFUSED @ http://localhost:8511/_stcore/host-config:0
[  971264ms] [ERROR] Failed to load resource: net::ERR_CONNECTION_REFUSED @ http://localhost:8511/_stcore/health:0
[  971264ms] [ERROR] Client Error in reaching server endpoint - No response received when attempting to reach /_stcore/health @ http://localhost:8511/static/js/index.D2ZqaFuW.js:16
[  971265ms] [ERROR] Is Streamlit still running? If you accidentally stopped Streamlit, just restart it in your terminal: @ http://localhost:8511/static/js/index.D2ZqaFuW.js:21
[  971409ms] [ERROR] Failed to load resource: net::ERR_CONNECTION_REFUSED @ http://localhost:8511/_stcore/host-config:0
[  973272ms] [ERROR] Failed to load resource: net::ERR_CONNECTION_REFUSED @ http://localhost:8511/_stcore/host-config:0
[  973272ms] [ERROR] Client Error in reaching server endpoint - No response received when attempting to reach /_stcore/host-config @ http://localhost:8511/static/js/index.D2ZqaFuW.js:16
[  973272ms] [ERROR] Is Streamlit still running? If you accidentally stopped Streamlit, just restart it in your terminal: @ http://localhost:8511/static/js/index.D2ZqaFuW.js:21
[  973386ms] [ERROR] Failed to load resource: net::ERR_CONNECTION_REFUSED @ http://localhost:8511/_stcore/health:0
[  975279ms] [ERROR] Failed to load resource: net::ERR_CONNECTION_REFUSED @ http://localhost:8511/_stcore/host-config:0
[  975279ms] [ERROR] Client Error in reaching server endpoint - No response received when attempting to reach /_stcore/host-config @ http://localhost:8511/static/js/index.D2ZqaFuW.js:16
[  975279ms] [ERROR] Is Streamlit still running? If you accidentally stopped Streamlit, just restart it in your terminal: @ http://localhost:8511/static/js/index.D2ZqaFuW.js:21
[  975392ms] [ERROR] Failed to load resource: net::ERR_CONNECTION_REFUSED @ http://localhost:8511/_stcore/health:0
[  977287ms] [ERROR] Failed to load resource: net::ERR_CONNECTION_REFUSED @ http://localhost:8511/_stcore/health:0
[  977287ms] [ERROR] Client Error in reaching server endpoint - No response received when attempting to reach /_stcore/health @ http://localhost:8511/static/js/index.D2ZqaFuW.js:16
[  977287ms] [ERROR] Is Streamlit still running? If you accidentally stopped Streamlit, just restart it in your terminal: @ http://localhost:8511/static/js/index.D2ZqaFuW.js:21
[  977416ms] [ERROR] Failed to load resource: net::ERR_CONNECTION_REFUSED @ http://localhost:8511/_stcore/host-config:0
[  979293ms] [ERROR] Failed to load resource: net::ERR_CONNECTION_REFUSED @ http://localhost:8511/_stcore/health:0
[  979294ms] [ERROR] Client Error in reaching server endpoint - No response received when attempting to reach /_stcore/health @ http://localhost:8511/static/js/index.D2ZqaFuW.js:16
[  979294ms] [ERROR] Is Streamlit still running? If you accidentally stopped Streamlit, just restart it in your terminal: @ http://localhost:8511/static/js/index.D2ZqaFuW.js:21
[  979409ms] [ERROR] Failed to load resource: net::ERR_CONNECTION_REFUSED @ http://localhost:8511/_stcore/host-config:0
[  981301ms] [ERROR] Failed to load resource: net::ERR_CONNECTION_REFUSED @ http://localhost:8511/_stcore/health:0
[  981302ms] [ERROR] Client Error in reaching server endpoint - No response received when attempting to reach /_stcore/health @ http://localhost:8511/static/js/index.D2ZqaFuW.js:16
[  981302ms] [ERROR] Is Streamlit still running? If you accidentally stopped Streamlit, just restart it in your terminal: @ http://localhost:8511/static/js/index.D2ZqaFuW.js:21
[  981302ms] [ERROR] Failed to load resource: net::ERR_CONNECTION_REFUSED @ http://localhost:8511/_stcore/host-config:0
[  983309ms] [ERROR] Failed to load resource: net::ERR_CONNECTION_REFUSED @ http://localhost:8511/_stcore/health:0
[  983309ms] [ERROR] Client Error in reaching server endpoint - No response received when attempting to reach /_stcore/health @ http://localhost:8511/static/js/index.D2ZqaFuW.js:16
[  983310ms] [ERROR] Is Streamlit still running? If you accidentally stopped Streamlit, just restart it in your terminal: @ http://localhost:8511/static/js/index.D2ZqaFuW.js:21
[  983423ms] [ERROR] Failed to load resource: net::ERR_CONNECTION_REFUSED @ http://localhost:8511/_stcore/host-config:0
[  985315ms] [ERROR] Failed to load resource: net::ERR_CONNECTION_REFUSED @ http://localhost:8511/_stcore/health:0
[  985315ms] [ERROR] Client Error in reaching server endpoint - No response received when attempting to reach /_stcore/health @ http://localhost:8511/static/js/index.D2ZqaFuW.js:16
[  985315ms] [ERROR] Is Streamlit still running? If you accidentally stopped Streamlit, just restart it in your terminal: @ http://localhost:8511/static/js/index.D2ZqaFuW.js:21
[  985438ms] [ERROR] Failed to load resource: net::ERR_CONNECTION_REFUSED @ http://localhost:8511/_stcore/host-config:0
[  987322ms] [ERROR] Failed to load resource: net::ERR_CONNECTION_REFUSED @ http://localhost:8511/_stcore/health:0
[  987323ms] [ERROR] Client Error in reaching server endpoint - No response received when attempting to reach /_stcore/health @ http://localhost:8511/static/js/index.D2ZqaFuW.js:16
[  987323ms] [ERROR] Is Streamlit still running? If you accidentally stopped Streamlit, just restart it in your terminal: @ http://localhost:8511/static/js/index.D2ZqaFuW.js:21
[  987456ms] [ERROR] Failed to load resource: net::ERR_CONNECTION_REFUSED @ http://localhost:8511/_stcore/host-config:0
[  989330ms] [ERROR] Failed to load resource: net::ERR_CONNECTION_REFUSED @ http://localhost:8511/_stcore/host-config:0
[  989330ms] [ERROR] Client Error in reaching server endpoint - No response received when attempting to reach /_stcore/host-config @ http://localhost:8511/static/js/index.D2ZqaFuW.js:16
[  989331ms] [ERROR] Is Streamlit still running? If you accidentally stopped Streamlit, just restart it in your terminal: @ http://localhost:8511/static/js/index.D2ZqaFuW.js:21
[  989447ms] [ERROR] Failed to load resource: net::ERR_CONNECTION_REFUSED @ http://localhost:8511/_stcore/health:0
[  991337ms] [ERROR] Failed to load resource: net::ERR_CONNECTION_REFUSED @ http://localhost:8511/_stcore/health:0
[  991337ms] [ERROR] Client Error in reaching server endpoint - No response received when attempting to reach /_stcore/health @ http://localhost:8511/static/js/index.D2ZqaFuW.js:16
[  991338ms] [ERROR] Is Streamlit still running? If you accidentally stopped Streamlit, just restart it in your terminal: @ http://localhost:8511/static/js/index.D2ZqaFuW.js:21
[  991471ms] [ERROR] Failed to load resource: net::ERR_CONNECTION_REFUSED @ http://localhost:8511/_stcore/host-config:0
[  993345ms] [ERROR] Failed to load resource: net::ERR_CONNECTION_REFUSED @ http://localhost:8511/_stcore/health:0
[  993345ms] [ERROR] Client Error in reaching server endpoint - No response received when attempting to reach /_stcore/health @ http://localhost:8511/static/js/index.D2ZqaFuW.js:16
[  993346ms] [ERROR] Is Streamlit still running? If you accidentally stopped Streamlit, just restart it in your terminal: @ http://localhost:8511/static/js/index.D2ZqaFuW.js:21
[  993465ms] [ERROR] Failed to load resource: net::ERR_CONNECTION_REFUSED @ http://localhost:8511/_stcore/host-config:0
[  995352ms] [ERROR] Failed to load resource: net::ERR_CONNECTION_REFUSED @ http://localhost:8511/_stcore/health:0
[  995352ms] [ERROR] Client Error in reaching server endpoint - No response received when attempting to reach /_stcore/health @ http://localhost:8511/static/js/index.D2ZqaFuW.js:16
[  995352ms] [ERROR] Is Streamlit still running? If you accidentally stopped Streamlit, just restart it in your terminal: @ http://localhost:8511/static/js/index.D2ZqaFuW.js:21
[  995470ms] [ERROR] Failed to load resource: net::ERR_CONNECTION_REFUSED @ http://localhost:8511/_stcore/host-config:0
[  997359ms] [ERROR] Failed to load resource: net::ERR_CONNECTION_REFUSED @ http://localhost:8511/_stcore/health:0
[  997359ms] [ERROR] Client Error in reaching server endpoint - No response received when attempting to reach /_stcore/health @ http://localhost:8511/static/js/index.D2ZqaFuW.js:16
[  997359ms] [ERROR] Is Streamlit still running? If you accidentally stopped Streamlit, just restart it in your terminal: @ http://localhost:8511/static/js/index.D2ZqaFuW.js:21
[  997489ms] [ERROR] Failed to load resource: net::ERR_CONNECTION_REFUSED @ http://localhost:8511/_stcore/host-config:0
[  999365ms] [ERROR] Failed to load resource: net::ERR_CONNECTION_REFUSED @ http://localhost:8511/_stcore/health:0
[  999365ms] [ERROR] Client Error in reaching server endpoint - No response received when attempting to reach /_stcore/health @ http://localhost:8511/static/js/index.D2ZqaFuW.js:16
[  999365ms] [ERROR] Is Streamlit still running? If you accidentally stopped Streamlit, just restart it in your terminal: @ http://localhost:8511/static/js/index.D2ZqaFuW.js:21
[  999481ms] [ERROR] Failed to load resource: net::ERR_CONNECTION_REFUSED @ http://localhost:8511/_stcore/host-config:0
[ 1001372ms] [ERROR] Failed to load resource: net::ERR_CONNECTION_REFUSED @ http://localhost:8511/_stcore/health:0
[ 1001372ms] [ERROR] Client Error in reaching server endpoint - No response received when attempting to reach /_stcore/health @ http://localhost:8511/static/js/index.D2ZqaFuW.js:16
[ 1001372ms] [ERROR] Is Streamlit still running? If you accidentally stopped Streamlit, just restart it in your terminal: @ http://localhost:8511/static/js/index.D2ZqaFuW.js:21
[ 1001502ms] [ERROR] Failed to load resource: net::ERR_CONNECTION_REFUSED @ http://localhost:8511/_stcore/host-config:0
[ 1003380ms] [ERROR] Failed to load resource: net::ERR_CONNECTION_REFUSED @ http://localhost:8511/_stcore/health:0
[ 1003380ms] [ERROR] Client Error in reaching server endpoint - No response received when attempting to reach /_stcore/health @ http://localhost:8511/static/js/index.D2ZqaFuW.js:16
[ 1003380ms] [ERROR] Is Streamlit still running? If you accidentally stopped Streamlit, just restart it in your terminal: @ http://localhost:8511/static/js/index.D2ZqaFuW.js:21
[ 1003495ms] [ERROR] Failed to load resource: net::ERR_CONNECTION_REFUSED @ http://localhost:8511/_stcore/host-config:0
[ 1005386ms] [ERROR] Failed to load resource: net::ERR_CONNECTION_REFUSED @ http://localhost:8511/_stcore/health:0
[ 1005386ms] [ERROR] Client Error in reaching server endpoint - No response received when attempting to reach /_stcore/health @ http://localhost:8511/static/js/index.D2ZqaFuW.js:16
[ 1005386ms] [ERROR] Is Streamlit still running? If you accidentally stopped Streamlit, just restart it in your terminal: @ http://localhost:8511/static/js/index.D2ZqaFuW.js:21
[ 1005500ms] [ERROR] Failed to load resource: net::ERR_CONNECTION_REFUSED @ http://localhost:8511/_stcore/host-config:0
[ 1007393ms] [ERROR] Failed to load resource: net::ERR_CONNECTION_REFUSED @ http://localhost:8511/_stcore/health:0
[ 1007394ms] [ERROR] Client Error in reaching server endpoint - No response received when attempting to reach /_stcore/health @ http://localhost:8511/static/js/index.D2ZqaFuW.js:16
[ 1007394ms] [ERROR] Is Streamlit still running? If you accidentally stopped Streamlit, just restart it in your terminal: @ http://localhost:8511/static/js/index.D2ZqaFuW.js:21
[ 1007522ms] [ERROR] Failed to load resource: net::ERR_CONNECTION_REFUSED @ http://localhost:8511/_stcore/host-config:0
[ 1009400ms] [ERROR] Failed to load resource: net::ERR_CONNECTION_REFUSED @ http://localhost:8511/_stcore/health:0
[ 1009400ms] [ERROR] Client Error in reaching server endpoint - No response received when attempting to reach /_stcore/health @ http://localhost:8511/static/js/index.D2ZqaFuW.js:16
[ 1009401ms] [ERROR] Is Streamlit still running? If you accidentally stopped Streamlit, just restart it in your terminal: @ http://localhost:8511/static/js/index.D2ZqaFuW.js:21
[ 1009516ms] [ERROR] Failed to load resource: net::ERR_CONNECTION_REFUSED @ http://localhost:8511/_stcore/host-config:0
[ 1011408ms] [ERROR] Failed to load resource: net::ERR_CONNECTION_REFUSED @ http://localhost:8511/_stcore/host-config:0
[ 1011408ms] [ERROR] Client Error in reaching server endpoint - No response received when attempting to reach /_stcore/host-config @ http://localhost:8511/static/js/index.D2ZqaFuW.js:16
[ 1011409ms] [ERROR] Is Streamlit still running? If you accidentally stopped Streamlit, just restart it in your terminal: @ http://localhost:8511/static/js/index.D2ZqaFuW.js:21
[ 1011537ms] [ERROR] Failed to load resource: net::ERR_CONNECTION_REFUSED @ http://localhost:8511/_stcore/health:0
[ 1013418ms] [ERROR] Failed to load resource: net::ERR_CONNECTION_REFUSED @ http://localhost:8511/_stcore/health:0
[ 1013418ms] [ERROR] Client Error in reaching server endpoint - No response received when attempting to reach /_stcore/health @ http://localhost:8511/static/js/index.D2ZqaFuW.js:16
[ 1013418ms] [ERROR] Is Streamlit still running? If you accidentally stopped Streamlit, just restart it in your terminal: @ http://localhost:8511/static/js/index.D2ZqaFuW.js:21
[ 1013530ms] [ERROR] Failed to load resource: net::ERR_CONNECTION_REFUSED @ http://localhost:8511/_stcore/host-config:0
[ 1015425ms] [ERROR] Failed to load resource: net::ERR_CONNECTION_REFUSED @ http://localhost:8511/_stcore/health:0
[ 1015425ms] [ERROR] Client Error in reaching server endpoint - No response received when attempting to reach /_stcore/health @ http://localhost:8511/static/js/index.D2ZqaFuW.js:16
[ 1015425ms] [ERROR] Is Streamlit still running? If you accidentally stopped Streamlit, just restart it in your terminal: @ http://localhost:8511/static/js/index.D2ZqaFuW.js:21
[ 1015543ms] [ERROR] Failed to load resource: net::ERR_CONNECTION_REFUSED @ http://localhost:8511/_stcore/host-config:0
[ 1017430ms] [ERROR] Failed to load resource: net::ERR_CONNECTION_REFUSED @ http://localhost:8511/_stcore/health:0
[ 1017430ms] [ERROR] Client Error in reaching server endpoint - No response received when attempting to reach /_stcore/health @ http://localhost:8511/static/js/index.D2ZqaFuW.js:16
[ 1017431ms] [ERROR] Is Streamlit still running? If you accidentally stopped Streamlit, just restart it in your terminal: @ http://localhost:8511/static/js/index.D2ZqaFuW.js:21
[ 1017549ms] [ERROR] Failed to load resource: net::ERR_CONNECTION_REFUSED @ http://localhost:8511/_stcore/host-config:0
[ 1019438ms] [ERROR] Failed to load resource: net::ERR_CONNECTION_REFUSED @ http://localhost:8511/_stcore/host-config:0
[ 1019438ms] [ERROR] Client Error in reaching server endpoint - No response received when attempting to reach /_stcore/host-config @ http://localhost:8511/static/js/index.D2ZqaFuW.js:16
[ 1019438ms] [ERROR] Is Streamlit still running? If you accidentally stopped Streamlit, just restart it in your terminal: @ http://localhost:8511/static/js/index.D2ZqaFuW.js:21
[ 1019438ms] [ERROR] Failed to load resource: net::ERR_CONNECTION_REFUSED @ http://localhost:8511/_stcore/health:0
[ 1021446ms] [ERROR] Failed to load resource: net::ERR_CONNECTION_REFUSED @ http://localhost:8511/_stcore/host-config:0
[ 1021447ms] [ERROR] Client Error in reaching server endpoint - No response received when attempting to reach /_stcore/host-config @ http://localhost:8511/static/js/index.D2ZqaFuW.js:16
[ 1021447ms] [ERROR] Is Streamlit still running? If you accidentally stopped Streamlit, just restart it in your terminal: @ http://localhost:8511/static/js/index.D2ZqaFuW.js:21
[ 1021692ms] [ERROR] Failed to load resource: net::ERR_CONNECTION_REFUSED @ http://localhost:8511/_stcore/health:0
[ 1023454ms] [ERROR] Failed to load resource: net::ERR_CONNECTION_REFUSED @ http://localhost:8511/_stcore/health:0
[ 1023454ms] [ERROR] Client Error in reaching server endpoint - No response received when attempting to reach /_stcore/health @ http://localhost:8511/static/js/index.D2ZqaFuW.js:16
[ 1023454ms] [ERROR] Is Streamlit still running? If you accidentally stopped Streamlit, just restart it in your terminal: @ http://localhost:8511/static/js/index.D2ZqaFuW.js:21
[ 1023570ms] [ERROR] Failed to load resource: net::ERR_CONNECTION_REFUSED @ http://localhost:8511/_stcore/host-config:0
[ 1025462ms] [ERROR] Failed to load resource: net::ERR_CONNECTION_REFUSED @ http://localhost:8511/_stcore/host-config:0
[ 1025462ms] [ERROR] Client Error in reaching server endpoint - No response received when attempting to reach /_stcore/host-config @ http://localhost:8511/static/js/index.D2ZqaFuW.js:16
[ 1025463ms] [ERROR] Is Streamlit still running? If you accidentally stopped Streamlit, just restart it in your terminal: @ http://localhost:8511/static/js/index.D2ZqaFuW.js:21
[ 1025463ms] [ERROR] Failed to load resource: net::ERR_CONNECTION_REFUSED @ http://localhost:8511/_stcore/health:0
[ 1027470ms] [ERROR] Failed to load resource: net::ERR_CONNECTION_REFUSED @ http://localhost:8511/_stcore/health:0
[ 1027470ms] [ERROR] Client Error in reaching server endpoint - No response received when attempting to reach /_stcore/health @ http://localhost:8511/static/js/index.D2ZqaFuW.js:16
[ 1027470ms] [ERROR] Is Streamlit still running? If you accidentally stopped Streamlit, just restart it in your terminal: @ http://localhost:8511/static/js/index.D2ZqaFuW.js:21
[ 1027591ms] [ERROR] Failed to load resource: net::ERR_CONNECTION_REFUSED @ http://localhost:8511/_stcore/host-config:0
[ 1029477ms] [ERROR] Failed to load resource: net::ERR_CONNECTION_REFUSED @ http://localhost:8511/_stcore/health:0
[ 1029477ms] [ERROR] Client Error in reaching server endpoint - No response received when attempting to reach /_stcore/health @ http://localhost:8511/static/js/index.D2ZqaFuW.js:16
[ 1029478ms] [ERROR] Is Streamlit still running? If you accidentally stopped Streamlit, just restart it in your terminal: @ http://localhost:8511/static/js/index.D2ZqaFuW.js:21
[ 1029600ms] [ERROR] Failed to load resource: net::ERR_CONNECTION_REFUSED @ http://localhost:8511/_stcore/host-config:0
[ 1031485ms] [ERROR] Failed to load resource: net::ERR_CONNECTION_REFUSED @ http://localhost:8511/_stcore/health:0
[ 1031485ms] [ERROR] Client Error in reaching server endpoint - No response received when attempting to reach /_stcore/health @ http://localhost:8511/static/js/index.D2ZqaFuW.js:16
[ 1031485ms] [ERROR] Is Streamlit still running? If you accidentally stopped Streamlit, just restart it in your terminal: @ http://localhost:8511/static/js/index.D2ZqaFuW.js:21
[ 1031599ms] [ERROR] Failed to load resource: net::ERR_CONNECTION_REFUSED @ http://localhost:8511/_stcore/host-config:0
[ 1033492ms] [ERROR] Failed to load resource: net::ERR_CONNECTION_REFUSED @ http://localhost:8511/_stcore/health:0
[ 1033492ms] [ERROR] Client Error in reaching server endpoint - No response received when attempting to reach /_stcore/health @ http://localhost:8511/static/js/index.D2ZqaFuW.js:16
[ 1033493ms] [ERROR] Is Streamlit still running? If you accidentally stopped Streamlit, just restart it in your terminal: @ http://localhost:8511/static/js/index.D2ZqaFuW.js:21
[ 1033607ms] [ERROR] Failed to load resource: net::ERR_CONNECTION_REFUSED @ http://localhost:8511/_stcore/host-config:0
[ 1035499ms] [ERROR] Failed to load resource: net::ERR_CONNECTION_REFUSED @ http://localhost:8511/_stcore/host-config:0
[ 1035500ms] [ERROR] Client Error in reaching server endpoint - No response received when attempting to reach /_stcore/host-config @ http://localhost:8511/static/js/index.D2ZqaFuW.js:16
[ 1035500ms] [ERROR] Is Streamlit still running? If you accidentally stopped Streamlit, just restart it in your terminal: @ http://localhost:8511/static/js/index.D2ZqaFuW.js:21
[ 1035634ms] [ERROR] Failed to load resource: net::ERR_CONNECTION_REFUSED @ http://localhost:8511/_stcore/health:0
[ 1037504ms] [ERROR] Failed to load resource: net::ERR_CONNECTION_REFUSED @ http://localhost:8511/_stcore/health:0
[ 1037505ms] [ERROR] Client Error in reaching server endpoint - No response received when attempting to reach /_stcore/health @ http://localhost:8511/static/js/index.D2ZqaFuW.js:16
[ 1037505ms] [ERROR] Is Streamlit still running? If you accidentally stopped Streamlit, just restart it in your terminal: @ http://localhost:8511/static/js/index.D2ZqaFuW.js:21
[ 1037651ms] [ERROR] Failed to load resource: net::ERR_CONNECTION_REFUSED @ http://localhost:8511/_stcore/host-config:0
[ 1039513ms] [ERROR] Failed to load resource: net::ERR_CONNECTION_REFUSED @ http://localhost:8511/_stcore/host-config:0
[ 1039513ms] [ERROR] Client Error in reaching server endpoint - No response received when attempting to reach /_stcore/host-config @ http://localhost:8511/static/js/index.D2ZqaFuW.js:16
[ 1039513ms] [ERROR] Is Streamlit still running? If you accidentally stopped Streamlit, just restart it in your terminal: @ http://localhost:8511/static/js/index.D2ZqaFuW.js:21
[ 1039651ms] [ERROR] Failed to load resource: net::ERR_CONNECTION_REFUSED @ http://localhost:8511/_stcore/health:0
[ 1041519ms] [ERROR] Failed to load resource: net::ERR_CONNECTION_REFUSED @ http://localhost:8511/_stcore/health:0
[ 1041520ms] [ERROR] Client Error in reaching server endpoint - No response received when attempting to reach /_stcore/health @ http://localhost:8511/static/js/index.D2ZqaFuW.js:16
[ 1041520ms] [ERROR] Is Streamlit still running? If you accidentally stopped Streamlit, just restart it in your terminal: @ http://localhost:8511/static/js/index.D2ZqaFuW.js:21
[ 1041667ms] [ERROR] Failed to load resource: net::ERR_CONNECTION_REFUSED @ http://localhost:8511/_stcore/host-config:0
[ 1043526ms] [ERROR] Failed to load resource: net::ERR_CONNECTION_REFUSED @ http://localhost:8511/_stcore/health:0
[ 1043526ms] [ERROR] Client Error in reaching server endpoint - No response received when attempting to reach /_stcore/health @ http://localhost:8511/static/js/index.D2ZqaFuW.js:16
[ 1043527ms] [ERROR] Is Streamlit still running? If you accidentally stopped Streamlit, just restart it in your terminal: @ http://localhost:8511/static/js/index.D2ZqaFuW.js:21
[ 1043645ms] [ERROR] Failed to load resource: net::ERR_CONNECTION_REFUSED @ http://localhost:8511/_stcore/host-config:0
[ 1045534ms] [ERROR] Failed to load resource: net::ERR_CONNECTION_REFUSED @ http://localhost:8511/_stcore/health:0
[ 1045534ms] [ERROR] Client Error in reaching server endpoint - No response received when attempting to reach /_stcore/health @ http://localhost:8511/static/js/index.D2ZqaFuW.js:16
[ 1045534ms] [ERROR] Is Streamlit still running? If you accidentally stopped Streamlit, just restart it in your terminal: @ http://localhost:8511/static/js/index.D2ZqaFuW.js:21
[ 1045664ms] [ERROR] Failed to load resource: net::ERR_CONNECTION_REFUSED @ http://localhost:8511/_stcore/host-config:0
[ 1047541ms] [ERROR] Failed to load resource: net::ERR_CONNECTION_REFUSED @ http://localhost:8511/_stcore/health:0
[ 1047541ms] [ERROR] Client Error in reaching server endpoint - No response received when attempting to reach /_stcore/health @ http://localhost:8511/static/js/index.D2ZqaFuW.js:16
[ 1047542ms] [ERROR] Is Streamlit still running? If you accidentally stopped Streamlit, just restart it in your terminal: @ http://localhost:8511/static/js/index.D2ZqaFuW.js:21
[ 1047666ms] [ERROR] Failed to load resource: net::ERR_CONNECTION_REFUSED @ http://localhost:8511/_stcore/host-config:0
[ 1049549ms] [ERROR] Failed to load resource: net::ERR_CONNECTION_REFUSED @ http://localhost:8511/_stcore/health:0
[ 1049550ms] [ERROR] Client Error in reaching server endpoint - No response received when attempting to reach /_stcore/health @ http://localhost:8511/static/js/index.D2ZqaFuW.js:16
[ 1049550ms] [ERROR] Is Streamlit still running? If you accidentally stopped Streamlit, just restart it in your terminal: @ http://localhost:8511/static/js/index.D2ZqaFuW.js:21
[ 1049699ms] [ERROR] Failed to load resource: net::ERR_CONNECTION_REFUSED @ http://localhost:8511/_stcore/host-config:0
[ 1051558ms] [ERROR] Failed to load resource: net::ERR_CONNECTION_REFUSED @ http://localhost:8511/_stcore/health:0
[ 1051558ms] [ERROR] Client Error in reaching server endpoint - No response received when attempting to reach /_stcore/health @ http://localhost:8511/static/js/index.D2ZqaFuW.js:16
[ 1051558ms] [ERROR] Is Streamlit still running? If you accidentally stopped Streamlit, just restart it in your terminal: @ http://localhost:8511/static/js/index.D2ZqaFuW.js:21
[ 1051668ms] [ERROR] Failed to load resource: net::ERR_CONNECTION_REFUSED @ http://localhost:8511/_stcore/host-config:0
[ 1053566ms] [ERROR] Failed to load resource: net::ERR_CONNECTION_REFUSED @ http://localhost:8511/_stcore/health:0
[ 1053566ms] [ERROR] Client Error in reaching server endpoint - No response received when attempting to reach /_stcore/health @ http://localhost:8511/static/js/index.D2ZqaFuW.js:16
[ 1053566ms] [ERROR] Is Streamlit still running? If you accidentally stopped Streamlit, just restart it in your terminal: @ http://localhost:8511/static/js/index.D2ZqaFuW.js:21
[ 1053674ms] [ERROR] Failed to load resource: net::ERR_CONNECTION_REFUSED @ http://localhost:8511/_stcore/host-config:0
[ 1055608ms] [ERROR] Failed to load resource: net::ERR_CONNECTION_REFUSED @ http://localhost:8511/_stcore/health:0
[ 1055608ms] [ERROR] Client Error in reaching server endpoint - No response received when attempting to reach /_stcore/health @ http://localhost:8511/static/js/index.D2ZqaFuW.js:16
[ 1055608ms] [ERROR] Is Streamlit still running? If you accidentally stopped Streamlit, just restart it in your terminal: @ http://localhost:8511/static/js/index.D2ZqaFuW.js:21
[ 1056213ms] [ERROR] Failed to load resource: net::ERR_CONNECTION_REFUSED @ http://localhost:8511/_stcore/host-config:0
[ 1057624ms] [ERROR] Failed to load resource: net::ERR_CONNECTION_REFUSED @ http://localhost:8511/_stcore/health:0
[ 1057624ms] [ERROR] Client Error in reaching server endpoint - No response received when attempting to reach /_stcore/health @ http://localhost:8511/static/js/index.D2ZqaFuW.js:16
[ 1057624ms] [ERROR] Is Streamlit still running? If you accidentally stopped Streamlit, just restart it in your terminal: @ http://localhost:8511/static/js/index.D2ZqaFuW.js:21
[ 1057624ms] [ERROR] Failed to load resource: net::ERR_CONNECTION_REFUSED @ http://localhost:8511/_stcore/host-config:0
[ 1059630ms] [ERROR] Failed to load resource: net::ERR_CONNECTION_REFUSED @ http://localhost:8511/_stcore/host-config:0
[ 1059630ms] [ERROR] Client Error in reaching server endpoint - No response received when attempting to reach /_stcore/host-config @ http://localhost:8511/static/js/index.D2ZqaFuW.js:16
[ 1059630ms] [ERROR] Is Streamlit still running? If you accidentally stopped Streamlit, just restart it in your terminal: @ http://localhost:8511/static/js/index.D2ZqaFuW.js:21
[ 1059791ms] [ERROR] Failed to load resource: net::ERR_CONNECTION_REFUSED @ http://localhost:8511/_stcore/health:0
[ 1061636ms] [ERROR] Failed to load resource: net::ERR_CONNECTION_REFUSED @ http://localhost:8511/_stcore/health:0
[ 1061636ms] [ERROR] Client Error in reaching server endpoint - No response received when attempting to reach /_stcore/health @ http://localhost:8511/static/js/index.D2ZqaFuW.js:16
[ 1061636ms] [ERROR] Is Streamlit still running? If you accidentally stopped Streamlit, just restart it in your terminal: @ http://localhost:8511/static/js/index.D2ZqaFuW.js:21
[ 1061778ms] [ERROR] Failed to load resource: net::ERR_CONNECTION_REFUSED @ http://localhost:8511/_stcore/host-config:0
[ 1063667ms] [ERROR] Failed to load resource: net::ERR_CONNECTION_REFUSED @ http://localhost:8511/_stcore/health:0
[ 1063668ms] [ERROR] Client Error in reaching server endpoint - No response received when attempting to reach /_stcore/health @ http://localhost:8511/static/js/index.D2ZqaFuW.js:16
[ 1063668ms] [ERROR] Is Streamlit still running? If you accidentally stopped Streamlit, just restart it in your terminal: @ http://localhost:8511/static/js/index.D2ZqaFuW.js:21
[ 1064533ms] [ERROR] Failed to load resource: net::ERR_CONNECTION_REFUSED @ http://localhost:8511/_stcore/host-config:0
[ 1065673ms] [ERROR] Failed to load resource: net::ERR_CONNECTION_REFUSED @ http://localhost:8511/_stcore/health:0
[ 1065673ms] [ERROR] Client Error in reaching server endpoint - No response received when attempting to reach /_stcore/health @ http://localhost:8511/static/js/index.D2ZqaFuW.js:16
[ 1065674ms] [ERROR] Is Streamlit still running? If you accidentally stopped Streamlit, just restart it in your terminal: @ http://localhost:8511/static/js/index.D2ZqaFuW.js:21
[ 1065807ms] [ERROR] Failed to load resource: net::ERR_CONNECTION_REFUSED @ http://localhost:8511/_stcore/host-config:0
[ 1067678ms] [ERROR] Failed to load resource: net::ERR_CONNECTION_REFUSED @ http://localhost:8511/_stcore/health:0
[ 1067678ms] [ERROR] Client Error in reaching server endpoint - No response received when attempting to reach /_stcore/health @ http://localhost:8511/static/js/index.D2ZqaFuW.js:16
[ 1067678ms] [ERROR] Is Streamlit still running? If you accidentally stopped Streamlit, just restart it in your terminal: @ http://localhost:8511/static/js/index.D2ZqaFuW.js:21
[ 1067805ms] [ERROR] Failed to load resource: net::ERR_CONNECTION_REFUSED @ http://localhost:8511/_stcore/host-config:0
[ 1069683ms] [ERROR] Failed to load resource: net::ERR_CONNECTION_REFUSED @ http://localhost:8511/_stcore/health:0
[ 1069683ms] [ERROR] Client Error in reaching server endpoint - No response received when attempting to reach /_stcore/health @ http://localhost:8511/static/js/index.D2ZqaFuW.js:16
[ 1069683ms] [ERROR] Is Streamlit still running? If you accidentally stopped Streamlit, just restart it in your terminal: @ http://localhost:8511/static/js/index.D2ZqaFuW.js:21
[ 1069796ms] [ERROR] Failed to load resource: net::ERR_CONNECTION_REFUSED @ http://localhost:8511/_stcore/host-config:0
[ 1071689ms] [ERROR] Failed to load resource: net::ERR_CONNECTION_REFUSED @ http://localhost:8511/_stcore/health:0
[ 1071689ms] [ERROR] Client Error in reaching server endpoint - No response received when attempting to reach /_stcore/health @ http://localhost:8511/static/js/index.D2ZqaFuW.js:16
[ 1071689ms] [ERROR] Is Streamlit still running? If you accidentally stopped Streamlit, just restart it in your terminal: @ http://localhost:8511/static/js/index.D2ZqaFuW.js:21
[ 1072345ms] [ERROR] Failed to load resource: net::ERR_CONNECTION_REFUSED @ http://localhost:8511/_stcore/host-config:0
[ 1073695ms] [ERROR] Failed to load resource: net::ERR_CONNECTION_REFUSED @ http://localhost:8511/_stcore/health:0
[ 1073695ms] [ERROR] Client Error in reaching server endpoint - No response received when attempting to reach /_stcore/health @ http://localhost:8511/static/js/index.D2ZqaFuW.js:16
[ 1073695ms] [ERROR] Is Streamlit still running? If you accidentally stopped Streamlit, just restart it in your terminal: @ http://localhost:8511/static/js/index.D2ZqaFuW.js:21
[ 1073695ms] [ERROR] Failed to load resource: net::ERR_CONNECTION_REFUSED @ http://localhost:8511/_stcore/host-config:0
[ 1075700ms] [ERROR] Failed to load resource: net::ERR_CONNECTION_REFUSED @ http://localhost:8511/_stcore/health:0
[ 1075700ms] [ERROR] Client Error in reaching server endpoint - No response received when attempting to reach /_stcore/health @ http://localhost:8511/static/js/index.D2ZqaFuW.js:16
[ 1075700ms] [ERROR] Is Streamlit still running? If you accidentally stopped Streamlit, just restart it in your terminal: @ http://localhost:8511/static/js/index.D2ZqaFuW.js:21
[ 1075833ms] [ERROR] Failed to load resource: net::ERR_CONNECTION_REFUSED @ http://localhost:8511/_stcore/host-config:0
[ 1077707ms] [ERROR] Failed to load resource: net::ERR_CONNECTION_REFUSED @ http://localhost:8511/_stcore/health:0
[ 1077707ms] [ERROR] Client Error in reaching server endpoint - No response received when attempting to reach /_stcore/health @ http://localhost:8511/static/js/index.D2ZqaFuW.js:16
[ 1077707ms] [ERROR] Is Streamlit still running? If you accidentally stopped Streamlit, just restart it in your terminal: @ http://localhost:8511/static/js/index.D2ZqaFuW.js:21
[ 1077833ms] [ERROR] Failed to load resource: net::ERR_CONNECTION_REFUSED @ http://localhost:8511/_stcore/host-config:0
[ 1079714ms] [ERROR] Failed to load resource: net::ERR_CONNECTION_REFUSED @ http://localhost:8511/_stcore/health:0
[ 1079714ms] [ERROR] Client Error in reaching server endpoint - No response received when attempting to reach /_stcore/health @ http://localhost:8511/static/js/index.D2ZqaFuW.js:16
[ 1079715ms] [ERROR] Is Streamlit still running? If you accidentally stopped Streamlit, just restart it in your terminal: @ http://localhost:8511/static/js/index.D2ZqaFuW.js:21
[ 1079826ms] [ERROR] Failed to load resource: net::ERR_CONNECTION_REFUSED @ http://localhost:8511/_stcore/host-config:0
[ 1081722ms] [ERROR] Failed to load resource: net::ERR_CONNECTION_REFUSED @ http://localhost:8511/_stcore/host-config:0
[ 1081722ms] [ERROR] Client Error in reaching server endpoint - No response received when attempting to reach /_stcore/host-config @ http://localhost:8511/static/js/index.D2ZqaFuW.js:16
[ 1081722ms] [ERROR] Is Streamlit still running? If you accidentally stopped Streamlit, just restart it in your terminal: @ http://localhost:8511/static/js/index.D2ZqaFuW.js:21
[ 1081832ms] [ERROR] Failed to load resource: net::ERR_CONNECTION_REFUSED @ http://localhost:8511/_stcore/health:0
[ 1083729ms] [ERROR] Failed to load resource: net::ERR_CONNECTION_REFUSED @ http://localhost:8511/_stcore/health:0
[ 1083729ms] [ERROR] Client Error in reaching server endpoint - No response received when attempting to reach /_stcore/health @ http://localhost:8511/static/js/index.D2ZqaFuW.js:16
[ 1083729ms] [ERROR] Is Streamlit still running? If you accidentally stopped Streamlit, just restart it in your terminal: @ http://localhost:8511/static/js/index.D2ZqaFuW.js:21
[ 1083854ms] [ERROR] Failed to load resource: net::ERR_CONNECTION_REFUSED @ http://localhost:8511/_stcore/host-config:0
[ 1085737ms] [ERROR] Failed to load resource: net::ERR_CONNECTION_REFUSED @ http://localhost:8511/_stcore/health:0
[ 1085738ms] [ERROR] Client Error in reaching server endpoint - No response received when attempting to reach /_stcore/health @ http://localhost:8511/static/js/index.D2ZqaFuW.js:16
[ 1085738ms] [ERROR] Is Streamlit still running? If you accidentally stopped Streamlit, just restart it in your terminal: @ http://localhost:8511/static/js/index.D2ZqaFuW.js:21
[ 1085844ms] [ERROR] Failed to load resource: net::ERR_CONNECTION_REFUSED @ http://localhost:8511/_stcore/host-config:0
[ 1087745ms] [ERROR] Failed to load resource: net::ERR_CONNECTION_REFUSED @ http://localhost:8511/_stcore/health:0
[ 1087745ms] [ERROR] Client Error in reaching server endpoint - No response received when attempting to reach /_stcore/health @ http://localhost:8511/static/js/index.D2ZqaFuW.js:16
[ 1087746ms] [ERROR] Is Streamlit still running? If you accidentally stopped Streamlit, just restart it in your terminal: @ http://localhost:8511/static/js/index.D2ZqaFuW.js:21
[ 1087868ms] [ERROR] Failed to load resource: net::ERR_CONNECTION_REFUSED @ http://localhost:8511/_stcore/host-config:0
[ 1089753ms] [ERROR] Failed to load resource: net::ERR_CONNECTION_REFUSED @ http://localhost:8511/_stcore/health:0
[ 1089753ms] [ERROR] Client Error in reaching server endpoint - No response received when attempting to reach /_stcore/health @ http://localhost:8511/static/js/index.D2ZqaFuW.js:16
[ 1089753ms] [ERROR] Is Streamlit still running? If you accidentally stopped Streamlit, just restart it in your terminal: @ http://localhost:8511/static/js/index.D2ZqaFuW.js:21
[ 1089866ms] [ERROR] Failed to load resource: net::ERR_CONNECTION_REFUSED @ http://localhost:8511/_stcore/host-config:0
[ 1091761ms] [ERROR] Failed to load resource: net::ERR_CONNECTION_REFUSED @ http://localhost:8511/_stcore/health:0
[ 1091761ms] [ERROR] Client Error in reaching server endpoint - No response received when attempting to reach /_stcore/health @ http://localhost:8511/static/js/index.D2ZqaFuW.js:16
[ 1091761ms] [ERROR] Is Streamlit still running? If you accidentally stopped Streamlit, just restart it in your terminal: @ http://localhost:8511/static/js/index.D2ZqaFuW.js:21
[ 1091870ms] [ERROR] Failed to load resource: net::ERR_CONNECTION_REFUSED @ http://localhost:8511/_stcore/host-config:0
[ 1093768ms] [ERROR] Failed to load resource: net::ERR_CONNECTION_REFUSED @ http://localhost:8511/_stcore/health:0
[ 1093768ms] [ERROR] Client Error in reaching server endpoint - No response received when attempting to reach /_stcore/health @ http://localhost:8511/static/js/index.D2ZqaFuW.js:16
[ 1093769ms] [ERROR] Is Streamlit still running? If you accidentally stopped Streamlit, just restart it in your terminal: @ http://localhost:8511/static/js/index.D2ZqaFuW.js:21
[ 1093892ms] [ERROR] Failed to load resource: net::ERR_CONNECTION_REFUSED @ http://localhost:8511/_stcore/host-config:0
[ 1095776ms] [ERROR] Failed to load resource: net::ERR_CONNECTION_REFUSED @ http://localhost:8511/_stcore/health:0
[ 1095776ms] [ERROR] Client Error in reaching server endpoint - No response received when attempting to reach /_stcore/health @ http://localhost:8511/static/js/index.D2ZqaFuW.js:16
[ 1095776ms] [ERROR] Is Streamlit still running? If you accidentally stopped Streamlit, just restart it in your terminal: @ http://localhost:8511/static/js/index.D2ZqaFuW.js:21
[ 1095887ms] [ERROR] Failed to load resource: net::ERR_CONNECTION_REFUSED @ http://localhost:8511/_stcore/host-config:0
[ 1097784ms] [ERROR] Failed to load resource: net::ERR_CONNECTION_REFUSED @ http://localhost:8511/_stcore/health:0
[ 1097784ms] [ERROR] Client Error in reaching server endpoint - No response received when attempting to reach /_stcore/health @ http://localhost:8511/static/js/index.D2ZqaFuW.js:16
[ 1097784ms] [ERROR] Is Streamlit still running? If you accidentally stopped Streamlit, just restart it in your terminal: @ http://localhost:8511/static/js/index.D2ZqaFuW.js:21
[ 1097907ms] [ERROR] Failed to load resource: net::ERR_CONNECTION_REFUSED @ http://localhost:8511/_stcore/host-config:0
[ 1099791ms] [ERROR] Failed to load resource: net::ERR_CONNECTION_REFUSED @ http://localhost:8511/_stcore/health:0
[ 1099792ms] [ERROR] Client Error in reaching server endpoint - No response received when attempting to reach /_stcore/health @ http://localhost:8511/static/js/index.D2ZqaFuW.js:16
[ 1099792ms] [ERROR] Is Streamlit still running? If you accidentally stopped Streamlit, just restart it in your terminal: @ http://localhost:8511/static/js/index.D2ZqaFuW.js:21
[ 1099900ms] [ERROR] Failed to load resource: net::ERR_CONNECTION_REFUSED @ http://localhost:8511/_stcore/host-config:0
[ 1101798ms] [ERROR] Failed to load resource: net::ERR_CONNECTION_REFUSED @ http://localhost:8511/_stcore/health:0
[ 1101798ms] [ERROR] Client Error in reaching server endpoint - No response received when attempting to reach /_stcore/health @ http://localhost:8511/static/js/index.D2ZqaFuW.js:16
[ 1101798ms] [ERROR] Is Streamlit still running? If you accidentally stopped Streamlit, just restart it in your terminal: @ http://localhost:8511/static/js/index.D2ZqaFuW.js:21
[ 1101908ms] [ERROR] Failed to load resource: net::ERR_CONNECTION_REFUSED @ http://localhost:8511/_stcore/host-config:0
[ 1103805ms] [ERROR] Failed to load resource: net::ERR_CONNECTION_REFUSED @ http://localhost:8511/_stcore/health:0
[ 1103806ms] [ERROR] Client Error in reaching server endpoint - No response received when attempting to reach /_stcore/health @ http://localhost:8511/static/js/index.D2ZqaFuW.js:16
[ 1103806ms] [ERROR] Is Streamlit still running? If you accidentally stopped Streamlit, just restart it in your terminal: @ http://localhost:8511/static/js/index.D2ZqaFuW.js:21
[ 1103930ms] [ERROR] Failed to load resource: net::ERR_CONNECTION_REFUSED @ http://localhost:8511/_stcore/host-config:0
[ 1105813ms] [ERROR] Failed to load resource: net::ERR_CONNECTION_REFUSED @ http://localhost:8511/_stcore/health:0
[ 1105814ms] [ERROR] Client Error in reaching server endpoint - No response received when attempting to reach /_stcore/health @ http://localhost:8511/static/js/index.D2ZqaFuW.js:16
[ 1105814ms] [ERROR] Is Streamlit still running? If you accidentally stopped Streamlit, just restart it in your terminal: @ http://localhost:8511/static/js/index.D2ZqaFuW.js:21
[ 1105923ms] [ERROR] Failed to load resource: net::ERR_CONNECTION_REFUSED @ http://localhost:8511/_stcore/host-config:0
[ 1107821ms] [ERROR] Failed to load resource: net::ERR_CONNECTION_REFUSED @ http://localhost:8511/_stcore/health:0
[ 1107822ms] [ERROR] Client Error in reaching server endpoint - No response received when attempting to reach /_stcore/health @ http://localhost:8511/static/js/index.D2ZqaFuW.js:16
[ 1107822ms] [ERROR] Is Streamlit still running? If you accidentally stopped Streamlit, just restart it in your terminal: @ http://localhost:8511/static/js/index.D2ZqaFuW.js:21
[ 1107946ms] [ERROR] Failed to load resource: net::ERR_CONNECTION_REFUSED @ http://localhost:8511/_stcore/host-config:0
[ 1109830ms] [ERROR] Failed to load resource: net::ERR_CONNECTION_REFUSED @ http://localhost:8511/_stcore/health:0
[ 1109830ms] [ERROR] Client Error in reaching server endpoint - No response received when attempting to reach /_stcore/health @ http://localhost:8511/static/js/index.D2ZqaFuW.js:16
[ 1109830ms] [ERROR] Is Streamlit still running? If you accidentally stopped Streamlit, just restart it in your terminal: @ http://localhost:8511/static/js/index.D2ZqaFuW.js:21
[ 1109941ms] [ERROR] Failed to load resource: net::ERR_CONNECTION_REFUSED @ http://localhost:8511/_stcore/host-config:0
[ 1111838ms] [ERROR] Failed to load resource: net::ERR_CONNECTION_REFUSED @ http://localhost:8511/_stcore/health:0
[ 1111838ms] [ERROR] Client Error in reaching server endpoint - No response received when attempting to reach /_stcore/health @ http://localhost:8511/static/js/index.D2ZqaFuW.js:16
[ 1111838ms] [ERROR] Is Streamlit still running? If you accidentally stopped Streamlit, just restart it in your terminal: @ http://localhost:8511/static/js/index.D2ZqaFuW.js:21
[ 1111948ms] [ERROR] Failed to load resource: net::ERR_CONNECTION_REFUSED @ http://localhost:8511/_stcore/host-config:0
[ 1113845ms] [ERROR] Failed to load resource: net::ERR_CONNECTION_REFUSED @ http://localhost:8511/_stcore/health:0
[ 1113846ms] [ERROR] Client Error in reaching server endpoint - No response received when attempting to reach /_stcore/health @ http://localhost:8511/static/js/index.D2ZqaFuW.js:16
[ 1113846ms] [ERROR] Is Streamlit still running? If you accidentally stopped Streamlit, just restart it in your terminal: @ http://localhost:8511/static/js/index.D2ZqaFuW.js:21
[ 1113957ms] [ERROR] Failed to load resource: net::ERR_CONNECTION_REFUSED @ http://localhost:8511/_stcore/host-config:0
[ 1115854ms] [ERROR] Failed to load resource: net::ERR_CONNECTION_REFUSED @ http://localhost:8511/_stcore/health:0
[ 1115854ms] [ERROR] Client Error in reaching server endpoint - No response received when attempting to reach /_stcore/health @ http://localhost:8511/static/js/index.D2ZqaFuW.js:16
[ 1115854ms] [ERROR] Is Streamlit still running? If you accidentally stopped Streamlit, just restart it in your terminal: @ http://localhost:8511/static/js/index.D2ZqaFuW.js:21
[ 1116033ms] [ERROR] Failed to load resource: net::ERR_CONNECTION_REFUSED @ http://localhost:8511/_stcore/host-config:0
[ 1117860ms] [ERROR] Failed to load resource: net::ERR_CONNECTION_REFUSED @ http://localhost:8511/_stcore/health:0
[ 1117861ms] [ERROR] Client Error in reaching server endpoint - No response received when attempting to reach /_stcore/health @ http://localhost:8511/static/js/index.D2ZqaFuW.js:16
[ 1117861ms] [ERROR] Is Streamlit still running? If you accidentally stopped Streamlit, just restart it in your terminal: @ http://localhost:8511/static/js/index.D2ZqaFuW.js:21
[ 1117969ms] [ERROR] Failed to load resource: net::ERR_CONNECTION_REFUSED @ http://localhost:8511/_stcore/host-config:0
[ 1119868ms] [ERROR] Failed to load resource: net::ERR_CONNECTION_REFUSED @ http://localhost:8511/_stcore/health:0
[ 1119869ms] [ERROR] Client Error in reaching server endpoint - No response received when attempting to reach /_stcore/health @ http://localhost:8511/static/js/index.D2ZqaFuW.js:16
[ 1119869ms] [ERROR] Is Streamlit still running? If you accidentally stopped Streamlit, just restart it in your terminal: @ http://localhost:8511/static/js/index.D2ZqaFuW.js:21
[ 1119978ms] [ERROR] Failed to load resource: net::ERR_CONNECTION_REFUSED @ http://localhost:8511/_stcore/host-config:0
[ 1121876ms] [ERROR] Failed to load resource: net::ERR_CONNECTION_REFUSED @ http://localhost:8511/_stcore/health:0
[ 1121876ms] [ERROR] Client Error in reaching server endpoint - No response received when attempting to reach /_stcore/health @ http://localhost:8511/static/js/index.D2ZqaFuW.js:16
[ 1121876ms] [ERROR] Is Streamlit still running? If you accidentally stopped Streamlit, just restart it in your terminal: @ http://localhost:8511/static/js/index.D2ZqaFuW.js:21
[ 1121999ms] [ERROR] Failed to load resource: net::ERR_CONNECTION_REFUSED @ http://localhost:8511/_stcore/host-config:0
[ 1123884ms] [ERROR] Failed to load resource: net::ERR_CONNECTION_REFUSED @ http://localhost:8511/_stcore/health:0
[ 1123884ms] [ERROR] Client Error in reaching server endpoint - No response received when attempting to reach /_stcore/health @ http://localhost:8511/static/js/index.D2ZqaFuW.js:16
[ 1123884ms] [ERROR] Is Streamlit still running? If you accidentally stopped Streamlit, just restart it in your terminal: @ http://localhost:8511/static/js/index.D2ZqaFuW.js:21
[ 1123994ms] [ERROR] Failed to load resource: net::ERR_CONNECTION_REFUSED @ http://localhost:8511/_stcore/host-config:0
[ 1125892ms] [ERROR] Failed to load resource: net::ERR_CONNECTION_REFUSED @ http://localhost:8511/_stcore/health:0
[ 1125892ms] [ERROR] Client Error in reaching server endpoint - No response received when attempting to reach /_stcore/health @ http://localhost:8511/static/js/index.D2ZqaFuW.js:16
[ 1125892ms] [ERROR] Is Streamlit still running? If you accidentally stopped Streamlit, just restart it in your terminal: @ http://localhost:8511/static/js/index.D2ZqaFuW.js:21
[ 1126017ms] [ERROR] Failed to load resource: net::ERR_CONNECTION_REFUSED @ http://localhost:8511/_stcore/host-config:0
[ 1127898ms] [ERROR] Failed to load resource: net::ERR_CONNECTION_REFUSED @ http://localhost:8511/_stcore/host-config:0
[ 1127898ms] [ERROR] Client Error in reaching server endpoint - No response received when attempting to reach /_stcore/host-config @ http://localhost:8511/static/js/index.D2ZqaFuW.js:16
[ 1127898ms] [ERROR] Is Streamlit still running? If you accidentally stopped Streamlit, just restart it in your terminal: @ http://localhost:8511/static/js/index.D2ZqaFuW.js:21
[ 1128010ms] [ERROR] Failed to load resource: net::ERR_CONNECTION_REFUSED @ http://localhost:8511/_stcore/health:0
[ 1129906ms] [ERROR] Failed to load resource: net::ERR_CONNECTION_REFUSED @ http://localhost:8511/_stcore/health:0
[ 1129907ms] [ERROR] Client Error in reaching server endpoint - No response received when attempting to reach /_stcore/health @ http://localhost:8511/static/js/index.D2ZqaFuW.js:16
[ 1129907ms] [ERROR] Is Streamlit still running? If you accidentally stopped Streamlit, just restart it in your terminal: @ http://localhost:8511/static/js/index.D2ZqaFuW.js:21
[ 1130013ms] [ERROR] Failed to load resource: net::ERR_CONNECTION_REFUSED @ http://localhost:8511/_stcore/host-config:0
[ 1131913ms] [ERROR] Failed to load resource: net::ERR_CONNECTION_REFUSED @ http://localhost:8511/_stcore/health:0
[ 1131914ms] [ERROR] Client Error in reaching server endpoint - No response received when attempting to reach /_stcore/health @ http://localhost:8511/static/js/index.D2ZqaFuW.js:16
[ 1131914ms] [ERROR] Is Streamlit still running? If you accidentally stopped Streamlit, just restart it in your terminal: @ http://localhost:8511/static/js/index.D2ZqaFuW.js:21
[ 1132038ms] [ERROR] Failed to load resource: net::ERR_CONNECTION_REFUSED @ http://localhost:8511/_stcore/host-config:0
[ 1133921ms] [ERROR] Failed to load resource: net::ERR_CONNECTION_REFUSED @ http://localhost:8511/_stcore/health:0
[ 1133922ms] [ERROR] Client Error in reaching server endpoint - No response received when attempting to reach /_stcore/health @ http://localhost:8511/static/js/index.D2ZqaFuW.js:16
[ 1133922ms] [ERROR] Is Streamlit still running? If you accidentally stopped Streamlit, just restart it in your terminal: @ http://localhost:8511/static/js/index.D2ZqaFuW.js:21
[ 1134030ms] [ERROR] Failed to load resource: net::ERR_CONNECTION_REFUSED @ http://localhost:8511/_stcore/host-config:0
[ 1135930ms] [ERROR] Failed to load resource: net::ERR_CONNECTION_REFUSED @ http://localhost:8511/_stcore/health:0
[ 1135930ms] [ERROR] Client Error in reaching server endpoint - No response received when attempting to reach /_stcore/health @ http://localhost:8511/static/js/index.D2ZqaFuW.js:16
[ 1135931ms] [ERROR] Is Streamlit still running? If you accidentally stopped Streamlit, just restart it in your terminal: @ http://localhost:8511/static/js/index.D2ZqaFuW.js:21
[ 1135931ms] [ERROR] Failed to load resource: net::ERR_CONNECTION_REFUSED @ http://localhost:8511/_stcore/host-config:0
[ 1137938ms] [ERROR] Failed to load resource: net::ERR_CONNECTION_REFUSED @ http://localhost:8511/_stcore/health:0
[ 1137938ms] [ERROR] Client Error in reaching server endpoint - No response received when attempting to reach /_stcore/health @ http://localhost:8511/static/js/index.D2ZqaFuW.js:16
[ 1137938ms] [ERROR] Is Streamlit still running? If you accidentally stopped Streamlit, just restart it in your terminal: @ http://localhost:8511/static/js/index.D2ZqaFuW.js:21
[ 1138048ms] [ERROR] Failed to load resource: net::ERR_CONNECTION_REFUSED @ http://localhost:8511/_stcore/host-config:0
[ 1139945ms] [ERROR] Failed to load resource: net::ERR_CONNECTION_REFUSED @ http://localhost:8511/_stcore/health:0
[ 1139945ms] [ERROR] Client Error in reaching server endpoint - No response received when attempting to reach /_stcore/health @ http://localhost:8511/static/js/index.D2ZqaFuW.js:16
[ 1139946ms] [ERROR] Is Streamlit still running? If you accidentally stopped Streamlit, just restart it in your terminal: @ http://localhost:8511/static/js/index.D2ZqaFuW.js:21
[ 1140060ms] [ERROR] Failed to load resource: net::ERR_CONNECTION_REFUSED @ http://localhost:8511/_stcore/host-config:0
[ 1141953ms] [ERROR] Failed to load resource: net::ERR_CONNECTION_REFUSED @ http://localhost:8511/_stcore/health:0
[ 1141953ms] [ERROR] Client Error in reaching server endpoint - No response received when attempting to reach /_stcore/health @ http://localhost:8511/static/js/index.D2ZqaFuW.js:16
[ 1141953ms] [ERROR] Is Streamlit still running? If you accidentally stopped Streamlit, just restart it in your terminal: @ http://localhost:8511/static/js/index.D2ZqaFuW.js:21
[ 1142074ms] [ERROR] Failed to load resource: net::ERR_CONNECTION_REFUSED @ http://localhost:8511/_stcore/host-config:0
[ 1143961ms] [ERROR] Failed to load resource: net::ERR_CONNECTION_REFUSED @ http://localhost:8511/_stcore/host-config:0
[ 1143961ms] [ERROR] Client Error in reaching server endpoint - No response received when attempting to reach /_stcore/host-config @ http://localhost:8511/static/js/index.D2ZqaFuW.js:16
[ 1143961ms] [ERROR] Is Streamlit still running? If you accidentally stopped Streamlit, just restart it in your terminal: @ http://localhost:8511/static/js/index.D2ZqaFuW.js:21
[ 1144071ms] [ERROR] Failed to load resource: net::ERR_CONNECTION_REFUSED @ http://localhost:8511/_stcore/health:0
[ 1145969ms] [ERROR] Failed to load resource: net::ERR_CONNECTION_REFUSED @ http://localhost:8511/_stcore/host-config:0
[ 1145970ms] [ERROR] Client Error in reaching server endpoint - No response received when attempting to reach /_stcore/host-config @ http://localhost:8511/static/js/index.D2ZqaFuW.js:16
[ 1145970ms] [ERROR] Is Streamlit still running? If you accidentally stopped Streamlit, just restart it in your terminal: @ http://localhost:8511/static/js/index.D2ZqaFuW.js:21
[ 1146093ms] [ERROR] Failed to load resource: net::ERR_CONNECTION_REFUSED @ http://localhost:8511/_stcore/health:0
[ 1147977ms] [ERROR] Failed to load resource: net::ERR_CONNECTION_REFUSED @ http://localhost:8511/_stcore/health:0
[ 1147977ms] [ERROR] Client Error in reaching server endpoint - No response received when attempting to reach /_stcore/health @ http://localhost:8511/static/js/index.D2ZqaFuW.js:16
[ 1147977ms] [ERROR] Is Streamlit still running? If you accidentally stopped Streamlit, just restart it in your terminal: @ http://localhost:8511/static/js/index.D2ZqaFuW.js:21
[ 1148085ms] [ERROR] Failed to load resource: net::ERR_CONNECTION_REFUSED @ http://localhost:8511/_stcore/host-config:0
[ 1149985ms] [ERROR] Failed to load resource: net::ERR_CONNECTION_REFUSED @ http://localhost:8511/_stcore/health:0
[ 1149985ms] [ERROR] Client Error in reaching server endpoint - No response received when attempting to reach /_stcore/health @ http://localhost:8511/static/js/index.D2ZqaFuW.js:16
[ 1149985ms] [ERROR] Is Streamlit still running? If you accidentally stopped Streamlit, just restart it in your terminal: @ http://localhost:8511/static/js/index.D2ZqaFuW.js:21
[ 1150094ms] [ERROR] Failed to load resource: net::ERR_CONNECTION_REFUSED @ http://localhost:8511/_stcore/host-config:0
[ 1151992ms] [ERROR] Failed to load resource: net::ERR_CONNECTION_REFUSED @ http://localhost:8511/_stcore/health:0
[ 1151993ms] [ERROR] Client Error in reaching server endpoint - No response received when attempting to reach /_stcore/health @ http://localhost:8511/static/js/index.D2ZqaFuW.js:16
[ 1151993ms] [ERROR] Is Streamlit still running? If you accidentally stopped Streamlit, just restart it in your terminal: @ http://localhost:8511/static/js/index.D2ZqaFuW.js:21
[ 1152119ms] [ERROR] Failed to load resource: net::ERR_CONNECTION_REFUSED @ http://localhost:8511/_stcore/host-config:0
[ 1153999ms] [ERROR] Failed to load resource: net::ERR_CONNECTION_REFUSED @ http://localhost:8511/_stcore/health:0
[ 1153999ms] [ERROR] Client Error in reaching server endpoint - No response received when attempting to reach /_stcore/health @ http://localhost:8511/static/js/index.D2ZqaFuW.js:16
[ 1154000ms] [ERROR] Is Streamlit still running? If you accidentally stopped Streamlit, just restart it in your terminal: @ http://localhost:8511/static/js/index.D2ZqaFuW.js:21
[ 1154109ms] [ERROR] Failed to load resource: net::ERR_CONNECTION_REFUSED @ http://localhost:8511/_stcore/host-config:0
[ 1156007ms] [ERROR] Failed to load resource: net::ERR_CONNECTION_REFUSED @ http://localhost:8511/_stcore/health:0
[ 1156007ms] [ERROR] Client Error in reaching server endpoint - No response received when attempting to reach /_stcore/health @ http://localhost:8511/static/js/index.D2ZqaFuW.js:16
[ 1156007ms] [ERROR] Is Streamlit still running? If you accidentally stopped Streamlit, just restart it in your terminal: @ http://localhost:8511/static/js/index.D2ZqaFuW.js:21
[ 1156130ms] [ERROR] Failed to load resource: net::ERR_CONNECTION_REFUSED @ http://localhost:8511/_stcore/host-config:0
[ 1158014ms] [ERROR] Failed to load resource: net::ERR_CONNECTION_REFUSED @ http://localhost:8511/_stcore/host-config:0
[ 1158015ms] [ERROR] Client Error in reaching server endpoint - No response received when attempting to reach /_stcore/host-config @ http://localhost:8511/static/js/index.D2ZqaFuW.js:16
[ 1158015ms] [ERROR] Is Streamlit still running? If you accidentally stopped Streamlit, just restart it in your terminal: @ http://localhost:8511/static/js/index.D2ZqaFuW.js:21
[ 1158125ms] [ERROR] Failed to load resource: net::ERR_CONNECTION_REFUSED @ http://localhost:8511/_stcore/health:0
[ 1160022ms] [ERROR] Failed to load resource: net::ERR_CONNECTION_REFUSED @ http://localhost:8511/_stcore/health:0
[ 1160023ms] [ERROR] Client Error in reaching server endpoint - No response received when attempting to reach /_stcore/health @ http://localhost:8511/static/js/index.D2ZqaFuW.js:16
[ 1160023ms] [ERROR] Is Streamlit still running? If you accidentally stopped Streamlit, just restart it in your terminal: @ http://localhost:8511/static/js/index.D2ZqaFuW.js:21
[ 1160134ms] [ERROR] Failed to load resource: net::ERR_CONNECTION_REFUSED @ http://localhost:8511/_stcore/host-config:0
[ 1162030ms] [ERROR] Failed to load resource: net::ERR_CONNECTION_REFUSED @ http://localhost:8511/_stcore/health:0
[ 1162030ms] [ERROR] Client Error in reaching server endpoint - No response received when attempting to reach /_stcore/health @ http://localhost:8511/static/js/index.D2ZqaFuW.js:16
[ 1162030ms] [ERROR] Is Streamlit still running? If you accidentally stopped Streamlit, just restart it in your terminal: @ http://localhost:8511/static/js/index.D2ZqaFuW.js:21
[ 1162140ms] [ERROR] Failed to load resource: net::ERR_CONNECTION_REFUSED @ http://localhost:8511/_stcore/host-config:0
[ 1164038ms] [ERROR] Failed to load resource: net::ERR_CONNECTION_REFUSED @ http://localhost:8511/_stcore/health:0
[ 1164038ms] [ERROR] Client Error in reaching server endpoint - No response received when attempting to reach /_stcore/health @ http://localhost:8511/static/js/index.D2ZqaFuW.js:16
[ 1164038ms] [ERROR] Is Streamlit still running? If you accidentally stopped Streamlit, just restart it in your terminal: @ http://localhost:8511/static/js/index.D2ZqaFuW.js:21
[ 1164164ms] [ERROR] Failed to load resource: net::ERR_CONNECTION_REFUSED @ http://localhost:8511/_stcore/host-config:0
[ 1166046ms] [ERROR] Failed to load resource: net::ERR_CONNECTION_REFUSED @ http://localhost:8511/_stcore/host-config:0
[ 1166046ms] [ERROR] Client Error in reaching server endpoint - No response received when attempting to reach /_stcore/host-config @ http://localhost:8511/static/js/index.D2ZqaFuW.js:16
[ 1166046ms] [ERROR] Is Streamlit still running? If you accidentally stopped Streamlit, just restart it in your terminal: @ http://localhost:8511/static/js/index.D2ZqaFuW.js:21
[ 1166157ms] [ERROR] Failed to load resource: net::ERR_CONNECTION_REFUSED @ http://localhost:8511/_stcore/health:0
[ 1168053ms] [ERROR] Failed to load resource: net::ERR_CONNECTION_REFUSED @ http://localhost:8511/_stcore/host-config:0
[ 1168053ms] [ERROR] Client Error in reaching server endpoint - No response received when attempting to reach /_stcore/host-config @ http://localhost:8511/static/js/index.D2ZqaFuW.js:16
[ 1168054ms] [ERROR] Is Streamlit still running? If you accidentally stopped Streamlit, just restart it in your terminal: @ http://localhost:8511/static/js/index.D2ZqaFuW.js:21
[ 1168167ms] [ERROR] Failed to load resource: net::ERR_CONNECTION_REFUSED @ http://localhost:8511/_stcore/health:0
[ 1170061ms] [ERROR] Failed to load resource: net::ERR_CONNECTION_REFUSED @ http://localhost:8511/_stcore/host-config:0
[ 1170061ms] [ERROR] Client Error in reaching server endpoint - No response received when attempting to reach /_stcore/host-config @ http://localhost:8511/static/js/index.D2ZqaFuW.js:16
[ 1170061ms] [ERROR] Is Streamlit still running? If you accidentally stopped Streamlit, just restart it in your terminal: @ http://localhost:8511/static/js/index.D2ZqaFuW.js:21
[ 1170184ms] [ERROR] Failed to load resource: net::ERR_CONNECTION_REFUSED @ http://localhost:8511/_stcore/health:0
[ 1172068ms] [ERROR] Failed to load resource: net::ERR_CONNECTION_REFUSED @ http://localhost:8511/_stcore/host-config:0
[ 1172069ms] [ERROR] Client Error in reaching server endpoint - No response received when attempting to reach /_stcore/host-config @ http://localhost:8511/static/js/index.D2ZqaFuW.js:16
[ 1172069ms] [ERROR] Is Streamlit still running? If you accidentally stopped Streamlit, just restart it in your terminal: @ http://localhost:8511/static/js/index.D2ZqaFuW.js:21
[ 1172177ms] [ERROR] Failed to load resource: net::ERR_CONNECTION_REFUSED @ http://localhost:8511/_stcore/health:0
[ 1174075ms] [ERROR] Failed to load resource: net::ERR_CONNECTION_REFUSED @ http://localhost:8511/_stcore/health:0
[ 1174075ms] [ERROR] Client Error in reaching server endpoint - No response received when attempting to reach /_stcore/health @ http://localhost:8511/static/js/index.D2ZqaFuW.js:16
[ 1174075ms] [ERROR] Is Streamlit still running? If you accidentally stopped Streamlit, just restart it in your terminal: @ http://localhost:8511/static/js/index.D2ZqaFuW.js:21
[ 1174198ms] [ERROR] Failed to load resource: net::ERR_CONNECTION_REFUSED @ http://localhost:8511/_stcore/host-config:0
[ 1176083ms] [ERROR] Failed to load resource: net::ERR_CONNECTION_REFUSED @ http://localhost:8511/_stcore/health:0
[ 1176083ms] [ERROR] Client Error in reaching server endpoint - No response received when attempting to reach /_stcore/health @ http://localhost:8511/static/js/index.D2ZqaFuW.js:16
[ 1176083ms] [ERROR] Is Streamlit still running? If you accidentally stopped Streamlit, just restart it in your terminal: @ http://localhost:8511/static/js/index.D2ZqaFuW.js:21
[ 1176194ms] [ERROR] Failed to load resource: net::ERR_CONNECTION_REFUSED @ http://localhost:8511/_stcore/host-config:0
[ 1178092ms] [ERROR] Failed to load resource: net::ERR_CONNECTION_REFUSED @ http://localhost:8511/_stcore/health:0
[ 1178092ms] [ERROR] Client Error in reaching server endpoint - No response received when attempting to reach /_stcore/health @ http://localhost:8511/static/js/index.D2ZqaFuW.js:16
[ 1178092ms] [ERROR] Is Streamlit still running? If you accidentally stopped Streamlit, just restart it in your terminal: @ http://localhost:8511/static/js/index.D2ZqaFuW.js:21
[ 1178196ms] [ERROR] Failed to load resource: net::ERR_CONNECTION_REFUSED @ http://localhost:8511/_stcore/host-config:0
[ 1180099ms] [ERROR] Failed to load resource: net::ERR_CONNECTION_REFUSED @ http://localhost:8511/_stcore/health:0
[ 1180099ms] [ERROR] Client Error in reaching server endpoint - No response received when attempting to reach /_stcore/health @ http://localhost:8511/static/js/index.D2ZqaFuW.js:16
[ 1180100ms] [ERROR] Is Streamlit still running? If you accidentally stopped Streamlit, just restart it in your terminal: @ http://localhost:8511/static/js/index.D2ZqaFuW.js:21
[ 1180223ms] [ERROR] Failed to load resource: net::ERR_CONNECTION_REFUSED @ http://localhost:8511/_stcore/host-config:0
[ 1182107ms] [ERROR] Failed to load resource: net::ERR_CONNECTION_REFUSED @ http://localhost:8511/_stcore/host-config:0
[ 1182108ms] [ERROR] Client Error in reaching server endpoint - No response received when attempting to reach /_stcore/host-config @ http://localhost:8511/static/js/index.D2ZqaFuW.js:16
[ 1182108ms] [ERROR] Is Streamlit still running? If you accidentally stopped Streamlit, just restart it in your terminal: @ http://localhost:8511/static/js/index.D2ZqaFuW.js:21
[ 1182214ms] [ERROR] Failed to load resource: net::ERR_CONNECTION_REFUSED @ http://localhost:8511/_stcore/health:0
[ 1184116ms] [ERROR] Failed to load resource: net::ERR_CONNECTION_REFUSED @ http://localhost:8511/_stcore/host-config:0
[ 1184116ms] [ERROR] Client Error in reaching server endpoint - No response received when attempting to reach /_stcore/host-config @ http://localhost:8511/static/js/index.D2ZqaFuW.js:16
[ 1184116ms] [ERROR] Is Streamlit still running? If you accidentally stopped Streamlit, just restart it in your terminal: @ http://localhost:8511/static/js/index.D2ZqaFuW.js:21
[ 1184238ms] [ERROR] Failed to load resource: net::ERR_CONNECTION_REFUSED @ http://localhost:8511/_stcore/health:0
[ 1186123ms] [ERROR] Failed to load resource: net::ERR_CONNECTION_REFUSED @ http://localhost:8511/_stcore/health:0
[ 1186123ms] [ERROR] Client Error in reaching server endpoint - No response received when attempting to reach /_stcore/health @ http://localhost:8511/static/js/index.D2ZqaFuW.js:16
[ 1186123ms] [ERROR] Is Streamlit still running? If you accidentally stopped Streamlit, just restart it in your terminal: @ http://localhost:8511/static/js/index.D2ZqaFuW.js:21
[ 1186232ms] [ERROR] Failed to load resource: net::ERR_CONNECTION_REFUSED @ http://localhost:8511/_stcore/host-config:0
[ 1188130ms] [ERROR] Failed to load resource: net::ERR_CONNECTION_REFUSED @ http://localhost:8511/_stcore/health:0
[ 1188130ms] [ERROR] Client Error in reaching server endpoint - No response received when attempting to reach /_stcore/health @ http://localhost:8511/static/js/index.D2ZqaFuW.js:16
[ 1188130ms] [ERROR] Is Streamlit still running? If you accidentally stopped Streamlit, just restart it in your terminal: @ http://localhost:8511/static/js/index.D2ZqaFuW.js:21
[ 1188131ms] [ERROR] Failed to load resource: net::ERR_CONNECTION_REFUSED @ http://localhost:8511/_stcore/host-config:0
[ 1190138ms] [ERROR] Failed to load resource: net::ERR_CONNECTION_REFUSED @ http://localhost:8511/_stcore/host-config:0
[ 1190138ms] [ERROR] Client Error in reaching server endpoint - No response received when attempting to reach /_stcore/host-config @ http://localhost:8511/static/js/index.D2ZqaFuW.js:16
[ 1190139ms] [ERROR] Is Streamlit still running? If you accidentally stopped Streamlit, just restart it in your terminal: @ http://localhost:8511/static/js/index.D2ZqaFuW.js:21
[ 1190265ms] [ERROR] Failed to load resource: net::ERR_CONNECTION_REFUSED @ http://localhost:8511/_stcore/health:0
[ 1192146ms] [ERROR] Failed to load resource: net::ERR_CONNECTION_REFUSED @ http://localhost:8511/_stcore/health:0
[ 1192146ms] [ERROR] Client Error in reaching server endpoint - No response received when attempting to reach /_stcore/health @ http://localhost:8511/static/js/index.D2ZqaFuW.js:16
[ 1192146ms] [ERROR] Is Streamlit still running? If you accidentally stopped Streamlit, just restart it in your terminal: @ http://localhost:8511/static/js/index.D2ZqaFuW.js:21
[ 1192256ms] [ERROR] Failed to load resource: net::ERR_CONNECTION_REFUSED @ http://localhost:8511/_stcore/host-config:0
[ 1194153ms] [ERROR] Failed to load resource: net::ERR_CONNECTION_REFUSED @ http://localhost:8511/_stcore/health:0
[ 1194153ms] [ERROR] Client Error in reaching server endpoint - No response received when attempting to reach /_stcore/health @ http://localhost:8511/static/js/index.D2ZqaFuW.js:16
[ 1194153ms] [ERROR] Is Streamlit still running? If you accidentally stopped Streamlit, just restart it in your terminal: @ http://localhost:8511/static/js/index.D2ZqaFuW.js:21
[ 1194279ms] [ERROR] Failed to load resource: net::ERR_CONNECTION_REFUSED @ http://localhost:8511/_stcore/host-config:0
[ 1196160ms] [ERROR] Failed to load resource: net::ERR_CONNECTION_REFUSED @ http://localhost:8511/_stcore/health:0
[ 1196160ms] [ERROR] Client Error in reaching server endpoint - No response received when attempting to reach /_stcore/health @ http://localhost:8511/static/js/index.D2ZqaFuW.js:16
[ 1196161ms] [ERROR] Is Streamlit still running? If you accidentally stopped Streamlit, just restart it in your terminal: @ http://localhost:8511/static/js/index.D2ZqaFuW.js:21
[ 1196268ms] [ERROR] Failed to load resource: net::ERR_CONNECTION_REFUSED @ http://localhost:8511/_stcore/host-config:0
[ 1198167ms] [ERROR] Failed to load resource: net::ERR_CONNECTION_REFUSED @ http://localhost:8511/_stcore/health:0
[ 1198168ms] [ERROR] Client Error in reaching server endpoint - No response received when attempting to reach /_stcore/health @ http://localhost:8511/static/js/index.D2ZqaFuW.js:16
[ 1198168ms] [ERROR] Is Streamlit still running? If you accidentally stopped Streamlit, just restart it in your terminal: @ http://localhost:8511/static/js/index.D2ZqaFuW.js:21
[ 1198276ms] [ERROR] Failed to load resource: net::ERR_CONNECTION_REFUSED @ http://localhost:8511/_stcore/host-config:0
[ 1200175ms] [ERROR] Failed to load resource: net::ERR_CONNECTION_REFUSED @ http://localhost:8511/_stcore/health:0
[ 1200176ms] [ERROR] Client Error in reaching server endpoint - No response received when attempting to reach /_stcore/health @ http://localhost:8511/static/js/index.D2ZqaFuW.js:16
[ 1200176ms] [ERROR] Is Streamlit still running? If you accidentally stopped Streamlit, just restart it in your terminal: @ http://localhost:8511/static/js/index.D2ZqaFuW.js:21
[ 1200298ms] [ERROR] Failed to load resource: net::ERR_CONNECTION_REFUSED @ http://localhost:8511/_stcore/host-config:0
[ 1202182ms] [ERROR] Failed to load resource: net::ERR_CONNECTION_REFUSED @ http://localhost:8511/_stcore/health:0
[ 1202182ms] [ERROR] Client Error in reaching server endpoint - No response received when attempting to reach /_stcore/health @ http://localhost:8511/static/js/index.D2ZqaFuW.js:16
[ 1202182ms] [ERROR] Is Streamlit still running? If you accidentally stopped Streamlit, just restart it in your terminal: @ http://localhost:8511/static/js/index.D2ZqaFuW.js:21
[ 1202290ms] [ERROR] Failed to load resource: net::ERR_CONNECTION_REFUSED @ http://localhost:8511/_stcore/host-config:0
[ 1204189ms] [ERROR] Failed to load resource: net::ERR_CONNECTION_REFUSED @ http://localhost:8511/_stcore/health:0
[ 1204189ms] [ERROR] Client Error in reaching server endpoint - No response received when attempting to reach /_stcore/health @ http://localhost:8511/static/js/index.D2ZqaFuW.js:16
[ 1204190ms] [ERROR] Is Streamlit still running? If you accidentally stopped Streamlit, just restart it in your terminal: @ http://localhost:8511/static/js/index.D2ZqaFuW.js:21
[ 1204312ms] [ERROR] Failed to load resource: net::ERR_CONNECTION_REFUSED @ http://localhost:8511/_stcore/host-config:0
[ 1206197ms] [ERROR] Failed to load resource: net::ERR_CONNECTION_REFUSED @ http://localhost:8511/_stcore/health:0
[ 1206197ms] [ERROR] Client Error in reaching server endpoint - No response received when attempting to reach /_stcore/health @ http://localhost:8511/static/js/index.D2ZqaFuW.js:16
[ 1206198ms] [ERROR] Is Streamlit still running? If you accidentally stopped Streamlit, just restart it in your terminal: @ http://localhost:8511/static/js/index.D2ZqaFuW.js:21
[ 1206308ms] [ERROR] Failed to load resource: net::ERR_CONNECTION_REFUSED @ http://localhost:8511/_stcore/host-config:0
[ 1208205ms] [ERROR] Failed to load resource: net::ERR_CONNECTION_REFUSED @ http://localhost:8511/_stcore/host-config:0
[ 1208205ms] [ERROR] Client Error in reaching server endpoint - No response received when attempting to reach /_stcore/host-config @ http://localhost:8511/static/js/index.D2ZqaFuW.js:16
[ 1208205ms] [ERROR] Is Streamlit still running? If you accidentally stopped Streamlit, just restart it in your terminal: @ http://localhost:8511/static/js/index.D2ZqaFuW.js:21
[ 1208314ms] [ERROR] Failed to load resource: net::ERR_CONNECTION_REFUSED @ http://localhost:8511/_stcore/health:0
[ 1210213ms] [ERROR] Failed to load resource: net::ERR_CONNECTION_REFUSED @ http://localhost:8511/_stcore/health:0
[ 1210213ms] [ERROR] Client Error in reaching server endpoint - No response received when attempting to reach /_stcore/health @ http://localhost:8511/static/js/index.D2ZqaFuW.js:16
[ 1210213ms] [ERROR] Is Streamlit still running? If you accidentally stopped Streamlit, just restart it in your terminal: @ http://localhost:8511/static/js/index.D2ZqaFuW.js:21
[ 1210322ms] [ERROR] Failed to load resource: net::ERR_CONNECTION_REFUSED @ http://localhost:8511/_stcore/host-config:0
[ 1212221ms] [ERROR] Failed to load resource: net::ERR_CONNECTION_REFUSED @ http://localhost:8511/_stcore/health:0
[ 1212222ms] [ERROR] Client Error in reaching server endpoint - No response received when attempting to reach /_stcore/health @ http://localhost:8511/static/js/index.D2ZqaFuW.js:16
[ 1212222ms] [ERROR] Is Streamlit still running? If you accidentally stopped Streamlit, just restart it in your terminal: @ http://localhost:8511/static/js/index.D2ZqaFuW.js:21
[ 1212351ms] [ERROR] Failed to load resource: net::ERR_CONNECTION_REFUSED @ http://localhost:8511/_stcore/host-config:0
[ 1214229ms] [ERROR] Failed to load resource: net::ERR_CONNECTION_REFUSED @ http://localhost:8511/_stcore/health:0
[ 1214229ms] [ERROR] Client Error in reaching server endpoint - No response received when attempting to reach /_stcore/health @ http://localhost:8511/static/js/index.D2ZqaFuW.js:16
[ 1214229ms] [ERROR] Is Streamlit still running? If you accidentally stopped Streamlit, just restart it in your terminal: @ http://localhost:8511/static/js/index.D2ZqaFuW.js:21
[ 1214337ms] [ERROR] Failed to load resource: net::ERR_CONNECTION_REFUSED @ http://localhost:8511/_stcore/host-config:0
[ 1216236ms] [ERROR] Failed to load resource: net::ERR_CONNECTION_REFUSED @ http://localhost:8511/_stcore/health:0
[ 1216236ms] [ERROR] Client Error in reaching server endpoint - No response received when attempting to reach /_stcore/health @ http://localhost:8511/static/js/index.D2ZqaFuW.js:16
[ 1216237ms] [ERROR] Is Streamlit still running? If you accidentally stopped Streamlit, just restart it in your terminal: @ http://localhost:8511/static/js/index.D2ZqaFuW.js:21
[ 1216341ms] [ERROR] Failed to load resource: net::ERR_CONNECTION_REFUSED @ http://localhost:8511/_stcore/host-config:0
[ 1218243ms] [ERROR] Failed to load resource: net::ERR_CONNECTION_REFUSED @ http://localhost:8511/_stcore/health:0
[ 1218243ms] [ERROR] Client Error in reaching server endpoint - No response received when attempting to reach /_stcore/health @ http://localhost:8511/static/js/index.D2ZqaFuW.js:16
[ 1218243ms] [ERROR] Is Streamlit still running? If you accidentally stopped Streamlit, just restart it in your terminal: @ http://localhost:8511/static/js/index.D2ZqaFuW.js:21
[ 1218368ms] [ERROR] Failed to load resource: net::ERR_CONNECTION_REFUSED @ http://localhost:8511/_stcore/host-config:0
[ 1220250ms] [ERROR] Failed to load resource: net::ERR_CONNECTION_REFUSED @ http://localhost:8511/_stcore/health:0
[ 1220251ms] [ERROR] Client Error in reaching server endpoint - No response received when attempting to reach /_stcore/health @ http://localhost:8511/static/js/index.D2ZqaFuW.js:16
[ 1220251ms] [ERROR] Is Streamlit still running? If you accidentally stopped Streamlit, just restart it in your terminal: @ http://localhost:8511/static/js/index.D2ZqaFuW.js:21
[ 1220360ms] [ERROR] Failed to load resource: net::ERR_CONNECTION_REFUSED @ http://localhost:8511/_stcore/host-config:0
[ 1222258ms] [ERROR] Failed to load resource: net::ERR_CONNECTION_REFUSED @ http://localhost:8511/_stcore/health:0
[ 1222258ms] [ERROR] Client Error in reaching server endpoint - No response received when attempting to reach /_stcore/health @ http://localhost:8511/static/js/index.D2ZqaFuW.js:16
[ 1222258ms] [ERROR] Is Streamlit still running? If you accidentally stopped Streamlit, just restart it in your terminal: @ http://localhost:8511/static/js/index.D2ZqaFuW.js:21
[ 1222377ms] [ERROR] Failed to load resource: net::ERR_CONNECTION_REFUSED @ http://localhost:8511/_stcore/host-config:0
[ 1224265ms] [ERROR] Failed to load resource: net::ERR_CONNECTION_REFUSED @ http://localhost:8511/_stcore/health:0
[ 1224265ms] [ERROR] Client Error in reaching server endpoint - No response received when attempting to reach /_stcore/health @ http://localhost:8511/static/js/index.D2ZqaFuW.js:16
[ 1224266ms] [ERROR] Is Streamlit still running? If you accidentally stopped Streamlit, just restart it in your terminal: @ http://localhost:8511/static/js/index.D2ZqaFuW.js:21
[ 1224373ms] [ERROR] Failed to load resource: net::ERR_CONNECTION_REFUSED @ http://localhost:8511/_stcore/host-config:0
[ 1226272ms] [ERROR] Failed to load resource: net::ERR_CONNECTION_REFUSED @ http://localhost:8511/_stcore/health:0
[ 1226272ms] [ERROR] Client Error in reaching server endpoint - No response received when attempting to reach /_stcore/health @ http://localhost:8511/static/js/index.D2ZqaFuW.js:16
[ 1226272ms] [ERROR] Is Streamlit still running? If you accidentally stopped Streamlit, just restart it in your terminal: @ http://localhost:8511/static/js/index.D2ZqaFuW.js:21
[ 1226378ms] [ERROR] Failed to load resource: net::ERR_CONNECTION_REFUSED @ http://localhost:8511/_stcore/host-config:0
[ 1228279ms] [ERROR] Failed to load resource: net::ERR_CONNECTION_REFUSED @ http://localhost:8511/_stcore/host-config:0
[ 1228279ms] [ERROR] Client Error in reaching server endpoint - No response received when attempting to reach /_stcore/host-config @ http://localhost:8511/static/js/index.D2ZqaFuW.js:16
[ 1228280ms] [ERROR] Is Streamlit still running? If you accidentally stopped Streamlit, just restart it in your terminal: @ http://localhost:8511/static/js/index.D2ZqaFuW.js:21
[ 1228400ms] [ERROR] Failed to load resource: net::ERR_CONNECTION_REFUSED @ http://localhost:8511/_stcore/health:0
[ 1230287ms] [ERROR] Failed to load resource: net::ERR_CONNECTION_REFUSED @ http://localhost:8511/_stcore/health:0
[ 1230288ms] [ERROR] Client Error in reaching server endpoint - No response received when attempting to reach /_stcore/health @ http://localhost:8511/static/js/index.D2ZqaFuW.js:16
[ 1230288ms] [ERROR] Is Streamlit still running? If you accidentally stopped Streamlit, just restart it in your terminal: @ http://localhost:8511/static/js/index.D2ZqaFuW.js:21
[ 1230396ms] [ERROR] Failed to load resource: net::ERR_CONNECTION_REFUSED @ http://localhost:8511/_stcore/host-config:0
[ 1232296ms] [ERROR] Failed to load resource: net::ERR_CONNECTION_REFUSED @ http://localhost:8511/_stcore/health:0
[ 1232296ms] [ERROR] Client Error in reaching server endpoint - No response received when attempting to reach /_stcore/health @ http://localhost:8511/static/js/index.D2ZqaFuW.js:16
[ 1232296ms] [ERROR] Is Streamlit still running? If you accidentally stopped Streamlit, just restart it in your terminal: @ http://localhost:8511/static/js/index.D2ZqaFuW.js:21
[ 1232420ms] [ERROR] Failed to load resource: net::ERR_CONNECTION_REFUSED @ http://localhost:8511/_stcore/host-config:0
[ 1234303ms] [ERROR] Failed to load resource: net::ERR_CONNECTION_REFUSED @ http://localhost:8511/_stcore/health:0
[ 1234303ms] [ERROR] Client Error in reaching server endpoint - No response received when attempting to reach /_stcore/health @ http://localhost:8511/static/js/index.D2ZqaFuW.js:16
[ 1234303ms] [ERROR] Is Streamlit still running? If you accidentally stopped Streamlit, just restart it in your terminal: @ http://localhost:8511/static/js/index.D2ZqaFuW.js:21
[ 1234408ms] [ERROR] Failed to load resource: net::ERR_CONNECTION_REFUSED @ http://localhost:8511/_stcore/host-config:0
[ 1236311ms] [ERROR] Failed to load resource: net::ERR_CONNECTION_REFUSED @ http://localhost:8511/_stcore/health:0
[ 1236311ms] [ERROR] Client Error in reaching server endpoint - No response received when attempting to reach /_stcore/health @ http://localhost:8511/static/js/index.D2ZqaFuW.js:16
[ 1236311ms] [ERROR] Is Streamlit still running? If you accidentally stopped Streamlit, just restart it in your terminal: @ http://localhost:8511/static/js/index.D2ZqaFuW.js:21
[ 1236420ms] [ERROR] Failed to load resource: net::ERR_CONNECTION_REFUSED @ http://localhost:8511/_stcore/host-config:0
[ 1238318ms] [ERROR] Failed to load resource: net::ERR_CONNECTION_REFUSED @ http://localhost:8511/_stcore/health:0
[ 1238318ms] [ERROR] Client Error in reaching server endpoint - No response received when attempting to reach /_stcore/health @ http://localhost:8511/static/js/index.D2ZqaFuW.js:16
[ 1238318ms] [ERROR] Is Streamlit still running? If you accidentally stopped Streamlit, just restart it in your terminal: @ http://localhost:8511/static/js/index.D2ZqaFuW.js:21
[ 1238438ms] [ERROR] Failed to load resource: net::ERR_CONNECTION_REFUSED @ http://localhost:8511/_stcore/host-config:0
[ 1240323ms] [ERROR] Failed to load resource: net::ERR_CONNECTION_REFUSED @ http://localhost:8511/_stcore/health:0
[ 1240323ms] [ERROR] Client Error in reaching server endpoint - No response received when attempting to reach /_stcore/health @ http://localhost:8511/static/js/index.D2ZqaFuW.js:16
[ 1240323ms] [ERROR] Is Streamlit still running? If you accidentally stopped Streamlit, just restart it in your terminal: @ http://localhost:8511/static/js/index.D2ZqaFuW.js:21
[ 1240437ms] [ERROR] Failed to load resource: net::ERR_CONNECTION_REFUSED @ http://localhost:8511/_stcore/host-config:0
[ 1242331ms] [ERROR] Failed to load resource: net::ERR_CONNECTION_REFUSED @ http://localhost:8511/_stcore/health:0
[ 1242331ms] [ERROR] Client Error in reaching server endpoint - No response received when attempting to reach /_stcore/health @ http://localhost:8511/static/js/index.D2ZqaFuW.js:16
[ 1242331ms] [ERROR] Is Streamlit still running? If you accidentally stopped Streamlit, just restart it in your terminal: @ http://localhost:8511/static/js/index.D2ZqaFuW.js:21
[ 1242454ms] [ERROR] Failed to load resource: net::ERR_CONNECTION_REFUSED @ http://localhost:8511/_stcore/host-config:0
[ 1244338ms] [ERROR] Failed to load resource: net::ERR_CONNECTION_REFUSED @ http://localhost:8511/_stcore/health:0
[ 1244338ms] [ERROR] Client Error in reaching server endpoint - No response received when attempting to reach /_stcore/health @ http://localhost:8511/static/js/index.D2ZqaFuW.js:16
[ 1244339ms] [ERROR] Is Streamlit still running? If you accidentally stopped Streamlit, just restart it in your terminal: @ http://localhost:8511/static/js/index.D2ZqaFuW.js:21
[ 1244448ms] [ERROR] Failed to load resource: net::ERR_CONNECTION_REFUSED @ http://localhost:8511/_stcore/host-config:0
[ 1246347ms] [ERROR] Failed to load resource: net::ERR_CONNECTION_REFUSED @ http://localhost:8511/_stcore/health:0
[ 1246347ms] [ERROR] Client Error in reaching server endpoint - No response received when attempting to reach /_stcore/health @ http://localhost:8511/static/js/index.D2ZqaFuW.js:16
[ 1246347ms] [ERROR] Is Streamlit still running? If you accidentally stopped Streamlit, just restart it in your terminal: @ http://localhost:8511/static/js/index.D2ZqaFuW.js:21
[ 1246454ms] [ERROR] Failed to load resource: net::ERR_CONNECTION_REFUSED @ http://localhost:8511/_stcore/host-config:0
[ 1248355ms] [ERROR] Failed to load resource: net::ERR_CONNECTION_REFUSED @ http://localhost:8511/_stcore/health:0
[ 1248355ms] [ERROR] Client Error in reaching server endpoint - No response received when attempting to reach /_stcore/health @ http://localhost:8511/static/js/index.D2ZqaFuW.js:16
[ 1248355ms] [ERROR] Is Streamlit still running? If you accidentally stopped Streamlit, just restart it in your terminal: @ http://localhost:8511/static/js/index.D2ZqaFuW.js:21
[ 1248479ms] [ERROR] Failed to load resource: net::ERR_CONNECTION_REFUSED @ http://localhost:8511/_stcore/host-config:0
[ 1250362ms] [ERROR] Failed to load resource: net::ERR_CONNECTION_REFUSED @ http://localhost:8511/_stcore/health:0
[ 1250362ms] [ERROR] Client Error in reaching server endpoint - No response received when attempting to reach /_stcore/health @ http://localhost:8511/static/js/index.D2ZqaFuW.js:16
[ 1250363ms] [ERROR] Is Streamlit still running? If you accidentally stopped Streamlit, just restart it in your terminal: @ http://localhost:8511/static/js/index.D2ZqaFuW.js:21
[ 1250488ms] [ERROR] Failed to load resource: net::ERR_CONNECTION_REFUSED @ http://localhost:8511/_stcore/host-config:0
[ 1252371ms] [ERROR] Failed to load resource: net::ERR_CONNECTION_REFUSED @ http://localhost:8511/_stcore/health:0
[ 1252371ms] [ERROR] Client Error in reaching server endpoint - No response received when attempting to reach /_stcore/health @ http://localhost:8511/static/js/index.D2ZqaFuW.js:16
[ 1252371ms] [ERROR] Is Streamlit still running? If you accidentally stopped Streamlit, just restart it in your terminal: @ http://localhost:8511/static/js/index.D2ZqaFuW.js:21
[ 1252497ms] [ERROR] Failed to load resource: net::ERR_CONNECTION_REFUSED @ http://localhost:8511/_stcore/host-config:0
[ 1254379ms] [ERROR] Failed to load resource: net::ERR_CONNECTION_REFUSED @ http://localhost:8511/_stcore/health:0
[ 1254380ms] [ERROR] Client Error in reaching server endpoint - No response received when attempting to reach /_stcore/health @ http://localhost:8511/static/js/index.D2ZqaFuW.js:16
[ 1254380ms] [ERROR] Is Streamlit still running? If you accidentally stopped Streamlit, just restart it in your terminal: @ http://localhost:8511/static/js/index.D2ZqaFuW.js:21
[ 1254489ms] [ERROR] Failed to load resource: net::ERR_CONNECTION_REFUSED @ http://localhost:8511/_stcore/host-config:0
[ 1256387ms] [ERROR] Failed to load resource: net::ERR_CONNECTION_REFUSED @ http://localhost:8511/_stcore/health:0
[ 1256387ms] [ERROR] Client Error in reaching server endpoint - No response received when attempting to reach /_stcore/health @ http://localhost:8511/static/js/index.D2ZqaFuW.js:16
[ 1256387ms] [ERROR] Is Streamlit still running? If you accidentally stopped Streamlit, just restart it in your terminal: @ http://localhost:8511/static/js/index.D2ZqaFuW.js:21
[ 1256492ms] [ERROR] Failed to load resource: net::ERR_CONNECTION_REFUSED @ http://localhost:8511/_stcore/host-config:0
[ 1258395ms] [ERROR] Failed to load resource: net::ERR_CONNECTION_REFUSED @ http://localhost:8511/_stcore/health:0
[ 1258395ms] [ERROR] Client Error in reaching server endpoint - No response received when attempting to reach /_stcore/health @ http://localhost:8511/static/js/index.D2ZqaFuW.js:16
[ 1258395ms] [ERROR] Is Streamlit still running? If you accidentally stopped Streamlit, just restart it in your terminal: @ http://localhost:8511/static/js/index.D2ZqaFuW.js:21
[ 1258502ms] [ERROR] Failed to load resource: net::ERR_CONNECTION_REFUSED @ http://localhost:8511/_stcore/host-config:0
[ 1260403ms] [ERROR] Failed to load resource: net::ERR_CONNECTION_REFUSED @ http://localhost:8511/_stcore/health:0
[ 1260403ms] [ERROR] Client Error in reaching server endpoint - No response received when attempting to reach /_stcore/health @ http://localhost:8511/static/js/index.D2ZqaFuW.js:16
[ 1260403ms] [ERROR] Is Streamlit still running? If you accidentally stopped Streamlit, just restart it in your terminal: @ http://localhost:8511/static/js/index.D2ZqaFuW.js:21
[ 1260536ms] [ERROR] Failed to load resource: net::ERR_CONNECTION_REFUSED @ http://localhost:8511/_stcore/host-config:0
[ 1262410ms] [ERROR] Failed to load resource: net::ERR_CONNECTION_REFUSED @ http://localhost:8511/_stcore/health:0
[ 1262411ms] [ERROR] Client Error in reaching server endpoint - No response received when attempting to reach /_stcore/health @ http://localhost:8511/static/js/index.D2ZqaFuW.js:16
[ 1262411ms] [ERROR] Is Streamlit still running? If you accidentally stopped Streamlit, just restart it in your terminal: @ http://localhost:8511/static/js/index.D2ZqaFuW.js:21
[ 1262522ms] [ERROR] Failed to load resource: net::ERR_CONNECTION_REFUSED @ http://localhost:8511/_stcore/host-config:0
[ 1264418ms] [ERROR] Failed to load resource: net::ERR_CONNECTION_REFUSED @ http://localhost:8511/_stcore/health:0
[ 1264418ms] [ERROR] Client Error in reaching server endpoint - No response received when attempting to reach /_stcore/health @ http://localhost:8511/static/js/index.D2ZqaFuW.js:16
[ 1264418ms] [ERROR] Is Streamlit still running? If you accidentally stopped Streamlit, just restart it in your terminal: @ http://localhost:8511/static/js/index.D2ZqaFuW.js:21
[ 1264528ms] [ERROR] Failed to load resource: net::ERR_CONNECTION_REFUSED @ http://localhost:8511/_stcore/host-config:0
[ 1266425ms] [ERROR] Failed to load resource: net::ERR_CONNECTION_REFUSED @ http://localhost:8511/_stcore/health:0
[ 1266425ms] [ERROR] Client Error in reaching server endpoint - No response received when attempting to reach /_stcore/health @ http://localhost:8511/static/js/index.D2ZqaFuW.js:16
[ 1266425ms] [ERROR] Is Streamlit still running? If you accidentally stopped Streamlit, just restart it in your terminal: @ http://localhost:8511/static/js/index.D2ZqaFuW.js:21
[ 1266544ms] [ERROR] Failed to load resource: net::ERR_CONNECTION_REFUSED @ http://localhost:8511/_stcore/host-config:0
[ 1268433ms] [ERROR] Failed to load resource: net::ERR_CONNECTION_REFUSED @ http://localhost:8511/_stcore/health:0
[ 1268433ms] [ERROR] Client Error in reaching server endpoint - No response received when attempting to reach /_stcore/health @ http://localhost:8511/static/js/index.D2ZqaFuW.js:16
[ 1268433ms] [ERROR] Is Streamlit still running? If you accidentally stopped Streamlit, just restart it in your terminal: @ http://localhost:8511/static/js/index.D2ZqaFuW.js:21
[ 1268542ms] [ERROR] Failed to load resource: net::ERR_CONNECTION_REFUSED @ http://localhost:8511/_stcore/host-config:0
[ 1270441ms] [ERROR] Failed to load resource: net::ERR_CONNECTION_REFUSED @ http://localhost:8511/_stcore/host-config:0
[ 1270441ms] [ERROR] Client Error in reaching server endpoint - No response received when attempting to reach /_stcore/host-config @ http://localhost:8511/static/js/index.D2ZqaFuW.js:16
[ 1270441ms] [ERROR] Is Streamlit still running? If you accidentally stopped Streamlit, just restart it in your terminal: @ http://localhost:8511/static/js/index.D2ZqaFuW.js:21
[ 1270442ms] [ERROR] Failed to load resource: net::ERR_CONNECTION_REFUSED @ http://localhost:8511/_stcore/health:0
[ 1272447ms] [ERROR] Failed to load resource: net::ERR_CONNECTION_REFUSED @ http://localhost:8511/_stcore/health:0
[ 1272447ms] [ERROR] Client Error in reaching server endpoint - No response received when attempting to reach /_stcore/health @ http://localhost:8511/static/js/index.D2ZqaFuW.js:16
[ 1272447ms] [ERROR] Is Streamlit still running? If you accidentally stopped Streamlit, just restart it in your terminal: @ http://localhost:8511/static/js/index.D2ZqaFuW.js:21
[ 1272555ms] [ERROR] Failed to load resource: net::ERR_CONNECTION_REFUSED @ http://localhost:8511/_stcore/host-config:0
[ 1274454ms] [ERROR] Failed to load resource: net::ERR_CONNECTION_REFUSED @ http://localhost:8511/_stcore/health:0
[ 1274454ms] [ERROR] Client Error in reaching server endpoint - No response received when attempting to reach /_stcore/health @ http://localhost:8511/static/js/index.D2ZqaFuW.js:16
[ 1274455ms] [ERROR] Is Streamlit still running? If you accidentally stopped Streamlit, just restart it in your terminal: @ http://localhost:8511/static/js/index.D2ZqaFuW.js:21
[ 1274562ms] [ERROR] Failed to load resource: net::ERR_CONNECTION_REFUSED @ http://localhost:8511/_stcore/host-config:0
[ 1276462ms] [ERROR] Failed to load resource: net::ERR_CONNECTION_REFUSED @ http://localhost:8511/_stcore/host-config:0
[ 1276462ms] [ERROR] Client Error in reaching server endpoint - No response received when attempting to reach /_stcore/host-config @ http://localhost:8511/static/js/index.D2ZqaFuW.js:16
[ 1276462ms] [ERROR] Is Streamlit still running? If you accidentally stopped Streamlit, just restart it in your terminal: @ http://localhost:8511/static/js/index.D2ZqaFuW.js:21
[ 1276585ms] [ERROR] Failed to load resource: net::ERR_CONNECTION_REFUSED @ http://localhost:8511/_stcore/health:0
[ 1278469ms] [ERROR] Failed to load resource: net::ERR_CONNECTION_REFUSED @ http://localhost:8511/_stcore/health:0
[ 1278470ms] [ERROR] Client Error in reaching server endpoint - No response received when attempting to reach /_stcore/health @ http://localhost:8511/static/js/index.D2ZqaFuW.js:16
[ 1278470ms] [ERROR] Is Streamlit still running? If you accidentally stopped Streamlit, just restart it in your terminal: @ http://localhost:8511/static/js/index.D2ZqaFuW.js:21
[ 1278578ms] [ERROR] Failed to load resource: net::ERR_CONNECTION_REFUSED @ http://localhost:8511/_stcore/host-config:0
[ 1280478ms] [ERROR] Failed to load resource: net::ERR_CONNECTION_REFUSED @ http://localhost:8511/_stcore/health:0
[ 1280478ms] [ERROR] Client Error in reaching server endpoint - No response received when attempting to reach /_stcore/health @ http://localhost:8511/static/js/index.D2ZqaFuW.js:16
[ 1280478ms] [ERROR] Is Streamlit still running? If you accidentally stopped Streamlit, just restart it in your terminal: @ http://localhost:8511/static/js/index.D2ZqaFuW.js:21
[ 1280603ms] [ERROR] Failed to load resource: net::ERR_CONNECTION_REFUSED @ http://localhost:8511/_stcore/host-config:0
[ 1282486ms] [ERROR] Failed to load resource: net::ERR_CONNECTION_REFUSED @ http://localhost:8511/_stcore/health:0
[ 1282486ms] [ERROR] Client Error in reaching server endpoint - No response received when attempting to reach /_stcore/health @ http://localhost:8511/static/js/index.D2ZqaFuW.js:16
[ 1282486ms] [ERROR] Is Streamlit still running? If you accidentally stopped Streamlit, just restart it in your terminal: @ http://localhost:8511/static/js/index.D2ZqaFuW.js:21
[ 1282487ms] [ERROR] Failed to load resource: net::ERR_CONNECTION_REFUSED @ http://localhost:8511/_stcore/host-config:0
[ 1284494ms] [ERROR] Failed to load resource: net::ERR_CONNECTION_REFUSED @ http://localhost:8511/_stcore/health:0
[ 1284494ms] [ERROR] Client Error in reaching server endpoint - No response received when attempting to reach /_stcore/health @ http://localhost:8511/static/js/index.D2ZqaFuW.js:16
[ 1284494ms] [ERROR] Is Streamlit still running? If you accidentally stopped Streamlit, just restart it in your terminal: @ http://localhost:8511/static/js/index.D2ZqaFuW.js:21
[ 1284602ms] [ERROR] Failed to load resource: net::ERR_CONNECTION_REFUSED @ http://localhost:8511/_stcore/host-config:0
[ 1286501ms] [ERROR] Failed to load resource: net::ERR_CONNECTION_REFUSED @ http://localhost:8511/_stcore/health:0
[ 1286501ms] [ERROR] Client Error in reaching server endpoint - No response received when attempting to reach /_stcore/health @ http://localhost:8511/static/js/index.D2ZqaFuW.js:16
[ 1286502ms] [ERROR] Is Streamlit still running? If you accidentally stopped Streamlit, just restart it in your terminal: @ http://localhost:8511/static/js/index.D2ZqaFuW.js:21
[ 1286624ms] [ERROR] Failed to load resource: net::ERR_CONNECTION_REFUSED @ http://localhost:8511/_stcore/host-config:0
[ 1288525ms] [ERROR] Failed to load resource: net::ERR_CONNECTION_REFUSED @ http://localhost:8511/_stcore/host-config:0
[ 1288525ms] [ERROR] Client Error in reaching server endpoint - No response received when attempting to reach /_stcore/host-config @ http://localhost:8511/static/js/index.D2ZqaFuW.js:16
[ 1288526ms] [ERROR] Is Streamlit still running? If you accidentally stopped Streamlit, just restart it in your terminal: @ http://localhost:8511/static/js/index.D2ZqaFuW.js:21
[ 1289055ms] [ERROR] Failed to load resource: net::ERR_CONNECTION_REFUSED @ http://localhost:8511/_stcore/health:0
[ 1290535ms] [ERROR] Failed to load resource: net::ERR_CONNECTION_REFUSED @ http://localhost:8511/_stcore/health:0
[ 1290535ms] [ERROR] Client Error in reaching server endpoint - No response received when attempting to reach /_stcore/health @ http://localhost:8511/static/js/index.D2ZqaFuW.js:16
[ 1290535ms] [ERROR] Is Streamlit still running? If you accidentally stopped Streamlit, just restart it in your terminal: @ http://localhost:8511/static/js/index.D2ZqaFuW.js:21
[ 1290659ms] [ERROR] Failed to load resource: net::ERR_CONNECTION_REFUSED @ http://localhost:8511/_stcore/host-config:0
[ 1292544ms] [ERROR] Failed to load resource: net::ERR_CONNECTION_REFUSED @ http://localhost:8511/_stcore/health:0
[ 1292544ms] [ERROR] Client Error in reaching server endpoint - No response received when attempting to reach /_stcore/health @ http://localhost:8511/static/js/index.D2ZqaFuW.js:16
[ 1292544ms] [ERROR] Is Streamlit still running? If you accidentally stopped Streamlit, just restart it in your terminal: @ http://localhost:8511/static/js/index.D2ZqaFuW.js:21
[ 1292646ms] [ERROR] Failed to load resource: net::ERR_CONNECTION_REFUSED @ http://localhost:8511/_stcore/host-config:0
[ 1294551ms] [ERROR] Failed to load resource: net::ERR_CONNECTION_REFUSED @ http://localhost:8511/_stcore/health:0
[ 1294551ms] [ERROR] Client Error in reaching server endpoint - No response received when attempting to reach /_stcore/health @ http://localhost:8511/static/js/index.D2ZqaFuW.js:16
[ 1294552ms] [ERROR] Is Streamlit still running? If you accidentally stopped Streamlit, just restart it in your terminal: @ http://localhost:8511/static/js/index.D2ZqaFuW.js:21
[ 1294658ms] [ERROR] Failed to load resource: net::ERR_CONNECTION_REFUSED @ http://localhost:8511/_stcore/host-config:0
[ 1296560ms] [ERROR] Failed to load resource: net::ERR_CONNECTION_REFUSED @ http://localhost:8511/_stcore/health:0
[ 1296560ms] [ERROR] Client Error in reaching server endpoint - No response received when attempting to reach /_stcore/health @ http://localhost:8511/static/js/index.D2ZqaFuW.js:16
[ 1296560ms] [ERROR] Is Streamlit still running? If you accidentally stopped Streamlit, just restart it in your terminal: @ http://localhost:8511/static/js/index.D2ZqaFuW.js:21
[ 1296682ms] [ERROR] Failed to load resource: net::ERR_CONNECTION_REFUSED @ http://localhost:8511/_stcore/host-config:0
[ 1298568ms] [ERROR] Failed to load resource: net::ERR_CONNECTION_REFUSED @ http://localhost:8511/_stcore/health:0
[ 1298568ms] [ERROR] Client Error in reaching server endpoint - No response received when attempting to reach /_stcore/health @ http://localhost:8511/static/js/index.D2ZqaFuW.js:16
[ 1298569ms] [ERROR] Is Streamlit still running? If you accidentally stopped Streamlit, just restart it in your terminal: @ http://localhost:8511/static/js/index.D2ZqaFuW.js:21
[ 1298676ms] [ERROR] Failed to load resource: net::ERR_CONNECTION_REFUSED @ http://localhost:8511/_stcore/host-config:0
[ 1300578ms] [ERROR] Failed to load resource: net::ERR_CONNECTION_REFUSED @ http://localhost:8511/_stcore/host-config:0
[ 1300578ms] [ERROR] Client Error in reaching server endpoint - No response received when attempting to reach /_stcore/host-config @ http://localhost:8511/static/js/index.D2ZqaFuW.js:16
[ 1300578ms] [ERROR] Is Streamlit still running? If you accidentally stopped Streamlit, just restart it in your terminal: @ http://localhost:8511/static/js/index.D2ZqaFuW.js:21
[ 1300699ms] [ERROR] Failed to load resource: net::ERR_CONNECTION_REFUSED @ http://localhost:8511/_stcore/health:0
[ 1302585ms] [ERROR] Failed to load resource: net::ERR_CONNECTION_REFUSED @ http://localhost:8511/_stcore/host-config:0
[ 1302585ms] [ERROR] Client Error in reaching server endpoint - No response received when attempting to reach /_stcore/host-config @ http://localhost:8511/static/js/index.D2ZqaFuW.js:16
[ 1302585ms] [ERROR] Is Streamlit still running? If you accidentally stopped Streamlit, just restart it in your terminal: @ http://localhost:8511/static/js/index.D2ZqaFuW.js:21
[ 1303105ms] [ERROR] Failed to load resource: net::ERR_CONNECTION_REFUSED @ http://localhost:8511/_stcore/health:0
[ 1304593ms] [ERROR] Failed to load resource: net::ERR_CONNECTION_REFUSED @ http://localhost:8511/_stcore/host-config:0
[ 1304593ms] [ERROR] Client Error in reaching server endpoint - No response received when attempting to reach /_stcore/host-config @ http://localhost:8511/static/js/index.D2ZqaFuW.js:16
[ 1304593ms] [ERROR] Is Streamlit still running? If you accidentally stopped Streamlit, just restart it in your terminal: @ http://localhost:8511/static/js/index.D2ZqaFuW.js:21
[ 1304721ms] [ERROR] Failed to load resource: net::ERR_CONNECTION_REFUSED @ http://localhost:8511/_stcore/health:0
[ 1306598ms] [ERROR] Failed to load resource: net::ERR_CONNECTION_REFUSED @ http://localhost:8511/_stcore/health:0
[ 1306599ms] [ERROR] Client Error in reaching server endpoint - No response received when attempting to reach /_stcore/health @ http://localhost:8511/static/js/index.D2ZqaFuW.js:16
[ 1306599ms] [ERROR] Is Streamlit still running? If you accidentally stopped Streamlit, just restart it in your terminal: @ http://localhost:8511/static/js/index.D2ZqaFuW.js:21
[ 1307287ms] [ERROR] Failed to load resource: net::ERR_CONNECTION_REFUSED @ http://localhost:8511/_stcore/host-config:0
[ 1308605ms] [ERROR] Failed to load resource: net::ERR_CONNECTION_REFUSED @ http://localhost:8511/_stcore/health:0
[ 1308606ms] [ERROR] Client Error in reaching server endpoint - No response received when attempting to reach /_stcore/health @ http://localhost:8511/static/js/index.D2ZqaFuW.js:16
[ 1308606ms] [ERROR] Is Streamlit still running? If you accidentally stopped Streamlit, just restart it in your terminal: @ http://localhost:8511/static/js/index.D2ZqaFuW.js:21
[ 1308783ms] [ERROR] Failed to load resource: net::ERR_CONNECTION_REFUSED @ http://localhost:8511/_stcore/host-config:0
[ 1310611ms] [ERROR] Failed to load resource: net::ERR_CONNECTION_REFUSED @ http://localhost:8511/_stcore/health:0
[ 1310611ms] [ERROR] Client Error in reaching server endpoint - No response received when attempting to reach /_stcore/health @ http://localhost:8511/static/js/index.D2ZqaFuW.js:16
[ 1310612ms] [ERROR] Is Streamlit still running? If you accidentally stopped Streamlit, just restart it in your terminal: @ http://localhost:8511/static/js/index.D2ZqaFuW.js:21
[ 1310726ms] [ERROR] Failed to load resource: net::ERR_CONNECTION_REFUSED @ http://localhost:8511/_stcore/host-config:0
[ 1312616ms] [ERROR] Failed to load resource: net::ERR_CONNECTION_REFUSED @ http://localhost:8511/_stcore/health:0
[ 1312616ms] [ERROR] Client Error in reaching server endpoint - No response received when attempting to reach /_stcore/health @ http://localhost:8511/static/js/index.D2ZqaFuW.js:16
[ 1312616ms] [ERROR] Is Streamlit still running? If you accidentally stopped Streamlit, just restart it in your terminal: @ http://localhost:8511/static/js/index.D2ZqaFuW.js:21
[ 1312748ms] [ERROR] Failed to load resource: net::ERR_CONNECTION_REFUSED @ http://localhost:8511/_stcore/host-config:0
[ 1314622ms] [ERROR] Failed to load resource: net::ERR_CONNECTION_REFUSED @ http://localhost:8511/_stcore/health:0
[ 1314622ms] [ERROR] Client Error in reaching server endpoint - No response received when attempting to reach /_stcore/health @ http://localhost:8511/static/js/index.D2ZqaFuW.js:16
[ 1314622ms] [ERROR] Is Streamlit still running? If you accidentally stopped Streamlit, just restart it in your terminal: @ http://localhost:8511/static/js/index.D2ZqaFuW.js:21
[ 1315228ms] [ERROR] Failed to load resource: net::ERR_CONNECTION_REFUSED @ http://localhost:8511/_stcore/host-config:0
[ 1316629ms] [ERROR] Failed to load resource: net::ERR_CONNECTION_REFUSED @ http://localhost:8511/_stcore/health:0
[ 1316629ms] [ERROR] Client Error in reaching server endpoint - No response received when attempting to reach /_stcore/health @ http://localhost:8511/static/js/index.D2ZqaFuW.js:16
[ 1316629ms] [ERROR] Is Streamlit still running? If you accidentally stopped Streamlit, just restart it in your terminal: @ http://localhost:8511/static/js/index.D2ZqaFuW.js:21
[ 1316983ms] [ERROR] Failed to load resource: net::ERR_CONNECTION_REFUSED @ http://localhost:8511/_stcore/host-config:0
[ 1318635ms] [ERROR] Failed to load resource: net::ERR_CONNECTION_REFUSED @ http://localhost:8511/_stcore/health:0
[ 1318635ms] [ERROR] Client Error in reaching server endpoint - No response received when attempting to reach /_stcore/health @ http://localhost:8511/static/js/index.D2ZqaFuW.js:16
[ 1318635ms] [ERROR] Is Streamlit still running? If you accidentally stopped Streamlit, just restart it in your terminal: @ http://localhost:8511/static/js/index.D2ZqaFuW.js:21
[ 1319092ms] [ERROR] Failed to load resource: net::ERR_CONNECTION_REFUSED @ http://localhost:8511/_stcore/host-config:0
[ 1320641ms] [ERROR] Failed to load resource: net::ERR_CONNECTION_REFUSED @ http://localhost:8511/_stcore/health:0
[ 1320641ms] [ERROR] Client Error in reaching server endpoint - No response received when attempting to reach /_stcore/health @ http://localhost:8511/static/js/index.D2ZqaFuW.js:16
[ 1320641ms] [ERROR] Is Streamlit still running? If you accidentally stopped Streamlit, just restart it in your terminal: @ http://localhost:8511/static/js/index.D2ZqaFuW.js:21
[ 1320988ms] [ERROR] Failed to load resource: net::ERR_CONNECTION_REFUSED @ http://localhost:8511/_stcore/host-config:0
[ 1322665ms] [ERROR] Failed to load resource: net::ERR_CONNECTION_REFUSED @ http://localhost:8511/_stcore/health:0
[ 1322667ms] [ERROR] Client Error in reaching server endpoint - No response received when attempting to reach /_stcore/health @ http://localhost:8511/static/js/index.D2ZqaFuW.js:16
[ 1322670ms] [ERROR] Is Streamlit still running? If you accidentally stopped Streamlit, just restart it in your terminal: @ http://localhost:8511/static/js/index.D2ZqaFuW.js:21
[ 1322670ms] [ERROR] Failed to load resource: net::ERR_CONNECTION_REFUSED @ http://localhost:8511/_stcore/host-config:0
[ 1324675ms] [ERROR] Failed to load resource: net::ERR_CONNECTION_REFUSED @ http://localhost:8511/_stcore/health:0
[ 1324675ms] [ERROR] Client Error in reaching server endpoint - No response received when attempting to reach /_stcore/health @ http://localhost:8511/static/js/index.D2ZqaFuW.js:16
[ 1324675ms] [ERROR] Is Streamlit still running? If you accidentally stopped Streamlit, just restart it in your terminal: @ http://localhost:8511/static/js/index.D2ZqaFuW.js:21
[ 1324879ms] [ERROR] Failed to load resource: net::ERR_CONNECTION_REFUSED @ http://localhost:8511/_stcore/host-config:0
[ 1326688ms] [ERROR] Failed to load resource: net::ERR_CONNECTION_REFUSED @ http://localhost:8511/_stcore/host-config:0
[ 1326688ms] [ERROR] Client Error in reaching server endpoint - No response received when attempting to reach /_stcore/host-config @ http://localhost:8511/static/js/index.D2ZqaFuW.js:16
[ 1326688ms] [ERROR] Is Streamlit still running? If you accidentally stopped Streamlit, just restart it in your terminal: @ http://localhost:8511/static/js/index.D2ZqaFuW.js:21
[ 1327109ms] [ERROR] Failed to load resource: net::ERR_CONNECTION_REFUSED @ http://localhost:8511/_stcore/health:0
[ 1328695ms] [ERROR] Failed to load resource: net::ERR_CONNECTION_REFUSED @ http://localhost:8511/_stcore/health:0
[ 1328696ms] [ERROR] Client Error in reaching server endpoint - No response received when attempting to reach /_stcore/health @ http://localhost:8511/static/js/index.D2ZqaFuW.js:16
[ 1328696ms] [ERROR] Is Streamlit still running? If you accidentally stopped Streamlit, just restart it in your terminal: @ http://localhost:8511/static/js/index.D2ZqaFuW.js:21
[ 1329196ms] [ERROR] Failed to load resource: net::ERR_CONNECTION_REFUSED @ http://localhost:8511/_stcore/host-config:0
[ 1330753ms] [ERROR] Failed to load resource: net::ERR_CONNECTION_REFUSED @ http://localhost:8511/_stcore/health:0
[ 1330753ms] [ERROR] Client Error in reaching server endpoint - No response received when attempting to reach /_stcore/health @ http://localhost:8511/static/js/index.D2ZqaFuW.js:16
[ 1330753ms] [ERROR] Is Streamlit still running? If you accidentally stopped Streamlit, just restart it in your terminal: @ http://localhost:8511/static/js/index.D2ZqaFuW.js:21
[ 1331200ms] [ERROR] Failed to load resource: net::ERR_CONNECTION_REFUSED @ http://localhost:8511/_stcore/host-config:0
[ 1332759ms] [ERROR] Failed to load resource: net::ERR_CONNECTION_REFUSED @ http://localhost:8511/_stcore/host-config:0
[ 1332760ms] [ERROR] Client Error in reaching server endpoint - No response received when attempting to reach /_stcore/host-config @ http://localhost:8511/static/js/index.D2ZqaFuW.js:16
[ 1332760ms] [ERROR] Is Streamlit still running? If you accidentally stopped Streamlit, just restart it in your terminal: @ http://localhost:8511/static/js/index.D2ZqaFuW.js:21
[ 1332890ms] [ERROR] Failed to load resource: net::ERR_CONNECTION_REFUSED @ http://localhost:8511/_stcore/health:0
[ 1334765ms] [ERROR] Failed to load resource: net::ERR_CONNECTION_REFUSED @ http://localhost:8511/_stcore/health:0
[ 1334765ms] [ERROR] Client Error in reaching server endpoint - No response received when attempting to reach /_stcore/health @ http://localhost:8511/static/js/index.D2ZqaFuW.js:16
[ 1334765ms] [ERROR] Is Streamlit still running? If you accidentally stopped Streamlit, just restart it in your terminal: @ http://localhost:8511/static/js/index.D2ZqaFuW.js:21
[ 1335866ms] [ERROR] Failed to load resource: net::ERR_CONNECTION_REFUSED @ http://localhost:8511/_stcore/host-config:0
[ 1336771ms] [ERROR] Failed to load resource: net::ERR_CONNECTION_REFUSED @ http://localhost:8511/_stcore/health:0
[ 1336771ms] [ERROR] Client Error in reaching server endpoint - No response received when attempting to reach /_stcore/health @ http://localhost:8511/static/js/index.D2ZqaFuW.js:16
[ 1336771ms] [ERROR] Is Streamlit still running? If you accidentally stopped Streamlit, just restart it in your terminal: @ http://localhost:8511/static/js/index.D2ZqaFuW.js:21
[ 1337032ms] [ERROR] Failed to load resource: net::ERR_CONNECTION_REFUSED @ http://localhost:8511/_stcore/host-config:0
[ 1338782ms] [ERROR] Failed to load resource: net::ERR_CONNECTION_REFUSED @ http://localhost:8511/_stcore/health:0
[ 1338782ms] [ERROR] Client Error in reaching server endpoint - No response received when attempting to reach /_stcore/health @ http://localhost:8511/static/js/index.D2ZqaFuW.js:16
[ 1338782ms] [ERROR] Is Streamlit still running? If you accidentally stopped Streamlit, just restart it in your terminal: @ http://localhost:8511/static/js/index.D2ZqaFuW.js:21
[ 1339048ms] [ERROR] Failed to load resource: net::ERR_CONNECTION_REFUSED @ http://localhost:8511/_stcore/host-config:0
[ 1340790ms] [ERROR] Failed to load resource: net::ERR_CONNECTION_REFUSED @ http://localhost:8511/_stcore/host-config:0
[ 1340790ms] [ERROR] Client Error in reaching server endpoint - No response received when attempting to reach /_stcore/host-config @ http://localhost:8511/static/js/index.D2ZqaFuW.js:16
[ 1340790ms] [ERROR] Is Streamlit still running? If you accidentally stopped Streamlit, just restart it in your terminal: @ http://localhost:8511/static/js/index.D2ZqaFuW.js:21
[ 1340790ms] [ERROR] Failed to load resource: net::ERR_CONNECTION_REFUSED @ http://localhost:8511/_stcore/health:0
[ 1342802ms] [ERROR] Failed to load resource: net::ERR_CONNECTION_REFUSED @ http://localhost:8511/_stcore/health:0
[ 1342803ms] [ERROR] Client Error in reaching server endpoint - No response received when attempting to reach /_stcore/health @ http://localhost:8511/static/js/index.D2ZqaFuW.js:16
[ 1342803ms] [ERROR] Is Streamlit still running? If you accidentally stopped Streamlit, just restart it in your terminal: @ http://localhost:8511/static/js/index.D2ZqaFuW.js:21
[ 1342803ms] [ERROR] Failed to load resource: net::ERR_CONNECTION_REFUSED @ http://localhost:8511/_stcore/host-config:0
[ 1344895ms] [ERROR] Failed to load resource: net::ERR_CONNECTION_REFUSED @ http://localhost:8511/_stcore/host-config:0
[ 1344895ms] [ERROR] Client Error in reaching server endpoint - No response received when attempting to reach /_stcore/host-config @ http://localhost:8511/static/js/index.D2ZqaFuW.js:16
[ 1344895ms] [ERROR] Is Streamlit still running? If you accidentally stopped Streamlit, just restart it in your terminal: @ http://localhost:8511/static/js/index.D2ZqaFuW.js:21
[ 1345177ms] [ERROR] Failed to load resource: net::ERR_CONNECTION_REFUSED @ http://localhost:8511/_stcore/health:0
[ 1346901ms] [ERROR] Failed to load resource: net::ERR_CONNECTION_REFUSED @ http://localhost:8511/_stcore/health:0
[ 1346901ms] [ERROR] Client Error in reaching server endpoint - No response received when attempting to reach /_stcore/health @ http://localhost:8511/static/js/index.D2ZqaFuW.js:16
[ 1346901ms] [ERROR] Is Streamlit still running? If you accidentally stopped Streamlit, just restart it in your terminal: @ http://localhost:8511/static/js/index.D2ZqaFuW.js:21
[ 1347050ms] [ERROR] Failed to load resource: net::ERR_CONNECTION_REFUSED @ http://localhost:8511/_stcore/host-config:0
[ 1348908ms] [ERROR] Failed to load resource: net::ERR_CONNECTION_REFUSED @ http://localhost:8511/_stcore/health:0
[ 1348908ms] [ERROR] Client Error in reaching server endpoint - No response received when attempting to reach /_stcore/health @ http://localhost:8511/static/js/index.D2ZqaFuW.js:16
[ 1348908ms] [ERROR] Is Streamlit still running? If you accidentally stopped Streamlit, just restart it in your terminal: @ http://localhost:8511/static/js/index.D2ZqaFuW.js:21
[ 1349496ms] [ERROR] Failed to load resource: net::ERR_CONNECTION_REFUSED @ http://localhost:8511/_stcore/host-config:0
[ 1350958ms] [ERROR] Failed to load resource: net::ERR_CONNECTION_REFUSED @ http://localhost:8511/_stcore/health:0
[ 1350963ms] [ERROR] Client Error in reaching server endpoint - No response received when attempting to reach /_stcore/health @ http://localhost:8511/static/js/index.D2ZqaFuW.js:16
[ 1350969ms] [ERROR] Is Streamlit still running? If you accidentally stopped Streamlit, just restart it in your terminal: @ http://localhost:8511/static/js/index.D2ZqaFuW.js:21
[ 1350971ms] [ERROR] Failed to load resource: net::ERR_CONNECTION_REFUSED @ http://localhost:8511/_stcore/host-config:0
[ 1352977ms] [ERROR] Failed to load resource: net::ERR_CONNECTION_REFUSED @ http://localhost:8511/_stcore/health:0
[ 1352977ms] [ERROR] Client Error in reaching server endpoint - No response received when attempting to reach /_stcore/health @ http://localhost:8511/static/js/index.D2ZqaFuW.js:16
[ 1352978ms] [ERROR] Is Streamlit still running? If you accidentally stopped Streamlit, just restart it in your terminal: @ http://localhost:8511/static/js/index.D2ZqaFuW.js:21
[ 1353376ms] [ERROR] Failed to load resource: net::ERR_CONNECTION_REFUSED @ http://localhost:8511/_stcore/host-config:0
[ 1354986ms] [ERROR] Failed to load resource: net::ERR_CONNECTION_REFUSED @ http://localhost:8511/_stcore/health:0
[ 1354986ms] [ERROR] Client Error in reaching server endpoint - No response received when attempting to reach /_stcore/health @ http://localhost:8511/static/js/index.D2ZqaFuW.js:16
[ 1354987ms] [ERROR] Is Streamlit still running? If you accidentally stopped Streamlit, just restart it in your terminal: @ http://localhost:8511/static/js/index.D2ZqaFuW.js:21
[ 1355169ms] [ERROR] Failed to load resource: net::ERR_CONNECTION_REFUSED @ http://localhost:8511/_stcore/host-config:0
[ 1356993ms] [ERROR] Failed to load resource: net::ERR_CONNECTION_REFUSED @ http://localhost:8511/_stcore/health:0
[ 1356993ms] [ERROR] Client Error in reaching server endpoint - No response received when attempting to reach /_stcore/health @ http://localhost:8511/static/js/index.D2ZqaFuW.js:16
[ 1356994ms] [ERROR] Is Streamlit still running? If you accidentally stopped Streamlit, just restart it in your terminal: @ http://localhost:8511/static/js/index.D2ZqaFuW.js:21
[ 1357185ms] [ERROR] Failed to load resource: net::ERR_CONNECTION_REFUSED @ http://localhost:8511/_stcore/host-config:0
[ 1358999ms] [ERROR] Failed to load resource: net::ERR_CONNECTION_REFUSED @ http://localhost:8511/_stcore/host-config:0
[ 1358999ms] [ERROR] Client Error in reaching server endpoint - No response received when attempting to reach /_stcore/host-config @ http://localhost:8511/static/js/index.D2ZqaFuW.js:16
[ 1358999ms] [ERROR] Is Streamlit still running? If you accidentally stopped Streamlit, just restart it in your terminal: @ http://localhost:8511/static/js/index.D2ZqaFuW.js:21
[ 1359202ms] [ERROR] Failed to load resource: net::ERR_CONNECTION_REFUSED @ http://localhost:8511/_stcore/health:0
[ 1361008ms] [ERROR] Failed to load resource: net::ERR_CONNECTION_REFUSED @ http://localhost:8511/_stcore/host-config:0
[ 1361008ms] [ERROR] Client Error in reaching server endpoint - No response received when attempting to reach /_stcore/host-config @ http://localhost:8511/static/js/index.D2ZqaFuW.js:16
[ 1361008ms] [ERROR] Is Streamlit still running? If you accidentally stopped Streamlit, just restart it in your terminal: @ http://localhost:8511/static/js/index.D2ZqaFuW.js:21
[ 1361165ms] [ERROR] Failed to load resource: net::ERR_CONNECTION_REFUSED @ http://localhost:8511/_stcore/health:0
[ 1363013ms] [ERROR] Failed to load resource: net::ERR_CONNECTION_REFUSED @ http://localhost:8511/_stcore/host-config:0
[ 1363013ms] [ERROR] Client Error in reaching server endpoint - No response received when attempting to reach /_stcore/host-config @ http://localhost:8511/static/js/index.D2ZqaFuW.js:16
[ 1363013ms] [ERROR] Is Streamlit still running? If you accidentally stopped Streamlit, just restart it in your terminal: @ http://localhost:8511/static/js/index.D2ZqaFuW.js:21
[ 1363210ms] [ERROR] Failed to load resource: net::ERR_CONNECTION_REFUSED @ http://localhost:8511/_stcore/health:0
[ 1365022ms] [ERROR] Failed to load resource: net::ERR_CONNECTION_REFUSED @ http://localhost:8511/_stcore/health:0
[ 1365022ms] [ERROR] Client Error in reaching server endpoint - No response received when attempting to reach /_stcore/health @ http://localhost:8511/static/js/index.D2ZqaFuW.js:16
[ 1365022ms] [ERROR] Is Streamlit still running? If you accidentally stopped Streamlit, just restart it in your terminal: @ http://localhost:8511/static/js/index.D2ZqaFuW.js:21
[ 1365182ms] [ERROR] Failed to load resource: net::ERR_CONNECTION_REFUSED @ http://localhost:8511/_stcore/host-config:0
[ 1367032ms] [ERROR] Failed to load resource: net::ERR_CONNECTION_REFUSED @ http://localhost:8511/_stcore/health:0
[ 1367033ms] [ERROR] Client Error in reaching server endpoint - No response received when attempting to reach /_stcore/health @ http://localhost:8511/static/js/index.D2ZqaFuW.js:16
[ 1367033ms] [ERROR] Is Streamlit still running? If you accidentally stopped Streamlit, just restart it in your terminal: @ http://localhost:8511/static/js/index.D2ZqaFuW.js:21
[ 1367988ms] [ERROR] Failed to load resource: net::ERR_CONNECTION_REFUSED @ http://localhost:8511/_stcore/host-config:0
[ 1369038ms] [ERROR] Failed to load resource: net::ERR_CONNECTION_REFUSED @ http://localhost:8511/_stcore/health:0
[ 1369038ms] [ERROR] Client Error in reaching server endpoint - No response received when attempting to reach /_stcore/health @ http://localhost:8511/static/js/index.D2ZqaFuW.js:16
[ 1369038ms] [ERROR] Is Streamlit still running? If you accidentally stopped Streamlit, just restart it in your terminal: @ http://localhost:8511/static/js/index.D2ZqaFuW.js:21
[ 1369239ms] [ERROR] Failed to load resource: net::ERR_CONNECTION_REFUSED @ http://localhost:8511/_stcore/host-config:0
[ 1371047ms] [ERROR] Failed to load resource: net::ERR_CONNECTION_REFUSED @ http://localhost:8511/_stcore/health:0
[ 1371048ms] [ERROR] Client Error in reaching server endpoint - No response received when attempting to reach /_stcore/health @ http://localhost:8511/static/js/index.D2ZqaFuW.js:16
[ 1371048ms] [ERROR] Is Streamlit still running? If you accidentally stopped Streamlit, just restart it in your terminal: @ http://localhost:8511/static/js/index.D2ZqaFuW.js:21
[ 1371254ms] [ERROR] Failed to load resource: net::ERR_CONNECTION_REFUSED @ http://localhost:8511/_stcore/host-config:0
[ 1373058ms] [ERROR] Failed to load resource: net::ERR_CONNECTION_REFUSED @ http://localhost:8511/_stcore/host-config:0
[ 1373058ms] [ERROR] Client Error in reaching server endpoint - No response received when attempting to reach /_stcore/host-config @ http://localhost:8511/static/js/index.D2ZqaFuW.js:16
[ 1373058ms] [ERROR] Is Streamlit still running? If you accidentally stopped Streamlit, just restart it in your terminal: @ http://localhost:8511/static/js/index.D2ZqaFuW.js:21
[ 1373350ms] [ERROR] Failed to load resource: net::ERR_CONNECTION_REFUSED @ http://localhost:8511/_stcore/health:0
[ 1375066ms] [ERROR] Failed to load resource: net::ERR_CONNECTION_REFUSED @ http://localhost:8511/_stcore/health:0
[ 1375066ms] [ERROR] Client Error in reaching server endpoint - No response received when attempting to reach /_stcore/health @ http://localhost:8511/static/js/index.D2ZqaFuW.js:16
[ 1375067ms] [ERROR] Is Streamlit still running? If you accidentally stopped Streamlit, just restart it in your terminal: @ http://localhost:8511/static/js/index.D2ZqaFuW.js:21
[ 1375220ms] [ERROR] Failed to load resource: net::ERR_CONNECTION_REFUSED @ http://localhost:8511/_stcore/host-config:0
[ 1377072ms] [ERROR] Failed to load resource: net::ERR_CONNECTION_REFUSED @ http://localhost:8511/_stcore/health:0
[ 1377072ms] [ERROR] Client Error in reaching server endpoint - No response received when attempting to reach /_stcore/health @ http://localhost:8511/static/js/index.D2ZqaFuW.js:16
[ 1377072ms] [ERROR] Is Streamlit still running? If you accidentally stopped Streamlit, just restart it in your terminal: @ http://localhost:8511/static/js/index.D2ZqaFuW.js:21
[ 1377267ms] [ERROR] Failed to load resource: net::ERR_CONNECTION_REFUSED @ http://localhost:8511/_stcore/host-config:0
[ 1379076ms] [ERROR] Failed to load resource: net::ERR_CONNECTION_REFUSED @ http://localhost:8511/_stcore/health:0
[ 1379077ms] [ERROR] Client Error in reaching server endpoint - No response received when attempting to reach /_stcore/health @ http://localhost:8511/static/js/index.D2ZqaFuW.js:16
[ 1379077ms] [ERROR] Is Streamlit still running? If you accidentally stopped Streamlit, just restart it in your terminal: @ http://localhost:8511/static/js/index.D2ZqaFuW.js:21
[ 1379224ms] [ERROR] Failed to load resource: net::ERR_CONNECTION_REFUSED @ http://localhost:8511/_stcore/host-config:0
[ 1381081ms] [ERROR] Failed to load resource: net::ERR_CONNECTION_REFUSED @ http://localhost:8511/_stcore/health:0
[ 1381081ms] [ERROR] Client Error in reaching server endpoint - No response received when attempting to reach /_stcore/health @ http://localhost:8511/static/js/index.D2ZqaFuW.js:16
[ 1381082ms] [ERROR] Is Streamlit still running? If you accidentally stopped Streamlit, just restart it in your terminal: @ http://localhost:8511/static/js/index.D2ZqaFuW.js:21
[ 1381204ms] [ERROR] Failed to load resource: net::ERR_CONNECTION_REFUSED @ http://localhost:8511/_stcore/host-config:0
[ 1383088ms] [ERROR] Failed to load resource: net::ERR_CONNECTION_REFUSED @ http://localhost:8511/_stcore/health:0
[ 1383088ms] [ERROR] Client Error in reaching server endpoint - No response received when attempting to reach /_stcore/health @ http://localhost:8511/static/js/index.D2ZqaFuW.js:16
[ 1383089ms] [ERROR] Is Streamlit still running? If you accidentally stopped Streamlit, just restart it in your terminal: @ http://localhost:8511/static/js/index.D2ZqaFuW.js:21
[ 1383203ms] [ERROR] Failed to load resource: net::ERR_CONNECTION_REFUSED @ http://localhost:8511/_stcore/host-config:0
[ 1385097ms] [ERROR] Failed to load resource: net::ERR_CONNECTION_REFUSED @ http://localhost:8511/_stcore/health:0
[ 1385097ms] [ERROR] Client Error in reaching server endpoint - No response received when attempting to reach /_stcore/health @ http://localhost:8511/static/js/index.D2ZqaFuW.js:16
[ 1385098ms] [ERROR] Is Streamlit still running? If you accidentally stopped Streamlit, just restart it in your terminal: @ http://localhost:8511/static/js/index.D2ZqaFuW.js:21
[ 1385224ms] [ERROR] Failed to load resource: net::ERR_CONNECTION_REFUSED @ http://localhost:8511/_stcore/host-config:0
[ 1387103ms] [ERROR] Failed to load resource: net::ERR_CONNECTION_REFUSED @ http://localhost:8511/_stcore/host-config:0
[ 1387104ms] [ERROR] Client Error in reaching server endpoint - No response received when attempting to reach /_stcore/host-config @ http://localhost:8511/static/js/index.D2ZqaFuW.js:16
[ 1387104ms] [ERROR] Is Streamlit still running? If you accidentally stopped Streamlit, just restart it in your terminal: @ http://localhost:8511/static/js/index.D2ZqaFuW.js:21
[ 1387281ms] [ERROR] Failed to load resource: net::ERR_CONNECTION_REFUSED @ http://localhost:8511/_stcore/health:0
[ 1389111ms] [ERROR] Failed to load resource: net::ERR_CONNECTION_REFUSED @ http://localhost:8511/_stcore/health:0
[ 1389112ms] [ERROR] Client Error in reaching server endpoint - No response received when attempting to reach /_stcore/health @ http://localhost:8511/static/js/index.D2ZqaFuW.js:16
[ 1389112ms] [ERROR] Is Streamlit still running? If you accidentally stopped Streamlit, just restart it in your terminal: @ http://localhost:8511/static/js/index.D2ZqaFuW.js:21
[ 1389282ms] [ERROR] Failed to load resource: net::ERR_CONNECTION_REFUSED @ http://localhost:8511/_stcore/host-config:0
[ 1391116ms] [ERROR] Failed to load resource: net::ERR_CONNECTION_REFUSED @ http://localhost:8511/_stcore/host-config:0
[ 1391116ms] [ERROR] Client Error in reaching server endpoint - No response received when attempting to reach /_stcore/host-config @ http://localhost:8511/static/js/index.D2ZqaFuW.js:16
[ 1391116ms] [ERROR] Is Streamlit still running? If you accidentally stopped Streamlit, just restart it in your terminal: @ http://localhost:8511/static/js/index.D2ZqaFuW.js:21
[ 1391248ms] [ERROR] Failed to load resource: net::ERR_CONNECTION_REFUSED @ http://localhost:8511/_stcore/health:0
[ 1393121ms] [ERROR] Failed to load resource: net::ERR_CONNECTION_REFUSED @ http://localhost:8511/_stcore/host-config:0
[ 1393121ms] [ERROR] Client Error in reaching server endpoint - No response received when attempting to reach /_stcore/host-config @ http://localhost:8511/static/js/index.D2ZqaFuW.js:16
[ 1393121ms] [ERROR] Is Streamlit still running? If you accidentally stopped Streamlit, just restart it in your terminal: @ http://localhost:8511/static/js/index.D2ZqaFuW.js:21
[ 1393269ms] [ERROR] Failed to load resource: net::ERR_CONNECTION_REFUSED @ http://localhost:8511/_stcore/health:0
[ 1395129ms] [ERROR] Failed to load resource: net::ERR_CONNECTION_REFUSED @ http://localhost:8511/_stcore/health:0
[ 1395129ms] [ERROR] Client Error in reaching server endpoint - No response received when attempting to reach /_stcore/health @ http://localhost:8511/static/js/index.D2ZqaFuW.js:16
[ 1395129ms] [ERROR] Is Streamlit still running? If you accidentally stopped Streamlit, just restart it in your terminal: @ http://localhost:8511/static/js/index.D2ZqaFuW.js:21
[ 1395241ms] [ERROR] Failed to load resource: net::ERR_CONNECTION_REFUSED @ http://localhost:8511/_stcore/host-config:0
[ 1397137ms] [ERROR] Failed to load resource: net::ERR_CONNECTION_REFUSED @ http://localhost:8511/_stcore/host-config:0
[ 1397137ms] [ERROR] Client Error in reaching server endpoint - No response received when attempting to reach /_stcore/host-config @ http://localhost:8511/static/js/index.D2ZqaFuW.js:16
[ 1397137ms] [ERROR] Is Streamlit still running? If you accidentally stopped Streamlit, just restart it in your terminal: @ http://localhost:8511/static/js/index.D2ZqaFuW.js:21
[ 1397264ms] [ERROR] Failed to load resource: net::ERR_CONNECTION_REFUSED @ http://localhost:8511/_stcore/health:0
[ 1399144ms] [ERROR] Failed to load resource: net::ERR_CONNECTION_REFUSED @ http://localhost:8511/_stcore/host-config:0
[ 1399144ms] [ERROR] Client Error in reaching server endpoint - No response received when attempting to reach /_stcore/host-config @ http://localhost:8511/static/js/index.D2ZqaFuW.js:16
[ 1399145ms] [ERROR] Is Streamlit still running? If you accidentally stopped Streamlit, just restart it in your terminal: @ http://localhost:8511/static/js/index.D2ZqaFuW.js:21
[ 1399258ms] [ERROR] Failed to load resource: net::ERR_CONNECTION_REFUSED @ http://localhost:8511/_stcore/health:0
[ 1401152ms] [ERROR] Failed to load resource: net::ERR_CONNECTION_REFUSED @ http://localhost:8511/_stcore/health:0
[ 1401152ms] [ERROR] Client Error in reaching server endpoint - No response received when attempting to reach /_stcore/health @ http://localhost:8511/static/js/index.D2ZqaFuW.js:16
[ 1401152ms] [ERROR] Is Streamlit still running? If you accidentally stopped Streamlit, just restart it in your terminal: @ http://localhost:8511/static/js/index.D2ZqaFuW.js:21
[ 1401266ms] [ERROR] Failed to load resource: net::ERR_CONNECTION_REFUSED @ http://localhost:8511/_stcore/host-config:0
[ 1403159ms] [ERROR] Failed to load resource: net::ERR_CONNECTION_REFUSED @ http://localhost:8511/_stcore/health:0
[ 1403159ms] [ERROR] Client Error in reaching server endpoint - No response received when attempting to reach /_stcore/health @ http://localhost:8511/static/js/index.D2ZqaFuW.js:16
[ 1403160ms] [ERROR] Is Streamlit still running? If you accidentally stopped Streamlit, just restart it in your terminal: @ http://localhost:8511/static/js/index.D2ZqaFuW.js:21
[ 1403368ms] [ERROR] Failed to load resource: net::ERR_CONNECTION_REFUSED @ http://localhost:8511/_stcore/host-config:0
[ 1405167ms] [ERROR] Failed to load resource: net::ERR_CONNECTION_REFUSED @ http://localhost:8511/_stcore/health:0
[ 1405167ms] [ERROR] Client Error in reaching server endpoint - No response received when attempting to reach /_stcore/health @ http://localhost:8511/static/js/index.D2ZqaFuW.js:16
[ 1405167ms] [ERROR] Is Streamlit still running? If you accidentally stopped Streamlit, just restart it in your terminal: @ http://localhost:8511/static/js/index.D2ZqaFuW.js:21
[ 1405327ms] [ERROR] Failed to load resource: net::ERR_CONNECTION_REFUSED @ http://localhost:8511/_stcore/host-config:0
[ 1407174ms] [ERROR] Failed to load resource: net::ERR_CONNECTION_REFUSED @ http://localhost:8511/_stcore/health:0
[ 1407174ms] [ERROR] Client Error in reaching server endpoint - No response received when attempting to reach /_stcore/health @ http://localhost:8511/static/js/index.D2ZqaFuW.js:16
[ 1407174ms] [ERROR] Is Streamlit still running? If you accidentally stopped Streamlit, just restart it in your terminal: @ http://localhost:8511/static/js/index.D2ZqaFuW.js:21
[ 1407316ms] [ERROR] Failed to load resource: net::ERR_CONNECTION_REFUSED @ http://localhost:8511/_stcore/host-config:0
[ 1409181ms] [ERROR] Failed to load resource: net::ERR_CONNECTION_REFUSED @ http://localhost:8511/_stcore/health:0
[ 1409181ms] [ERROR] Client Error in reaching server endpoint - No response received when attempting to reach /_stcore/health @ http://localhost:8511/static/js/index.D2ZqaFuW.js:16
[ 1409181ms] [ERROR] Is Streamlit still running? If you accidentally stopped Streamlit, just restart it in your terminal: @ http://localhost:8511/static/js/index.D2ZqaFuW.js:21
[ 1409182ms] [ERROR] Failed to load resource: net::ERR_CONNECTION_REFUSED @ http://localhost:8511/_stcore/host-config:0
[ 1411188ms] [ERROR] Failed to load resource: net::ERR_CONNECTION_REFUSED @ http://localhost:8511/_stcore/host-config:0
[ 1411188ms] [ERROR] Client Error in reaching server endpoint - No response received when attempting to reach /_stcore/host-config @ http://localhost:8511/static/js/index.D2ZqaFuW.js:16
[ 1411188ms] [ERROR] Is Streamlit still running? If you accidentally stopped Streamlit, just restart it in your terminal: @ http://localhost:8511/static/js/index.D2ZqaFuW.js:21
[ 1411331ms] [ERROR] Failed to load resource: net::ERR_CONNECTION_REFUSED @ http://localhost:8511/_stcore/health:0
[ 1413196ms] [ERROR] Failed to load resource: net::ERR_CONNECTION_REFUSED @ http://localhost:8511/_stcore/health:0
[ 1413196ms] [ERROR] Client Error in reaching server endpoint - No response received when attempting to reach /_stcore/health @ http://localhost:8511/static/js/index.D2ZqaFuW.js:16
[ 1413196ms] [ERROR] Is Streamlit still running? If you accidentally stopped Streamlit, just restart it in your terminal: @ http://localhost:8511/static/js/index.D2ZqaFuW.js:21
[ 1413321ms] [ERROR] Failed to load resource: net::ERR_CONNECTION_REFUSED @ http://localhost:8511/_stcore/host-config:0
[ 1415200ms] [ERROR] Failed to load resource: net::ERR_CONNECTION_REFUSED @ http://localhost:8511/_stcore/health:0
[ 1415200ms] [ERROR] Client Error in reaching server endpoint - No response received when attempting to reach /_stcore/health @ http://localhost:8511/static/js/index.D2ZqaFuW.js:16
[ 1415201ms] [ERROR] Is Streamlit still running? If you accidentally stopped Streamlit, just restart it in your terminal: @ http://localhost:8511/static/js/index.D2ZqaFuW.js:21
[ 1415326ms] [ERROR] Failed to load resource: net::ERR_CONNECTION_REFUSED @ http://localhost:8511/_stcore/host-config:0
[ 1417207ms] [ERROR] Failed to load resource: net::ERR_CONNECTION_REFUSED @ http://localhost:8511/_stcore/health:0
[ 1417208ms] [ERROR] Client Error in reaching server endpoint - No response received when attempting to reach /_stcore/health @ http://localhost:8511/static/js/index.D2ZqaFuW.js:16
[ 1417208ms] [ERROR] Is Streamlit still running? If you accidentally stopped Streamlit, just restart it in your terminal: @ http://localhost:8511/static/js/index.D2ZqaFuW.js:21
[ 1417334ms] [ERROR] Failed to load resource: net::ERR_CONNECTION_REFUSED @ http://localhost:8511/_stcore/host-config:0
[ 1419214ms] [ERROR] Failed to load resource: net::ERR_CONNECTION_REFUSED @ http://localhost:8511/_stcore/health:0
[ 1419214ms] [ERROR] Client Error in reaching server endpoint - No response received when attempting to reach /_stcore/health @ http://localhost:8511/static/js/index.D2ZqaFuW.js:16
[ 1419214ms] [ERROR] Is Streamlit still running? If you accidentally stopped Streamlit, just restart it in your terminal: @ http://localhost:8511/static/js/index.D2ZqaFuW.js:21
[ 1419332ms] [ERROR] Failed to load resource: net::ERR_CONNECTION_REFUSED @ http://localhost:8511/_stcore/host-config:0
[ 1421219ms] [ERROR] Failed to load resource: net::ERR_CONNECTION_REFUSED @ http://localhost:8511/_stcore/host-config:0
[ 1421219ms] [ERROR] Client Error in reaching server endpoint - No response received when attempting to reach /_stcore/host-config @ http://localhost:8511/static/js/index.D2ZqaFuW.js:16
[ 1421220ms] [ERROR] Is Streamlit still running? If you accidentally stopped Streamlit, just restart it in your terminal: @ http://localhost:8511/static/js/index.D2ZqaFuW.js:21
[ 1421344ms] [ERROR] Failed to load resource: net::ERR_CONNECTION_REFUSED @ http://localhost:8511/_stcore/health:0
[ 1423228ms] [ERROR] Failed to load resource: net::ERR_CONNECTION_REFUSED @ http://localhost:8511/_stcore/health:0
[ 1423228ms] [ERROR] Client Error in reaching server endpoint - No response received when attempting to reach /_stcore/health @ http://localhost:8511/static/js/index.D2ZqaFuW.js:16
[ 1423228ms] [ERROR] Is Streamlit still running? If you accidentally stopped Streamlit, just restart it in your terminal: @ http://localhost:8511/static/js/index.D2ZqaFuW.js:21
[ 1423355ms] [ERROR] Failed to load resource: net::ERR_CONNECTION_REFUSED @ http://localhost:8511/_stcore/host-config:0
[ 1425235ms] [ERROR] Failed to load resource: net::ERR_CONNECTION_REFUSED @ http://localhost:8511/_stcore/health:0
[ 1425235ms] [ERROR] Client Error in reaching server endpoint - No response received when attempting to reach /_stcore/health @ http://localhost:8511/static/js/index.D2ZqaFuW.js:16
[ 1425236ms] [ERROR] Is Streamlit still running? If you accidentally stopped Streamlit, just restart it in your terminal: @ http://localhost:8511/static/js/index.D2ZqaFuW.js:21
[ 1425361ms] [ERROR] Failed to load resource: net::ERR_CONNECTION_REFUSED @ http://localhost:8511/_stcore/host-config:0
[ 1427242ms] [ERROR] Failed to load resource: net::ERR_CONNECTION_REFUSED @ http://localhost:8511/_stcore/health:0
[ 1427243ms] [ERROR] Client Error in reaching server endpoint - No response received when attempting to reach /_stcore/health @ http://localhost:8511/static/js/index.D2ZqaFuW.js:16
[ 1427243ms] [ERROR] Is Streamlit still running? If you accidentally stopped Streamlit, just restart it in your terminal: @ http://localhost:8511/static/js/index.D2ZqaFuW.js:21
[ 1427374ms] [ERROR] Failed to load resource: net::ERR_CONNECTION_REFUSED @ http://localhost:8511/_stcore/host-config:0
[ 1429251ms] [ERROR] Failed to load resource: net::ERR_CONNECTION_REFUSED @ http://localhost:8511/_stcore/health:0
[ 1429251ms] [ERROR] Client Error in reaching server endpoint - No response received when attempting to reach /_stcore/health @ http://localhost:8511/static/js/index.D2ZqaFuW.js:16
[ 1429251ms] [ERROR] Is Streamlit still running? If you accidentally stopped Streamlit, just restart it in your terminal: @ http://localhost:8511/static/js/index.D2ZqaFuW.js:21
[ 1429376ms] [ERROR] Failed to load resource: net::ERR_CONNECTION_REFUSED @ http://localhost:8511/_stcore/host-config:0
[ 1431257ms] [ERROR] Failed to load resource: net::ERR_CONNECTION_REFUSED @ http://localhost:8511/_stcore/health:0
[ 1431257ms] [ERROR] Client Error in reaching server endpoint - No response received when attempting to reach /_stcore/health @ http://localhost:8511/static/js/index.D2ZqaFuW.js:16
[ 1431257ms] [ERROR] Is Streamlit still running? If you accidentally stopped Streamlit, just restart it in your terminal: @ http://localhost:8511/static/js/index.D2ZqaFuW.js:21
[ 1431383ms] [ERROR] Failed to load resource: net::ERR_CONNECTION_REFUSED @ http://localhost:8511/_stcore/host-config:0
[ 1433264ms] [ERROR] Failed to load resource: net::ERR_CONNECTION_REFUSED @ http://localhost:8511/_stcore/host-config:0
[ 1433264ms] [ERROR] Client Error in reaching server endpoint - No response received when attempting to reach /_stcore/host-config @ http://localhost:8511/static/js/index.D2ZqaFuW.js:16
[ 1433265ms] [ERROR] Is Streamlit still running? If you accidentally stopped Streamlit, just restart it in your terminal: @ http://localhost:8511/static/js/index.D2ZqaFuW.js:21
[ 1433265ms] [ERROR] Failed to load resource: net::ERR_CONNECTION_REFUSED @ http://localhost:8511/_stcore/health:0
[ 1435273ms] [ERROR] Failed to load resource: net::ERR_CONNECTION_REFUSED @ http://localhost:8511/_stcore/health:0
[ 1435273ms] [ERROR] Client Error in reaching server endpoint - No response received when attempting to reach /_stcore/health @ http://localhost:8511/static/js/index.D2ZqaFuW.js:16
[ 1435273ms] [ERROR] Is Streamlit still running? If you accidentally stopped Streamlit, just restart it in your terminal: @ http://localhost:8511/static/js/index.D2ZqaFuW.js:21
[ 1435410ms] [ERROR] Failed to load resource: net::ERR_CONNECTION_REFUSED @ http://localhost:8511/_stcore/host-config:0
[ 1437294ms] [ERROR] Failed to load resource: net::ERR_CONNECTION_REFUSED @ http://localhost:8511/_stcore/health:0
[ 1437294ms] [ERROR] Client Error in reaching server endpoint - No response received when attempting to reach /_stcore/health @ http://localhost:8511/static/js/index.D2ZqaFuW.js:16
[ 1437294ms] [ERROR] Is Streamlit still running? If you accidentally stopped Streamlit, just restart it in your terminal: @ http://localhost:8511/static/js/index.D2ZqaFuW.js:21
[ 1437497ms] [ERROR] Failed to load resource: net::ERR_CONNECTION_REFUSED @ http://localhost:8511/_stcore/host-config:0
[ 1439299ms] [ERROR] Failed to load resource: net::ERR_CONNECTION_REFUSED @ http://localhost:8511/_stcore/health:0
[ 1439300ms] [ERROR] Client Error in reaching server endpoint - No response received when attempting to reach /_stcore/health @ http://localhost:8511/static/js/index.D2ZqaFuW.js:16
[ 1439300ms] [ERROR] Is Streamlit still running? If you accidentally stopped Streamlit, just restart it in your terminal: @ http://localhost:8511/static/js/index.D2ZqaFuW.js:21
[ 1439445ms] [ERROR] Failed to load resource: net::ERR_CONNECTION_REFUSED @ http://localhost:8511/_stcore/host-config:0
[ 1441304ms] [ERROR] Failed to load resource: net::ERR_CONNECTION_REFUSED @ http://localhost:8511/_stcore/health:0
[ 1441304ms] [ERROR] Client Error in reaching server endpoint - No response received when attempting to reach /_stcore/health @ http://localhost:8511/static/js/index.D2ZqaFuW.js:16
[ 1441305ms] [ERROR] Is Streamlit still running? If you accidentally stopped Streamlit, just restart it in your terminal: @ http://localhost:8511/static/js/index.D2ZqaFuW.js:21
[ 1441557ms] [ERROR] Failed to load resource: net::ERR_CONNECTION_REFUSED @ http://localhost:8511/_stcore/host-config:0
[ 1443311ms] [ERROR] Failed to load resource: net::ERR_CONNECTION_REFUSED @ http://localhost:8511/_stcore/health:0
[ 1443311ms] [ERROR] Client Error in reaching server endpoint - No response received when attempting to reach /_stcore/health @ http://localhost:8511/static/js/index.D2ZqaFuW.js:16
[ 1443311ms] [ERROR] Is Streamlit still running? If you accidentally stopped Streamlit, just restart it in your terminal: @ http://localhost:8511/static/js/index.D2ZqaFuW.js:21
[ 1443479ms] [ERROR] Failed to load resource: net::ERR_CONNECTION_REFUSED @ http://localhost:8511/_stcore/host-config:0
[ 1445315ms] [ERROR] Failed to load resource: net::ERR_CONNECTION_REFUSED @ http://localhost:8511/_stcore/health:0
[ 1445315ms] [ERROR] Client Error in reaching server endpoint - No response received when attempting to reach /_stcore/health @ http://localhost:8511/static/js/index.D2ZqaFuW.js:16
[ 1445316ms] [ERROR] Is Streamlit still running? If you accidentally stopped Streamlit, just restart it in your terminal: @ http://localhost:8511/static/js/index.D2ZqaFuW.js:21
[ 1445742ms] [ERROR] Failed to load resource: net::ERR_CONNECTION_REFUSED @ http://localhost:8511/_stcore/host-config:0
[ 1447320ms] [ERROR] Failed to load resource: net::ERR_CONNECTION_REFUSED @ http://localhost:8511/_stcore/health:0
[ 1447320ms] [ERROR] Client Error in reaching server endpoint - No response received when attempting to reach /_stcore/health @ http://localhost:8511/static/js/index.D2ZqaFuW.js:16
[ 1447320ms] [ERROR] Is Streamlit still running? If you accidentally stopped Streamlit, just restart it in your terminal: @ http://localhost:8511/static/js/index.D2ZqaFuW.js:21
[ 1447629ms] [ERROR] Failed to load resource: net::ERR_CONNECTION_REFUSED @ http://localhost:8511/_stcore/host-config:0
[ 1449328ms] [ERROR] Failed to load resource: net::ERR_CONNECTION_REFUSED @ http://localhost:8511/_stcore/health:0
[ 1449329ms] [ERROR] Client Error in reaching server endpoint - No response received when attempting to reach /_stcore/health @ http://localhost:8511/static/js/index.D2ZqaFuW.js:16
[ 1449329ms] [ERROR] Is Streamlit still running? If you accidentally stopped Streamlit, just restart it in your terminal: @ http://localhost:8511/static/js/index.D2ZqaFuW.js:21
[ 1449483ms] [ERROR] Failed to load resource: net::ERR_CONNECTION_REFUSED @ http://localhost:8511/_stcore/host-config:0
[ 1451336ms] [ERROR] Failed to load resource: net::ERR_CONNECTION_REFUSED @ http://localhost:8511/_stcore/health:0
[ 1451336ms] [ERROR] Client Error in reaching server endpoint - No response received when attempting to reach /_stcore/health @ http://localhost:8511/static/js/index.D2ZqaFuW.js:16
[ 1451337ms] [ERROR] Is Streamlit still running? If you accidentally stopped Streamlit, just restart it in your terminal: @ http://localhost:8511/static/js/index.D2ZqaFuW.js:21
[ 1451468ms] [ERROR] Failed to load resource: net::ERR_CONNECTION_REFUSED @ http://localhost:8511/_stcore/host-config:0
[ 1453344ms] [ERROR] Failed to load resource: net::ERR_CONNECTION_REFUSED @ http://localhost:8511/_stcore/health:0
[ 1453345ms] [ERROR] Client Error in reaching server endpoint - No response received when attempting to reach /_stcore/health @ http://localhost:8511/static/js/index.D2ZqaFuW.js:16
[ 1453345ms] [ERROR] Is Streamlit still running? If you accidentally stopped Streamlit, just restart it in your terminal: @ http://localhost:8511/static/js/index.D2ZqaFuW.js:21
[ 1453457ms] [ERROR] Failed to load resource: net::ERR_CONNECTION_REFUSED @ http://localhost:8511/_stcore/host-config:0
[ 1455352ms] [ERROR] Failed to load resource: net::ERR_CONNECTION_REFUSED @ http://localhost:8511/_stcore/health:0
[ 1455352ms] [ERROR] Client Error in reaching server endpoint - No response received when attempting to reach /_stcore/health @ http://localhost:8511/static/js/index.D2ZqaFuW.js:16
[ 1455352ms] [ERROR] Is Streamlit still running? If you accidentally stopped Streamlit, just restart it in your terminal: @ http://localhost:8511/static/js/index.D2ZqaFuW.js:21
[ 1455478ms] [ERROR] Failed to load resource: net::ERR_CONNECTION_REFUSED @ http://localhost:8511/_stcore/host-config:0
[ 1457362ms] [ERROR] Failed to load resource: net::ERR_CONNECTION_REFUSED @ http://localhost:8511/_stcore/health:0
[ 1457362ms] [ERROR] Client Error in reaching server endpoint - No response received when attempting to reach /_stcore/health @ http://localhost:8511/static/js/index.D2ZqaFuW.js:16
[ 1457362ms] [ERROR] Is Streamlit still running? If you accidentally stopped Streamlit, just restart it in your terminal: @ http://localhost:8511/static/js/index.D2ZqaFuW.js:21
[ 1457362ms] [ERROR] Failed to load resource: net::ERR_CONNECTION_REFUSED @ http://localhost:8511/_stcore/host-config:0
[ 1459378ms] [ERROR] Failed to load resource: net::ERR_CONNECTION_REFUSED @ http://localhost:8511/_stcore/health:0
[ 1459378ms] [ERROR] Client Error in reaching server endpoint - No response received when attempting to reach /_stcore/health @ http://localhost:8511/static/js/index.D2ZqaFuW.js:16
[ 1459378ms] [ERROR] Is Streamlit still running? If you accidentally stopped Streamlit, just restart it in your terminal: @ http://localhost:8511/static/js/index.D2ZqaFuW.js:21
[ 1459827ms] [ERROR] Failed to load resource: net::ERR_CONNECTION_REFUSED @ http://localhost:8511/_stcore/host-config:0
[ 1461383ms] [ERROR] Failed to load resource: net::ERR_CONNECTION_REFUSED @ http://localhost:8511/_stcore/health:0
[ 1461383ms] [ERROR] Client Error in reaching server endpoint - No response received when attempting to reach /_stcore/health @ http://localhost:8511/static/js/index.D2ZqaFuW.js:16
[ 1461383ms] [ERROR] Is Streamlit still running? If you accidentally stopped Streamlit, just restart it in your terminal: @ http://localhost:8511/static/js/index.D2ZqaFuW.js:21
[ 1461551ms] [ERROR] Failed to load resource: net::ERR_CONNECTION_REFUSED @ http://localhost:8511/_stcore/host-config:0
[ 1463395ms] [ERROR] Failed to load resource: net::ERR_CONNECTION_REFUSED @ http://localhost:8511/_stcore/health:0
[ 1463395ms] [ERROR] Client Error in reaching server endpoint - No response received when attempting to reach /_stcore/health @ http://localhost:8511/static/js/index.D2ZqaFuW.js:16
[ 1463395ms] [ERROR] Is Streamlit still running? If you accidentally stopped Streamlit, just restart it in your terminal: @ http://localhost:8511/static/js/index.D2ZqaFuW.js:21
[ 1463583ms] [ERROR] Failed to load resource: net::ERR_CONNECTION_REFUSED @ http://localhost:8511/_stcore/host-config:0
[ 1465399ms] [ERROR] Failed to load resource: net::ERR_CONNECTION_REFUSED @ http://localhost:8511/_stcore/health:0
[ 1465400ms] [ERROR] Client Error in reaching server endpoint - No response received when attempting to reach /_stcore/health @ http://localhost:8511/static/js/index.D2ZqaFuW.js:16
[ 1465400ms] [ERROR] Is Streamlit still running? If you accidentally stopped Streamlit, just restart it in your terminal: @ http://localhost:8511/static/js/index.D2ZqaFuW.js:21
[ 1465400ms] [ERROR] Failed to load resource: net::ERR_CONNECTION_REFUSED @ http://localhost:8511/_stcore/host-config:0
[ 1467407ms] [ERROR] Failed to load resource: net::ERR_CONNECTION_REFUSED @ http://localhost:8511/_stcore/health:0
[ 1467407ms] [ERROR] Client Error in reaching server endpoint - No response received when attempting to reach /_stcore/health @ http://localhost:8511/static/js/index.D2ZqaFuW.js:16
[ 1467408ms] [ERROR] Is Streamlit still running? If you accidentally stopped Streamlit, just restart it in your terminal: @ http://localhost:8511/static/js/index.D2ZqaFuW.js:21
[ 1467554ms] [ERROR] Failed to load resource: net::ERR_CONNECTION_REFUSED @ http://localhost:8511/_stcore/host-config:0
[ 1469416ms] [ERROR] Failed to load resource: net::ERR_CONNECTION_REFUSED @ http://localhost:8511/_stcore/health:0
[ 1469417ms] [ERROR] Client Error in reaching server endpoint - No response received when attempting to reach /_stcore/health @ http://localhost:8511/static/js/index.D2ZqaFuW.js:16
[ 1469417ms] [ERROR] Is Streamlit still running? If you accidentally stopped Streamlit, just restart it in your terminal: @ http://localhost:8511/static/js/index.D2ZqaFuW.js:21
[ 1469546ms] [ERROR] Failed to load resource: net::ERR_CONNECTION_REFUSED @ http://localhost:8511/_stcore/host-config:0
[ 1471426ms] [ERROR] Failed to load resource: net::ERR_CONNECTION_REFUSED @ http://localhost:8511/_stcore/health:0
[ 1471427ms] [ERROR] Client Error in reaching server endpoint - No response received when attempting to reach /_stcore/health @ http://localhost:8511/static/js/index.D2ZqaFuW.js:16
[ 1471427ms] [ERROR] Is Streamlit still running? If you accidentally stopped Streamlit, just restart it in your terminal: @ http://localhost:8511/static/js/index.D2ZqaFuW.js:21
[ 1471597ms] [ERROR] Failed to load resource: net::ERR_CONNECTION_REFUSED @ http://localhost:8511/_stcore/host-config:0
[ 1473436ms] [ERROR] Failed to load resource: net::ERR_CONNECTION_REFUSED @ http://localhost:8511/_stcore/host-config:0
[ 1473436ms] [ERROR] Client Error in reaching server endpoint - No response received when attempting to reach /_stcore/host-config @ http://localhost:8511/static/js/index.D2ZqaFuW.js:16
[ 1473436ms] [ERROR] Is Streamlit still running? If you accidentally stopped Streamlit, just restart it in your terminal: @ http://localhost:8511/static/js/index.D2ZqaFuW.js:21
[ 1473436ms] [ERROR] Failed to load resource: net::ERR_CONNECTION_REFUSED @ http://localhost:8511/_stcore/health:0
[ 1475445ms] [ERROR] Failed to load resource: net::ERR_CONNECTION_REFUSED @ http://localhost:8511/_stcore/health:0
[ 1475445ms] [ERROR] Client Error in reaching server endpoint - No response received when attempting to reach /_stcore/health @ http://localhost:8511/static/js/index.D2ZqaFuW.js:16
[ 1475446ms] [ERROR] Is Streamlit still running? If you accidentally stopped Streamlit, just restart it in your terminal: @ http://localhost:8511/static/js/index.D2ZqaFuW.js:21
[ 1475594ms] [ERROR] Failed to load resource: net::ERR_CONNECTION_REFUSED @ http://localhost:8511/_stcore/host-config:0
[ 1477454ms] [ERROR] Failed to load resource: net::ERR_CONNECTION_REFUSED @ http://localhost:8511/_stcore/host-config:0
[ 1477454ms] [ERROR] Client Error in reaching server endpoint - No response received when attempting to reach /_stcore/host-config @ http://localhost:8511/static/js/index.D2ZqaFuW.js:16
[ 1477454ms] [ERROR] Is Streamlit still running? If you accidentally stopped Streamlit, just restart it in your terminal: @ http://localhost:8511/static/js/index.D2ZqaFuW.js:21
[ 1477583ms] [ERROR] Failed to load resource: net::ERR_CONNECTION_REFUSED @ http://localhost:8511/_stcore/health:0
[ 1479459ms] [ERROR] Failed to load resource: net::ERR_CONNECTION_REFUSED @ http://localhost:8511/_stcore/health:0
[ 1479459ms] [ERROR] Client Error in reaching server endpoint - No response received when attempting to reach /_stcore/health @ http://localhost:8511/static/js/index.D2ZqaFuW.js:16
[ 1479459ms] [ERROR] Is Streamlit still running? If you accidentally stopped Streamlit, just restart it in your terminal: @ http://localhost:8511/static/js/index.D2ZqaFuW.js:21
[ 1479584ms] [ERROR] Failed to load resource: net::ERR_CONNECTION_REFUSED @ http://localhost:8511/_stcore/host-config:0
[ 1481463ms] [ERROR] Failed to load resource: net::ERR_CONNECTION_REFUSED @ http://localhost:8511/_stcore/health:0
[ 1481464ms] [ERROR] Client Error in reaching server endpoint - No response received when attempting to reach /_stcore/health @ http://localhost:8511/static/js/index.D2ZqaFuW.js:16
[ 1481464ms] [ERROR] Is Streamlit still running? If you accidentally stopped Streamlit, just restart it in your terminal: @ http://localhost:8511/static/js/index.D2ZqaFuW.js:21
[ 1482467ms] [ERROR] Failed to load resource: net::ERR_CONNECTION_REFUSED @ http://localhost:8511/_stcore/host-config:0
[ 1483469ms] [ERROR] Failed to load resource: net::ERR_CONNECTION_REFUSED @ http://localhost:8511/_stcore/health:0
[ 1483469ms] [ERROR] Client Error in reaching server endpoint - No response received when attempting to reach /_stcore/health @ http://localhost:8511/static/js/index.D2ZqaFuW.js:16
[ 1483470ms] [ERROR] Is Streamlit still running? If you accidentally stopped Streamlit, just restart it in your terminal: @ http://localhost:8511/static/js/index.D2ZqaFuW.js:21
[ 1484173ms] [ERROR] Failed to load resource: net::ERR_CONNECTION_REFUSED @ http://localhost:8511/_stcore/host-config:0
[ 1485477ms] [ERROR] Failed to load resource: net::ERR_CONNECTION_REFUSED @ http://localhost:8511/_stcore/health:0
[ 1485477ms] [ERROR] Client Error in reaching server endpoint - No response received when attempting to reach /_stcore/health @ http://localhost:8511/static/js/index.D2ZqaFuW.js:16
[ 1485477ms] [ERROR] Is Streamlit still running? If you accidentally stopped Streamlit, just restart it in your terminal: @ http://localhost:8511/static/js/index.D2ZqaFuW.js:21
[ 1485653ms] [ERROR] Failed to load resource: net::ERR_CONNECTION_REFUSED @ http://localhost:8511/_stcore/host-config:0
[ 1487484ms] [ERROR] Failed to load resource: net::ERR_CONNECTION_REFUSED @ http://localhost:8511/_stcore/health:0
[ 1487485ms] [ERROR] Client Error in reaching server endpoint - No response received when attempting to reach /_stcore/health @ http://localhost:8511/static/js/index.D2ZqaFuW.js:16
[ 1487485ms] [ERROR] Is Streamlit still running? If you accidentally stopped Streamlit, just restart it in your terminal: @ http://localhost:8511/static/js/index.D2ZqaFuW.js:21
[ 1487635ms] [ERROR] Failed to load resource: net::ERR_CONNECTION_REFUSED @ http://localhost:8511/_stcore/host-config:0
[ 1489494ms] [ERROR] Failed to load resource: net::ERR_CONNECTION_REFUSED @ http://localhost:8511/_stcore/health:0
[ 1489494ms] [ERROR] Client Error in reaching server endpoint - No response received when attempting to reach /_stcore/health @ http://localhost:8511/static/js/index.D2ZqaFuW.js:16
[ 1489494ms] [ERROR] Is Streamlit still running? If you accidentally stopped Streamlit, just restart it in your terminal: @ http://localhost:8511/static/js/index.D2ZqaFuW.js:21
[ 1489693ms] [ERROR] Failed to load resource: net::ERR_CONNECTION_REFUSED @ http://localhost:8511/_stcore/host-config:0
[ 1491502ms] [ERROR] Failed to load resource: net::ERR_CONNECTION_REFUSED @ http://localhost:8511/_stcore/host-config:0
[ 1491502ms] [ERROR] Client Error in reaching server endpoint - No response received when attempting to reach /_stcore/host-config @ http://localhost:8511/static/js/index.D2ZqaFuW.js:16
[ 1491503ms] [ERROR] Is Streamlit still running? If you accidentally stopped Streamlit, just restart it in your terminal: @ http://localhost:8511/static/js/index.D2ZqaFuW.js:21
[ 1491650ms] [ERROR] Failed to load resource: net::ERR_CONNECTION_REFUSED @ http://localhost:8511/_stcore/health:0
[ 1493509ms] [ERROR] Failed to load resource: net::ERR_CONNECTION_REFUSED @ http://localhost:8511/_stcore/host-config:0
[ 1493509ms] [ERROR] Client Error in reaching server endpoint - No response received when attempting to reach /_stcore/host-config @ http://localhost:8511/static/js/index.D2ZqaFuW.js:16
[ 1493509ms] [ERROR] Is Streamlit still running? If you accidentally stopped Streamlit, just restart it in your terminal: @ http://localhost:8511/static/js/index.D2ZqaFuW.js:21
[ 1493661ms] [ERROR] Failed to load resource: net::ERR_CONNECTION_REFUSED @ http://localhost:8511/_stcore/health:0
[ 1495515ms] [ERROR] Failed to load resource: net::ERR_CONNECTION_REFUSED @ http://localhost:8511/_stcore/health:0
[ 1495515ms] [ERROR] Client Error in reaching server endpoint - No response received when attempting to reach /_stcore/health @ http://localhost:8511/static/js/index.D2ZqaFuW.js:16
[ 1495515ms] [ERROR] Is Streamlit still running? If you accidentally stopped Streamlit, just restart it in your terminal: @ http://localhost:8511/static/js/index.D2ZqaFuW.js:21
[ 1495691ms] [ERROR] Failed to load resource: net::ERR_CONNECTION_REFUSED @ http://localhost:8511/_stcore/host-config:0
[ 1497520ms] [ERROR] Failed to load resource: net::ERR_CONNECTION_REFUSED @ http://localhost:8511/_stcore/health:0
[ 1497521ms] [ERROR] Client Error in reaching server endpoint - No response received when attempting to reach /_stcore/health @ http://localhost:8511/static/js/index.D2ZqaFuW.js:16
[ 1497521ms] [ERROR] Is Streamlit still running? If you accidentally stopped Streamlit, just restart it in your terminal: @ http://localhost:8511/static/js/index.D2ZqaFuW.js:21
[ 1497521ms] [ERROR] Failed to load resource: net::ERR_CONNECTION_REFUSED @ http://localhost:8511/_stcore/host-config:0
[ 1499529ms] [ERROR] Failed to load resource: net::ERR_CONNECTION_REFUSED @ http://localhost:8511/_stcore/health:0
[ 1499529ms] [ERROR] Client Error in reaching server endpoint - No response received when attempting to reach /_stcore/health @ http://localhost:8511/static/js/index.D2ZqaFuW.js:16
[ 1499529ms] [ERROR] Is Streamlit still running? If you accidentally stopped Streamlit, just restart it in your terminal: @ http://localhost:8511/static/js/index.D2ZqaFuW.js:21
[ 1499681ms] [ERROR] Failed to load resource: net::ERR_CONNECTION_REFUSED @ http://localhost:8511/_stcore/host-config:0
[ 1501535ms] [ERROR] Failed to load resource: net::ERR_CONNECTION_REFUSED @ http://localhost:8511/_stcore/health:0
[ 1501535ms] [ERROR] Client Error in reaching server endpoint - No response received when attempting to reach /_stcore/health @ http://localhost:8511/static/js/index.D2ZqaFuW.js:16
[ 1501535ms] [ERROR] Is Streamlit still running? If you accidentally stopped Streamlit, just restart it in your terminal: @ http://localhost:8511/static/js/index.D2ZqaFuW.js:21
[ 1501701ms] [ERROR] Failed to load resource: net::ERR_CONNECTION_REFUSED @ http://localhost:8511/_stcore/host-config:0
[ 1503543ms] [ERROR] Failed to load resource: net::ERR_CONNECTION_REFUSED @ http://localhost:8511/_stcore/health:0
[ 1503543ms] [ERROR] Client Error in reaching server endpoint - No response received when attempting to reach /_stcore/health @ http://localhost:8511/static/js/index.D2ZqaFuW.js:16
[ 1503543ms] [ERROR] Is Streamlit still running? If you accidentally stopped Streamlit, just restart it in your terminal: @ http://localhost:8511/static/js/index.D2ZqaFuW.js:21
[ 1503756ms] [ERROR] Failed to load resource: net::ERR_CONNECTION_REFUSED @ http://localhost:8511/_stcore/host-config:0
[ 1505589ms] [ERROR] Failed to load resource: net::ERR_CONNECTION_REFUSED @ http://localhost:8511/_stcore/health:0
[ 1505590ms] [ERROR] Client Error in reaching server endpoint - No response received when attempting to reach /_stcore/health @ http://localhost:8511/static/js/index.D2ZqaFuW.js:16
[ 1505590ms] [ERROR] Is Streamlit still running? If you accidentally stopped Streamlit, just restart it in your terminal: @ http://localhost:8511/static/js/index.D2ZqaFuW.js:21
[ 1506340ms] [ERROR] Failed to load resource: net::ERR_CONNECTION_REFUSED @ http://localhost:8511/_stcore/host-config:0
[ 1507596ms] [ERROR] Failed to load resource: net::ERR_CONNECTION_REFUSED @ http://localhost:8511/_stcore/health:0
[ 1507597ms] [ERROR] Client Error in reaching server endpoint - No response received when attempting to reach /_stcore/health @ http://localhost:8511/static/js/index.D2ZqaFuW.js:16
[ 1507597ms] [ERROR] Is Streamlit still running? If you accidentally stopped Streamlit, just restart it in your terminal: @ http://localhost:8511/static/js/index.D2ZqaFuW.js:21
[ 1507747ms] [ERROR] Failed to load resource: net::ERR_CONNECTION_REFUSED @ http://localhost:8511/_stcore/host-config:0
[ 1509606ms] [ERROR] Failed to load resource: net::ERR_CONNECTION_REFUSED @ http://localhost:8511/_stcore/health:0
[ 1509606ms] [ERROR] Client Error in reaching server endpoint - No response received when attempting to reach /_stcore/health @ http://localhost:8511/static/js/index.D2ZqaFuW.js:16
[ 1509607ms] [ERROR] Is Streamlit still running? If you accidentally stopped Streamlit, just restart it in your terminal: @ http://localhost:8511/static/js/index.D2ZqaFuW.js:21
[ 1509915ms] [ERROR] Failed to load resource: net::ERR_CONNECTION_REFUSED @ http://localhost:8511/_stcore/host-config:0
[ 1511616ms] [ERROR] Failed to load resource: net::ERR_CONNECTION_REFUSED @ http://localhost:8511/_stcore/health:0
[ 1511616ms] [ERROR] Client Error in reaching server endpoint - No response received when attempting to reach /_stcore/health @ http://localhost:8511/static/js/index.D2ZqaFuW.js:16
[ 1511616ms] [ERROR] Is Streamlit still running? If you accidentally stopped Streamlit, just restart it in your terminal: @ http://localhost:8511/static/js/index.D2ZqaFuW.js:21
[ 1511862ms] [ERROR] Failed to load resource: net::ERR_CONNECTION_REFUSED @ http://localhost:8511/_stcore/host-config:0
[ 1513622ms] [ERROR] Failed to load resource: net::ERR_CONNECTION_REFUSED @ http://localhost:8511/_stcore/health:0
[ 1513623ms] [ERROR] Client Error in reaching server endpoint - No response received when attempting to reach /_stcore/health @ http://localhost:8511/static/js/index.D2ZqaFuW.js:16
[ 1513623ms] [ERROR] Is Streamlit still running? If you accidentally stopped Streamlit, just restart it in your terminal: @ http://localhost:8511/static/js/index.D2ZqaFuW.js:21
[ 1513623ms] [ERROR] Failed to load resource: net::ERR_CONNECTION_REFUSED @ http://localhost:8511/_stcore/host-config:0
[ 1515629ms] [ERROR] Failed to load resource: net::ERR_CONNECTION_REFUSED @ http://localhost:8511/_stcore/host-config:0
[ 1515629ms] [ERROR] Client Error in reaching server endpoint - No response received when attempting to reach /_stcore/host-config @ http://localhost:8511/static/js/index.D2ZqaFuW.js:16
[ 1515629ms] [ERROR] Is Streamlit still running? If you accidentally stopped Streamlit, just restart it in your terminal: @ http://localhost:8511/static/js/index.D2ZqaFuW.js:21
[ 1515764ms] [ERROR] Failed to load resource: net::ERR_CONNECTION_REFUSED @ http://localhost:8511/_stcore/health:0
[ 1517639ms] [ERROR] Failed to load resource: net::ERR_CONNECTION_REFUSED @ http://localhost:8511/_stcore/health:0
[ 1517639ms] [ERROR] Client Error in reaching server endpoint - No response received when attempting to reach /_stcore/health @ http://localhost:8511/static/js/index.D2ZqaFuW.js:16
[ 1517640ms] [ERROR] Is Streamlit still running? If you accidentally stopped Streamlit, just restart it in your terminal: @ http://localhost:8511/static/js/index.D2ZqaFuW.js:21
[ 1517776ms] [ERROR] Failed to load resource: net::ERR_CONNECTION_REFUSED @ http://localhost:8511/_stcore/host-config:0
[ 1519645ms] [ERROR] Failed to load resource: net::ERR_CONNECTION_REFUSED @ http://localhost:8511/_stcore/health:0
[ 1519645ms] [ERROR] Client Error in reaching server endpoint - No response received when attempting to reach /_stcore/health @ http://localhost:8511/static/js/index.D2ZqaFuW.js:16
[ 1519646ms] [ERROR] Is Streamlit still running? If you accidentally stopped Streamlit, just restart it in your terminal: @ http://localhost:8511/static/js/index.D2ZqaFuW.js:21
[ 1520281ms] [ERROR] Failed to load resource: net::ERR_CONNECTION_REFUSED @ http://localhost:8511/_stcore/host-config:0
[ 1521652ms] [ERROR] Failed to load resource: net::ERR_CONNECTION_REFUSED @ http://localhost:8511/_stcore/health:0
[ 1521652ms] [ERROR] Client Error in reaching server endpoint - No response received when attempting to reach /_stcore/health @ http://localhost:8511/static/js/index.D2ZqaFuW.js:16
[ 1521652ms] [ERROR] Is Streamlit still running? If you accidentally stopped Streamlit, just restart it in your terminal: @ http://localhost:8511/static/js/index.D2ZqaFuW.js:21
[ 1522092ms] [ERROR] Failed to load resource: net::ERR_CONNECTION_REFUSED @ http://localhost:8511/_stcore/host-config:0
[ 1523661ms] [ERROR] Failed to load resource: net::ERR_CONNECTION_REFUSED @ http://localhost:8511/_stcore/health:0
[ 1523661ms] [ERROR] Client Error in reaching server endpoint - No response received when attempting to reach /_stcore/health @ http://localhost:8511/static/js/index.D2ZqaFuW.js:16
[ 1523661ms] [ERROR] Is Streamlit still running? If you accidentally stopped Streamlit, just restart it in your terminal: @ http://localhost:8511/static/js/index.D2ZqaFuW.js:21
[ 1523827ms] [ERROR] Failed to load resource: net::ERR_CONNECTION_REFUSED @ http://localhost:8511/_stcore/host-config:0
[ 1525688ms] [ERROR] Failed to load resource: net::ERR_CONNECTION_REFUSED @ http://localhost:8511/_stcore/health:0
[ 1525688ms] [ERROR] Client Error in reaching server endpoint - No response received when attempting to reach /_stcore/health @ http://localhost:8511/static/js/index.D2ZqaFuW.js:16
[ 1525689ms] [ERROR] Is Streamlit still running? If you accidentally stopped Streamlit, just restart it in your terminal: @ http://localhost:8511/static/js/index.D2ZqaFuW.js:21
[ 1525925ms] [ERROR] Failed to load resource: net::ERR_CONNECTION_REFUSED @ http://localhost:8511/_stcore/host-config:0
[ 1527695ms] [ERROR] Failed to load resource: net::ERR_CONNECTION_REFUSED @ http://localhost:8511/_stcore/health:0
[ 1527696ms] [ERROR] Client Error in reaching server endpoint - No response received when attempting to reach /_stcore/health @ http://localhost:8511/static/js/index.D2ZqaFuW.js:16
[ 1527696ms] [ERROR] Is Streamlit still running? If you accidentally stopped Streamlit, just restart it in your terminal: @ http://localhost:8511/static/js/index.D2ZqaFuW.js:21
[ 1527843ms] [ERROR] Failed to load resource: net::ERR_CONNECTION_REFUSED @ http://localhost:8511/_stcore/host-config:0
[ 1529703ms] [ERROR] Failed to load resource: net::ERR_CONNECTION_REFUSED @ http://localhost:8511/_stcore/health:0
[ 1529703ms] [ERROR] Client Error in reaching server endpoint - No response received when attempting to reach /_stcore/health @ http://localhost:8511/static/js/index.D2ZqaFuW.js:16
[ 1529703ms] [ERROR] Is Streamlit still running? If you accidentally stopped Streamlit, just restart it in your terminal: @ http://localhost:8511/static/js/index.D2ZqaFuW.js:21
[ 1530094ms] [ERROR] Failed to load resource: net::ERR_CONNECTION_REFUSED @ http://localhost:8511/_stcore/host-config:0
[ 1531712ms] [ERROR] Failed to load resource: net::ERR_CONNECTION_REFUSED @ http://localhost:8511/_stcore/health:0
[ 1531712ms] [ERROR] Client Error in reaching server endpoint - No response received when attempting to reach /_stcore/health @ http://localhost:8511/static/js/index.D2ZqaFuW.js:16
[ 1531713ms] [ERROR] Is Streamlit still running? If you accidentally stopped Streamlit, just restart it in your terminal: @ http://localhost:8511/static/js/index.D2ZqaFuW.js:21
[ 1531713ms] [ERROR] Failed to load resource: net::ERR_CONNECTION_REFUSED @ http://localhost:8511/_stcore/host-config:0
[ 1533722ms] [ERROR] Failed to load resource: net::ERR_CONNECTION_REFUSED @ http://localhost:8511/_stcore/host-config:0
[ 1533722ms] [ERROR] Client Error in reaching server endpoint - No response received when attempting to reach /_stcore/host-config @ http://localhost:8511/static/js/index.D2ZqaFuW.js:16
[ 1533722ms] [ERROR] Is Streamlit still running? If you accidentally stopped Streamlit, just restart it in your terminal: @ http://localhost:8511/static/js/index.D2ZqaFuW.js:21
[ 1533857ms] [ERROR] Failed to load resource: net::ERR_CONNECTION_REFUSED @ http://localhost:8511/_stcore/health:0
[ 1535836ms] [ERROR] Failed to load resource: net::ERR_CONNECTION_REFUSED @ http://localhost:8511/_stcore/health:0
[ 1535836ms] [ERROR] Client Error in reaching server endpoint - No response received when attempting to reach /_stcore/health @ http://localhost:8511/static/js/index.D2ZqaFuW.js:16
[ 1535836ms] [ERROR] Is Streamlit still running? If you accidentally stopped Streamlit, just restart it in your terminal: @ http://localhost:8511/static/js/index.D2ZqaFuW.js:21
[ 1535837ms] [ERROR] Failed to load resource: net::ERR_CONNECTION_REFUSED @ http://localhost:8511/_stcore/host-config:0
[ 1537843ms] [ERROR] Failed to load resource: net::ERR_CONNECTION_REFUSED @ http://localhost:8511/_stcore/host-config:0
[ 1537844ms] [ERROR] Client Error in reaching server endpoint - No response received when attempting to reach /_stcore/host-config @ http://localhost:8511/static/js/index.D2ZqaFuW.js:16
[ 1537844ms] [ERROR] Is Streamlit still running? If you accidentally stopped Streamlit, just restart it in your terminal: @ http://localhost:8511/static/js/index.D2ZqaFuW.js:21
[ 1538312ms] [ERROR] Failed to load resource: net::ERR_CONNECTION_REFUSED @ http://localhost:8511/_stcore/health:0
[ 1539849ms] [ERROR] Failed to load resource: net::ERR_CONNECTION_REFUSED @ http://localhost:8511/_stcore/health:0
[ 1539850ms] [ERROR] Client Error in reaching server endpoint - No response received when attempting to reach /_stcore/health @ http://localhost:8511/static/js/index.D2ZqaFuW.js:16
[ 1539850ms] [ERROR] Is Streamlit still running? If you accidentally stopped Streamlit, just restart it in your terminal: @ http://localhost:8511/static/js/index.D2ZqaFuW.js:21
[ 1539976ms] [ERROR] Failed to load resource: net::ERR_CONNECTION_REFUSED @ http://localhost:8511/_stcore/host-config:0
[ 1541859ms] [ERROR] Failed to load resource: net::ERR_CONNECTION_REFUSED @ http://localhost:8511/_stcore/health:0
[ 1541859ms] [ERROR] Client Error in reaching server endpoint - No response received when attempting to reach /_stcore/health @ http://localhost:8511/static/js/index.D2ZqaFuW.js:16
[ 1541859ms] [ERROR] Is Streamlit still running? If you accidentally stopped Streamlit, just restart it in your terminal: @ http://localhost:8511/static/js/index.D2ZqaFuW.js:21
[ 1542090ms] [ERROR] Failed to load resource: net::ERR_CONNECTION_REFUSED @ http://localhost:8511/_stcore/host-config:0
[ 1543866ms] [ERROR] Failed to load resource: net::ERR_CONNECTION_REFUSED @ http://localhost:8511/_stcore/health:0
[ 1543867ms] [ERROR] Client Error in reaching server endpoint - No response received when attempting to reach /_stcore/health @ http://localhost:8511/static/js/index.D2ZqaFuW.js:16
[ 1543867ms] [ERROR] Is Streamlit still running? If you accidentally stopped Streamlit, just restart it in your terminal: @ http://localhost:8511/static/js/index.D2ZqaFuW.js:21
[ 1544000ms] [ERROR] Failed to load resource: net::ERR_CONNECTION_REFUSED @ http://localhost:8511/_stcore/host-config:0
[ 1545876ms] [ERROR] Failed to load resource: net::ERR_CONNECTION_REFUSED @ http://localhost:8511/_stcore/health:0
[ 1545876ms] [ERROR] Client Error in reaching server endpoint - No response received when attempting to reach /_stcore/health @ http://localhost:8511/static/js/index.D2ZqaFuW.js:16
[ 1545877ms] [ERROR] Is Streamlit still running? If you accidentally stopped Streamlit, just restart it in your terminal: @ http://localhost:8511/static/js/index.D2ZqaFuW.js:21
[ 1546048ms] [ERROR] Failed to load resource: net::ERR_CONNECTION_REFUSED @ http://localhost:8511/_stcore/host-config:0
[ 1547882ms] [ERROR] Failed to load resource: net::ERR_CONNECTION_REFUSED @ http://localhost:8511/_stcore/health:0
[ 1547882ms] [ERROR] Client Error in reaching server endpoint - No response received when attempting to reach /_stcore/health @ http://localhost:8511/static/js/index.D2ZqaFuW.js:16
[ 1547882ms] [ERROR] Is Streamlit still running? If you accidentally stopped Streamlit, just restart it in your terminal: @ http://localhost:8511/static/js/index.D2ZqaFuW.js:21
[ 1548354ms] [ERROR] Failed to load resource: net::ERR_CONNECTION_REFUSED @ http://localhost:8511/_stcore/host-config:0
[ 1549890ms] [ERROR] Failed to load resource: net::ERR_CONNECTION_REFUSED @ http://localhost:8511/_stcore/health:0
[ 1549890ms] [ERROR] Client Error in reaching server endpoint - No response received when attempting to reach /_stcore/health @ http://localhost:8511/static/js/index.D2ZqaFuW.js:16
[ 1549890ms] [ERROR] Is Streamlit still running? If you accidentally stopped Streamlit, just restart it in your terminal: @ http://localhost:8511/static/js/index.D2ZqaFuW.js:21
[ 1550024ms] [ERROR] Failed to load resource: net::ERR_CONNECTION_REFUSED @ http://localhost:8511/_stcore/host-config:0
[ 1551897ms] [ERROR] Failed to load resource: net::ERR_CONNECTION_REFUSED @ http://localhost:8511/_stcore/health:0
[ 1551897ms] [ERROR] Client Error in reaching server endpoint - No response received when attempting to reach /_stcore/health @ http://localhost:8511/static/js/index.D2ZqaFuW.js:16
[ 1551898ms] [ERROR] Is Streamlit still running? If you accidentally stopped Streamlit, just restart it in your terminal: @ http://localhost:8511/static/js/index.D2ZqaFuW.js:21
[ 1552106ms] [ERROR] Failed to load resource: net::ERR_CONNECTION_REFUSED @ http://localhost:8511/_stcore/host-config:0
[ 1553935ms] [ERROR] Failed to load resource: net::ERR_CONNECTION_REFUSED @ http://localhost:8511/_stcore/health:0
[ 1553936ms] [ERROR] Client Error in reaching server endpoint - No response received when attempting to reach /_stcore/health @ http://localhost:8511/static/js/index.D2ZqaFuW.js:16
[ 1553936ms] [ERROR] Is Streamlit still running? If you accidentally stopped Streamlit, just restart it in your terminal: @ http://localhost:8511/static/js/index.D2ZqaFuW.js:21
[ 1555005ms] [ERROR] Failed to load resource: net::ERR_CONNECTION_REFUSED @ http://localhost:8511/_stcore/host-config:0
[ 1555948ms] [ERROR] Failed to load resource: net::ERR_CONNECTION_REFUSED @ http://localhost:8511/_stcore/health:0
[ 1555948ms] [ERROR] Client Error in reaching server endpoint - No response received when attempting to reach /_stcore/health @ http://localhost:8511/static/js/index.D2ZqaFuW.js:16
[ 1555948ms] [ERROR] Is Streamlit still running? If you accidentally stopped Streamlit, just restart it in your terminal: @ http://localhost:8511/static/js/index.D2ZqaFuW.js:21
[ 1556079ms] [ERROR] Failed to load resource: net::ERR_CONNECTION_REFUSED @ http://localhost:8511/_stcore/host-config:0
[ 1557958ms] [ERROR] Failed to load resource: net::ERR_CONNECTION_REFUSED @ http://localhost:8511/_stcore/health:0
[ 1557958ms] [ERROR] Client Error in reaching server endpoint - No response received when attempting to reach /_stcore/health @ http://localhost:8511/static/js/index.D2ZqaFuW.js:16
[ 1557959ms] [ERROR] Is Streamlit still running? If you accidentally stopped Streamlit, just restart it in your terminal: @ http://localhost:8511/static/js/index.D2ZqaFuW.js:21
[ 1558089ms] [ERROR] Failed to load resource: net::ERR_CONNECTION_REFUSED @ http://localhost:8511/_stcore/host-config:0
[ 1559965ms] [ERROR] Failed to load resource: net::ERR_CONNECTION_REFUSED @ http://localhost:8511/_stcore/host-config:0
[ 1559966ms] [ERROR] Client Error in reaching server endpoint - No response received when attempting to reach /_stcore/host-config @ http://localhost:8511/static/js/index.D2ZqaFuW.js:16
[ 1559966ms] [ERROR] Is Streamlit still running? If you accidentally stopped Streamlit, just restart it in your terminal: @ http://localhost:8511/static/js/index.D2ZqaFuW.js:21
[ 1560078ms] [ERROR] Failed to load resource: net::ERR_CONNECTION_REFUSED @ http://localhost:8511/_stcore/health:0
[ 1561974ms] [ERROR] Failed to load resource: net::ERR_CONNECTION_REFUSED @ http://localhost:8511/_stcore/health:0
[ 1561974ms] [ERROR] Client Error in reaching server endpoint - No response received when attempting to reach /_stcore/health @ http://localhost:8511/static/js/index.D2ZqaFuW.js:16
[ 1561974ms] [ERROR] Is Streamlit still running? If you accidentally stopped Streamlit, just restart it in your terminal: @ http://localhost:8511/static/js/index.D2ZqaFuW.js:21
[ 1562102ms] [ERROR] Failed to load resource: net::ERR_CONNECTION_REFUSED @ http://localhost:8511/_stcore/host-config:0
[ 1564010ms] [ERROR] Failed to load resource: net::ERR_CONNECTION_REFUSED @ http://localhost:8511/_stcore/host-config:0
[ 1564011ms] [ERROR] Client Error in reaching server endpoint - No response received when attempting to reach /_stcore/host-config @ http://localhost:8511/static/js/index.D2ZqaFuW.js:16
[ 1564011ms] [ERROR] Is Streamlit still running? If you accidentally stopped Streamlit, just restart it in your terminal: @ http://localhost:8511/static/js/index.D2ZqaFuW.js:21
[ 1564132ms] [ERROR] Failed to load resource: net::ERR_CONNECTION_REFUSED @ http://localhost:8511/_stcore/health:0
[ 1566022ms] [ERROR] Failed to load resource: net::ERR_CONNECTION_REFUSED @ http://localhost:8511/_stcore/health:0
[ 1566022ms] [ERROR] Client Error in reaching server endpoint - No response received when attempting to reach /_stcore/health @ http://localhost:8511/static/js/index.D2ZqaFuW.js:16
[ 1566023ms] [ERROR] Is Streamlit still running? If you accidentally stopped Streamlit, just restart it in your terminal: @ http://localhost:8511/static/js/index.D2ZqaFuW.js:21
[ 1566181ms] [ERROR] Failed to load resource: net::ERR_CONNECTION_REFUSED @ http://localhost:8511/_stcore/host-config:0
[ 1568028ms] [ERROR] Failed to load resource: net::ERR_CONNECTION_REFUSED @ http://localhost:8511/_stcore/health:0
[ 1568028ms] [ERROR] Client Error in reaching server endpoint - No response received when attempting to reach /_stcore/health @ http://localhost:8511/static/js/index.D2ZqaFuW.js:16
[ 1568029ms] [ERROR] Is Streamlit still running? If you accidentally stopped Streamlit, just restart it in your terminal: @ http://localhost:8511/static/js/index.D2ZqaFuW.js:21
[ 1568174ms] [ERROR] Failed to load resource: net::ERR_CONNECTION_REFUSED @ http://localhost:8511/_stcore/host-config:0
[ 1570036ms] [ERROR] Failed to load resource: net::ERR_CONNECTION_REFUSED @ http://localhost:8511/_stcore/health:0
[ 1570037ms] [ERROR] Client Error in reaching server endpoint - No response received when attempting to reach /_stcore/health @ http://localhost:8511/static/js/index.D2ZqaFuW.js:16
[ 1570037ms] [ERROR] Is Streamlit still running? If you accidentally stopped Streamlit, just restart it in your terminal: @ http://localhost:8511/static/js/index.D2ZqaFuW.js:21
[ 1570268ms] [ERROR] Failed to load resource: net::ERR_CONNECTION_REFUSED @ http://localhost:8511/_stcore/host-config:0
[ 1572044ms] [ERROR] Failed to load resource: net::ERR_CONNECTION_REFUSED @ http://localhost:8511/_stcore/health:0
[ 1572044ms] [ERROR] Client Error in reaching server endpoint - No response received when attempting to reach /_stcore/health @ http://localhost:8511/static/js/index.D2ZqaFuW.js:16
[ 1572044ms] [ERROR] Is Streamlit still running? If you accidentally stopped Streamlit, just restart it in your terminal: @ http://localhost:8511/static/js/index.D2ZqaFuW.js:21
[ 1572218ms] [ERROR] Failed to load resource: net::ERR_CONNECTION_REFUSED @ http://localhost:8511/_stcore/host-config:0
[ 1574053ms] [ERROR] Failed to load resource: net::ERR_CONNECTION_REFUSED @ http://localhost:8511/_stcore/host-config:0
[ 1574054ms] [ERROR] Client Error in reaching server endpoint - No response received when attempting to reach /_stcore/host-config @ http://localhost:8511/static/js/index.D2ZqaFuW.js:16
[ 1574054ms] [ERROR] Is Streamlit still running? If you accidentally stopped Streamlit, just restart it in your terminal: @ http://localhost:8511/static/js/index.D2ZqaFuW.js:21
[ 1574194ms] [ERROR] Failed to load resource: net::ERR_CONNECTION_REFUSED @ http://localhost:8511/_stcore/health:0
[ 1576061ms] [ERROR] Failed to load resource: net::ERR_CONNECTION_REFUSED @ http://localhost:8511/_stcore/health:0
[ 1576061ms] [ERROR] Client Error in reaching server endpoint - No response received when attempting to reach /_stcore/health @ http://localhost:8511/static/js/index.D2ZqaFuW.js:16
[ 1576061ms] [ERROR] Is Streamlit still running? If you accidentally stopped Streamlit, just restart it in your terminal: @ http://localhost:8511/static/js/index.D2ZqaFuW.js:21
[ 1576201ms] [ERROR] Failed to load resource: net::ERR_CONNECTION_REFUSED @ http://localhost:8511/_stcore/host-config:0
[ 1578071ms] [ERROR] Failed to load resource: net::ERR_CONNECTION_REFUSED @ http://localhost:8511/_stcore/host-config:0
[ 1578071ms] [ERROR] Client Error in reaching server endpoint - No response received when attempting to reach /_stcore/host-config @ http://localhost:8511/static/js/index.D2ZqaFuW.js:16
[ 1578071ms] [ERROR] Is Streamlit still running? If you accidentally stopped Streamlit, just restart it in your terminal: @ http://localhost:8511/static/js/index.D2ZqaFuW.js:21
[ 1578210ms] [ERROR] Failed to load resource: net::ERR_CONNECTION_REFUSED @ http://localhost:8511/_stcore/health:0
[ 1580080ms] [ERROR] Failed to load resource: net::ERR_CONNECTION_REFUSED @ http://localhost:8511/_stcore/health:0
[ 1580080ms] [ERROR] Client Error in reaching server endpoint - No response received when attempting to reach /_stcore/health @ http://localhost:8511/static/js/index.D2ZqaFuW.js:16
[ 1580080ms] [ERROR] Is Streamlit still running? If you accidentally stopped Streamlit, just restart it in your terminal: @ http://localhost:8511/static/js/index.D2ZqaFuW.js:21
[ 1580249ms] [ERROR] Failed to load resource: net::ERR_CONNECTION_REFUSED @ http://localhost:8511/_stcore/host-config:0
[ 1582087ms] [ERROR] Failed to load resource: net::ERR_CONNECTION_REFUSED @ http://localhost:8511/_stcore/health:0
[ 1582087ms] [ERROR] Client Error in reaching server endpoint - No response received when attempting to reach /_stcore/health @ http://localhost:8511/static/js/index.D2ZqaFuW.js:16
[ 1582087ms] [ERROR] Is Streamlit still running? If you accidentally stopped Streamlit, just restart it in your terminal: @ http://localhost:8511/static/js/index.D2ZqaFuW.js:21
[ 1582211ms] [ERROR] Failed to load resource: net::ERR_CONNECTION_REFUSED @ http://localhost:8511/_stcore/host-config:0
[ 1584093ms] [ERROR] Failed to load resource: net::ERR_CONNECTION_REFUSED @ http://localhost:8511/_stcore/health:0
[ 1584093ms] [ERROR] Client Error in reaching server endpoint - No response received when attempting to reach /_stcore/health @ http://localhost:8511/static/js/index.D2ZqaFuW.js:16
[ 1584093ms] [ERROR] Is Streamlit still running? If you accidentally stopped Streamlit, just restart it in your terminal: @ http://localhost:8511/static/js/index.D2ZqaFuW.js:21
[ 1584312ms] [ERROR] Failed to load resource: net::ERR_CONNECTION_REFUSED @ http://localhost:8511/_stcore/host-config:0
[ 1586102ms] [ERROR] Failed to load resource: net::ERR_CONNECTION_REFUSED @ http://localhost:8511/_stcore/host-config:0
[ 1586102ms] [ERROR] Client Error in reaching server endpoint - No response received when attempting to reach /_stcore/host-config @ http://localhost:8511/static/js/index.D2ZqaFuW.js:16
[ 1586102ms] [ERROR] Is Streamlit still running? If you accidentally stopped Streamlit, just restart it in your terminal: @ http://localhost:8511/static/js/index.D2ZqaFuW.js:21
[ 1586245ms] [ERROR] Failed to load resource: net::ERR_CONNECTION_REFUSED @ http://localhost:8511/_stcore/health:0
[ 1588110ms] [ERROR] Failed to load resource: net::ERR_CONNECTION_REFUSED @ http://localhost:8511/_stcore/health:0
[ 1588110ms] [ERROR] Client Error in reaching server endpoint - No response received when attempting to reach /_stcore/health @ http://localhost:8511/static/js/index.D2ZqaFuW.js:16
[ 1588110ms] [ERROR] Is Streamlit still running? If you accidentally stopped Streamlit, just restart it in your terminal: @ http://localhost:8511/static/js/index.D2ZqaFuW.js:21
[ 1588235ms] [ERROR] Failed to load resource: net::ERR_CONNECTION_REFUSED @ http://localhost:8511/_stcore/host-config:0
[ 1590117ms] [ERROR] Failed to load resource: net::ERR_CONNECTION_REFUSED @ http://localhost:8511/_stcore/host-config:0
[ 1590117ms] [ERROR] Client Error in reaching server endpoint - No response received when attempting to reach /_stcore/host-config @ http://localhost:8511/static/js/index.D2ZqaFuW.js:16
[ 1590117ms] [ERROR] Is Streamlit still running? If you accidentally stopped Streamlit, just restart it in your terminal: @ http://localhost:8511/static/js/index.D2ZqaFuW.js:21
[ 1590255ms] [ERROR] Failed to load resource: net::ERR_CONNECTION_REFUSED @ http://localhost:8511/_stcore/health:0
[ 1592125ms] [ERROR] Failed to load resource: net::ERR_CONNECTION_REFUSED @ http://localhost:8511/_stcore/health:0
[ 1592125ms] [ERROR] Client Error in reaching server endpoint - No response received when attempting to reach /_stcore/health @ http://localhost:8511/static/js/index.D2ZqaFuW.js:16
[ 1592125ms] [ERROR] Is Streamlit still running? If you accidentally stopped Streamlit, just restart it in your terminal: @ http://localhost:8511/static/js/index.D2ZqaFuW.js:21
[ 1592254ms] [ERROR] Failed to load resource: net::ERR_CONNECTION_REFUSED @ http://localhost:8511/_stcore/host-config:0
[ 1594134ms] [ERROR] Failed to load resource: net::ERR_CONNECTION_REFUSED @ http://localhost:8511/_stcore/health:0
[ 1594134ms] [ERROR] Client Error in reaching server endpoint - No response received when attempting to reach /_stcore/health @ http://localhost:8511/static/js/index.D2ZqaFuW.js:16
[ 1594134ms] [ERROR] Is Streamlit still running? If you accidentally stopped Streamlit, just restart it in your terminal: @ http://localhost:8511/static/js/index.D2ZqaFuW.js:21
[ 1594270ms] [ERROR] Failed to load resource: net::ERR_CONNECTION_REFUSED @ http://localhost:8511/_stcore/host-config:0
[ 1596142ms] [ERROR] Failed to load resource: net::ERR_CONNECTION_REFUSED @ http://localhost:8511/_stcore/health:0
[ 1596142ms] [ERROR] Client Error in reaching server endpoint - No response received when attempting to reach /_stcore/health @ http://localhost:8511/static/js/index.D2ZqaFuW.js:16
[ 1596144ms] [ERROR] Is Streamlit still running? If you accidentally stopped Streamlit, just restart it in your terminal: @ http://localhost:8511/static/js/index.D2ZqaFuW.js:21
[ 1596287ms] [ERROR] Failed to load resource: net::ERR_CONNECTION_REFUSED @ http://localhost:8511/_stcore/host-config:0
[ 1598151ms] [ERROR] Failed to load resource: net::ERR_CONNECTION_REFUSED @ http://localhost:8511/_stcore/health:0
[ 1598151ms] [ERROR] Client Error in reaching server endpoint - No response received when attempting to reach /_stcore/health @ http://localhost:8511/static/js/index.D2ZqaFuW.js:16
[ 1598151ms] [ERROR] Is Streamlit still running? If you accidentally stopped Streamlit, just restart it in your terminal: @ http://localhost:8511/static/js/index.D2ZqaFuW.js:21
[ 1598277ms] [ERROR] Failed to load resource: net::ERR_CONNECTION_REFUSED @ http://localhost:8511/_stcore/host-config:0
[ 1600159ms] [ERROR] Failed to load resource: net::ERR_CONNECTION_REFUSED @ http://localhost:8511/_stcore/health:0
[ 1600159ms] [ERROR] Client Error in reaching server endpoint - No response received when attempting to reach /_stcore/health @ http://localhost:8511/static/js/index.D2ZqaFuW.js:16
[ 1600160ms] [ERROR] Is Streamlit still running? If you accidentally stopped Streamlit, just restart it in your terminal: @ http://localhost:8511/static/js/index.D2ZqaFuW.js:21
[ 1600319ms] [ERROR] Failed to load resource: net::ERR_CONNECTION_REFUSED @ http://localhost:8511/_stcore/host-config:0
[ 1602167ms] [ERROR] Failed to load resource: net::ERR_CONNECTION_REFUSED @ http://localhost:8511/_stcore/health:0
[ 1602168ms] [ERROR] Client Error in reaching server endpoint - No response received when attempting to reach /_stcore/health @ http://localhost:8511/static/js/index.D2ZqaFuW.js:16
[ 1602168ms] [ERROR] Is Streamlit still running? If you accidentally stopped Streamlit, just restart it in your terminal: @ http://localhost:8511/static/js/index.D2ZqaFuW.js:21
[ 1602292ms] [ERROR] Failed to load resource: net::ERR_CONNECTION_REFUSED @ http://localhost:8511/_stcore/host-config:0
[ 1604174ms] [ERROR] Failed to load resource: net::ERR_CONNECTION_REFUSED @ http://localhost:8511/_stcore/health:0
[ 1604174ms] [ERROR] Client Error in reaching server endpoint - No response received when attempting to reach /_stcore/health @ http://localhost:8511/static/js/index.D2ZqaFuW.js:16
[ 1604174ms] [ERROR] Is Streamlit still running? If you accidentally stopped Streamlit, just restart it in your terminal: @ http://localhost:8511/static/js/index.D2ZqaFuW.js:21
[ 1604297ms] [ERROR] Failed to load resource: net::ERR_CONNECTION_REFUSED @ http://localhost:8511/_stcore/host-config:0
[ 1606181ms] [ERROR] Failed to load resource: net::ERR_CONNECTION_REFUSED @ http://localhost:8511/_stcore/health:0
[ 1606182ms] [ERROR] Client Error in reaching server endpoint - No response received when attempting to reach /_stcore/health @ http://localhost:8511/static/js/index.D2ZqaFuW.js:16
[ 1606182ms] [ERROR] Is Streamlit still running? If you accidentally stopped Streamlit, just restart it in your terminal: @ http://localhost:8511/static/js/index.D2ZqaFuW.js:21
[ 1606326ms] [ERROR] Failed to load resource: net::ERR_CONNECTION_REFUSED @ http://localhost:8511/_stcore/host-config:0
[ 1608190ms] [ERROR] Failed to load resource: net::ERR_CONNECTION_REFUSED @ http://localhost:8511/_stcore/health:0
[ 1608191ms] [ERROR] Client Error in reaching server endpoint - No response received when attempting to reach /_stcore/health @ http://localhost:8511/static/js/index.D2ZqaFuW.js:16
[ 1608191ms] [ERROR] Is Streamlit still running? If you accidentally stopped Streamlit, just restart it in your terminal: @ http://localhost:8511/static/js/index.D2ZqaFuW.js:21
[ 1608310ms] [ERROR] Failed to load resource: net::ERR_CONNECTION_REFUSED @ http://localhost:8511/_stcore/host-config:0
[ 1610201ms] [ERROR] Failed to load resource: net::ERR_CONNECTION_REFUSED @ http://localhost:8511/_stcore/health:0
[ 1610201ms] [ERROR] Client Error in reaching server endpoint - No response received when attempting to reach /_stcore/health @ http://localhost:8511/static/js/index.D2ZqaFuW.js:16
[ 1610201ms] [ERROR] Is Streamlit still running? If you accidentally stopped Streamlit, just restart it in your terminal: @ http://localhost:8511/static/js/index.D2ZqaFuW.js:21
[ 1610517ms] [ERROR] Failed to load resource: net::ERR_CONNECTION_REFUSED @ http://localhost:8511/_stcore/host-config:0
[ 1612209ms] [ERROR] Failed to load resource: net::ERR_CONNECTION_REFUSED @ http://localhost:8511/_stcore/health:0
[ 1612209ms] [ERROR] Client Error in reaching server endpoint - No response received when attempting to reach /_stcore/health @ http://localhost:8511/static/js/index.D2ZqaFuW.js:16
[ 1612209ms] [ERROR] Is Streamlit still running? If you accidentally stopped Streamlit, just restart it in your terminal: @ http://localhost:8511/static/js/index.D2ZqaFuW.js:21
[ 1612352ms] [ERROR] Failed to load resource: net::ERR_CONNECTION_REFUSED @ http://localhost:8511/_stcore/host-config:0
[ 1614217ms] [ERROR] Failed to load resource: net::ERR_CONNECTION_REFUSED @ http://localhost:8511/_stcore/host-config:0
[ 1614218ms] [ERROR] Client Error in reaching server endpoint - No response received when attempting to reach /_stcore/host-config @ http://localhost:8511/static/js/index.D2ZqaFuW.js:16
[ 1614218ms] [ERROR] Is Streamlit still running? If you accidentally stopped Streamlit, just restart it in your terminal: @ http://localhost:8511/static/js/index.D2ZqaFuW.js:21
[ 1614484ms] [ERROR] Failed to load resource: net::ERR_CONNECTION_REFUSED @ http://localhost:8511/_stcore/health:0
[ 1616222ms] [ERROR] Failed to load resource: net::ERR_CONNECTION_REFUSED @ http://localhost:8511/_stcore/health:0
[ 1616222ms] [ERROR] Client Error in reaching server endpoint - No response received when attempting to reach /_stcore/health @ http://localhost:8511/static/js/index.D2ZqaFuW.js:16
[ 1616223ms] [ERROR] Is Streamlit still running? If you accidentally stopped Streamlit, just restart it in your terminal: @ http://localhost:8511/static/js/index.D2ZqaFuW.js:21
[ 1616409ms] [ERROR] Failed to load resource: net::ERR_CONNECTION_REFUSED @ http://localhost:8511/_stcore/host-config:0
[ 1618227ms] [ERROR] Failed to load resource: net::ERR_CONNECTION_REFUSED @ http://localhost:8511/_stcore/health:0
[ 1618227ms] [ERROR] Client Error in reaching server endpoint - No response received when attempting to reach /_stcore/health @ http://localhost:8511/static/js/index.D2ZqaFuW.js:16
[ 1618227ms] [ERROR] Is Streamlit still running? If you accidentally stopped Streamlit, just restart it in your terminal: @ http://localhost:8511/static/js/index.D2ZqaFuW.js:21
[ 1618440ms] [ERROR] Failed to load resource: net::ERR_CONNECTION_REFUSED @ http://localhost:8511/_stcore/host-config:0
[ 1620238ms] [ERROR] Failed to load resource: net::ERR_CONNECTION_REFUSED @ http://localhost:8511/_stcore/health:0
[ 1620239ms] [ERROR] Client Error in reaching server endpoint - No response received when attempting to reach /_stcore/health @ http://localhost:8511/static/js/index.D2ZqaFuW.js:16
[ 1620239ms] [ERROR] Is Streamlit still running? If you accidentally stopped Streamlit, just restart it in your terminal: @ http://localhost:8511/static/js/index.D2ZqaFuW.js:21
[ 1620502ms] [ERROR] Failed to load resource: net::ERR_CONNECTION_REFUSED @ http://localhost:8511/_stcore/host-config:0
[ 1622251ms] [ERROR] Failed to load resource: net::ERR_CONNECTION_REFUSED @ http://localhost:8511/_stcore/health:0
[ 1622251ms] [ERROR] Client Error in reaching server endpoint - No response received when attempting to reach /_stcore/health @ http://localhost:8511/static/js/index.D2ZqaFuW.js:16
[ 1622251ms] [ERROR] Is Streamlit still running? If you accidentally stopped Streamlit, just restart it in your terminal: @ http://localhost:8511/static/js/index.D2ZqaFuW.js:21
[ 1622414ms] [ERROR] Failed to load resource: net::ERR_CONNECTION_REFUSED @ http://localhost:8511/_stcore/host-config:0
[ 1624258ms] [ERROR] Failed to load resource: net::ERR_CONNECTION_REFUSED @ http://localhost:8511/_stcore/health:0
[ 1624258ms] [ERROR] Client Error in reaching server endpoint - No response received when attempting to reach /_stcore/health @ http://localhost:8511/static/js/index.D2ZqaFuW.js:16
[ 1624258ms] [ERROR] Is Streamlit still running? If you accidentally stopped Streamlit, just restart it in your terminal: @ http://localhost:8511/static/js/index.D2ZqaFuW.js:21
[ 1624425ms] [ERROR] Failed to load resource: net::ERR_CONNECTION_REFUSED @ http://localhost:8511/_stcore/host-config:0
[ 1626267ms] [ERROR] Failed to load resource: net::ERR_CONNECTION_REFUSED @ http://localhost:8511/_stcore/health:0
[ 1626267ms] [ERROR] Client Error in reaching server endpoint - No response received when attempting to reach /_stcore/health @ http://localhost:8511/static/js/index.D2ZqaFuW.js:16
[ 1626267ms] [ERROR] Is Streamlit still running? If you accidentally stopped Streamlit, just restart it in your terminal: @ http://localhost:8511/static/js/index.D2ZqaFuW.js:21
[ 1626530ms] [ERROR] Failed to load resource: net::ERR_CONNECTION_REFUSED @ http://localhost:8511/_stcore/host-config:0
[ 1628272ms] [ERROR] Failed to load resource: net::ERR_CONNECTION_REFUSED @ http://localhost:8511/_stcore/health:0
[ 1628273ms] [ERROR] Client Error in reaching server endpoint - No response received when attempting to reach /_stcore/health @ http://localhost:8511/static/js/index.D2ZqaFuW.js:16
[ 1628273ms] [ERROR] Is Streamlit still running? If you accidentally stopped Streamlit, just restart it in your terminal: @ http://localhost:8511/static/js/index.D2ZqaFuW.js:21
[ 1628630ms] [ERROR] Failed to load resource: net::ERR_CONNECTION_REFUSED @ http://localhost:8511/_stcore/host-config:0
[ 1630278ms] [ERROR] Failed to load resource: net::ERR_CONNECTION_REFUSED @ http://localhost:8511/_stcore/health:0
[ 1630278ms] [ERROR] Client Error in reaching server endpoint - No response received when attempting to reach /_stcore/health @ http://localhost:8511/static/js/index.D2ZqaFuW.js:16
[ 1630279ms] [ERROR] Is Streamlit still running? If you accidentally stopped Streamlit, just restart it in your terminal: @ http://localhost:8511/static/js/index.D2ZqaFuW.js:21
[ 1630460ms] [ERROR] Failed to load resource: net::ERR_CONNECTION_REFUSED @ http://localhost:8511/_stcore/host-config:0
[ 1632287ms] [ERROR] Failed to load resource: net::ERR_CONNECTION_REFUSED @ http://localhost:8511/_stcore/health:0
[ 1632287ms] [ERROR] Client Error in reaching server endpoint - No response received when attempting to reach /_stcore/health @ http://localhost:8511/static/js/index.D2ZqaFuW.js:16
[ 1632288ms] [ERROR] Is Streamlit still running? If you accidentally stopped Streamlit, just restart it in your terminal: @ http://localhost:8511/static/js/index.D2ZqaFuW.js:21
[ 1632462ms] [ERROR] Failed to load resource: net::ERR_CONNECTION_REFUSED @ http://localhost:8511/_stcore/host-config:0
[ 1634296ms] [ERROR] Failed to load resource: net::ERR_CONNECTION_REFUSED @ http://localhost:8511/_stcore/health:0
[ 1634296ms] [ERROR] Client Error in reaching server endpoint - No response received when attempting to reach /_stcore/health @ http://localhost:8511/static/js/index.D2ZqaFuW.js:16
[ 1634296ms] [ERROR] Is Streamlit still running? If you accidentally stopped Streamlit, just restart it in your terminal: @ http://localhost:8511/static/js/index.D2ZqaFuW.js:21
[ 1634518ms] [ERROR] Failed to load resource: net::ERR_CONNECTION_REFUSED @ http://localhost:8511/_stcore/host-config:0
[ 1636304ms] [ERROR] Failed to load resource: net::ERR_CONNECTION_REFUSED @ http://localhost:8511/_stcore/health:0
[ 1636305ms] [ERROR] Client Error in reaching server endpoint - No response received when attempting to reach /_stcore/health @ http://localhost:8511/static/js/index.D2ZqaFuW.js:16
[ 1636305ms] [ERROR] Is Streamlit still running? If you accidentally stopped Streamlit, just restart it in your terminal: @ http://localhost:8511/static/js/index.D2ZqaFuW.js:21
[ 1636487ms] [ERROR] Failed to load resource: net::ERR_CONNECTION_REFUSED @ http://localhost:8511/_stcore/host-config:0
[ 1638317ms] [ERROR] Failed to load resource: net::ERR_CONNECTION_REFUSED @ http://localhost:8511/_stcore/health:0
[ 1638317ms] [ERROR] Client Error in reaching server endpoint - No response received when attempting to reach /_stcore/health @ http://localhost:8511/static/js/index.D2ZqaFuW.js:16
[ 1638317ms] [ERROR] Is Streamlit still running? If you accidentally stopped Streamlit, just restart it in your terminal: @ http://localhost:8511/static/js/index.D2ZqaFuW.js:21
[ 1638495ms] [ERROR] Failed to load resource: net::ERR_CONNECTION_REFUSED @ http://localhost:8511/_stcore/host-config:0
[ 1640322ms] [ERROR] Failed to load resource: net::ERR_CONNECTION_REFUSED @ http://localhost:8511/_stcore/health:0
[ 1640322ms] [ERROR] Client Error in reaching server endpoint - No response received when attempting to reach /_stcore/health @ http://localhost:8511/static/js/index.D2ZqaFuW.js:16
[ 1640323ms] [ERROR] Is Streamlit still running? If you accidentally stopped Streamlit, just restart it in your terminal: @ http://localhost:8511/static/js/index.D2ZqaFuW.js:21
[ 1640323ms] [ERROR] Failed to load resource: net::ERR_CONNECTION_REFUSED @ http://localhost:8511/_stcore/host-config:0
[ 1642329ms] [ERROR] Failed to load resource: net::ERR_CONNECTION_REFUSED @ http://localhost:8511/_stcore/health:0
[ 1642329ms] [ERROR] Client Error in reaching server endpoint - No response received when attempting to reach /_stcore/health @ http://localhost:8511/static/js/index.D2ZqaFuW.js:16
[ 1642330ms] [ERROR] Is Streamlit still running? If you accidentally stopped Streamlit, just restart it in your terminal: @ http://localhost:8511/static/js/index.D2ZqaFuW.js:21
[ 1642468ms] [ERROR] Failed to load resource: net::ERR_CONNECTION_REFUSED @ http://localhost:8511/_stcore/host-config:0
[ 1644336ms] [ERROR] Failed to load resource: net::ERR_CONNECTION_REFUSED @ http://localhost:8511/_stcore/host-config:0
[ 1644336ms] [ERROR] Client Error in reaching server endpoint - No response received when attempting to reach /_stcore/host-config @ http://localhost:8511/static/js/index.D2ZqaFuW.js:16
[ 1644336ms] [ERROR] Is Streamlit still running? If you accidentally stopped Streamlit, just restart it in your terminal: @ http://localhost:8511/static/js/index.D2ZqaFuW.js:21
[ 1644494ms] [ERROR] Failed to load resource: net::ERR_CONNECTION_REFUSED @ http://localhost:8511/_stcore/health:0
[ 1646342ms] [ERROR] Failed to load resource: net::ERR_CONNECTION_REFUSED @ http://localhost:8511/_stcore/health:0
[ 1646342ms] [ERROR] Client Error in reaching server endpoint - No response received when attempting to reach /_stcore/health @ http://localhost:8511/static/js/index.D2ZqaFuW.js:16
[ 1646342ms] [ERROR] Is Streamlit still running? If you accidentally stopped Streamlit, just restart it in your terminal: @ http://localhost:8511/static/js/index.D2ZqaFuW.js:21
[ 1646478ms] [ERROR] Failed to load resource: net::ERR_CONNECTION_REFUSED @ http://localhost:8511/_stcore/host-config:0
[ 1648350ms] [ERROR] Failed to load resource: net::ERR_CONNECTION_REFUSED @ http://localhost:8511/_stcore/health:0
[ 1648350ms] [ERROR] Client Error in reaching server endpoint - No response received when attempting to reach /_stcore/health @ http://localhost:8511/static/js/index.D2ZqaFuW.js:16
[ 1648350ms] [ERROR] Is Streamlit still running? If you accidentally stopped Streamlit, just restart it in your terminal: @ http://localhost:8511/static/js/index.D2ZqaFuW.js:21
[ 1648489ms] [ERROR] Failed to load resource: net::ERR_CONNECTION_REFUSED @ http://localhost:8511/_stcore/host-config:0
[ 1650357ms] [ERROR] Failed to load resource: net::ERR_CONNECTION_REFUSED @ http://localhost:8511/_stcore/health:0
[ 1650357ms] [ERROR] Client Error in reaching server endpoint - No response received when attempting to reach /_stcore/health @ http://localhost:8511/static/js/index.D2ZqaFuW.js:16
[ 1650357ms] [ERROR] Is Streamlit still running? If you accidentally stopped Streamlit, just restart it in your terminal: @ http://localhost:8511/static/js/index.D2ZqaFuW.js:21
[ 1650506ms] [ERROR] Failed to load resource: net::ERR_CONNECTION_REFUSED @ http://localhost:8511/_stcore/host-config:0
[ 1652362ms] [ERROR] Failed to load resource: net::ERR_CONNECTION_REFUSED @ http://localhost:8511/_stcore/health:0
[ 1652363ms] [ERROR] Client Error in reaching server endpoint - No response received when attempting to reach /_stcore/health @ http://localhost:8511/static/js/index.D2ZqaFuW.js:16
[ 1652363ms] [ERROR] Is Streamlit still running? If you accidentally stopped Streamlit, just restart it in your terminal: @ http://localhost:8511/static/js/index.D2ZqaFuW.js:21
[ 1652486ms] [ERROR] Failed to load resource: net::ERR_CONNECTION_REFUSED @ http://localhost:8511/_stcore/host-config:0
[ 1654372ms] [ERROR] Failed to load resource: net::ERR_CONNECTION_REFUSED @ http://localhost:8511/_stcore/health:0
[ 1654372ms] [ERROR] Client Error in reaching server endpoint - No response received when attempting to reach /_stcore/health @ http://localhost:8511/static/js/index.D2ZqaFuW.js:16
[ 1654372ms] [ERROR] Is Streamlit still running? If you accidentally stopped Streamlit, just restart it in your terminal: @ http://localhost:8511/static/js/index.D2ZqaFuW.js:21
[ 1654512ms] [ERROR] Failed to load resource: net::ERR_CONNECTION_REFUSED @ http://localhost:8511/_stcore/host-config:0
[ 1656379ms] [ERROR] Failed to load resource: net::ERR_CONNECTION_REFUSED @ http://localhost:8511/_stcore/health:0
[ 1656379ms] [ERROR] Client Error in reaching server endpoint - No response received when attempting to reach /_stcore/health @ http://localhost:8511/static/js/index.D2ZqaFuW.js:16
[ 1656379ms] [ERROR] Is Streamlit still running? If you accidentally stopped Streamlit, just restart it in your terminal: @ http://localhost:8511/static/js/index.D2ZqaFuW.js:21
[ 1656511ms] [ERROR] Failed to load resource: net::ERR_CONNECTION_REFUSED @ http://localhost:8511/_stcore/host-config:0
[ 1658389ms] [ERROR] Failed to load resource: net::ERR_CONNECTION_REFUSED @ http://localhost:8511/_stcore/health:0
[ 1658389ms] [ERROR] Client Error in reaching server endpoint - No response received when attempting to reach /_stcore/health @ http://localhost:8511/static/js/index.D2ZqaFuW.js:16
[ 1658389ms] [ERROR] Is Streamlit still running? If you accidentally stopped Streamlit, just restart it in your terminal: @ http://localhost:8511/static/js/index.D2ZqaFuW.js:21
[ 1658535ms] [ERROR] Failed to load resource: net::ERR_CONNECTION_REFUSED @ http://localhost:8511/_stcore/host-config:0
[ 1660395ms] [ERROR] Failed to load resource: net::ERR_CONNECTION_REFUSED @ http://localhost:8511/_stcore/host-config:0
[ 1660395ms] [ERROR] Client Error in reaching server endpoint - No response received when attempting to reach /_stcore/host-config @ http://localhost:8511/static/js/index.D2ZqaFuW.js:16
[ 1660395ms] [ERROR] Is Streamlit still running? If you accidentally stopped Streamlit, just restart it in your terminal: @ http://localhost:8511/static/js/index.D2ZqaFuW.js:21
[ 1660587ms] [ERROR] Failed to load resource: net::ERR_CONNECTION_REFUSED @ http://localhost:8511/_stcore/health:0
[ 1662403ms] [ERROR] Failed to load resource: net::ERR_CONNECTION_REFUSED @ http://localhost:8511/_stcore/host-config:0
[ 1662403ms] [ERROR] Client Error in reaching server endpoint - No response received when attempting to reach /_stcore/host-config @ http://localhost:8511/static/js/index.D2ZqaFuW.js:16
[ 1662403ms] [ERROR] Is Streamlit still running? If you accidentally stopped Streamlit, just restart it in your terminal: @ http://localhost:8511/static/js/index.D2ZqaFuW.js:21
[ 1662529ms] [ERROR] Failed to load resource: net::ERR_CONNECTION_REFUSED @ http://localhost:8511/_stcore/health:0
[ 1664408ms] [ERROR] Failed to load resource: net::ERR_CONNECTION_REFUSED @ http://localhost:8511/_stcore/health:0
[ 1664408ms] [ERROR] Client Error in reaching server endpoint - No response received when attempting to reach /_stcore/health @ http://localhost:8511/static/js/index.D2ZqaFuW.js:16
[ 1664409ms] [ERROR] Is Streamlit still running? If you accidentally stopped Streamlit, just restart it in your terminal: @ http://localhost:8511/static/js/index.D2ZqaFuW.js:21
[ 1664553ms] [ERROR] Failed to load resource: net::ERR_CONNECTION_REFUSED @ http://localhost:8511/_stcore/host-config:0
[ 1666415ms] [ERROR] Failed to load resource: net::ERR_CONNECTION_REFUSED @ http://localhost:8511/_stcore/health:0
[ 1666415ms] [ERROR] Client Error in reaching server endpoint - No response received when attempting to reach /_stcore/health @ http://localhost:8511/static/js/index.D2ZqaFuW.js:16
[ 1666415ms] [ERROR] Is Streamlit still running? If you accidentally stopped Streamlit, just restart it in your terminal: @ http://localhost:8511/static/js/index.D2ZqaFuW.js:21
[ 1666638ms] [ERROR] Failed to load resource: net::ERR_CONNECTION_REFUSED @ http://localhost:8511/_stcore/host-config:0
[ 1668436ms] [ERROR] Failed to load resource: net::ERR_CONNECTION_REFUSED @ http://localhost:8511/_stcore/health:0
[ 1668436ms] [ERROR] Client Error in reaching server endpoint - No response received when attempting to reach /_stcore/health @ http://localhost:8511/static/js/index.D2ZqaFuW.js:16
[ 1668437ms] [ERROR] Is Streamlit still running? If you accidentally stopped Streamlit, just restart it in your terminal: @ http://localhost:8511/static/js/index.D2ZqaFuW.js:21
[ 1668610ms] [ERROR] Failed to load resource: net::ERR_CONNECTION_REFUSED @ http://localhost:8511/_stcore/host-config:0
[ 1670442ms] [ERROR] Failed to load resource: net::ERR_CONNECTION_REFUSED @ http://localhost:8511/_stcore/health:0
[ 1670443ms] [ERROR] Client Error in reaching server endpoint - No response received when attempting to reach /_stcore/health @ http://localhost:8511/static/js/index.D2ZqaFuW.js:16
[ 1670443ms] [ERROR] Is Streamlit still running? If you accidentally stopped Streamlit, just restart it in your terminal: @ http://localhost:8511/static/js/index.D2ZqaFuW.js:21
[ 1670608ms] [ERROR] Failed to load resource: net::ERR_CONNECTION_REFUSED @ http://localhost:8511/_stcore/host-config:0
[ 1672451ms] [ERROR] Failed to load resource: net::ERR_CONNECTION_REFUSED @ http://localhost:8511/_stcore/health:0
[ 1672451ms] [ERROR] Client Error in reaching server endpoint - No response received when attempting to reach /_stcore/health @ http://localhost:8511/static/js/index.D2ZqaFuW.js:16
[ 1672451ms] [ERROR] Is Streamlit still running? If you accidentally stopped Streamlit, just restart it in your terminal: @ http://localhost:8511/static/js/index.D2ZqaFuW.js:21
[ 1672765ms] [ERROR] Failed to load resource: net::ERR_CONNECTION_REFUSED @ http://localhost:8511/_stcore/host-config:0
[ 1674458ms] [ERROR] Failed to load resource: net::ERR_CONNECTION_REFUSED @ http://localhost:8511/_stcore/health:0
[ 1674458ms] [ERROR] Client Error in reaching server endpoint - No response received when attempting to reach /_stcore/health @ http://localhost:8511/static/js/index.D2ZqaFuW.js:16
[ 1674459ms] [ERROR] Is Streamlit still running? If you accidentally stopped Streamlit, just restart it in your terminal: @ http://localhost:8511/static/js/index.D2ZqaFuW.js:21
[ 1674666ms] [ERROR] Failed to load resource: net::ERR_CONNECTION_REFUSED @ http://localhost:8511/_stcore/host-config:0
[ 1676468ms] [ERROR] Failed to load resource: net::ERR_CONNECTION_REFUSED @ http://localhost:8511/_stcore/health:0
[ 1676468ms] [ERROR] Client Error in reaching server endpoint - No response received when attempting to reach /_stcore/health @ http://localhost:8511/static/js/index.D2ZqaFuW.js:16
[ 1676469ms] [ERROR] Is Streamlit still running? If you accidentally stopped Streamlit, just restart it in your terminal: @ http://localhost:8511/static/js/index.D2ZqaFuW.js:21
[ 1676649ms] [ERROR] Failed to load resource: net::ERR_CONNECTION_REFUSED @ http://localhost:8511/_stcore/host-config:0
[ 1678476ms] [ERROR] Failed to load resource: net::ERR_CONNECTION_REFUSED @ http://localhost:8511/_stcore/health:0
[ 1678476ms] [ERROR] Client Error in reaching server endpoint - No response received when attempting to reach /_stcore/health @ http://localhost:8511/static/js/index.D2ZqaFuW.js:16
[ 1678477ms] [ERROR] Is Streamlit still running? If you accidentally stopped Streamlit, just restart it in your terminal: @ http://localhost:8511/static/js/index.D2ZqaFuW.js:21
[ 1678729ms] [ERROR] Failed to load resource: net::ERR_CONNECTION_REFUSED @ http://localhost:8511/_stcore/host-config:0
[ 1680483ms] [ERROR] Failed to load resource: net::ERR_CONNECTION_REFUSED @ http://localhost:8511/_stcore/health:0
[ 1680484ms] [ERROR] Client Error in reaching server endpoint - No response received when attempting to reach /_stcore/health @ http://localhost:8511/static/js/index.D2ZqaFuW.js:16
[ 1680484ms] [ERROR] Is Streamlit still running? If you accidentally stopped Streamlit, just restart it in your terminal: @ http://localhost:8511/static/js/index.D2ZqaFuW.js:21
[ 1680649ms] [ERROR] Failed to load resource: net::ERR_CONNECTION_REFUSED @ http://localhost:8511/_stcore/host-config:0
[ 1682492ms] [ERROR] Failed to load resource: net::ERR_CONNECTION_REFUSED @ http://localhost:8511/_stcore/health:0
[ 1682492ms] [ERROR] Client Error in reaching server endpoint - No response received when attempting to reach /_stcore/health @ http://localhost:8511/static/js/index.D2ZqaFuW.js:16
[ 1682492ms] [ERROR] Is Streamlit still running? If you accidentally stopped Streamlit, just restart it in your terminal: @ http://localhost:8511/static/js/index.D2ZqaFuW.js:21
[ 1682626ms] [ERROR] Failed to load resource: net::ERR_CONNECTION_REFUSED @ http://localhost:8511/_stcore/host-config:0
[ 1684498ms] [ERROR] Failed to load resource: net::ERR_CONNECTION_REFUSED @ http://localhost:8511/_stcore/health:0
[ 1684498ms] [ERROR] Client Error in reaching server endpoint - No response received when attempting to reach /_stcore/health @ http://localhost:8511/static/js/index.D2ZqaFuW.js:16
[ 1684498ms] [ERROR] Is Streamlit still running? If you accidentally stopped Streamlit, just restart it in your terminal: @ http://localhost:8511/static/js/index.D2ZqaFuW.js:21
[ 1684644ms] [ERROR] Failed to load resource: net::ERR_CONNECTION_REFUSED @ http://localhost:8511/_stcore/host-config:0
[ 1686506ms] [ERROR] Failed to load resource: net::ERR_CONNECTION_REFUSED @ http://localhost:8511/_stcore/health:0
[ 1686506ms] [ERROR] Client Error in reaching server endpoint - No response received when attempting to reach /_stcore/health @ http://localhost:8511/static/js/index.D2ZqaFuW.js:16
[ 1686506ms] [ERROR] Is Streamlit still running? If you accidentally stopped Streamlit, just restart it in your terminal: @ http://localhost:8511/static/js/index.D2ZqaFuW.js:21
[ 1686782ms] [ERROR] Failed to load resource: net::ERR_CONNECTION_REFUSED @ http://localhost:8511/_stcore/host-config:0
[ 1688513ms] [ERROR] Failed to load resource: net::ERR_CONNECTION_REFUSED @ http://localhost:8511/_stcore/health:0
[ 1688513ms] [ERROR] Client Error in reaching server endpoint - No response received when attempting to reach /_stcore/health @ http://localhost:8511/static/js/index.D2ZqaFuW.js:16
[ 1688514ms] [ERROR] Is Streamlit still running? If you accidentally stopped Streamlit, just restart it in your terminal: @ http://localhost:8511/static/js/index.D2ZqaFuW.js:21
[ 1688636ms] [ERROR] Failed to load resource: net::ERR_CONNECTION_REFUSED @ http://localhost:8511/_stcore/host-config:0
[ 1690522ms] [ERROR] Failed to load resource: net::ERR_CONNECTION_REFUSED @ http://localhost:8511/_stcore/health:0
[ 1690522ms] [ERROR] Client Error in reaching server endpoint - No response received when attempting to reach /_stcore/health @ http://localhost:8511/static/js/index.D2ZqaFuW.js:16
[ 1690522ms] [ERROR] Is Streamlit still running? If you accidentally stopped Streamlit, just restart it in your terminal: @ http://localhost:8511/static/js/index.D2ZqaFuW.js:21
[ 1690522ms] [ERROR] Failed to load resource: net::ERR_CONNECTION_REFUSED @ http://localhost:8511/_stcore/host-config:0
[ 1692534ms] [ERROR] Failed to load resource: net::ERR_CONNECTION_REFUSED @ http://localhost:8511/_stcore/health:0
[ 1692534ms] [ERROR] Client Error in reaching server endpoint - No response received when attempting to reach /_stcore/health @ http://localhost:8511/static/js/index.D2ZqaFuW.js:16
[ 1692535ms] [ERROR] Is Streamlit still running? If you accidentally stopped Streamlit, just restart it in your terminal: @ http://localhost:8511/static/js/index.D2ZqaFuW.js:21
[ 1692701ms] [ERROR] Failed to load resource: net::ERR_CONNECTION_REFUSED @ http://localhost:8511/_stcore/host-config:0
[ 1694540ms] [ERROR] Failed to load resource: net::ERR_CONNECTION_REFUSED @ http://localhost:8511/_stcore/health:0
[ 1694540ms] [ERROR] Client Error in reaching server endpoint - No response received when attempting to reach /_stcore/health @ http://localhost:8511/static/js/index.D2ZqaFuW.js:16
[ 1694540ms] [ERROR] Is Streamlit still running? If you accidentally stopped Streamlit, just restart it in your terminal: @ http://localhost:8511/static/js/index.D2ZqaFuW.js:21
[ 1694690ms] [ERROR] Failed to load resource: net::ERR_CONNECTION_REFUSED @ http://localhost:8511/_stcore/host-config:0
[ 1696547ms] [ERROR] Failed to load resource: net::ERR_CONNECTION_REFUSED @ http://localhost:8511/_stcore/health:0
[ 1696547ms] [ERROR] Client Error in reaching server endpoint - No response received when attempting to reach /_stcore/health @ http://localhost:8511/static/js/index.D2ZqaFuW.js:16
[ 1696547ms] [ERROR] Is Streamlit still running? If you accidentally stopped Streamlit, just restart it in your terminal: @ http://localhost:8511/static/js/index.D2ZqaFuW.js:21
[ 1696688ms] [ERROR] Failed to load resource: net::ERR_CONNECTION_REFUSED @ http://localhost:8511/_stcore/host-config:0
[ 1698553ms] [ERROR] Failed to load resource: net::ERR_CONNECTION_REFUSED @ http://localhost:8511/_stcore/health:0
[ 1698553ms] [ERROR] Client Error in reaching server endpoint - No response received when attempting to reach /_stcore/health @ http://localhost:8511/static/js/index.D2ZqaFuW.js:16
[ 1698553ms] [ERROR] Is Streamlit still running? If you accidentally stopped Streamlit, just restart it in your terminal: @ http://localhost:8511/static/js/index.D2ZqaFuW.js:21
[ 1698680ms] [ERROR] Failed to load resource: net::ERR_CONNECTION_REFUSED @ http://localhost:8511/_stcore/host-config:0
[ 1700567ms] [ERROR] Failed to load resource: net::ERR_CONNECTION_REFUSED @ http://localhost:8511/_stcore/host-config:0
[ 1700567ms] [ERROR] Client Error in reaching server endpoint - No response received when attempting to reach /_stcore/host-config @ http://localhost:8511/static/js/index.D2ZqaFuW.js:16
[ 1700567ms] [ERROR] Is Streamlit still running? If you accidentally stopped Streamlit, just restart it in your terminal: @ http://localhost:8511/static/js/index.D2ZqaFuW.js:21
[ 1700699ms] [ERROR] Failed to load resource: net::ERR_CONNECTION_REFUSED @ http://localhost:8511/_stcore/health:0
[ 1702572ms] [ERROR] Failed to load resource: net::ERR_CONNECTION_REFUSED @ http://localhost:8511/_stcore/health:0
[ 1702573ms] [ERROR] Client Error in reaching server endpoint - No response received when attempting to reach /_stcore/health @ http://localhost:8511/static/js/index.D2ZqaFuW.js:16
[ 1702573ms] [ERROR] Is Streamlit still running? If you accidentally stopped Streamlit, just restart it in your terminal: @ http://localhost:8511/static/js/index.D2ZqaFuW.js:21
[ 1702713ms] [ERROR] Failed to load resource: net::ERR_CONNECTION_REFUSED @ http://localhost:8511/_stcore/host-config:0
[ 1704580ms] [ERROR] Failed to load resource: net::ERR_CONNECTION_REFUSED @ http://localhost:8511/_stcore/health:0
[ 1704581ms] [ERROR] Client Error in reaching server endpoint - No response received when attempting to reach /_stcore/health @ http://localhost:8511/static/js/index.D2ZqaFuW.js:16
[ 1704581ms] [ERROR] Is Streamlit still running? If you accidentally stopped Streamlit, just restart it in your terminal: @ http://localhost:8511/static/js/index.D2ZqaFuW.js:21
[ 1704882ms] [ERROR] Failed to load resource: net::ERR_CONNECTION_REFUSED @ http://localhost:8511/_stcore/host-config:0
[ 1706584ms] [ERROR] Failed to load resource: net::ERR_CONNECTION_REFUSED @ http://localhost:8511/_stcore/health:0
[ 1706584ms] [ERROR] Client Error in reaching server endpoint - No response received when attempting to reach /_stcore/health @ http://localhost:8511/static/js/index.D2ZqaFuW.js:16
[ 1706584ms] [ERROR] Is Streamlit still running? If you accidentally stopped Streamlit, just restart it in your terminal: @ http://localhost:8511/static/js/index.D2ZqaFuW.js:21
[ 1706838ms] [ERROR] Failed to load resource: net::ERR_CONNECTION_REFUSED @ http://localhost:8511/_stcore/host-config:0
[ 1708590ms] [ERROR] Failed to load resource: net::ERR_CONNECTION_REFUSED @ http://localhost:8511/_stcore/health:0
[ 1708590ms] [ERROR] Client Error in reaching server endpoint - No response received when attempting to reach /_stcore/health @ http://localhost:8511/static/js/index.D2ZqaFuW.js:16
[ 1708590ms] [ERROR] Is Streamlit still running? If you accidentally stopped Streamlit, just restart it in your terminal: @ http://localhost:8511/static/js/index.D2ZqaFuW.js:21
[ 1708728ms] [ERROR] Failed to load resource: net::ERR_CONNECTION_REFUSED @ http://localhost:8511/_stcore/host-config:0
[ 1710599ms] [ERROR] Failed to load resource: net::ERR_CONNECTION_REFUSED @ http://localhost:8511/_stcore/health:0
[ 1710599ms] [ERROR] Client Error in reaching server endpoint - No response received when attempting to reach /_stcore/health @ http://localhost:8511/static/js/index.D2ZqaFuW.js:16
[ 1710600ms] [ERROR] Is Streamlit still running? If you accidentally stopped Streamlit, just restart it in your terminal: @ http://localhost:8511/static/js/index.D2ZqaFuW.js:21
[ 1710984ms] [ERROR] Failed to load resource: net::ERR_CONNECTION_REFUSED @ http://localhost:8511/_stcore/host-config:0
[ 1712609ms] [ERROR] Failed to load resource: net::ERR_CONNECTION_REFUSED @ http://localhost:8511/_stcore/health:0
[ 1712609ms] [ERROR] Client Error in reaching server endpoint - No response received when attempting to reach /_stcore/health @ http://localhost:8511/static/js/index.D2ZqaFuW.js:16
[ 1712609ms] [ERROR] Is Streamlit still running? If you accidentally stopped Streamlit, just restart it in your terminal: @ http://localhost:8511/static/js/index.D2ZqaFuW.js:21
[ 1712786ms] [ERROR] Failed to load resource: net::ERR_CONNECTION_REFUSED @ http://localhost:8511/_stcore/host-config:0
[ 1714614ms] [ERROR] Failed to load resource: net::ERR_CONNECTION_REFUSED @ http://localhost:8511/_stcore/health:0
[ 1714614ms] [ERROR] Client Error in reaching server endpoint - No response received when attempting to reach /_stcore/health @ http://localhost:8511/static/js/index.D2ZqaFuW.js:16
[ 1714615ms] [ERROR] Is Streamlit still running? If you accidentally stopped Streamlit, just restart it in your terminal: @ http://localhost:8511/static/js/index.D2ZqaFuW.js:21
[ 1714836ms] [ERROR] Failed to load resource: net::ERR_CONNECTION_REFUSED @ http://localhost:8511/_stcore/host-config:0
[ 1716619ms] [ERROR] Failed to load resource: net::ERR_CONNECTION_REFUSED @ http://localhost:8511/_stcore/host-config:0
[ 1716619ms] [ERROR] Client Error in reaching server endpoint - No response received when attempting to reach /_stcore/host-config @ http://localhost:8511/static/js/index.D2ZqaFuW.js:16
[ 1716620ms] [ERROR] Is Streamlit still running? If you accidentally stopped Streamlit, just restart it in your terminal: @ http://localhost:8511/static/js/index.D2ZqaFuW.js:21
[ 1716801ms] [ERROR] Failed to load resource: net::ERR_CONNECTION_REFUSED @ http://localhost:8511/_stcore/health:0
[ 1718628ms] [ERROR] Failed to load resource: net::ERR_CONNECTION_REFUSED @ http://localhost:8511/_stcore/health:0
[ 1718628ms] [ERROR] Client Error in reaching server endpoint - No response received when attempting to reach /_stcore/health @ http://localhost:8511/static/js/index.D2ZqaFuW.js:16
[ 1718629ms] [ERROR] Is Streamlit still running? If you accidentally stopped Streamlit, just restart it in your terminal: @ http://localhost:8511/static/js/index.D2ZqaFuW.js:21
[ 1718808ms] [ERROR] Failed to load resource: net::ERR_CONNECTION_REFUSED @ http://localhost:8511/_stcore/host-config:0
[ 1720634ms] [ERROR] Failed to load resource: net::ERR_CONNECTION_REFUSED @ http://localhost:8511/_stcore/health:0
[ 1720634ms] [ERROR] Client Error in reaching server endpoint - No response received when attempting to reach /_stcore/health @ http://localhost:8511/static/js/index.D2ZqaFuW.js:16
[ 1720634ms] [ERROR] Is Streamlit still running? If you accidentally stopped Streamlit, just restart it in your terminal: @ http://localhost:8511/static/js/index.D2ZqaFuW.js:21
[ 1720998ms] [ERROR] Failed to load resource: net::ERR_CONNECTION_REFUSED @ http://localhost:8511/_stcore/host-config:0
[ 1722648ms] [ERROR] Failed to load resource: net::ERR_CONNECTION_REFUSED @ http://localhost:8511/_stcore/host-config:0
[ 1722648ms] [ERROR] Client Error in reaching server endpoint - No response received when attempting to reach /_stcore/host-config @ http://localhost:8511/static/js/index.D2ZqaFuW.js:16
[ 1722648ms] [ERROR] Is Streamlit still running? If you accidentally stopped Streamlit, just restart it in your terminal: @ http://localhost:8511/static/js/index.D2ZqaFuW.js:21
[ 1722828ms] [ERROR] Failed to load resource: net::ERR_CONNECTION_REFUSED @ http://localhost:8511/_stcore/health:0
[ 1724692ms] [ERROR] Failed to load resource: net::ERR_CONNECTION_REFUSED @ http://localhost:8511/_stcore/health:0
[ 1724692ms] [ERROR] Client Error in reaching server endpoint - No response received when attempting to reach /_stcore/health @ http://localhost:8511/static/js/index.D2ZqaFuW.js:16
[ 1724693ms] [ERROR] Is Streamlit still running? If you accidentally stopped Streamlit, just restart it in your terminal: @ http://localhost:8511/static/js/index.D2ZqaFuW.js:21
[ 1724906ms] [ERROR] Failed to load resource: net::ERR_CONNECTION_REFUSED @ http://localhost:8511/_stcore/host-config:0
[ 1726701ms] [ERROR] Failed to load resource: net::ERR_CONNECTION_REFUSED @ http://localhost:8511/_stcore/health:0
[ 1726701ms] [ERROR] Client Error in reaching server endpoint - No response received when attempting to reach /_stcore/health @ http://localhost:8511/static/js/index.D2ZqaFuW.js:16
[ 1726702ms] [ERROR] Is Streamlit still running? If you accidentally stopped Streamlit, just restart it in your terminal: @ http://localhost:8511/static/js/index.D2ZqaFuW.js:21
[ 1726821ms] [ERROR] Failed to load resource: net::ERR_CONNECTION_REFUSED @ http://localhost:8511/_stcore/host-config:0
[ 1728709ms] [ERROR] Failed to load resource: net::ERR_CONNECTION_REFUSED @ http://localhost:8511/_stcore/health:0
[ 1728710ms] [ERROR] Client Error in reaching server endpoint - No response received when attempting to reach /_stcore/health @ http://localhost:8511/static/js/index.D2ZqaFuW.js:16
[ 1728710ms] [ERROR] Is Streamlit still running? If you accidentally stopped Streamlit, just restart it in your terminal: @ http://localhost:8511/static/js/index.D2ZqaFuW.js:21
[ 1728874ms] [ERROR] Failed to load resource: net::ERR_CONNECTION_REFUSED @ http://localhost:8511/_stcore/host-config:0
[ 1730717ms] [ERROR] Failed to load resource: net::ERR_CONNECTION_REFUSED @ http://localhost:8511/_stcore/health:0
[ 1730717ms] [ERROR] Client Error in reaching server endpoint - No response received when attempting to reach /_stcore/health @ http://localhost:8511/static/js/index.D2ZqaFuW.js:16
[ 1730718ms] [ERROR] Is Streamlit still running? If you accidentally stopped Streamlit, just restart it in your terminal: @ http://localhost:8511/static/js/index.D2ZqaFuW.js:21
[ 1730930ms] [ERROR] Failed to load resource: net::ERR_CONNECTION_REFUSED @ http://localhost:8511/_stcore/host-config:0
[ 1732725ms] [ERROR] Failed to load resource: net::ERR_CONNECTION_REFUSED @ http://localhost:8511/_stcore/health:0
[ 1732726ms] [ERROR] Client Error in reaching server endpoint - No response received when attempting to reach /_stcore/health @ http://localhost:8511/static/js/index.D2ZqaFuW.js:16
[ 1732726ms] [ERROR] Is Streamlit still running? If you accidentally stopped Streamlit, just restart it in your terminal: @ http://localhost:8511/static/js/index.D2ZqaFuW.js:21
[ 1732868ms] [ERROR] Failed to load resource: net::ERR_CONNECTION_REFUSED @ http://localhost:8511/_stcore/host-config:0
[ 1734733ms] [ERROR] Failed to load resource: net::ERR_CONNECTION_REFUSED @ http://localhost:8511/_stcore/health:0
[ 1734733ms] [ERROR] Client Error in reaching server endpoint - No response received when attempting to reach /_stcore/health @ http://localhost:8511/static/js/index.D2ZqaFuW.js:16
[ 1734733ms] [ERROR] Is Streamlit still running? If you accidentally stopped Streamlit, just restart it in your terminal: @ http://localhost:8511/static/js/index.D2ZqaFuW.js:21
[ 1734873ms] [ERROR] Failed to load resource: net::ERR_CONNECTION_REFUSED @ http://localhost:8511/_stcore/host-config:0
[ 1736741ms] [ERROR] Failed to load resource: net::ERR_CONNECTION_REFUSED @ http://localhost:8511/_stcore/host-config:0
[ 1736741ms] [ERROR] Client Error in reaching server endpoint - No response received when attempting to reach /_stcore/host-config @ http://localhost:8511/static/js/index.D2ZqaFuW.js:16
[ 1736742ms] [ERROR] Is Streamlit still running? If you accidentally stopped Streamlit, just restart it in your terminal: @ http://localhost:8511/static/js/index.D2ZqaFuW.js:21
[ 1736742ms] [ERROR] Failed to load resource: net::ERR_CONNECTION_REFUSED @ http://localhost:8511/_stcore/health:0
[ 1738747ms] [ERROR] Failed to load resource: net::ERR_CONNECTION_REFUSED @ http://localhost:8511/_stcore/health:0
[ 1738747ms] [ERROR] Client Error in reaching server endpoint - No response received when attempting to reach /_stcore/health @ http://localhost:8511/static/js/index.D2ZqaFuW.js:16
[ 1738747ms] [ERROR] Is Streamlit still running? If you accidentally stopped Streamlit, just restart it in your terminal: @ http://localhost:8511/static/js/index.D2ZqaFuW.js:21
[ 1739170ms] [ERROR] Failed to load resource: net::ERR_CONNECTION_REFUSED @ http://localhost:8511/_stcore/host-config:0
[ 1740755ms] [ERROR] Failed to load resource: net::ERR_CONNECTION_REFUSED @ http://localhost:8511/_stcore/health:0
[ 1740755ms] [ERROR] Client Error in reaching server endpoint - No response received when attempting to reach /_stcore/health @ http://localhost:8511/static/js/index.D2ZqaFuW.js:16
[ 1740756ms] [ERROR] Is Streamlit still running? If you accidentally stopped Streamlit, just restart it in your terminal: @ http://localhost:8511/static/js/index.D2ZqaFuW.js:21
[ 1740989ms] [ERROR] Failed to load resource: net::ERR_CONNECTION_REFUSED @ http://localhost:8511/_stcore/host-config:0
[ 1742764ms] [ERROR] Failed to load resource: net::ERR_CONNECTION_REFUSED @ http://localhost:8511/_stcore/health:0
[ 1742765ms] [ERROR] Client Error in reaching server endpoint - No response received when attempting to reach /_stcore/health @ http://localhost:8511/static/js/index.D2ZqaFuW.js:16
[ 1742765ms] [ERROR] Is Streamlit still running? If you accidentally stopped Streamlit, just restart it in your terminal: @ http://localhost:8511/static/js/index.D2ZqaFuW.js:21
[ 1742902ms] [ERROR] Failed to load resource: net::ERR_CONNECTION_REFUSED @ http://localhost:8511/_stcore/host-config:0
[ 1744772ms] [ERROR] Failed to load resource: net::ERR_CONNECTION_REFUSED @ http://localhost:8511/_stcore/health:0
[ 1744772ms] [ERROR] Client Error in reaching server endpoint - No response received when attempting to reach /_stcore/health @ http://localhost:8511/static/js/index.D2ZqaFuW.js:16
[ 1744773ms] [ERROR] Is Streamlit still running? If you accidentally stopped Streamlit, just restart it in your terminal: @ http://localhost:8511/static/js/index.D2ZqaFuW.js:21
[ 1744934ms] [ERROR] Failed to load resource: net::ERR_CONNECTION_REFUSED @ http://localhost:8511/_stcore/host-config:0
[ 1746787ms] [ERROR] Failed to load resource: net::ERR_CONNECTION_REFUSED @ http://localhost:8511/_stcore/health:0
[ 1746787ms] [ERROR] Client Error in reaching server endpoint - No response received when attempting to reach /_stcore/health @ http://localhost:8511/static/js/index.D2ZqaFuW.js:16
[ 1746787ms] [ERROR] Is Streamlit still running? If you accidentally stopped Streamlit, just restart it in your terminal: @ http://localhost:8511/static/js/index.D2ZqaFuW.js:21
[ 1746929ms] [ERROR] Failed to load resource: net::ERR_CONNECTION_REFUSED @ http://localhost:8511/_stcore/host-config:0
[ 1748800ms] [ERROR] Failed to load resource: net::ERR_CONNECTION_REFUSED @ http://localhost:8511/_stcore/health:0
[ 1748800ms] [ERROR] Client Error in reaching server endpoint - No response received when attempting to reach /_stcore/health @ http://localhost:8511/static/js/index.D2ZqaFuW.js:16
[ 1748800ms] [ERROR] Is Streamlit still running? If you accidentally stopped Streamlit, just restart it in your terminal: @ http://localhost:8511/static/js/index.D2ZqaFuW.js:21
[ 1748966ms] [ERROR] Failed to load resource: net::ERR_CONNECTION_REFUSED @ http://localhost:8511/_stcore/host-config:0
[ 1750808ms] [ERROR] Failed to load resource: net::ERR_CONNECTION_REFUSED @ http://localhost:8511/_stcore/health:0
[ 1750808ms] [ERROR] Client Error in reaching server endpoint - No response received when attempting to reach /_stcore/health @ http://localhost:8511/static/js/index.D2ZqaFuW.js:16
[ 1750808ms] [ERROR] Is Streamlit still running? If you accidentally stopped Streamlit, just restart it in your terminal: @ http://localhost:8511/static/js/index.D2ZqaFuW.js:21
[ 1750971ms] [ERROR] Failed to load resource: net::ERR_CONNECTION_REFUSED @ http://localhost:8511/_stcore/host-config:0
[ 1752813ms] [ERROR] Failed to load resource: net::ERR_CONNECTION_REFUSED @ http://localhost:8511/_stcore/health:0
[ 1752813ms] [ERROR] Client Error in reaching server endpoint - No response received when attempting to reach /_stcore/health @ http://localhost:8511/static/js/index.D2ZqaFuW.js:16
[ 1752814ms] [ERROR] Is Streamlit still running? If you accidentally stopped Streamlit, just restart it in your terminal: @ http://localhost:8511/static/js/index.D2ZqaFuW.js:21
[ 1752935ms] [ERROR] Failed to load resource: net::ERR_CONNECTION_REFUSED @ http://localhost:8511/_stcore/host-config:0
[ 1754824ms] [ERROR] Failed to load resource: net::ERR_CONNECTION_REFUSED @ http://localhost:8511/_stcore/host-config:0
[ 1754824ms] [ERROR] Client Error in reaching server endpoint - No response received when attempting to reach /_stcore/host-config @ http://localhost:8511/static/js/index.D2ZqaFuW.js:16
[ 1754824ms] [ERROR] Is Streamlit still running? If you accidentally stopped Streamlit, just restart it in your terminal: @ http://localhost:8511/static/js/index.D2ZqaFuW.js:21
[ 1754983ms] [ERROR] Failed to load resource: net::ERR_CONNECTION_REFUSED @ http://localhost:8511/_stcore/health:0
[ 1756832ms] [ERROR] Failed to load resource: net::ERR_CONNECTION_REFUSED @ http://localhost:8511/_stcore/health:0
[ 1756832ms] [ERROR] Client Error in reaching server endpoint - No response received when attempting to reach /_stcore/health @ http://localhost:8511/static/js/index.D2ZqaFuW.js:16
[ 1756832ms] [ERROR] Is Streamlit still running? If you accidentally stopped Streamlit, just restart it in your terminal: @ http://localhost:8511/static/js/index.D2ZqaFuW.js:21
[ 1757243ms] [ERROR] Failed to load resource: net::ERR_CONNECTION_REFUSED @ http://localhost:8511/_stcore/host-config:0
[ 1758840ms] [ERROR] Failed to load resource: net::ERR_CONNECTION_REFUSED @ http://localhost:8511/_stcore/health:0
[ 1758840ms] [ERROR] Client Error in reaching server endpoint - No response received when attempting to reach /_stcore/health @ http://localhost:8511/static/js/index.D2ZqaFuW.js:16
[ 1758840ms] [ERROR] Is Streamlit still running? If you accidentally stopped Streamlit, just restart it in your terminal: @ http://localhost:8511/static/js/index.D2ZqaFuW.js:21
[ 1758978ms] [ERROR] Failed to load resource: net::ERR_CONNECTION_REFUSED @ http://localhost:8511/_stcore/host-config:0
[ 1760848ms] [ERROR] Failed to load resource: net::ERR_CONNECTION_REFUSED @ http://localhost:8511/_stcore/health:0
[ 1760848ms] [ERROR] Client Error in reaching server endpoint - No response received when attempting to reach /_stcore/health @ http://localhost:8511/static/js/index.D2ZqaFuW.js:16
[ 1760848ms] [ERROR] Is Streamlit still running? If you accidentally stopped Streamlit, just restart it in your terminal: @ http://localhost:8511/static/js/index.D2ZqaFuW.js:21
[ 1760849ms] [ERROR] Failed to load resource: net::ERR_CONNECTION_REFUSED @ http://localhost:8511/_stcore/host-config:0
[ 1762855ms] [ERROR] Failed to load resource: net::ERR_CONNECTION_REFUSED @ http://localhost:8511/_stcore/health:0
[ 1762855ms] [ERROR] Client Error in reaching server endpoint - No response received when attempting to reach /_stcore/health @ http://localhost:8511/static/js/index.D2ZqaFuW.js:16
[ 1762855ms] [ERROR] Is Streamlit still running? If you accidentally stopped Streamlit, just restart it in your terminal: @ http://localhost:8511/static/js/index.D2ZqaFuW.js:21
[ 1762999ms] [ERROR] Failed to load resource: net::ERR_CONNECTION_REFUSED @ http://localhost:8511/_stcore/host-config:0
[ 1764885ms] [ERROR] Failed to load resource: net::ERR_CONNECTION_REFUSED @ http://localhost:8511/_stcore/health:0
[ 1764885ms] [ERROR] Client Error in reaching server endpoint - No response received when attempting to reach /_stcore/health @ http://localhost:8511/static/js/index.D2ZqaFuW.js:16
[ 1764885ms] [ERROR] Is Streamlit still running? If you accidentally stopped Streamlit, just restart it in your terminal: @ http://localhost:8511/static/js/index.D2ZqaFuW.js:21
[ 1765415ms] [ERROR] Failed to load resource: net::ERR_CONNECTION_REFUSED @ http://localhost:8511/_stcore/host-config:0
[ 1766890ms] [ERROR] Failed to load resource: net::ERR_CONNECTION_REFUSED @ http://localhost:8511/_stcore/health:0
[ 1766890ms] [ERROR] Client Error in reaching server endpoint - No response received when attempting to reach /_stcore/health @ http://localhost:8511/static/js/index.D2ZqaFuW.js:16
[ 1766890ms] [ERROR] Is Streamlit still running? If you accidentally stopped Streamlit, just restart it in your terminal: @ http://localhost:8511/static/js/index.D2ZqaFuW.js:21
[ 1767071ms] [ERROR] Failed to load resource: net::ERR_CONNECTION_REFUSED @ http://localhost:8511/_stcore/host-config:0
[ 1768898ms] [ERROR] Failed to load resource: net::ERR_CONNECTION_REFUSED @ http://localhost:8511/_stcore/health:0
[ 1768898ms] [ERROR] Client Error in reaching server endpoint - No response received when attempting to reach /_stcore/health @ http://localhost:8511/static/js/index.D2ZqaFuW.js:16
[ 1768898ms] [ERROR] Is Streamlit still running? If you accidentally stopped Streamlit, just restart it in your terminal: @ http://localhost:8511/static/js/index.D2ZqaFuW.js:21
[ 1769064ms] [ERROR] Failed to load resource: net::ERR_CONNECTION_REFUSED @ http://localhost:8511/_stcore/host-config:0
[ 1770907ms] [ERROR] Failed to load resource: net::ERR_CONNECTION_REFUSED @ http://localhost:8511/_stcore/health:0
[ 1770908ms] [ERROR] Client Error in reaching server endpoint - No response received when attempting to reach /_stcore/health @ http://localhost:8511/static/js/index.D2ZqaFuW.js:16
[ 1770908ms] [ERROR] Is Streamlit still running? If you accidentally stopped Streamlit, just restart it in your terminal: @ http://localhost:8511/static/js/index.D2ZqaFuW.js:21
[ 1771109ms] [ERROR] Failed to load resource: net::ERR_CONNECTION_REFUSED @ http://localhost:8511/_stcore/host-config:0
[ 1772917ms] [ERROR] Failed to load resource: net::ERR_CONNECTION_REFUSED @ http://localhost:8511/_stcore/health:0
[ 1772917ms] [ERROR] Client Error in reaching server endpoint - No response received when attempting to reach /_stcore/health @ http://localhost:8511/static/js/index.D2ZqaFuW.js:16
[ 1772917ms] [ERROR] Is Streamlit still running? If you accidentally stopped Streamlit, just restart it in your terminal: @ http://localhost:8511/static/js/index.D2ZqaFuW.js:21
[ 1773184ms] [ERROR] Failed to load resource: net::ERR_CONNECTION_REFUSED @ http://localhost:8511/_stcore/host-config:0
[ 1774925ms] [ERROR] Failed to load resource: net::ERR_CONNECTION_REFUSED @ http://localhost:8511/_stcore/health:0
[ 1774926ms] [ERROR] Client Error in reaching server endpoint - No response received when attempting to reach /_stcore/health @ http://localhost:8511/static/js/index.D2ZqaFuW.js:16
[ 1774926ms] [ERROR] Is Streamlit still running? If you accidentally stopped Streamlit, just restart it in your terminal: @ http://localhost:8511/static/js/index.D2ZqaFuW.js:21
[ 1775044ms] [ERROR] Failed to load resource: net::ERR_CONNECTION_REFUSED @ http://localhost:8511/_stcore/host-config:0
[ 1776934ms] [ERROR] Failed to load resource: net::ERR_CONNECTION_REFUSED @ http://localhost:8511/_stcore/health:0
[ 1776934ms] [ERROR] Client Error in reaching server endpoint - No response received when attempting to reach /_stcore/health @ http://localhost:8511/static/js/index.D2ZqaFuW.js:16
[ 1776934ms] [ERROR] Is Streamlit still running? If you accidentally stopped Streamlit, just restart it in your terminal: @ http://localhost:8511/static/js/index.D2ZqaFuW.js:21
[ 1777107ms] [ERROR] Failed to load resource: net::ERR_CONNECTION_REFUSED @ http://localhost:8511/_stcore/host-config:0
[ 1778943ms] [ERROR] Failed to load resource: net::ERR_CONNECTION_REFUSED @ http://localhost:8511/_stcore/host-config:0
[ 1778943ms] [ERROR] Client Error in reaching server endpoint - No response received when attempting to reach /_stcore/host-config @ http://localhost:8511/static/js/index.D2ZqaFuW.js:16
[ 1778944ms] [ERROR] Is Streamlit still running? If you accidentally stopped Streamlit, just restart it in your terminal: @ http://localhost:8511/static/js/index.D2ZqaFuW.js:21
[ 1779091ms] [ERROR] Failed to load resource: net::ERR_CONNECTION_REFUSED @ http://localhost:8511/_stcore/health:0
[ 1780948ms] [ERROR] Failed to load resource: net::ERR_CONNECTION_REFUSED @ http://localhost:8511/_stcore/host-config:0
[ 1780948ms] [ERROR] Client Error in reaching server endpoint - No response received when attempting to reach /_stcore/host-config @ http://localhost:8511/static/js/index.D2ZqaFuW.js:16
[ 1780949ms] [ERROR] Is Streamlit still running? If you accidentally stopped Streamlit, just restart it in your terminal: @ http://localhost:8511/static/js/index.D2ZqaFuW.js:21
[ 1781075ms] [ERROR] Failed to load resource: net::ERR_CONNECTION_REFUSED @ http://localhost:8511/_stcore/health:0
[ 1782953ms] [ERROR] Failed to load resource: net::ERR_CONNECTION_REFUSED @ http://localhost:8511/_stcore/health:0
[ 1782953ms] [ERROR] Client Error in reaching server endpoint - No response received when attempting to reach /_stcore/health @ http://localhost:8511/static/js/index.D2ZqaFuW.js:16
[ 1782953ms] [ERROR] Is Streamlit still running? If you accidentally stopped Streamlit, just restart it in your terminal: @ http://localhost:8511/static/js/index.D2ZqaFuW.js:21
[ 1783179ms] [ERROR] Failed to load resource: net::ERR_CONNECTION_REFUSED @ http://localhost:8511/_stcore/host-config:0
[ 1784958ms] [ERROR] Failed to load resource: net::ERR_CONNECTION_REFUSED @ http://localhost:8511/_stcore/health:0
[ 1784958ms] [ERROR] Client Error in reaching server endpoint - No response received when attempting to reach /_stcore/health @ http://localhost:8511/static/js/index.D2ZqaFuW.js:16
[ 1784958ms] [ERROR] Is Streamlit still running? If you accidentally stopped Streamlit, just restart it in your terminal: @ http://localhost:8511/static/js/index.D2ZqaFuW.js:21
[ 1785097ms] [ERROR] Failed to load resource: net::ERR_CONNECTION_REFUSED @ http://localhost:8511/_stcore/host-config:0
[ 1786967ms] [ERROR] Failed to load resource: net::ERR_CONNECTION_REFUSED @ http://localhost:8511/_stcore/health:0
[ 1786967ms] [ERROR] Client Error in reaching server endpoint - No response received when attempting to reach /_stcore/health @ http://localhost:8511/static/js/index.D2ZqaFuW.js:16
[ 1786968ms] [ERROR] Is Streamlit still running? If you accidentally stopped Streamlit, just restart it in your terminal: @ http://localhost:8511/static/js/index.D2ZqaFuW.js:21
[ 1787135ms] [ERROR] Failed to load resource: net::ERR_CONNECTION_REFUSED @ http://localhost:8511/_stcore/host-config:0
[ 1788975ms] [ERROR] Failed to load resource: net::ERR_CONNECTION_REFUSED @ http://localhost:8511/_stcore/host-config:0
[ 1788975ms] [ERROR] Client Error in reaching server endpoint - No response received when attempting to reach /_stcore/host-config @ http://localhost:8511/static/js/index.D2ZqaFuW.js:16
[ 1788975ms] [ERROR] Is Streamlit still running? If you accidentally stopped Streamlit, just restart it in your terminal: @ http://localhost:8511/static/js/index.D2ZqaFuW.js:21
[ 1789117ms] [ERROR] Failed to load resource: net::ERR_CONNECTION_REFUSED @ http://localhost:8511/_stcore/health:0
[ 1790983ms] [ERROR] Failed to load resource: net::ERR_CONNECTION_REFUSED @ http://localhost:8511/_stcore/host-config:0
[ 1790984ms] [ERROR] Client Error in reaching server endpoint - No response received when attempting to reach /_stcore/host-config @ http://localhost:8511/static/js/index.D2ZqaFuW.js:16
[ 1790984ms] [ERROR] Is Streamlit still running? If you accidentally stopped Streamlit, just restart it in your terminal: @ http://localhost:8511/static/js/index.D2ZqaFuW.js:21
[ 1791105ms] [ERROR] Failed to load resource: net::ERR_CONNECTION_REFUSED @ http://localhost:8511/_stcore/health:0
[ 1792994ms] [ERROR] Failed to load resource: net::ERR_CONNECTION_REFUSED @ http://localhost:8511/_stcore/health:0
[ 1792994ms] [ERROR] Client Error in reaching server endpoint - No response received when attempting to reach /_stcore/health @ http://localhost:8511/static/js/index.D2ZqaFuW.js:16
[ 1792994ms] [ERROR] Is Streamlit still running? If you accidentally stopped Streamlit, just restart it in your terminal: @ http://localhost:8511/static/js/index.D2ZqaFuW.js:21
[ 1793204ms] [ERROR] Failed to load resource: net::ERR_CONNECTION_REFUSED @ http://localhost:8511/_stcore/host-config:0
[ 1795000ms] [ERROR] Failed to load resource: net::ERR_CONNECTION_REFUSED @ http://localhost:8511/_stcore/health:0
[ 1795001ms] [ERROR] Client Error in reaching server endpoint - No response received when attempting to reach /_stcore/health @ http://localhost:8511/static/js/index.D2ZqaFuW.js:16
[ 1795001ms] [ERROR] Is Streamlit still running? If you accidentally stopped Streamlit, just restart it in your terminal: @ http://localhost:8511/static/js/index.D2ZqaFuW.js:21
[ 1795147ms] [ERROR] Failed to load resource: net::ERR_CONNECTION_REFUSED @ http://localhost:8511/_stcore/host-config:0
[ 1797008ms] [ERROR] Failed to load resource: net::ERR_CONNECTION_REFUSED @ http://localhost:8511/_stcore/health:0
[ 1797008ms] [ERROR] Client Error in reaching server endpoint - No response received when attempting to reach /_stcore/health @ http://localhost:8511/static/js/index.D2ZqaFuW.js:16
[ 1797008ms] [ERROR] Is Streamlit still running? If you accidentally stopped Streamlit, just restart it in your terminal: @ http://localhost:8511/static/js/index.D2ZqaFuW.js:21
[ 1797287ms] [ERROR] Failed to load resource: net::ERR_CONNECTION_REFUSED @ http://localhost:8511/_stcore/host-config:0
[ 1799017ms] [ERROR] Failed to load resource: net::ERR_CONNECTION_REFUSED @ http://localhost:8511/_stcore/health:0
[ 1799017ms] [ERROR] Client Error in reaching server endpoint - No response received when attempting to reach /_stcore/health @ http://localhost:8511/static/js/index.D2ZqaFuW.js:16
[ 1799017ms] [ERROR] Is Streamlit still running? If you accidentally stopped Streamlit, just restart it in your terminal: @ http://localhost:8511/static/js/index.D2ZqaFuW.js:21
[ 1799134ms] [ERROR] Failed to load resource: net::ERR_CONNECTION_REFUSED @ http://localhost:8511/_stcore/host-config:0
[ 1801023ms] [ERROR] Failed to load resource: net::ERR_CONNECTION_REFUSED @ http://localhost:8511/_stcore/health:0
[ 1801023ms] [ERROR] Client Error in reaching server endpoint - No response received when attempting to reach /_stcore/health @ http://localhost:8511/static/js/index.D2ZqaFuW.js:16
[ 1801023ms] [ERROR] Is Streamlit still running? If you accidentally stopped Streamlit, just restart it in your terminal: @ http://localhost:8511/static/js/index.D2ZqaFuW.js:21
[ 1801370ms] [ERROR] Failed to load resource: net::ERR_CONNECTION_REFUSED @ http://localhost:8511/_stcore/host-config:0
[ 1803032ms] [ERROR] Failed to load resource: net::ERR_CONNECTION_REFUSED @ http://localhost:8511/_stcore/health:0
[ 1803032ms] [ERROR] Client Error in reaching server endpoint - No response received when attempting to reach /_stcore/health @ http://localhost:8511/static/js/index.D2ZqaFuW.js:16
[ 1803032ms] [ERROR] Is Streamlit still running? If you accidentally stopped Streamlit, just restart it in your terminal: @ http://localhost:8511/static/js/index.D2ZqaFuW.js:21
[ 1803243ms] [ERROR] Failed to load resource: net::ERR_CONNECTION_REFUSED @ http://localhost:8511/_stcore/host-config:0
[ 1805039ms] [ERROR] Failed to load resource: net::ERR_CONNECTION_REFUSED @ http://localhost:8511/_stcore/health:0
[ 1805039ms] [ERROR] Client Error in reaching server endpoint - No response received when attempting to reach /_stcore/health @ http://localhost:8511/static/js/index.D2ZqaFuW.js:16
[ 1805040ms] [ERROR] Is Streamlit still running? If you accidentally stopped Streamlit, just restart it in your terminal: @ http://localhost:8511/static/js/index.D2ZqaFuW.js:21
[ 1805217ms] [ERROR] Failed to load resource: net::ERR_CONNECTION_REFUSED @ http://localhost:8511/_stcore/host-config:0
[ 1807047ms] [ERROR] Failed to load resource: net::ERR_CONNECTION_REFUSED @ http://localhost:8511/_stcore/health:0
[ 1807047ms] [ERROR] Client Error in reaching server endpoint - No response received when attempting to reach /_stcore/health @ http://localhost:8511/static/js/index.D2ZqaFuW.js:16
[ 1807048ms] [ERROR] Is Streamlit still running? If you accidentally stopped Streamlit, just restart it in your terminal: @ http://localhost:8511/static/js/index.D2ZqaFuW.js:21
[ 1807204ms] [ERROR] Failed to load resource: net::ERR_CONNECTION_REFUSED @ http://localhost:8511/_stcore/host-config:0
[ 1809053ms] [ERROR] Failed to load resource: net::ERR_CONNECTION_REFUSED @ http://localhost:8511/_stcore/health:0
[ 1809053ms] [ERROR] Client Error in reaching server endpoint - No response received when attempting to reach /_stcore/health @ http://localhost:8511/static/js/index.D2ZqaFuW.js:16
[ 1809053ms] [ERROR] Is Streamlit still running? If you accidentally stopped Streamlit, just restart it in your terminal: @ http://localhost:8511/static/js/index.D2ZqaFuW.js:21
[ 1809467ms] [ERROR] Failed to load resource: net::ERR_CONNECTION_REFUSED @ http://localhost:8511/_stcore/host-config:0
[ 1811058ms] [ERROR] Failed to load resource: net::ERR_CONNECTION_REFUSED @ http://localhost:8511/_stcore/health:0
[ 1811058ms] [ERROR] Client Error in reaching server endpoint - No response received when attempting to reach /_stcore/health @ http://localhost:8511/static/js/index.D2ZqaFuW.js:16
[ 1811058ms] [ERROR] Is Streamlit still running? If you accidentally stopped Streamlit, just restart it in your terminal: @ http://localhost:8511/static/js/index.D2ZqaFuW.js:21
[ 1811281ms] [ERROR] Failed to load resource: net::ERR_CONNECTION_REFUSED @ http://localhost:8511/_stcore/host-config:0
[ 1813073ms] [ERROR] Failed to load resource: net::ERR_CONNECTION_REFUSED @ http://localhost:8511/_stcore/health:0
[ 1813073ms] [ERROR] Client Error in reaching server endpoint - No response received when attempting to reach /_stcore/health @ http://localhost:8511/static/js/index.D2ZqaFuW.js:16
[ 1813073ms] [ERROR] Is Streamlit still running? If you accidentally stopped Streamlit, just restart it in your terminal: @ http://localhost:8511/static/js/index.D2ZqaFuW.js:21
[ 1813582ms] [ERROR] Failed to load resource: net::ERR_CONNECTION_REFUSED @ http://localhost:8511/_stcore/host-config:0
[ 1815079ms] [ERROR] Failed to load resource: net::ERR_CONNECTION_REFUSED @ http://localhost:8511/_stcore/health:0
[ 1815079ms] [ERROR] Client Error in reaching server endpoint - No response received when attempting to reach /_stcore/health @ http://localhost:8511/static/js/index.D2ZqaFuW.js:16
[ 1815079ms] [ERROR] Is Streamlit still running? If you accidentally stopped Streamlit, just restart it in your terminal: @ http://localhost:8511/static/js/index.D2ZqaFuW.js:21
[ 1815294ms] [ERROR] Failed to load resource: net::ERR_CONNECTION_REFUSED @ http://localhost:8511/_stcore/host-config:0
[ 1817085ms] [ERROR] Failed to load resource: net::ERR_CONNECTION_REFUSED @ http://localhost:8511/_stcore/health:0
[ 1817085ms] [ERROR] Client Error in reaching server endpoint - No response received when attempting to reach /_stcore/health @ http://localhost:8511/static/js/index.D2ZqaFuW.js:16
[ 1817085ms] [ERROR] Is Streamlit still running? If you accidentally stopped Streamlit, just restart it in your terminal: @ http://localhost:8511/static/js/index.D2ZqaFuW.js:21
[ 1817803ms] [ERROR] Failed to load resource: net::ERR_CONNECTION_REFUSED @ http://localhost:8511/_stcore/host-config:0
[ 1819092ms] [ERROR] Failed to load resource: net::ERR_CONNECTION_REFUSED @ http://localhost:8511/_stcore/health:0
[ 1819092ms] [ERROR] Client Error in reaching server endpoint - No response received when attempting to reach /_stcore/health @ http://localhost:8511/static/js/index.D2ZqaFuW.js:16
[ 1819093ms] [ERROR] Is Streamlit still running? If you accidentally stopped Streamlit, just restart it in your terminal: @ http://localhost:8511/static/js/index.D2ZqaFuW.js:21
[ 1819824ms] [ERROR] Failed to load resource: net::ERR_CONNECTION_REFUSED @ http://localhost:8511/_stcore/host-config:0
[ 1821102ms] [ERROR] Failed to load resource: net::ERR_CONNECTION_REFUSED @ http://localhost:8511/_stcore/health:0
[ 1821102ms] [ERROR] Client Error in reaching server endpoint - No response received when attempting to reach /_stcore/health @ http://localhost:8511/static/js/index.D2ZqaFuW.js:16
[ 1821102ms] [ERROR] Is Streamlit still running? If you accidentally stopped Streamlit, just restart it in your terminal: @ http://localhost:8511/static/js/index.D2ZqaFuW.js:21
[ 1821914ms] [ERROR] Failed to load resource: net::ERR_CONNECTION_REFUSED @ http://localhost:8511/_stcore/host-config:0
[ 1823115ms] [ERROR] Failed to load resource: net::ERR_CONNECTION_REFUSED @ http://localhost:8511/_stcore/host-config:0
[ 1823115ms] [ERROR] Client Error in reaching server endpoint - No response received when attempting to reach /_stcore/host-config @ http://localhost:8511/static/js/index.D2ZqaFuW.js:16
[ 1823115ms] [ERROR] Is Streamlit still running? If you accidentally stopped Streamlit, just restart it in your terminal: @ http://localhost:8511/static/js/index.D2ZqaFuW.js:21
[ 1823331ms] [ERROR] Failed to load resource: net::ERR_CONNECTION_REFUSED @ http://localhost:8511/_stcore/health:0
[ 1825123ms] [ERROR] Failed to load resource: net::ERR_CONNECTION_REFUSED @ http://localhost:8511/_stcore/health:0
[ 1825123ms] [ERROR] Client Error in reaching server endpoint - No response received when attempting to reach /_stcore/health @ http://localhost:8511/static/js/index.D2ZqaFuW.js:16
[ 1825123ms] [ERROR] Is Streamlit still running? If you accidentally stopped Streamlit, just restart it in your terminal: @ http://localhost:8511/static/js/index.D2ZqaFuW.js:21
[ 1825301ms] [ERROR] Failed to load resource: net::ERR_CONNECTION_REFUSED @ http://localhost:8511/_stcore/host-config:0
[ 1827131ms] [ERROR] Failed to load resource: net::ERR_CONNECTION_REFUSED @ http://localhost:8511/_stcore/health:0
[ 1827131ms] [ERROR] Client Error in reaching server endpoint - No response received when attempting to reach /_stcore/health @ http://localhost:8511/static/js/index.D2ZqaFuW.js:16
[ 1827131ms] [ERROR] Is Streamlit still running? If you accidentally stopped Streamlit, just restart it in your terminal: @ http://localhost:8511/static/js/index.D2ZqaFuW.js:21
[ 1827250ms] [ERROR] Failed to load resource: net::ERR_CONNECTION_REFUSED @ http://localhost:8511/_stcore/host-config:0
[ 1829138ms] [ERROR] Failed to load resource: net::ERR_CONNECTION_REFUSED @ http://localhost:8511/_stcore/health:0
[ 1829138ms] [ERROR] Client Error in reaching server endpoint - No response received when attempting to reach /_stcore/health @ http://localhost:8511/static/js/index.D2ZqaFuW.js:16
[ 1829138ms] [ERROR] Is Streamlit still running? If you accidentally stopped Streamlit, just restart it in your terminal: @ http://localhost:8511/static/js/index.D2ZqaFuW.js:21
[ 1829257ms] [ERROR] Failed to load resource: net::ERR_CONNECTION_REFUSED @ http://localhost:8511/_stcore/host-config:0
[ 1831148ms] [ERROR] Failed to load resource: net::ERR_CONNECTION_REFUSED @ http://localhost:8511/_stcore/host-config:0
[ 1831148ms] [ERROR] Client Error in reaching server endpoint - No response received when attempting to reach /_stcore/host-config @ http://localhost:8511/static/js/index.D2ZqaFuW.js:16
[ 1831148ms] [ERROR] Is Streamlit still running? If you accidentally stopped Streamlit, just restart it in your terminal: @ http://localhost:8511/static/js/index.D2ZqaFuW.js:21
[ 1831310ms] [ERROR] Failed to load resource: net::ERR_CONNECTION_REFUSED @ http://localhost:8511/_stcore/health:0
[ 1833155ms] [ERROR] Failed to load resource: net::ERR_CONNECTION_REFUSED @ http://localhost:8511/_stcore/health:0
[ 1833155ms] [ERROR] Client Error in reaching server endpoint - No response received when attempting to reach /_stcore/health @ http://localhost:8511/static/js/index.D2ZqaFuW.js:16
[ 1833155ms] [ERROR] Is Streamlit still running? If you accidentally stopped Streamlit, just restart it in your terminal: @ http://localhost:8511/static/js/index.D2ZqaFuW.js:21
[ 1833326ms] [ERROR] Failed to load resource: net::ERR_CONNECTION_REFUSED @ http://localhost:8511/_stcore/host-config:0
[ 1835163ms] [ERROR] Failed to load resource: net::ERR_CONNECTION_REFUSED @ http://localhost:8511/_stcore/health:0
[ 1835163ms] [ERROR] Client Error in reaching server endpoint - No response received when attempting to reach /_stcore/health @ http://localhost:8511/static/js/index.D2ZqaFuW.js:16
[ 1835163ms] [ERROR] Is Streamlit still running? If you accidentally stopped Streamlit, just restart it in your terminal: @ http://localhost:8511/static/js/index.D2ZqaFuW.js:21
[ 1835314ms] [ERROR] Failed to load resource: net::ERR_CONNECTION_REFUSED @ http://localhost:8511/_stcore/host-config:0
[ 1837167ms] [ERROR] Failed to load resource: net::ERR_CONNECTION_REFUSED @ http://localhost:8511/_stcore/health:0
[ 1837167ms] [ERROR] Client Error in reaching server endpoint - No response received when attempting to reach /_stcore/health @ http://localhost:8511/static/js/index.D2ZqaFuW.js:16
[ 1837168ms] [ERROR] Is Streamlit still running? If you accidentally stopped Streamlit, just restart it in your terminal: @ http://localhost:8511/static/js/index.D2ZqaFuW.js:21
[ 1837340ms] [ERROR] Failed to load resource: net::ERR_CONNECTION_REFUSED @ http://localhost:8511/_stcore/host-config:0
[ 1839172ms] [ERROR] Failed to load resource: net::ERR_CONNECTION_REFUSED @ http://localhost:8511/_stcore/health:0
[ 1839172ms] [ERROR] Client Error in reaching server endpoint - No response received when attempting to reach /_stcore/health @ http://localhost:8511/static/js/index.D2ZqaFuW.js:16
[ 1839173ms] [ERROR] Is Streamlit still running? If you accidentally stopped Streamlit, just restart it in your terminal: @ http://localhost:8511/static/js/index.D2ZqaFuW.js:21
[ 1839403ms] [ERROR] Failed to load resource: net::ERR_CONNECTION_REFUSED @ http://localhost:8511/_stcore/host-config:0
[ 1841182ms] [ERROR] Failed to load resource: net::ERR_CONNECTION_REFUSED @ http://localhost:8511/_stcore/health:0
[ 1841182ms] [ERROR] Client Error in reaching server endpoint - No response received when attempting to reach /_stcore/health @ http://localhost:8511/static/js/index.D2ZqaFuW.js:16
[ 1841182ms] [ERROR] Is Streamlit still running? If you accidentally stopped Streamlit, just restart it in your terminal: @ http://localhost:8511/static/js/index.D2ZqaFuW.js:21
[ 1841320ms] [ERROR] Failed to load resource: net::ERR_CONNECTION_REFUSED @ http://localhost:8511/_stcore/host-config:0
[ 1843190ms] [ERROR] Failed to load resource: net::ERR_CONNECTION_REFUSED @ http://localhost:8511/_stcore/health:0
[ 1843190ms] [ERROR] Client Error in reaching server endpoint - No response received when attempting to reach /_stcore/health @ http://localhost:8511/static/js/index.D2ZqaFuW.js:16
[ 1843191ms] [ERROR] Is Streamlit still running? If you accidentally stopped Streamlit, just restart it in your terminal: @ http://localhost:8511/static/js/index.D2ZqaFuW.js:21
[ 1843376ms] [ERROR] Failed to load resource: net::ERR_CONNECTION_REFUSED @ http://localhost:8511/_stcore/host-config:0
[ 1845198ms] [ERROR] Failed to load resource: net::ERR_CONNECTION_REFUSED @ http://localhost:8511/_stcore/health:0
[ 1845198ms] [ERROR] Client Error in reaching server endpoint - No response received when attempting to reach /_stcore/health @ http://localhost:8511/static/js/index.D2ZqaFuW.js:16
[ 1845198ms] [ERROR] Is Streamlit still running? If you accidentally stopped Streamlit, just restart it in your terminal: @ http://localhost:8511/static/js/index.D2ZqaFuW.js:21
[ 1845333ms] [ERROR] Failed to load resource: net::ERR_CONNECTION_REFUSED @ http://localhost:8511/_stcore/host-config:0
[ 1847204ms] [ERROR] Failed to load resource: net::ERR_CONNECTION_REFUSED @ http://localhost:8511/_stcore/health:0
[ 1847205ms] [ERROR] Client Error in reaching server endpoint - No response received when attempting to reach /_stcore/health @ http://localhost:8511/static/js/index.D2ZqaFuW.js:16
[ 1847205ms] [ERROR] Is Streamlit still running? If you accidentally stopped Streamlit, just restart it in your terminal: @ http://localhost:8511/static/js/index.D2ZqaFuW.js:21
[ 1847337ms] [ERROR] Failed to load resource: net::ERR_CONNECTION_REFUSED @ http://localhost:8511/_stcore/host-config:0
[ 1849215ms] [ERROR] Failed to load resource: net::ERR_CONNECTION_REFUSED @ http://localhost:8511/_stcore/health:0
[ 1849215ms] [ERROR] Client Error in reaching server endpoint - No response received when attempting to reach /_stcore/health @ http://localhost:8511/static/js/index.D2ZqaFuW.js:16
[ 1849215ms] [ERROR] Is Streamlit still running? If you accidentally stopped Streamlit, just restart it in your terminal: @ http://localhost:8511/static/js/index.D2ZqaFuW.js:21
[ 1849384ms] [ERROR] Failed to load resource: net::ERR_CONNECTION_REFUSED @ http://localhost:8511/_stcore/host-config:0
[ 1851222ms] [ERROR] Failed to load resource: net::ERR_CONNECTION_REFUSED @ http://localhost:8511/_stcore/health:0
[ 1851222ms] [ERROR] Client Error in reaching server endpoint - No response received when attempting to reach /_stcore/health @ http://localhost:8511/static/js/index.D2ZqaFuW.js:16
[ 1851223ms] [ERROR] Is Streamlit still running? If you accidentally stopped Streamlit, just restart it in your terminal: @ http://localhost:8511/static/js/index.D2ZqaFuW.js:21
[ 1851387ms] [ERROR] Failed to load resource: net::ERR_CONNECTION_REFUSED @ http://localhost:8511/_stcore/host-config:0
[ 1853227ms] [ERROR] Failed to load resource: net::ERR_CONNECTION_REFUSED @ http://localhost:8511/_stcore/health:0
[ 1853227ms] [ERROR] Client Error in reaching server endpoint - No response received when attempting to reach /_stcore/health @ http://localhost:8511/static/js/index.D2ZqaFuW.js:16
[ 1853227ms] [ERROR] Is Streamlit still running? If you accidentally stopped Streamlit, just restart it in your terminal: @ http://localhost:8511/static/js/index.D2ZqaFuW.js:21
[ 1853398ms] [ERROR] Failed to load resource: net::ERR_CONNECTION_REFUSED @ http://localhost:8511/_stcore/host-config:0
[ 1855232ms] [ERROR] Failed to load resource: net::ERR_CONNECTION_REFUSED @ http://localhost:8511/_stcore/host-config:0
[ 1855232ms] [ERROR] Client Error in reaching server endpoint - No response received when attempting to reach /_stcore/host-config @ http://localhost:8511/static/js/index.D2ZqaFuW.js:16
[ 1855232ms] [ERROR] Is Streamlit still running? If you accidentally stopped Streamlit, just restart it in your terminal: @ http://localhost:8511/static/js/index.D2ZqaFuW.js:21
[ 1855393ms] [ERROR] Failed to load resource: net::ERR_CONNECTION_REFUSED @ http://localhost:8511/_stcore/health:0
[ 1857241ms] [ERROR] Failed to load resource: net::ERR_CONNECTION_REFUSED @ http://localhost:8511/_stcore/health:0
[ 1857242ms] [ERROR] Client Error in reaching server endpoint - No response received when attempting to reach /_stcore/health @ http://localhost:8511/static/js/index.D2ZqaFuW.js:16
[ 1857242ms] [ERROR] Is Streamlit still running? If you accidentally stopped Streamlit, just restart it in your terminal: @ http://localhost:8511/static/js/index.D2ZqaFuW.js:21
[ 1857452ms] [ERROR] Failed to load resource: net::ERR_CONNECTION_REFUSED @ http://localhost:8511/_stcore/host-config:0
[ 1859247ms] [ERROR] Failed to load resource: net::ERR_CONNECTION_REFUSED @ http://localhost:8511/_stcore/host-config:0
[ 1859247ms] [ERROR] Client Error in reaching server endpoint - No response received when attempting to reach /_stcore/host-config @ http://localhost:8511/static/js/index.D2ZqaFuW.js:16
[ 1859247ms] [ERROR] Is Streamlit still running? If you accidentally stopped Streamlit, just restart it in your terminal: @ http://localhost:8511/static/js/index.D2ZqaFuW.js:21
[ 1859454ms] [ERROR] Failed to load resource: net::ERR_CONNECTION_REFUSED @ http://localhost:8511/_stcore/health:0
[ 1861252ms] [ERROR] Failed to load resource: net::ERR_CONNECTION_REFUSED @ http://localhost:8511/_stcore/host-config:0
[ 1861252ms] [ERROR] Client Error in reaching server endpoint - No response received when attempting to reach /_stcore/host-config @ http://localhost:8511/static/js/index.D2ZqaFuW.js:16
[ 1861252ms] [ERROR] Is Streamlit still running? If you accidentally stopped Streamlit, just restart it in your terminal: @ http://localhost:8511/static/js/index.D2ZqaFuW.js:21
[ 1861415ms] [ERROR] Failed to load resource: net::ERR_CONNECTION_REFUSED @ http://localhost:8511/_stcore/health:0
[ 1863257ms] [ERROR] Failed to load resource: net::ERR_CONNECTION_REFUSED @ http://localhost:8511/_stcore/health:0
[ 1863257ms] [ERROR] Client Error in reaching server endpoint - No response received when attempting to reach /_stcore/health @ http://localhost:8511/static/js/index.D2ZqaFuW.js:16
[ 1863257ms] [ERROR] Is Streamlit still running? If you accidentally stopped Streamlit, just restart it in your terminal: @ http://localhost:8511/static/js/index.D2ZqaFuW.js:21
[ 1863432ms] [ERROR] Failed to load resource: net::ERR_CONNECTION_REFUSED @ http://localhost:8511/_stcore/host-config:0
[ 1865266ms] [ERROR] Failed to load resource: net::ERR_CONNECTION_REFUSED @ http://localhost:8511/_stcore/host-config:0
[ 1865266ms] [ERROR] Client Error in reaching server endpoint - No response received when attempting to reach /_stcore/host-config @ http://localhost:8511/static/js/index.D2ZqaFuW.js:16
[ 1865266ms] [ERROR] Is Streamlit still running? If you accidentally stopped Streamlit, just restart it in your terminal: @ http://localhost:8511/static/js/index.D2ZqaFuW.js:21
[ 1865438ms] [ERROR] Failed to load resource: net::ERR_CONNECTION_REFUSED @ http://localhost:8511/_stcore/health:0
[ 1867271ms] [ERROR] Failed to load resource: net::ERR_CONNECTION_REFUSED @ http://localhost:8511/_stcore/health:0
[ 1867271ms] [ERROR] Client Error in reaching server endpoint - No response received when attempting to reach /_stcore/health @ http://localhost:8511/static/js/index.D2ZqaFuW.js:16
[ 1867271ms] [ERROR] Is Streamlit still running? If you accidentally stopped Streamlit, just restart it in your terminal: @ http://localhost:8511/static/js/index.D2ZqaFuW.js:21
[ 1867504ms] [ERROR] Failed to load resource: net::ERR_CONNECTION_REFUSED @ http://localhost:8511/_stcore/host-config:0
[ 1869276ms] [ERROR] Failed to load resource: net::ERR_CONNECTION_REFUSED @ http://localhost:8511/_stcore/health:0
[ 1869276ms] [ERROR] Client Error in reaching server endpoint - No response received when attempting to reach /_stcore/health @ http://localhost:8511/static/js/index.D2ZqaFuW.js:16
[ 1869276ms] [ERROR] Is Streamlit still running? If you accidentally stopped Streamlit, just restart it in your terminal: @ http://localhost:8511/static/js/index.D2ZqaFuW.js:21
[ 1869424ms] [ERROR] Failed to load resource: net::ERR_CONNECTION_REFUSED @ http://localhost:8511/_stcore/host-config:0
[ 1871282ms] [ERROR] Failed to load resource: net::ERR_CONNECTION_REFUSED @ http://localhost:8511/_stcore/health:0
[ 1871282ms] [ERROR] Client Error in reaching server endpoint - No response received when attempting to reach /_stcore/health @ http://localhost:8511/static/js/index.D2ZqaFuW.js:16
[ 1871283ms] [ERROR] Is Streamlit still running? If you accidentally stopped Streamlit, just restart it in your terminal: @ http://localhost:8511/static/js/index.D2ZqaFuW.js:21
[ 1871435ms] [ERROR] Failed to load resource: net::ERR_CONNECTION_REFUSED @ http://localhost:8511/_stcore/host-config:0
[ 1873297ms] [ERROR] Failed to load resource: net::ERR_CONNECTION_REFUSED @ http://localhost:8511/_stcore/health:0
[ 1873297ms] [ERROR] Client Error in reaching server endpoint - No response received when attempting to reach /_stcore/health @ http://localhost:8511/static/js/index.D2ZqaFuW.js:16
[ 1873297ms] [ERROR] Is Streamlit still running? If you accidentally stopped Streamlit, just restart it in your terminal: @ http://localhost:8511/static/js/index.D2ZqaFuW.js:21
[ 1873460ms] [ERROR] Failed to load resource: net::ERR_CONNECTION_REFUSED @ http://localhost:8511/_stcore/host-config:0
[ 1875304ms] [ERROR] Failed to load resource: net::ERR_CONNECTION_REFUSED @ http://localhost:8511/_stcore/health:0
[ 1875304ms] [ERROR] Client Error in reaching server endpoint - No response received when attempting to reach /_stcore/health @ http://localhost:8511/static/js/index.D2ZqaFuW.js:16
[ 1875304ms] [ERROR] Is Streamlit still running? If you accidentally stopped Streamlit, just restart it in your terminal: @ http://localhost:8511/static/js/index.D2ZqaFuW.js:21
[ 1875456ms] [ERROR] Failed to load resource: net::ERR_CONNECTION_REFUSED @ http://localhost:8511/_stcore/host-config:0
[ 1877309ms] [ERROR] Failed to load resource: net::ERR_CONNECTION_REFUSED @ http://localhost:8511/_stcore/health:0
[ 1877310ms] [ERROR] Client Error in reaching server endpoint - No response received when attempting to reach /_stcore/health @ http://localhost:8511/static/js/index.D2ZqaFuW.js:16
[ 1877310ms] [ERROR] Is Streamlit still running? If you accidentally stopped Streamlit, just restart it in your terminal: @ http://localhost:8511/static/js/index.D2ZqaFuW.js:21
[ 1877462ms] [ERROR] Failed to load resource: net::ERR_CONNECTION_REFUSED @ http://localhost:8511/_stcore/host-config:0
[ 1879316ms] [ERROR] Failed to load resource: net::ERR_CONNECTION_REFUSED @ http://localhost:8511/_stcore/health:0
[ 1879316ms] [ERROR] Client Error in reaching server endpoint - No response received when attempting to reach /_stcore/health @ http://localhost:8511/static/js/index.D2ZqaFuW.js:16
[ 1879316ms] [ERROR] Is Streamlit still running? If you accidentally stopped Streamlit, just restart it in your terminal: @ http://localhost:8511/static/js/index.D2ZqaFuW.js:21
[ 1879438ms] [ERROR] Failed to load resource: net::ERR_CONNECTION_REFUSED @ http://localhost:8511/_stcore/host-config:0
[ 1881324ms] [ERROR] Failed to load resource: net::ERR_CONNECTION_REFUSED @ http://localhost:8511/_stcore/health:0
[ 1881325ms] [ERROR] Client Error in reaching server endpoint - No response received when attempting to reach /_stcore/health @ http://localhost:8511/static/js/index.D2ZqaFuW.js:16
[ 1881325ms] [ERROR] Is Streamlit still running? If you accidentally stopped Streamlit, just restart it in your terminal: @ http://localhost:8511/static/js/index.D2ZqaFuW.js:21
[ 1881485ms] [ERROR] Failed to load resource: net::ERR_CONNECTION_REFUSED @ http://localhost:8511/_stcore/host-config:0
[ 1883331ms] [ERROR] Failed to load resource: net::ERR_CONNECTION_REFUSED @ http://localhost:8511/_stcore/health:0
[ 1883331ms] [ERROR] Client Error in reaching server endpoint - No response received when attempting to reach /_stcore/health @ http://localhost:8511/static/js/index.D2ZqaFuW.js:16
[ 1883331ms] [ERROR] Is Streamlit still running? If you accidentally stopped Streamlit, just restart it in your terminal: @ http://localhost:8511/static/js/index.D2ZqaFuW.js:21
[ 1883465ms] [ERROR] Failed to load resource: net::ERR_CONNECTION_REFUSED @ http://localhost:8511/_stcore/host-config:0
[ 1885338ms] [ERROR] Failed to load resource: net::ERR_CONNECTION_REFUSED @ http://localhost:8511/_stcore/health:0
[ 1885338ms] [ERROR] Client Error in reaching server endpoint - No response received when attempting to reach /_stcore/health @ http://localhost:8511/static/js/index.D2ZqaFuW.js:16
[ 1885339ms] [ERROR] Is Streamlit still running? If you accidentally stopped Streamlit, just restart it in your terminal: @ http://localhost:8511/static/js/index.D2ZqaFuW.js:21
[ 1885464ms] [ERROR] Failed to load resource: net::ERR_CONNECTION_REFUSED @ http://localhost:8511/_stcore/host-config:0
[ 1887348ms] [ERROR] Failed to load resource: net::ERR_CONNECTION_REFUSED @ http://localhost:8511/_stcore/health:0
[ 1887348ms] [ERROR] Client Error in reaching server endpoint - No response received when attempting to reach /_stcore/health @ http://localhost:8511/static/js/index.D2ZqaFuW.js:16
[ 1887348ms] [ERROR] Is Streamlit still running? If you accidentally stopped Streamlit, just restart it in your terminal: @ http://localhost:8511/static/js/index.D2ZqaFuW.js:21
[ 1887488ms] [ERROR] Failed to load resource: net::ERR_CONNECTION_REFUSED @ http://localhost:8511/_stcore/host-config:0
[ 1889358ms] [ERROR] Failed to load resource: net::ERR_CONNECTION_REFUSED @ http://localhost:8511/_stcore/health:0
[ 1889358ms] [ERROR] Client Error in reaching server endpoint - No response received when attempting to reach /_stcore/health @ http://localhost:8511/static/js/index.D2ZqaFuW.js:16
[ 1889358ms] [ERROR] Is Streamlit still running? If you accidentally stopped Streamlit, just restart it in your terminal: @ http://localhost:8511/static/js/index.D2ZqaFuW.js:21
[ 1889473ms] [ERROR] Failed to load resource: net::ERR_CONNECTION_REFUSED @ http://localhost:8511/_stcore/host-config:0
[ 1891365ms] [ERROR] Failed to load resource: net::ERR_CONNECTION_REFUSED @ http://localhost:8511/_stcore/host-config:0
[ 1891365ms] [ERROR] Client Error in reaching server endpoint - No response received when attempting to reach /_stcore/host-config @ http://localhost:8511/static/js/index.D2ZqaFuW.js:16
[ 1891365ms] [ERROR] Is Streamlit still running? If you accidentally stopped Streamlit, just restart it in your terminal: @ http://localhost:8511/static/js/index.D2ZqaFuW.js:21
[ 1891487ms] [ERROR] Failed to load resource: net::ERR_CONNECTION_REFUSED @ http://localhost:8511/_stcore/health:0
[ 1893377ms] [ERROR] Failed to load resource: net::ERR_CONNECTION_REFUSED @ http://localhost:8511/_stcore/host-config:0
[ 1893377ms] [ERROR] Client Error in reaching server endpoint - No response received when attempting to reach /_stcore/host-config @ http://localhost:8511/static/js/index.D2ZqaFuW.js:16
[ 1893377ms] [ERROR] Is Streamlit still running? If you accidentally stopped Streamlit, just restart it in your terminal: @ http://localhost:8511/static/js/index.D2ZqaFuW.js:21
[ 1893651ms] [ERROR] Failed to load resource: net::ERR_CONNECTION_REFUSED @ http://localhost:8511/_stcore/health:0
[ 1895382ms] [ERROR] Failed to load resource: net::ERR_CONNECTION_REFUSED @ http://localhost:8511/_stcore/health:0
[ 1895382ms] [ERROR] Client Error in reaching server endpoint - No response received when attempting to reach /_stcore/health @ http://localhost:8511/static/js/index.D2ZqaFuW.js:16
[ 1895382ms] [ERROR] Is Streamlit still running? If you accidentally stopped Streamlit, just restart it in your terminal: @ http://localhost:8511/static/js/index.D2ZqaFuW.js:21
[ 1895524ms] [ERROR] Failed to load resource: net::ERR_CONNECTION_REFUSED @ http://localhost:8511/_stcore/host-config:0
