[     586ms] [ERROR] Failed to load resource: the server responded with a status of 404 (Not Found) @ http://localhost:8765/10_Saved_Analyses/_stcore/health:0
[     595ms] [ERROR] Failed to load resource: the server responded with a status of 404 (Not Found) @ http://localhost:8765/10_Saved_Analyses/_stcore/host-config:0
[     849ms] [ERROR] The page that you have requested does not seem to exist. Running the app's main page. @ http://localhost:8765/static/js/index.D2ZqaFuW.js:21
[   45323ms] [WARNING] WebSocket onclose @ http://localhost:8765/static/js/index.D2ZqaFuW.js:17
[   45365ms] [ERROR] Failed to load resource: net::ERR_CONNECTION_REFUSED @ http://localhost:8765/10_Saved_Analyses/_stcore/health:0
[   45366ms] [ERROR] Failed to load resource: net::ERR_CONNECTION_REFUSED @ http://localhost:8765/10_Saved_Analyses/_stcore/host-config:0
[   45472ms] [ERROR] Failed to load resource: net::ERR_CONNECTION_REFUSED @ http://localhost:8765/_stcore/health:0
[   45473ms] [ERROR] Failed to load resource: net::ERR_CONNECTION_REFUSED @ http://localhost:8765/_stcore/host-config:0
[   45578ms] [ERROR] Failed to load resource: net::ERR_CONNECTION_REFUSED @ http://localhost:8765/10_Saved_Analyses/_stcore/health:0
[   45579ms] [ERROR] Failed to load resource: net::ERR_CONNECTION_REFUSED @ http://localhost:8765/10_Saved_Analyses/_stcore/host-config:0
[   45815ms] [ERROR] Failed to load resource: net::ERR_CONNECTION_REFUSED @ http://localhost:8765/_stcore/health:0
[   45815ms] [ERROR] Failed to load resource: net::ERR_CONNECTION_REFUSED @ http://localhost:8765/_stcore/host-config:0
[   46052ms] [ERROR] Failed to load resource: net::ERR_CONNECTION_REFUSED @ http://localhost:8765/10_Saved_Analyses/_stcore/host-config:0
[   46053ms] [ERROR] Failed to load resource: net::ERR_CONNECTION_REFUSED @ http://localhost:8765/10_Saved_Analyses/_stcore/health:0
[   46391ms] [ERROR] Failed to load resource: net::ERR_CONNECTION_REFUSED @ http://localhost:8765/_stcore/host-config:0
[   46391ms] [ERROR] Failed to load resource: net::ERR_CONNECTION_REFUSED @ http://localhost:8765/_stcore/health:0
[   46810ms] [ERROR] Failed to load resource: net::ERR_CONNECTION_REFUSED @ http://localhost:8765/10_Saved_Analyses/_stcore/health:0
[   46812ms] [ERROR] Failed to load resource: net::ERR_CONNECTION_REFUSED @ http://localhost:8765/10_Saved_Analyses/_stcore/host-config:0
[   47677ms] [ERROR] Failed to load resource: net::ERR_CONNECTION_REFUSED @ http://localhost:8765/_stcore/health:0
[   47679ms] [ERROR] Failed to load resource: net::ERR_CONNECTION_REFUSED @ http://localhost:8765/_stcore/host-config:0
[   48619ms] [ERROR] Failed to load resource: net::ERR_CONNECTION_REFUSED @ http://localhost:8765/10_Saved_Analyses/_stcore/host-config:0
[   48621ms] [ERROR] Failed to load resource: net::ERR_CONNECTION_REFUSED @ http://localhost:8765/10_Saved_Analyses/_stcore/health:0
[   50323ms] [ERROR] Failed to load resource: net::ERR_CONNECTION_REFUSED @ http://localhost:8765/_stcore/health:0
[   50324ms] [ERROR] Failed to load resource: net::ERR_CONNECTION_REFUSED @ http://localhost:8765/_stcore/host-config:0
[   51818ms] [ERROR] Failed to load resource: net::ERR_CONNECTION_REFUSED @ http://localhost:8765/10_Saved_Analyses/_stcore/health:0
[   51819ms] [ERROR] Client Error in reaching server endpoint - No response received when attempting to reach /10_Saved_Analyses/_stcore/health @ http://localhost:8765/static/js/index.D2ZqaFuW.js:16
[   51819ms] [ERROR] Is Streamlit still running? If you accidentally stopped Streamlit, just restart it in your terminal: @ http://localhost:8765/static/js/index.D2ZqaFuW.js:21
[   51857ms] [ERROR] Failed to load resource: net::ERR_CONNECTION_REFUSED @ http://localhost:8765/10_Saved_Analyses/_stcore/host-config:0
[   53826ms] [ERROR] Failed to load resource: net::ERR_CONNECTION_REFUSED @ http://localhost:8765/_stcore/health:0
[   53826ms] [ERROR] Client Error in reaching server endpoint - No response received when attempting to reach /_stcore/health @ http://localhost:8765/static/js/index.D2ZqaFuW.js:16
[   53826ms] [ERROR] Is Streamlit still running? If you accidentally stopped Streamlit, just restart it in your terminal: @ http://localhost:8765/static/js/index.D2ZqaFuW.js:21
[   53857ms] [ERROR] Failed to load resource: net::ERR_CONNECTION_REFUSED @ http://localhost:8765/_stcore/host-config:0
[   55833ms] [ERROR] Failed to load resource: net::ERR_CONNECTION_REFUSED @ http://localhost:8765/10_Saved_Analyses/_stcore/health:0
[   55833ms] [ERROR] Client Error in reaching server endpoint - No response received when attempting to reach /10_Saved_Analyses/_stcore/health @ http://localhost:8765/static/js/index.D2ZqaFuW.js:16
[   55833ms] [ERROR] Is Streamlit still running? If you accidentally stopped Streamlit, just restart it in your terminal: @ http://localhost:8765/static/js/index.D2ZqaFuW.js:21
[   55861ms] [ERROR] Failed to load resource: net::ERR_CONNECTION_REFUSED @ http://localhost:8765/10_Saved_Analyses/_stcore/host-config:0
[   57841ms] [ERROR] Failed to load resource: net::ERR_CONNECTION_REFUSED @ http://localhost:8765/_stcore/health:0
[   57842ms] [ERROR] Client Error in reaching server endpoint - No response received when attempting to reach /_stcore/health @ http://localhost:8765/static/js/index.D2ZqaFuW.js:16
[   57842ms] [ERROR] Is Streamlit still running? If you accidentally stopped Streamlit, just restart it in your terminal: @ http://localhost:8765/static/js/index.D2ZqaFuW.js:21
[   57872ms] [ERROR] Failed to load resource: net::ERR_CONNECTION_REFUSED @ http://localhost:8765/_stcore/host-config:0
[   59849ms] [ERROR] Failed to load resource: net::ERR_CONNECTION_REFUSED @ http://localhost:8765/10_Saved_Analyses/_stcore/host-config:0
[   59849ms] [ERROR] Client Error in reaching server endpoint - No response received when attempting to reach /10_Saved_Analyses/_stcore/host-config @ http://localhost:8765/static/js/index.D2ZqaFuW.js:16
[   59849ms] [ERROR] Is Streamlit still running? If you accidentally stopped Streamlit, just restart it in your terminal: @ http://localhost:8765/static/js/index.D2ZqaFuW.js:21
[   59877ms] [ERROR] Failed to load resource: net::ERR_CONNECTION_REFUSED @ http://localhost:8765/10_Saved_Analyses/_stcore/health:0
[   61857ms] [ERROR] Failed to load resource: net::ERR_CONNECTION_REFUSED @ http://localhost:8765/_stcore/health:0
[   61857ms] [ERROR] Client Error in reaching server endpoint - No response received when attempting to reach /_stcore/health @ http://localhost:8765/static/js/index.D2ZqaFuW.js:16
[   61858ms] [ERROR] Is Streamlit still running? If you accidentally stopped Streamlit, just restart it in your terminal: @ http://localhost:8765/static/js/index.D2ZqaFuW.js:21
[   61858ms] [ERROR] Failed to load resource: net::ERR_CONNECTION_REFUSED @ http://localhost:8765/_stcore/host-config:0
[   63865ms] [ERROR] Failed to load resource: net::ERR_CONNECTION_REFUSED @ http://localhost:8765/10_Saved_Analyses/_stcore/host-config:0
[   63866ms] [ERROR] Client Error in reaching server endpoint - No response received when attempting to reach /10_Saved_Analyses/_stcore/host-config @ http://localhost:8765/static/js/index.D2ZqaFuW.js:16
[   63866ms] [ERROR] Is Streamlit still running? If you accidentally stopped Streamlit, just restart it in your terminal: @ http://localhost:8765/static/js/index.D2ZqaFuW.js:21
[   63893ms] [ERROR] Failed to load resource: net::ERR_CONNECTION_REFUSED @ http://localhost:8765/10_Saved_Analyses/_stcore/health:0
[   65873ms] [ERROR] Failed to load resource: net::ERR_CONNECTION_REFUSED @ http://localhost:8765/_stcore/health:0
[   65874ms] [ERROR] Client Error in reaching server endpoint - No response received when attempting to reach /_stcore/health @ http://localhost:8765/static/js/index.D2ZqaFuW.js:16
[   65874ms] [ERROR] Is Streamlit still running? If you accidentally stopped Streamlit, just restart it in your terminal: @ http://localhost:8765/static/js/index.D2ZqaFuW.js:21
[   65900ms] [ERROR] Failed to load resource: net::ERR_CONNECTION_REFUSED @ http://localhost:8765/_stcore/host-config:0
[   67881ms] [ERROR] Failed to load resource: net::ERR_CONNECTION_REFUSED @ http://localhost:8765/10_Saved_Analyses/_stcore/health:0
[   67881ms] [ERROR] Client Error in reaching server endpoint - No response received when attempting to reach /10_Saved_Analyses/_stcore/health @ http://localhost:8765/static/js/index.D2ZqaFuW.js:16
[   67882ms] [ERROR] Is Streamlit still running? If you accidentally stopped Streamlit, just restart it in your terminal: @ http://localhost:8765/static/js/index.D2ZqaFuW.js:21
[   67908ms] [ERROR] Failed to load resource: net::ERR_CONNECTION_REFUSED @ http://localhost:8765/10_Saved_Analyses/_stcore/host-config:0
[   69889ms] [ERROR] Failed to load resource: net::ERR_CONNECTION_REFUSED @ http://localhost:8765/_stcore/health:0
[   69889ms] [ERROR] Client Error in reaching server endpoint - No response received when attempting to reach /_stcore/health @ http://localhost:8765/static/js/index.D2ZqaFuW.js:16
[   69889ms] [ERROR] Is Streamlit still running? If you accidentally stopped Streamlit, just restart it in your terminal: @ http://localhost:8765/static/js/index.D2ZqaFuW.js:21
[   69915ms] [ERROR] Failed to load resource: net::ERR_CONNECTION_REFUSED @ http://localhost:8765/_stcore/host-config:0
[   71896ms] [ERROR] Failed to load resource: net::ERR_CONNECTION_REFUSED @ http://localhost:8765/10_Saved_Analyses/_stcore/health:0
[   71896ms] [ERROR] Client Error in reaching server endpoint - No response received when attempting to reach /10_Saved_Analyses/_stcore/health @ http://localhost:8765/static/js/index.D2ZqaFuW.js:16
[   71896ms] [ERROR] Is Streamlit still running? If you accidentally stopped Streamlit, just restart it in your terminal: @ http://localhost:8765/static/js/index.D2ZqaFuW.js:21
[   71921ms] [ERROR] Failed to load resource: net::ERR_CONNECTION_REFUSED @ http://localhost:8765/10_Saved_Analyses/_stcore/host-config:0
[   73903ms] [ERROR] Failed to load resource: net::ERR_CONNECTION_REFUSED @ http://localhost:8765/_stcore/host-config:0
[   73903ms] [ERROR] Client Error in reaching server endpoint - No response received when attempting to reach /_stcore/host-config @ http://localhost:8765/static/js/index.D2ZqaFuW.js:16
[   73904ms] [ERROR] Is Streamlit still running? If you accidentally stopped Streamlit, just restart it in your terminal: @ http://localhost:8765/static/js/index.D2ZqaFuW.js:21
[   73928ms] [ERROR] Failed to load resource: net::ERR_CONNECTION_REFUSED @ http://localhost:8765/_stcore/health:0
[   75912ms] [ERROR] Failed to load resource: net::ERR_CONNECTION_REFUSED @ http://localhost:8765/10_Saved_Analyses/_stcore/health:0
[   75912ms] [ERROR] Client Error in reaching server endpoint - No response received when attempting to reach /10_Saved_Analyses/_stcore/health @ http://localhost:8765/static/js/index.D2ZqaFuW.js:16
[   75912ms] [ERROR] Is Streamlit still running? If you accidentally stopped Streamlit, just restart it in your terminal: @ http://localhost:8765/static/js/index.D2ZqaFuW.js:21
[   75937ms] [ERROR] Failed to load resource: net::ERR_CONNECTION_REFUSED @ http://localhost:8765/10_Saved_Analyses/_stcore/host-config:0
[   77918ms] [ERROR] Failed to load resource: net::ERR_CONNECTION_REFUSED @ http://localhost:8765/_stcore/health:0
[   77919ms] [ERROR] Client Error in reaching server endpoint - No response received when attempting to reach /_stcore/health @ http://localhost:8765/static/js/index.D2ZqaFuW.js:16
[   77919ms] [ERROR] Is Streamlit still running? If you accidentally stopped Streamlit, just restart it in your terminal: @ http://localhost:8765/static/js/index.D2ZqaFuW.js:21
[   77941ms] [ERROR] Failed to load resource: net::ERR_CONNECTION_REFUSED @ http://localhost:8765/_stcore/host-config:0
[   79926ms] [ERROR] Failed to load resource: net::ERR_CONNECTION_REFUSED @ http://localhost:8765/10_Saved_Analyses/_stcore/health:0
[   79926ms] [ERROR] Client Error in reaching server endpoint - No response received when attempting to reach /10_Saved_Analyses/_stcore/health @ http://localhost:8765/static/js/index.D2ZqaFuW.js:16
[   79927ms] [ERROR] Is Streamlit still running? If you accidentally stopped Streamlit, just restart it in your terminal: @ http://localhost:8765/static/js/index.D2ZqaFuW.js:21
[   79949ms] [ERROR] Failed to load resource: net::ERR_CONNECTION_REFUSED @ http://localhost:8765/10_Saved_Analyses/_stcore/host-config:0
[   81934ms] [ERROR] Failed to load resource: net::ERR_CONNECTION_REFUSED @ http://localhost:8765/_stcore/health:0
[   81934ms] [ERROR] Client Error in reaching server endpoint - No response received when attempting to reach /_stcore/health @ http://localhost:8765/static/js/index.D2ZqaFuW.js:16
[   81935ms] [ERROR] Is Streamlit still running? If you accidentally stopped Streamlit, just restart it in your terminal: @ http://localhost:8765/static/js/index.D2ZqaFuW.js:21
[   81959ms] [ERROR] Failed to load resource: net::ERR_CONNECTION_REFUSED @ http://localhost:8765/_stcore/host-config:0
[   83944ms] [ERROR] Failed to load resource: net::ERR_CONNECTION_REFUSED @ http://localhost:8765/10_Saved_Analyses/_stcore/health:0
[   83944ms] [ERROR] Client Error in reaching server endpoint - No response received when attempting to reach /10_Saved_Analyses/_stcore/health @ http://localhost:8765/static/js/index.D2ZqaFuW.js:16
[   83944ms] [ERROR] Is Streamlit still running? If you accidentally stopped Streamlit, just restart it in your terminal: @ http://localhost:8765/static/js/index.D2ZqaFuW.js:21
[   83969ms] [ERROR] Failed to load resource: net::ERR_CONNECTION_REFUSED @ http://localhost:8765/10_Saved_Analyses/_stcore/host-config:0
[   85952ms] [ERROR] Failed to load resource: net::ERR_CONNECTION_REFUSED @ http://localhost:8765/_stcore/host-config:0
[   85952ms] [ERROR] Client Error in reaching server endpoint - No response received when attempting to reach /_stcore/host-config @ http://localhost:8765/static/js/index.D2ZqaFuW.js:16
[   85953ms] [ERROR] Is Streamlit still running? If you accidentally stopped Streamlit, just restart it in your terminal: @ http://localhost:8765/static/js/index.D2ZqaFuW.js:21
[   85975ms] [ERROR] Failed to load resource: net::ERR_CONNECTION_REFUSED @ http://localhost:8765/_stcore/health:0
[   87961ms] [ERROR] Failed to load resource: net::ERR_CONNECTION_REFUSED @ http://localhost:8765/10_Saved_Analyses/_stcore/health:0
[   87961ms] [ERROR] Client Error in reaching server endpoint - No response received when attempting to reach /10_Saved_Analyses/_stcore/health @ http://localhost:8765/static/js/index.D2ZqaFuW.js:16
[   87962ms] [ERROR] Is Streamlit still running? If you accidentally stopped Streamlit, just restart it in your terminal: @ http://localhost:8765/static/js/index.D2ZqaFuW.js:21
[   87994ms] [ERROR] Failed to load resource: net::ERR_CONNECTION_REFUSED @ http://localhost:8765/10_Saved_Analyses/_stcore/host-config:0
[   89968ms] [ERROR] Failed to load resource: net::ERR_CONNECTION_REFUSED @ http://localhost:8765/_stcore/health:0
[   89969ms] [ERROR] Client Error in reaching server endpoint - No response received when attempting to reach /_stcore/health @ http://localhost:8765/static/js/index.D2ZqaFuW.js:16
[   89969ms] [ERROR] Is Streamlit still running? If you accidentally stopped Streamlit, just restart it in your terminal: @ http://localhost:8765/static/js/index.D2ZqaFuW.js:21
[   89992ms] [ERROR] Failed to load resource: net::ERR_CONNECTION_REFUSED @ http://localhost:8765/_stcore/host-config:0
[   91974ms] [ERROR] Failed to load resource: net::ERR_CONNECTION_REFUSED @ http://localhost:8765/10_Saved_Analyses/_stcore/health:0
[   91975ms] [ERROR] Client Error in reaching server endpoint - No response received when attempting to reach /10_Saved_Analyses/_stcore/health @ http://localhost:8765/static/js/index.D2ZqaFuW.js:16
[   91975ms] [ERROR] Is Streamlit still running? If you accidentally stopped Streamlit, just restart it in your terminal: @ http://localhost:8765/static/js/index.D2ZqaFuW.js:21
[   91998ms] [ERROR] Failed to load resource: net::ERR_CONNECTION_REFUSED @ http://localhost:8765/10_Saved_Analyses/_stcore/host-config:0
[   93981ms] [ERROR] Failed to load resource: net::ERR_CONNECTION_REFUSED @ http://localhost:8765/_stcore/health:0
[   93981ms] [ERROR] Client Error in reaching server endpoint - No response received when attempting to reach /_stcore/health @ http://localhost:8765/static/js/index.D2ZqaFuW.js:16
[   93981ms] [ERROR] Is Streamlit still running? If you accidentally stopped Streamlit, just restart it in your terminal: @ http://localhost:8765/static/js/index.D2ZqaFuW.js:21
[   94002ms] [ERROR] Failed to load resource: net::ERR_CONNECTION_REFUSED @ http://localhost:8765/_stcore/host-config:0
[   95988ms] [ERROR] Failed to load resource: net::ERR_CONNECTION_REFUSED @ http://localhost:8765/10_Saved_Analyses/_stcore/host-config:0
[   95988ms] [ERROR] Client Error in reaching server endpoint - No response received when attempting to reach /10_Saved_Analyses/_stcore/host-config @ http://localhost:8765/static/js/index.D2ZqaFuW.js:16
[   95988ms] [ERROR] Is Streamlit still running? If you accidentally stopped Streamlit, just restart it in your terminal: @ http://localhost:8765/static/js/index.D2ZqaFuW.js:21
[   96010ms] [ERROR] Failed to load resource: net::ERR_CONNECTION_REFUSED @ http://localhost:8765/10_Saved_Analyses/_stcore/health:0
[   97997ms] [ERROR] Failed to load resource: net::ERR_CONNECTION_REFUSED @ http://localhost:8765/_stcore/health:0
[   97997ms] [ERROR] Client Error in reaching server endpoint - No response received when attempting to reach /_stcore/health @ http://localhost:8765/static/js/index.D2ZqaFuW.js:16
[   97997ms] [ERROR] Is Streamlit still running? If you accidentally stopped Streamlit, just restart it in your terminal: @ http://localhost:8765/static/js/index.D2ZqaFuW.js:21
[   98021ms] [ERROR] Failed to load resource: net::ERR_CONNECTION_REFUSED @ http://localhost:8765/_stcore/host-config:0
[  100005ms] [ERROR] Failed to load resource: net::ERR_CONNECTION_REFUSED @ http://localhost:8765/10_Saved_Analyses/_stcore/health:0
[  100005ms] [ERROR] Client Error in reaching server endpoint - No response received when attempting to reach /10_Saved_Analyses/_stcore/health @ http://localhost:8765/static/js/index.D2ZqaFuW.js:16
[  100005ms] [ERROR] Is Streamlit still running? If you accidentally stopped Streamlit, just restart it in your terminal: @ http://localhost:8765/static/js/index.D2ZqaFuW.js:21
[  100028ms] [ERROR] Failed to load resource: net::ERR_CONNECTION_REFUSED @ http://localhost:8765/10_Saved_Analyses/_stcore/host-config:0
[  102013ms] [ERROR] Failed to load resource: net::ERR_CONNECTION_REFUSED @ http://localhost:8765/_stcore/health:0
[  102013ms] [ERROR] Client Error in reaching server endpoint - No response received when attempting to reach /_stcore/health @ http://localhost:8765/static/js/index.D2ZqaFuW.js:16
[  102014ms] [ERROR] Is Streamlit still running? If you accidentally stopped Streamlit, just restart it in your terminal: @ http://localhost:8765/static/js/index.D2ZqaFuW.js:21
[  102036ms] [ERROR] Failed to load resource: net::ERR_CONNECTION_REFUSED @ http://localhost:8765/_stcore/host-config:0
[  104020ms] [ERROR] Failed to load resource: net::ERR_CONNECTION_REFUSED @ http://localhost:8765/10_Saved_Analyses/_stcore/health:0
[  104021ms] [ERROR] Client Error in reaching server endpoint - No response received when attempting to reach /10_Saved_Analyses/_stcore/health @ http://localhost:8765/static/js/index.D2ZqaFuW.js:16
[  104021ms] [ERROR] Is Streamlit still running? If you accidentally stopped Streamlit, just restart it in your terminal: @ http://localhost:8765/static/js/index.D2ZqaFuW.js:21
[  104043ms] [ERROR] Failed to load resource: net::ERR_CONNECTION_REFUSED @ http://localhost:8765/10_Saved_Analyses/_stcore/host-config:0
[  106028ms] [ERROR] Failed to load resource: net::ERR_CONNECTION_REFUSED @ http://localhost:8765/_stcore/health:0
[  106028ms] [ERROR] Client Error in reaching server endpoint - No response received when attempting to reach /_stcore/health @ http://localhost:8765/static/js/index.D2ZqaFuW.js:16
[  106028ms] [ERROR] Is Streamlit still running? If you accidentally stopped Streamlit, just restart it in your terminal: @ http://localhost:8765/static/js/index.D2ZqaFuW.js:21
[  106049ms] [ERROR] Failed to load resource: net::ERR_CONNECTION_REFUSED @ http://localhost:8765/_stcore/host-config:0
[  108035ms] [ERROR] Failed to load resource: net::ERR_CONNECTION_REFUSED @ http://localhost:8765/10_Saved_Analyses/_stcore/health:0
[  108035ms] [ERROR] Client Error in reaching server endpoint - No response received when attempting to reach /10_Saved_Analyses/_stcore/health @ http://localhost:8765/static/js/index.D2ZqaFuW.js:16
[  108036ms] [ERROR] Is Streamlit still running? If you accidentally stopped Streamlit, just restart it in your terminal: @ http://localhost:8765/static/js/index.D2ZqaFuW.js:21
[  108056ms] [ERROR] Failed to load resource: net::ERR_CONNECTION_REFUSED @ http://localhost:8765/10_Saved_Analyses/_stcore/host-config:0
[  110043ms] [ERROR] Failed to load resource: net::ERR_CONNECTION_REFUSED @ http://localhost:8765/_stcore/health:0
[  110043ms] [ERROR] Client Error in reaching server endpoint - No response received when attempting to reach /_stcore/health @ http://localhost:8765/static/js/index.D2ZqaFuW.js:16
[  110043ms] [ERROR] Is Streamlit still running? If you accidentally stopped Streamlit, just restart it in your terminal: @ http://localhost:8765/static/js/index.D2ZqaFuW.js:21
[  110065ms] [ERROR] Failed to load resource: net::ERR_CONNECTION_REFUSED @ http://localhost:8765/_stcore/host-config:0
[  112050ms] [ERROR] Failed to load resource: net::ERR_CONNECTION_REFUSED @ http://localhost:8765/10_Saved_Analyses/_stcore/health:0
[  112050ms] [ERROR] Client Error in reaching server endpoint - No response received when attempting to reach /10_Saved_Analyses/_stcore/health @ http://localhost:8765/static/js/index.D2ZqaFuW.js:16
[  112050ms] [ERROR] Is Streamlit still running? If you accidentally stopped Streamlit, just restart it in your terminal: @ http://localhost:8765/static/js/index.D2ZqaFuW.js:21
[  112073ms] [ERROR] Failed to load resource: net::ERR_CONNECTION_REFUSED @ http://localhost:8765/10_Saved_Analyses/_stcore/host-config:0
[  114058ms] [ERROR] Failed to load resource: net::ERR_CONNECTION_REFUSED @ http://localhost:8765/_stcore/host-config:0
[  114058ms] [ERROR] Client Error in reaching server endpoint - No response received when attempting to reach /_stcore/host-config @ http://localhost:8765/static/js/index.D2ZqaFuW.js:16
[  114058ms] [ERROR] Is Streamlit still running? If you accidentally stopped Streamlit, just restart it in your terminal: @ http://localhost:8765/static/js/index.D2ZqaFuW.js:21
[  114080ms] [ERROR] Failed to load resource: net::ERR_CONNECTION_REFUSED @ http://localhost:8765/_stcore/health:0
[  116065ms] [ERROR] Failed to load resource: net::ERR_CONNECTION_REFUSED @ http://localhost:8765/10_Saved_Analyses/_stcore/health:0
[  116065ms] [ERROR] Client Error in reaching server endpoint - No response received when attempting to reach /10_Saved_Analyses/_stcore/health @ http://localhost:8765/static/js/index.D2ZqaFuW.js:16
[  116066ms] [ERROR] Is Streamlit still running? If you accidentally stopped Streamlit, just restart it in your terminal: @ http://localhost:8765/static/js/index.D2ZqaFuW.js:21
[  116088ms] [ERROR] Failed to load resource: net::ERR_CONNECTION_REFUSED @ http://localhost:8765/10_Saved_Analyses/_stcore/host-config:0
[  118072ms] [ERROR] Failed to load resource: net::ERR_CONNECTION_REFUSED @ http://localhost:8765/_stcore/health:0
[  118072ms] [ERROR] Client Error in reaching server endpoint - No response received when attempting to reach /_stcore/health @ http://localhost:8765/static/js/index.D2ZqaFuW.js:16
[  118072ms] [ERROR] Is Streamlit still running? If you accidentally stopped Streamlit, just restart it in your terminal: @ http://localhost:8765/static/js/index.D2ZqaFuW.js:21
[  118094ms] [ERROR] Failed to load resource: net::ERR_CONNECTION_REFUSED @ http://localhost:8765/_stcore/host-config:0
[  120079ms] [ERROR] Failed to load resource: net::ERR_CONNECTION_REFUSED @ http://localhost:8765/10_Saved_Analyses/_stcore/health:0
[  120080ms] [ERROR] Client Error in reaching server endpoint - No response received when attempting to reach /10_Saved_Analyses/_stcore/health @ http://localhost:8765/static/js/index.D2ZqaFuW.js:16
[  120080ms] [ERROR] Is Streamlit still running? If you accidentally stopped Streamlit, just restart it in your terminal: @ http://localhost:8765/static/js/index.D2ZqaFuW.js:21
[  120100ms] [ERROR] Failed to load resource: net::ERR_CONNECTION_REFUSED @ http://localhost:8765/10_Saved_Analyses/_stcore/host-config:0
[  122087ms] [ERROR] Failed to load resource: net::ERR_CONNECTION_REFUSED @ http://localhost:8765/_stcore/health:0
[  122087ms] [ERROR] Client Error in reaching server endpoint - No response received when attempting to reach /_stcore/health @ http://localhost:8765/static/js/index.D2ZqaFuW.js:16
[  122087ms] [ERROR] Is Streamlit still running? If you accidentally stopped Streamlit, just restart it in your terminal: @ http://localhost:8765/static/js/index.D2ZqaFuW.js:21
[  122109ms] [ERROR] Failed to load resource: net::ERR_CONNECTION_REFUSED @ http://localhost:8765/_stcore/host-config:0
[  124093ms] [ERROR] Failed to load resource: net::ERR_CONNECTION_REFUSED @ http://localhost:8765/10_Saved_Analyses/_stcore/health:0
[  124093ms] [ERROR] Client Error in reaching server endpoint - No response received when attempting to reach /10_Saved_Analyses/_stcore/health @ http://localhost:8765/static/js/index.D2ZqaFuW.js:16
[  124093ms] [ERROR] Is Streamlit still running? If you accidentally stopped Streamlit, just restart it in your terminal: @ http://localhost:8765/static/js/index.D2ZqaFuW.js:21
[  124115ms] [ERROR] Failed to load resource: net::ERR_CONNECTION_REFUSED @ http://localhost:8765/10_Saved_Analyses/_stcore/host-config:0
[  126102ms] [ERROR] Failed to load resource: net::ERR_CONNECTION_REFUSED @ http://localhost:8765/_stcore/health:0
[  126102ms] [ERROR] Client Error in reaching server endpoint - No response received when attempting to reach /_stcore/health @ http://localhost:8765/static/js/index.D2ZqaFuW.js:16
[  126102ms] [ERROR] Is Streamlit still running? If you accidentally stopped Streamlit, just restart it in your terminal: @ http://localhost:8765/static/js/index.D2ZqaFuW.js:21
[  126103ms] [ERROR] Failed to load resource: net::ERR_CONNECTION_REFUSED @ http://localhost:8765/_stcore/host-config:0
[  128111ms] [ERROR] Failed to load resource: net::ERR_CONNECTION_REFUSED @ http://localhost:8765/10_Saved_Analyses/_stcore/health:0
[  128111ms] [ERROR] Client Error in reaching server endpoint - No response received when attempting to reach /10_Saved_Analyses/_stcore/health @ http://localhost:8765/static/js/index.D2ZqaFuW.js:16
[  128111ms] [ERROR] Is Streamlit still running? If you accidentally stopped Streamlit, just restart it in your terminal: @ http://localhost:8765/static/js/index.D2ZqaFuW.js:21
[  128133ms] [ERROR] Failed to load resource: net::ERR_CONNECTION_REFUSED @ http://localhost:8765/10_Saved_Analyses/_stcore/host-config:0
[  130118ms] [ERROR] Failed to load resource: net::ERR_CONNECTION_REFUSED @ http://localhost:8765/_stcore/host-config:0
[  130118ms] [ERROR] Client Error in reaching server endpoint - No response received when attempting to reach /_stcore/host-config @ http://localhost:8765/static/js/index.D2ZqaFuW.js:16
[  130119ms] [ERROR] Is Streamlit still running? If you accidentally stopped Streamlit, just restart it in your terminal: @ http://localhost:8765/static/js/index.D2ZqaFuW.js:21
[  130119ms] [ERROR] Failed to load resource: net::ERR_CONNECTION_REFUSED @ http://localhost:8765/_stcore/health:0
[  132126ms] [ERROR] Failed to load resource: net::ERR_CONNECTION_REFUSED @ http://localhost:8765/10_Saved_Analyses/_stcore/health:0
[  132126ms] [ERROR] Client Error in reaching server endpoint - No response received when attempting to reach /10_Saved_Analyses/_stcore/health @ http://localhost:8765/static/js/index.D2ZqaFuW.js:16
[  132126ms] [ERROR] Is Streamlit still running? If you accidentally stopped Streamlit, just restart it in your terminal: @ http://localhost:8765/static/js/index.D2ZqaFuW.js:21
[  132148ms] [ERROR] Failed to load resource: net::ERR_CONNECTION_REFUSED @ http://localhost:8765/10_Saved_Analyses/_stcore/host-config:0
[  134135ms] [ERROR] Failed to load resource: net::ERR_CONNECTION_REFUSED @ http://localhost:8765/_stcore/health:0
[  134135ms] [ERROR] Client Error in reaching server endpoint - No response received when attempting to reach /_stcore/health @ http://localhost:8765/static/js/index.D2ZqaFuW.js:16
[  134136ms] [ERROR] Is Streamlit still running? If you accidentally stopped Streamlit, just restart it in your terminal: @ http://localhost:8765/static/js/index.D2ZqaFuW.js:21
[  134136ms] [ERROR] Failed to load resource: net::ERR_CONNECTION_REFUSED @ http://localhost:8765/_stcore/host-config:0
[  136142ms] [ERROR] Failed to load resource: net::ERR_CONNECTION_REFUSED @ http://localhost:8765/10_Saved_Analyses/_stcore/host-config:0
[  136143ms] [ERROR] Client Error in reaching server endpoint - No response received when attempting to reach /10_Saved_Analyses/_stcore/host-config @ http://localhost:8765/static/js/index.D2ZqaFuW.js:16
[  136143ms] [ERROR] Is Streamlit still running? If you accidentally stopped Streamlit, just restart it in your terminal: @ http://localhost:8765/static/js/index.D2ZqaFuW.js:21
[  136165ms] [ERROR] Failed to load resource: net::ERR_CONNECTION_REFUSED @ http://localhost:8765/10_Saved_Analyses/_stcore/health:0
[  138156ms] [ERROR] Failed to load resource: net::ERR_CONNECTION_REFUSED @ http://localhost:8765/_stcore/health:0
[  138156ms] [ERROR] Client Error in reaching server endpoint - No response received when attempting to reach /_stcore/health @ http://localhost:8765/static/js/index.D2ZqaFuW.js:16
[  138156ms] [ERROR] Is Streamlit still running? If you accidentally stopped Streamlit, just restart it in your terminal: @ http://localhost:8765/static/js/index.D2ZqaFuW.js:21
[  138194ms] [ERROR] Failed to load resource: net::ERR_CONNECTION_REFUSED @ http://localhost:8765/_stcore/host-config:0
[  140168ms] [ERROR] Failed to load resource: net::ERR_CONNECTION_REFUSED @ http://localhost:8765/10_Saved_Analyses/_stcore/health:0
[  140169ms] [ERROR] Client Error in reaching server endpoint - No response received when attempting to reach /10_Saved_Analyses/_stcore/health @ http://localhost:8765/static/js/index.D2ZqaFuW.js:16
[  140169ms] [ERROR] Is Streamlit still running? If you accidentally stopped Streamlit, just restart it in your terminal: @ http://localhost:8765/static/js/index.D2ZqaFuW.js:21
[  140202ms] [ERROR] Failed to load resource: net::ERR_CONNECTION_REFUSED @ http://localhost:8765/10_Saved_Analyses/_stcore/host-config:0
[  142177ms] [ERROR] Failed to load resource: net::ERR_CONNECTION_REFUSED @ http://localhost:8765/_stcore/host-config:0
[  142177ms] [ERROR] Client Error in reaching server endpoint - No response received when attempting to reach /_stcore/host-config @ http://localhost:8765/static/js/index.D2ZqaFuW.js:16
[  142177ms] [ERROR] Is Streamlit still running? If you accidentally stopped Streamlit, just restart it in your terminal: @ http://localhost:8765/static/js/index.D2ZqaFuW.js:21
[  142199ms] [ERROR] Failed to load resource: net::ERR_CONNECTION_REFUSED @ http://localhost:8765/_stcore/health:0
[  144200ms] [ERROR] Failed to load resource: net::ERR_CONNECTION_REFUSED @ http://localhost:8765/10_Saved_Analyses/_stcore/health:0
[  144200ms] [ERROR] Client Error in reaching server endpoint - No response received when attempting to reach /10_Saved_Analyses/_stcore/health @ http://localhost:8765/static/js/index.D2ZqaFuW.js:16
[  144200ms] [ERROR] Is Streamlit still running? If you accidentally stopped Streamlit, just restart it in your terminal: @ http://localhost:8765/static/js/index.D2ZqaFuW.js:21
[  144237ms] [ERROR] Failed to load resource: net::ERR_CONNECTION_REFUSED @ http://localhost:8765/10_Saved_Analyses/_stcore/host-config:0
[  146207ms] [ERROR] Failed to load resource: net::ERR_CONNECTION_REFUSED @ http://localhost:8765/_stcore/health:0
[  146207ms] [ERROR] Client Error in reaching server endpoint - No response received when attempting to reach /_stcore/health @ http://localhost:8765/static/js/index.D2ZqaFuW.js:16
[  146207ms] [ERROR] Is Streamlit still running? If you accidentally stopped Streamlit, just restart it in your terminal: @ http://localhost:8765/static/js/index.D2ZqaFuW.js:21
[  146246ms] [ERROR] Failed to load resource: net::ERR_CONNECTION_REFUSED @ http://localhost:8765/_stcore/host-config:0
[  148215ms] [ERROR] Failed to load resource: net::ERR_CONNECTION_REFUSED @ http://localhost:8765/10_Saved_Analyses/_stcore/host-config:0
[  148216ms] [ERROR] Client Error in reaching server endpoint - No response received when attempting to reach /10_Saved_Analyses/_stcore/host-config @ http://localhost:8765/static/js/index.D2ZqaFuW.js:16
[  148216ms] [ERROR] Is Streamlit still running? If you accidentally stopped Streamlit, just restart it in your terminal: @ http://localhost:8765/static/js/index.D2ZqaFuW.js:21
[  148247ms] [ERROR] Failed to load resource: net::ERR_CONNECTION_REFUSED @ http://localhost:8765/10_Saved_Analyses/_stcore/health:0
[  150222ms] [ERROR] Failed to load resource: net::ERR_CONNECTION_REFUSED @ http://localhost:8765/_stcore/health:0
[  150222ms] [ERROR] Client Error in reaching server endpoint - No response received when attempting to reach /_stcore/health @ http://localhost:8765/static/js/index.D2ZqaFuW.js:16
[  150223ms] [ERROR] Is Streamlit still running? If you accidentally stopped Streamlit, just restart it in your terminal: @ http://localhost:8765/static/js/index.D2ZqaFuW.js:21
[  150245ms] [ERROR] Failed to load resource: net::ERR_CONNECTION_REFUSED @ http://localhost:8765/_stcore/host-config:0
[  152234ms] [ERROR] Failed to load resource: net::ERR_CONNECTION_REFUSED @ http://localhost:8765/10_Saved_Analyses/_stcore/health:0
[  152234ms] [ERROR] Client Error in reaching server endpoint - No response received when attempting to reach /10_Saved_Analyses/_stcore/health @ http://localhost:8765/static/js/index.D2ZqaFuW.js:16
[  152235ms] [ERROR] Is Streamlit still running? If you accidentally stopped Streamlit, just restart it in your terminal: @ http://localhost:8765/static/js/index.D2ZqaFuW.js:21
[  152264ms] [ERROR] Failed to load resource: net::ERR_CONNECTION_REFUSED @ http://localhost:8765/10_Saved_Analyses/_stcore/host-config:0
[  154241ms] [ERROR] Failed to load resource: net::ERR_CONNECTION_REFUSED @ http://localhost:8765/_stcore/health:0
[  154241ms] [ERROR] Client Error in reaching server endpoint - No response received when attempting to reach /_stcore/health @ http://localhost:8765/static/js/index.D2ZqaFuW.js:16
[  154241ms] [ERROR] Is Streamlit still running? If you accidentally stopped Streamlit, just restart it in your terminal: @ http://localhost:8765/static/js/index.D2ZqaFuW.js:21
[  154283ms] [ERROR] Failed to load resource: net::ERR_CONNECTION_REFUSED @ http://localhost:8765/_stcore/host-config:0
[  156252ms] [ERROR] Failed to load resource: net::ERR_CONNECTION_REFUSED @ http://localhost:8765/10_Saved_Analyses/_stcore/health:0
[  156252ms] [ERROR] Client Error in reaching server endpoint - No response received when attempting to reach /10_Saved_Analyses/_stcore/health @ http://localhost:8765/static/js/index.D2ZqaFuW.js:16
[  156253ms] [ERROR] Is Streamlit still running? If you accidentally stopped Streamlit, just restart it in your terminal: @ http://localhost:8765/static/js/index.D2ZqaFuW.js:21
[  156301ms] [ERROR] Failed to load resource: net::ERR_CONNECTION_REFUSED @ http://localhost:8765/10_Saved_Analyses/_stcore/host-config:0
[  158259ms] [ERROR] Failed to load resource: net::ERR_CONNECTION_REFUSED @ http://localhost:8765/_stcore/health:0
[  158260ms] [ERROR] Client Error in reaching server endpoint - No response received when attempting to reach /_stcore/health @ http://localhost:8765/static/js/index.D2ZqaFuW.js:16
[  158260ms] [ERROR] Is Streamlit still running? If you accidentally stopped Streamlit, just restart it in your terminal: @ http://localhost:8765/static/js/index.D2ZqaFuW.js:21
[  158293ms] [ERROR] Failed to load resource: net::ERR_CONNECTION_REFUSED @ http://localhost:8765/_stcore/host-config:0
[  160272ms] [ERROR] Failed to load resource: net::ERR_CONNECTION_REFUSED @ http://localhost:8765/10_Saved_Analyses/_stcore/health:0
[  160272ms] [ERROR] Client Error in reaching server endpoint - No response received when attempting to reach /10_Saved_Analyses/_stcore/health @ http://localhost:8765/static/js/index.D2ZqaFuW.js:16
[  160272ms] [ERROR] Is Streamlit still running? If you accidentally stopped Streamlit, just restart it in your terminal: @ http://localhost:8765/static/js/index.D2ZqaFuW.js:21
[  160307ms] [ERROR] Failed to load resource: net::ERR_CONNECTION_REFUSED @ http://localhost:8765/10_Saved_Analyses/_stcore/host-config:0
[  162287ms] [ERROR] Failed to load resource: net::ERR_CONNECTION_REFUSED @ http://localhost:8765/_stcore/health:0
[  162287ms] [ERROR] Client Error in reaching server endpoint - No response received when attempting to reach /_stcore/health @ http://localhost:8765/static/js/index.D2ZqaFuW.js:16
[  162287ms] [ERROR] Is Streamlit still running? If you accidentally stopped Streamlit, just restart it in your terminal: @ http://localhost:8765/static/js/index.D2ZqaFuW.js:21
[  162322ms] [ERROR] Failed to load resource: net::ERR_CONNECTION_REFUSED @ http://localhost:8765/_stcore/host-config:0
[  164295ms] [ERROR] Failed to load resource: net::ERR_CONNECTION_REFUSED @ http://localhost:8765/10_Saved_Analyses/_stcore/health:0
[  164295ms] [ERROR] Client Error in reaching server endpoint - No response received when attempting to reach /10_Saved_Analyses/_stcore/health @ http://localhost:8765/static/js/index.D2ZqaFuW.js:16
[  164296ms] [ERROR] Is Streamlit still running? If you accidentally stopped Streamlit, just restart it in your terminal: @ http://localhost:8765/static/js/index.D2ZqaFuW.js:21
[  164320ms] [ERROR] Failed to load resource: net::ERR_CONNECTION_REFUSED @ http://localhost:8765/10_Saved_Analyses/_stcore/host-config:0
[  166303ms] [ERROR] Failed to load resource: net::ERR_CONNECTION_REFUSED @ http://localhost:8765/_stcore/health:0
[  166303ms] [ERROR] Client Error in reaching server endpoint - No response received when attempting to reach /_stcore/health @ http://localhost:8765/static/js/index.D2ZqaFuW.js:16
[  166303ms] [ERROR] Is Streamlit still running? If you accidentally stopped Streamlit, just restart it in your terminal: @ http://localhost:8765/static/js/index.D2ZqaFuW.js:21
[  166328ms] [ERROR] Failed to load resource: net::ERR_CONNECTION_REFUSED @ http://localhost:8765/_stcore/host-config:0
[  168318ms] [ERROR] Failed to load resource: net::ERR_CONNECTION_REFUSED @ http://localhost:8765/10_Saved_Analyses/_stcore/health:0
[  168319ms] [ERROR] Client Error in reaching server endpoint - No response received when attempting to reach /10_Saved_Analyses/_stcore/health @ http://localhost:8765/static/js/index.D2ZqaFuW.js:16
[  168319ms] [ERROR] Is Streamlit still running? If you accidentally stopped Streamlit, just restart it in your terminal: @ http://localhost:8765/static/js/index.D2ZqaFuW.js:21
[  168352ms] [ERROR] Failed to load resource: net::ERR_CONNECTION_REFUSED @ http://localhost:8765/10_Saved_Analyses/_stcore/host-config:0
[  170327ms] [ERROR] Failed to load resource: net::ERR_CONNECTION_REFUSED @ http://localhost:8765/_stcore/health:0
[  170327ms] [ERROR] Client Error in reaching server endpoint - No response received when attempting to reach /_stcore/health @ http://localhost:8765/static/js/index.D2ZqaFuW.js:16
[  170328ms] [ERROR] Is Streamlit still running? If you accidentally stopped Streamlit, just restart it in your terminal: @ http://localhost:8765/static/js/index.D2ZqaFuW.js:21
[  170350ms] [ERROR] Failed to load resource: net::ERR_CONNECTION_REFUSED @ http://localhost:8765/_stcore/host-config:0
[  172332ms] [ERROR] Failed to load resource: net::ERR_CONNECTION_REFUSED @ http://localhost:8765/10_Saved_Analyses/_stcore/health:0
[  172332ms] [ERROR] Client Error in reaching server endpoint - No response received when attempting to reach /10_Saved_Analyses/_stcore/health @ http://localhost:8765/static/js/index.D2ZqaFuW.js:16
[  172332ms] [ERROR] Is Streamlit still running? If you accidentally stopped Streamlit, just restart it in your terminal: @ http://localhost:8765/static/js/index.D2ZqaFuW.js:21
[  172356ms] [ERROR] Failed to load resource: net::ERR_CONNECTION_REFUSED @ http://localhost:8765/10_Saved_Analyses/_stcore/host-config:0
[  174339ms] [ERROR] Failed to load resource: net::ERR_CONNECTION_REFUSED @ http://localhost:8765/_stcore/health:0
[  174339ms] [ERROR] Client Error in reaching server endpoint - No response received when attempting to reach /_stcore/health @ http://localhost:8765/static/js/index.D2ZqaFuW.js:16
[  174339ms] [ERROR] Is Streamlit still running? If you accidentally stopped Streamlit, just restart it in your terminal: @ http://localhost:8765/static/js/index.D2ZqaFuW.js:21
[  174360ms] [ERROR] Failed to load resource: net::ERR_CONNECTION_REFUSED @ http://localhost:8765/_stcore/host-config:0
[  176347ms] [ERROR] Failed to load resource: net::ERR_CONNECTION_REFUSED @ http://localhost:8765/10_Saved_Analyses/_stcore/health:0
[  176347ms] [ERROR] Client Error in reaching server endpoint - No response received when attempting to reach /10_Saved_Analyses/_stcore/health @ http://localhost:8765/static/js/index.D2ZqaFuW.js:16
[  176347ms] [ERROR] Is Streamlit still running? If you accidentally stopped Streamlit, just restart it in your terminal: @ http://localhost:8765/static/js/index.D2ZqaFuW.js:21
[  176368ms] [ERROR] Failed to load resource: net::ERR_CONNECTION_REFUSED @ http://localhost:8765/10_Saved_Analyses/_stcore/host-config:0
[  178355ms] [ERROR] Failed to load resource: net::ERR_CONNECTION_REFUSED @ http://localhost:8765/_stcore/health:0
[  178355ms] [ERROR] Client Error in reaching server endpoint - No response received when attempting to reach /_stcore/health @ http://localhost:8765/static/js/index.D2ZqaFuW.js:16
[  178356ms] [ERROR] Is Streamlit still running? If you accidentally stopped Streamlit, just restart it in your terminal: @ http://localhost:8765/static/js/index.D2ZqaFuW.js:21
[  178356ms] [ERROR] Failed to load resource: net::ERR_CONNECTION_REFUSED @ http://localhost:8765/_stcore/host-config:0
[  180368ms] [ERROR] Failed to load resource: net::ERR_CONNECTION_REFUSED @ http://localhost:8765/10_Saved_Analyses/_stcore/health:0
[  180368ms] [ERROR] Client Error in reaching server endpoint - No response received when attempting to reach /10_Saved_Analyses/_stcore/health @ http://localhost:8765/static/js/index.D2ZqaFuW.js:16
[  180368ms] [ERROR] Is Streamlit still running? If you accidentally stopped Streamlit, just restart it in your terminal: @ http://localhost:8765/static/js/index.D2ZqaFuW.js:21
[  180407ms] [ERROR] Failed to load resource: net::ERR_CONNECTION_REFUSED @ http://localhost:8765/10_Saved_Analyses/_stcore/host-config:0
[  182379ms] [ERROR] Failed to load resource: net::ERR_CONNECTION_REFUSED @ http://localhost:8765/_stcore/health:0
[  182379ms] [ERROR] Client Error in reaching server endpoint - No response received when attempting to reach /_stcore/health @ http://localhost:8765/static/js/index.D2ZqaFuW.js:16
[  182379ms] [ERROR] Is Streamlit still running? If you accidentally stopped Streamlit, just restart it in your terminal: @ http://localhost:8765/static/js/index.D2ZqaFuW.js:21
[  182409ms] [ERROR] Failed to load resource: net::ERR_CONNECTION_REFUSED @ http://localhost:8765/_stcore/host-config:0
[  184386ms] [ERROR] Failed to load resource: net::ERR_CONNECTION_REFUSED @ http://localhost:8765/10_Saved_Analyses/_stcore/health:0
[  184387ms] [ERROR] Client Error in reaching server endpoint - No response received when attempting to reach /10_Saved_Analyses/_stcore/health @ http://localhost:8765/static/js/index.D2ZqaFuW.js:16
[  184387ms] [ERROR] Is Streamlit still running? If you accidentally stopped Streamlit, just restart it in your terminal: @ http://localhost:8765/static/js/index.D2ZqaFuW.js:21
[  184387ms] [ERROR] Failed to load resource: net::ERR_CONNECTION_REFUSED @ http://localhost:8765/10_Saved_Analyses/_stcore/host-config:0
[  186394ms] [ERROR] Failed to load resource: net::ERR_CONNECTION_REFUSED @ http://localhost:8765/_stcore/health:0
[  186394ms] [ERROR] Client Error in reaching server endpoint - No response received when attempting to reach /_stcore/health @ http://localhost:8765/static/js/index.D2ZqaFuW.js:16
[  186394ms] [ERROR] Is Streamlit still running? If you accidentally stopped Streamlit, just restart it in your terminal: @ http://localhost:8765/static/js/index.D2ZqaFuW.js:21
[  186415ms] [ERROR] Failed to load resource: net::ERR_CONNECTION_REFUSED @ http://localhost:8765/_stcore/host-config:0
[  188430ms] [ERROR] Failed to load resource: net::ERR_CONNECTION_REFUSED @ http://localhost:8765/10_Saved_Analyses/_stcore/host-config:0
[  188430ms] [ERROR] Client Error in reaching server endpoint - No response received when attempting to reach /10_Saved_Analyses/_stcore/host-config @ http://localhost:8765/static/js/index.D2ZqaFuW.js:16
[  188430ms] [ERROR] Is Streamlit still running? If you accidentally stopped Streamlit, just restart it in your terminal: @ http://localhost:8765/static/js/index.D2ZqaFuW.js:21
[  188485ms] [ERROR] Failed to load resource: net::ERR_CONNECTION_REFUSED @ http://localhost:8765/10_Saved_Analyses/_stcore/health:0
[  190483ms] [ERROR] Failed to load resource: net::ERR_CONNECTION_REFUSED @ http://localhost:8765/_stcore/health:0
[  190483ms] [ERROR] Client Error in reaching server endpoint - No response received when attempting to reach /_stcore/health @ http://localhost:8765/static/js/index.D2ZqaFuW.js:16
[  190484ms] [ERROR] Is Streamlit still running? If you accidentally stopped Streamlit, just restart it in your terminal: @ http://localhost:8765/static/js/index.D2ZqaFuW.js:21
[  190484ms] [ERROR] Failed to load resource: net::ERR_CONNECTION_REFUSED @ http://localhost:8765/_stcore/host-config:0
[  192557ms] [ERROR] Failed to load resource: net::ERR_CONNECTION_REFUSED @ http://localhost:8765/10_Saved_Analyses/_stcore/host-config:0
[  192557ms] [ERROR] Client Error in reaching server endpoint - No response received when attempting to reach /10_Saved_Analyses/_stcore/host-config @ http://localhost:8765/static/js/index.D2ZqaFuW.js:16
[  192557ms] [ERROR] Is Streamlit still running? If you accidentally stopped Streamlit, just restart it in your terminal: @ http://localhost:8765/static/js/index.D2ZqaFuW.js:21
[  192606ms] [ERROR] Failed to load resource: net::ERR_CONNECTION_REFUSED @ http://localhost:8765/10_Saved_Analyses/_stcore/health:0
[  194584ms] [ERROR] Failed to load resource: net::ERR_CONNECTION_REFUSED @ http://localhost:8765/_stcore/health:0
[  194584ms] [ERROR] Client Error in reaching server endpoint - No response received when attempting to reach /_stcore/health @ http://localhost:8765/static/js/index.D2ZqaFuW.js:16
[  194584ms] [ERROR] Is Streamlit still running? If you accidentally stopped Streamlit, just restart it in your terminal: @ http://localhost:8765/static/js/index.D2ZqaFuW.js:21
[  194651ms] [ERROR] Failed to load resource: net::ERR_CONNECTION_REFUSED @ http://localhost:8765/_stcore/host-config:0
[  196594ms] [ERROR] Failed to load resource: net::ERR_CONNECTION_REFUSED @ http://localhost:8765/10_Saved_Analyses/_stcore/health:0
[  196594ms] [ERROR] Client Error in reaching server endpoint - No response received when attempting to reach /10_Saved_Analyses/_stcore/health @ http://localhost:8765/static/js/index.D2ZqaFuW.js:16
[  196594ms] [ERROR] Is Streamlit still running? If you accidentally stopped Streamlit, just restart it in your terminal: @ http://localhost:8765/static/js/index.D2ZqaFuW.js:21
[  196595ms] [ERROR] Failed to load resource: net::ERR_CONNECTION_REFUSED @ http://localhost:8765/10_Saved_Analyses/_stcore/host-config:0
[  198603ms] [ERROR] Failed to load resource: net::ERR_CONNECTION_REFUSED @ http://localhost:8765/_stcore/health:0
[  198603ms] [ERROR] Client Error in reaching server endpoint - No response received when attempting to reach /_stcore/health @ http://localhost:8765/static/js/index.D2ZqaFuW.js:16
[  198603ms] [ERROR] Is Streamlit still running? If you accidentally stopped Streamlit, just restart it in your terminal: @ http://localhost:8765/static/js/index.D2ZqaFuW.js:21
[  198635ms] [ERROR] Failed to load resource: net::ERR_CONNECTION_REFUSED @ http://localhost:8765/_stcore/host-config:0
[  200609ms] [ERROR] Failed to load resource: net::ERR_CONNECTION_REFUSED @ http://localhost:8765/10_Saved_Analyses/_stcore/health:0
[  200610ms] [ERROR] Client Error in reaching server endpoint - No response received when attempting to reach /10_Saved_Analyses/_stcore/health @ http://localhost:8765/static/js/index.D2ZqaFuW.js:16
[  200610ms] [ERROR] Is Streamlit still running? If you accidentally stopped Streamlit, just restart it in your terminal: @ http://localhost:8765/static/js/index.D2ZqaFuW.js:21
[  200632ms] [ERROR] Failed to load resource: net::ERR_CONNECTION_REFUSED @ http://localhost:8765/10_Saved_Analyses/_stcore/host-config:0
[  202623ms] [ERROR] Failed to load resource: net::ERR_CONNECTION_REFUSED @ http://localhost:8765/_stcore/health:0
[  202623ms] [ERROR] Client Error in reaching server endpoint - No response received when attempting to reach /_stcore/health @ http://localhost:8765/static/js/index.D2ZqaFuW.js:16
[  202623ms] [ERROR] Is Streamlit still running? If you accidentally stopped Streamlit, just restart it in your terminal: @ http://localhost:8765/static/js/index.D2ZqaFuW.js:21
[  202673ms] [ERROR] Failed to load resource: net::ERR_CONNECTION_REFUSED @ http://localhost:8765/_stcore/host-config:0
[  204635ms] [ERROR] Failed to load resource: net::ERR_CONNECTION_REFUSED @ http://localhost:8765/10_Saved_Analyses/_stcore/health:0
[  204635ms] [ERROR] Client Error in reaching server endpoint - No response received when attempting to reach /10_Saved_Analyses/_stcore/health @ http://localhost:8765/static/js/index.D2ZqaFuW.js:16
[  204635ms] [ERROR] Is Streamlit still running? If you accidentally stopped Streamlit, just restart it in your terminal: @ http://localhost:8765/static/js/index.D2ZqaFuW.js:21
[  204672ms] [ERROR] Failed to load resource: net::ERR_CONNECTION_REFUSED @ http://localhost:8765/10_Saved_Analyses/_stcore/host-config:0
[  206643ms] [ERROR] Failed to load resource: net::ERR_CONNECTION_REFUSED @ http://localhost:8765/_stcore/health:0
[  206643ms] [ERROR] Client Error in reaching server endpoint - No response received when attempting to reach /_stcore/health @ http://localhost:8765/static/js/index.D2ZqaFuW.js:16
[  206644ms] [ERROR] Is Streamlit still running? If you accidentally stopped Streamlit, just restart it in your terminal: @ http://localhost:8765/static/js/index.D2ZqaFuW.js:21
[  206665ms] [ERROR] Failed to load resource: net::ERR_CONNECTION_REFUSED @ http://localhost:8765/_stcore/host-config:0
[  208655ms] [ERROR] Failed to load resource: net::ERR_CONNECTION_REFUSED @ http://localhost:8765/10_Saved_Analyses/_stcore/health:0
[  208655ms] [ERROR] Client Error in reaching server endpoint - No response received when attempting to reach /10_Saved_Analyses/_stcore/health @ http://localhost:8765/static/js/index.D2ZqaFuW.js:16
[  208656ms] [ERROR] Is Streamlit still running? If you accidentally stopped Streamlit, just restart it in your terminal: @ http://localhost:8765/static/js/index.D2ZqaFuW.js:21
[  208690ms] [ERROR] Failed to load resource: net::ERR_CONNECTION_REFUSED @ http://localhost:8765/10_Saved_Analyses/_stcore/host-config:0
[  210664ms] [ERROR] Failed to load resource: net::ERR_CONNECTION_REFUSED @ http://localhost:8765/_stcore/health:0
[  210664ms] [ERROR] Client Error in reaching server endpoint - No response received when attempting to reach /_stcore/health @ http://localhost:8765/static/js/index.D2ZqaFuW.js:16
[  210665ms] [ERROR] Is Streamlit still running? If you accidentally stopped Streamlit, just restart it in your terminal: @ http://localhost:8765/static/js/index.D2ZqaFuW.js:21
[  210686ms] [ERROR] Failed to load resource: net::ERR_CONNECTION_REFUSED @ http://localhost:8765/_stcore/host-config:0
[  212669ms] [ERROR] Failed to load resource: net::ERR_CONNECTION_REFUSED @ http://localhost:8765/10_Saved_Analyses/_stcore/host-config:0
[  212670ms] [ERROR] Client Error in reaching server endpoint - No response received when attempting to reach /10_Saved_Analyses/_stcore/host-config @ http://localhost:8765/static/js/index.D2ZqaFuW.js:16
[  212670ms] [ERROR] Is Streamlit still running? If you accidentally stopped Streamlit, just restart it in your terminal: @ http://localhost:8765/static/js/index.D2ZqaFuW.js:21
[  212692ms] [ERROR] Failed to load resource: net::ERR_CONNECTION_REFUSED @ http://localhost:8765/10_Saved_Analyses/_stcore/health:0
[  214705ms] [ERROR] Failed to load resource: net::ERR_CONNECTION_REFUSED @ http://localhost:8765/_stcore/host-config:0
[  214705ms] [ERROR] Client Error in reaching server endpoint - No response received when attempting to reach /_stcore/host-config @ http://localhost:8765/static/js/index.D2ZqaFuW.js:16
[  214705ms] [ERROR] Is Streamlit still running? If you accidentally stopped Streamlit, just restart it in your terminal: @ http://localhost:8765/static/js/index.D2ZqaFuW.js:21
[  214706ms] [ERROR] Failed to load resource: net::ERR_CONNECTION_REFUSED @ http://localhost:8765/_stcore/health:0
[  216713ms] [ERROR] Failed to load resource: net::ERR_CONNECTION_REFUSED @ http://localhost:8765/10_Saved_Analyses/_stcore/health:0
[  216713ms] [ERROR] Client Error in reaching server endpoint - No response received when attempting to reach /10_Saved_Analyses/_stcore/health @ http://localhost:8765/static/js/index.D2ZqaFuW.js:16
[  216714ms] [ERROR] Is Streamlit still running? If you accidentally stopped Streamlit, just restart it in your terminal: @ http://localhost:8765/static/js/index.D2ZqaFuW.js:21
[  216737ms] [ERROR] Failed to load resource: net::ERR_CONNECTION_REFUSED @ http://localhost:8765/10_Saved_Analyses/_stcore/host-config:0
[  218720ms] [ERROR] Failed to load resource: net::ERR_CONNECTION_REFUSED @ http://localhost:8765/_stcore/health:0
[  218720ms] [ERROR] Client Error in reaching server endpoint - No response received when attempting to reach /_stcore/health @ http://localhost:8765/static/js/index.D2ZqaFuW.js:16
[  218721ms] [ERROR] Is Streamlit still running? If you accidentally stopped Streamlit, just restart it in your terminal: @ http://localhost:8765/static/js/index.D2ZqaFuW.js:21
[  218742ms] [ERROR] Failed to load resource: net::ERR_CONNECTION_REFUSED @ http://localhost:8765/_stcore/host-config:0
[  220730ms] [ERROR] Failed to load resource: net::ERR_CONNECTION_REFUSED @ http://localhost:8765/10_Saved_Analyses/_stcore/host-config:0
[  220730ms] [ERROR] Client Error in reaching server endpoint - No response received when attempting to reach /10_Saved_Analyses/_stcore/host-config @ http://localhost:8765/static/js/index.D2ZqaFuW.js:16
[  220730ms] [ERROR] Is Streamlit still running? If you accidentally stopped Streamlit, just restart it in your terminal: @ http://localhost:8765/static/js/index.D2ZqaFuW.js:21
[  220753ms] [ERROR] Failed to load resource: net::ERR_CONNECTION_REFUSED @ http://localhost:8765/10_Saved_Analyses/_stcore/health:0
[  222738ms] [ERROR] Failed to load resource: net::ERR_CONNECTION_REFUSED @ http://localhost:8765/_stcore/host-config:0
[  222738ms] [ERROR] Client Error in reaching server endpoint - No response received when attempting to reach /_stcore/host-config @ http://localhost:8765/static/js/index.D2ZqaFuW.js:16
[  222739ms] [ERROR] Is Streamlit still running? If you accidentally stopped Streamlit, just restart it in your terminal: @ http://localhost:8765/static/js/index.D2ZqaFuW.js:21
[  222761ms] [ERROR] Failed to load resource: net::ERR_CONNECTION_REFUSED @ http://localhost:8765/_stcore/health:0
[  224746ms] [ERROR] Failed to load resource: net::ERR_CONNECTION_REFUSED @ http://localhost:8765/10_Saved_Analyses/_stcore/health:0
[  224746ms] [ERROR] Client Error in reaching server endpoint - No response received when attempting to reach /10_Saved_Analyses/_stcore/health @ http://localhost:8765/static/js/index.D2ZqaFuW.js:16
[  224746ms] [ERROR] Is Streamlit still running? If you accidentally stopped Streamlit, just restart it in your terminal: @ http://localhost:8765/static/js/index.D2ZqaFuW.js:21
[  224774ms] [ERROR] Failed to load resource: net::ERR_CONNECTION_REFUSED @ http://localhost:8765/10_Saved_Analyses/_stcore/host-config:0
[  226753ms] [ERROR] Failed to load resource: net::ERR_CONNECTION_REFUSED @ http://localhost:8765/_stcore/health:0
[  226753ms] [ERROR] Client Error in reaching server endpoint - No response received when attempting to reach /_stcore/health @ http://localhost:8765/static/js/index.D2ZqaFuW.js:16
[  226754ms] [ERROR] Is Streamlit still running? If you accidentally stopped Streamlit, just restart it in your terminal: @ http://localhost:8765/static/js/index.D2ZqaFuW.js:21
[  226777ms] [ERROR] Failed to load resource: net::ERR_CONNECTION_REFUSED @ http://localhost:8765/_stcore/host-config:0
[  228761ms] [ERROR] Failed to load resource: net::ERR_CONNECTION_REFUSED @ http://localhost:8765/10_Saved_Analyses/_stcore/health:0
[  228761ms] [ERROR] Client Error in reaching server endpoint - No response received when attempting to reach /10_Saved_Analyses/_stcore/health @ http://localhost:8765/static/js/index.D2ZqaFuW.js:16
[  228761ms] [ERROR] Is Streamlit still running? If you accidentally stopped Streamlit, just restart it in your terminal: @ http://localhost:8765/static/js/index.D2ZqaFuW.js:21
[  228786ms] [ERROR] Failed to load resource: net::ERR_CONNECTION_REFUSED @ http://localhost:8765/10_Saved_Analyses/_stcore/host-config:0
[  230768ms] [ERROR] Failed to load resource: net::ERR_CONNECTION_REFUSED @ http://localhost:8765/_stcore/health:0
[  230768ms] [ERROR] Client Error in reaching server endpoint - No response received when attempting to reach /_stcore/health @ http://localhost:8765/static/js/index.D2ZqaFuW.js:16
[  230769ms] [ERROR] Is Streamlit still running? If you accidentally stopped Streamlit, just restart it in your terminal: @ http://localhost:8765/static/js/index.D2ZqaFuW.js:21
[  230794ms] [ERROR] Failed to load resource: net::ERR_CONNECTION_REFUSED @ http://localhost:8765/_stcore/host-config:0
[  232778ms] [ERROR] Failed to load resource: net::ERR_CONNECTION_REFUSED @ http://localhost:8765/10_Saved_Analyses/_stcore/health:0
[  232778ms] [ERROR] Client Error in reaching server endpoint - No response received when attempting to reach /10_Saved_Analyses/_stcore/health @ http://localhost:8765/static/js/index.D2ZqaFuW.js:16
[  232779ms] [ERROR] Is Streamlit still running? If you accidentally stopped Streamlit, just restart it in your terminal: @ http://localhost:8765/static/js/index.D2ZqaFuW.js:21
[  232800ms] [ERROR] Failed to load resource: net::ERR_CONNECTION_REFUSED @ http://localhost:8765/10_Saved_Analyses/_stcore/host-config:0
[  234786ms] [ERROR] Failed to load resource: net::ERR_CONNECTION_REFUSED @ http://localhost:8765/_stcore/health:0
[  234787ms] [ERROR] Client Error in reaching server endpoint - No response received when attempting to reach /_stcore/health @ http://localhost:8765/static/js/index.D2ZqaFuW.js:16
[  234787ms] [ERROR] Is Streamlit still running? If you accidentally stopped Streamlit, just restart it in your terminal: @ http://localhost:8765/static/js/index.D2ZqaFuW.js:21
[  234809ms] [ERROR] Failed to load resource: net::ERR_CONNECTION_REFUSED @ http://localhost:8765/_stcore/host-config:0
[  236794ms] [ERROR] Failed to load resource: net::ERR_CONNECTION_REFUSED @ http://localhost:8765/10_Saved_Analyses/_stcore/health:0
[  236794ms] [ERROR] Client Error in reaching server endpoint - No response received when attempting to reach /10_Saved_Analyses/_stcore/health @ http://localhost:8765/static/js/index.D2ZqaFuW.js:16
[  236794ms] [ERROR] Is Streamlit still running? If you accidentally stopped Streamlit, just restart it in your terminal: @ http://localhost:8765/static/js/index.D2ZqaFuW.js:21
[  236816ms] [ERROR] Failed to load resource: net::ERR_CONNECTION_REFUSED @ http://localhost:8765/10_Saved_Analyses/_stcore/host-config:0
[  238800ms] [ERROR] Failed to load resource: net::ERR_CONNECTION_REFUSED @ http://localhost:8765/_stcore/host-config:0
[  238800ms] [ERROR] Client Error in reaching server endpoint - No response received when attempting to reach /_stcore/host-config @ http://localhost:8765/static/js/index.D2ZqaFuW.js:16
[  238800ms] [ERROR] Is Streamlit still running? If you accidentally stopped Streamlit, just restart it in your terminal: @ http://localhost:8765/static/js/index.D2ZqaFuW.js:21
[  238823ms] [ERROR] Failed to load resource: net::ERR_CONNECTION_REFUSED @ http://localhost:8765/_stcore/health:0
[  240806ms] [ERROR] Failed to load resource: net::ERR_CONNECTION_REFUSED @ http://localhost:8765/10_Saved_Analyses/_stcore/health:0
[  240806ms] [ERROR] Client Error in reaching server endpoint - No response received when attempting to reach /10_Saved_Analyses/_stcore/health @ http://localhost:8765/static/js/index.D2ZqaFuW.js:16
[  240806ms] [ERROR] Is Streamlit still running? If you accidentally stopped Streamlit, just restart it in your terminal: @ http://localhost:8765/static/js/index.D2ZqaFuW.js:21
[  240830ms] [ERROR] Failed to load resource: net::ERR_CONNECTION_REFUSED @ http://localhost:8765/10_Saved_Analyses/_stcore/host-config:0
[  242855ms] [ERROR] Failed to load resource: net::ERR_CONNECTION_REFUSED @ http://localhost:8765/_stcore/host-config:0
[  242855ms] [ERROR] Client Error in reaching server endpoint - No response received when attempting to reach /_stcore/host-config @ http://localhost:8765/static/js/index.D2ZqaFuW.js:16
[  242856ms] [ERROR] Is Streamlit still running? If you accidentally stopped Streamlit, just restart it in your terminal: @ http://localhost:8765/static/js/index.D2ZqaFuW.js:21
[  242876ms] [ERROR] Failed to load resource: net::ERR_CONNECTION_REFUSED @ http://localhost:8765/_stcore/health:0
[  244864ms] [ERROR] Failed to load resource: net::ERR_CONNECTION_REFUSED @ http://localhost:8765/10_Saved_Analyses/_stcore/health:0
[  244864ms] [ERROR] Client Error in reaching server endpoint - No response received when attempting to reach /10_Saved_Analyses/_stcore/health @ http://localhost:8765/static/js/index.D2ZqaFuW.js:16
[  244864ms] [ERROR] Is Streamlit still running? If you accidentally stopped Streamlit, just restart it in your terminal: @ http://localhost:8765/static/js/index.D2ZqaFuW.js:21
[  244887ms] [ERROR] Failed to load resource: net::ERR_CONNECTION_REFUSED @ http://localhost:8765/10_Saved_Analyses/_stcore/host-config:0
[  246872ms] [ERROR] Failed to load resource: net::ERR_CONNECTION_REFUSED @ http://localhost:8765/_stcore/host-config:0
[  246872ms] [ERROR] Client Error in reaching server endpoint - No response received when attempting to reach /_stcore/host-config @ http://localhost:8765/static/js/index.D2ZqaFuW.js:16
[  246872ms] [ERROR] Is Streamlit still running? If you accidentally stopped Streamlit, just restart it in your terminal: @ http://localhost:8765/static/js/index.D2ZqaFuW.js:21
[  246893ms] [ERROR] Failed to load resource: net::ERR_CONNECTION_REFUSED @ http://localhost:8765/_stcore/health:0
[  248877ms] [ERROR] Failed to load resource: net::ERR_CONNECTION_REFUSED @ http://localhost:8765/10_Saved_Analyses/_stcore/health:0
[  248877ms] [ERROR] Client Error in reaching server endpoint - No response received when attempting to reach /10_Saved_Analyses/_stcore/health @ http://localhost:8765/static/js/index.D2ZqaFuW.js:16
[  248878ms] [ERROR] Is Streamlit still running? If you accidentally stopped Streamlit, just restart it in your terminal: @ http://localhost:8765/static/js/index.D2ZqaFuW.js:21
[  248898ms] [ERROR] Failed to load resource: net::ERR_CONNECTION_REFUSED @ http://localhost:8765/10_Saved_Analyses/_stcore/host-config:0
[  250883ms] [ERROR] Failed to load resource: net::ERR_CONNECTION_REFUSED @ http://localhost:8765/_stcore/host-config:0
[  250883ms] [ERROR] Client Error in reaching server endpoint - No response received when attempting to reach /_stcore/host-config @ http://localhost:8765/static/js/index.D2ZqaFuW.js:16
[  250883ms] [ERROR] Is Streamlit still running? If you accidentally stopped Streamlit, just restart it in your terminal: @ http://localhost:8765/static/js/index.D2ZqaFuW.js:21
[  250907ms] [ERROR] Failed to load resource: net::ERR_CONNECTION_REFUSED @ http://localhost:8765/_stcore/health:0
[  252948ms] [ERROR] Failed to load resource: net::ERR_CONNECTION_REFUSED @ http://localhost:8765/10_Saved_Analyses/_stcore/host-config:0
[  252949ms] [ERROR] Client Error in reaching server endpoint - No response received when attempting to reach /10_Saved_Analyses/_stcore/host-config @ http://localhost:8765/static/js/index.D2ZqaFuW.js:16
[  252949ms] [ERROR] Is Streamlit still running? If you accidentally stopped Streamlit, just restart it in your terminal: @ http://localhost:8765/static/js/index.D2ZqaFuW.js:21
[  253050ms] [ERROR] Failed to load resource: net::ERR_CONNECTION_REFUSED @ http://localhost:8765/10_Saved_Analyses/_stcore/health:0
[  254954ms] [ERROR] Failed to load resource: net::ERR_CONNECTION_REFUSED @ http://localhost:8765/_stcore/health:0
[  254954ms] [ERROR] Client Error in reaching server endpoint - No response received when attempting to reach /_stcore/health @ http://localhost:8765/static/js/index.D2ZqaFuW.js:16
[  254954ms] [ERROR] Is Streamlit still running? If you accidentally stopped Streamlit, just restart it in your terminal: @ http://localhost:8765/static/js/index.D2ZqaFuW.js:21
[  254996ms] [ERROR] Failed to load resource: net::ERR_CONNECTION_REFUSED @ http://localhost:8765/_stcore/host-config:0
[  256962ms] [ERROR] Failed to load resource: net::ERR_CONNECTION_REFUSED @ http://localhost:8765/10_Saved_Analyses/_stcore/host-config:0
[  256963ms] [ERROR] Client Error in reaching server endpoint - No response received when attempting to reach /10_Saved_Analyses/_stcore/host-config @ http://localhost:8765/static/js/index.D2ZqaFuW.js:16
[  256963ms] [ERROR] Is Streamlit still running? If you accidentally stopped Streamlit, just restart it in your terminal: @ http://localhost:8765/static/js/index.D2ZqaFuW.js:21
[  256987ms] [ERROR] Failed to load resource: net::ERR_CONNECTION_REFUSED @ http://localhost:8765/10_Saved_Analyses/_stcore/health:0
[  258967ms] [ERROR] Failed to load resource: net::ERR_CONNECTION_REFUSED @ http://localhost:8765/_stcore/health:0
[  258967ms] [ERROR] Client Error in reaching server endpoint - No response received when attempting to reach /_stcore/health @ http://localhost:8765/static/js/index.D2ZqaFuW.js:16
[  258967ms] [ERROR] Is Streamlit still running? If you accidentally stopped Streamlit, just restart it in your terminal: @ http://localhost:8765/static/js/index.D2ZqaFuW.js:21
[  258993ms] [ERROR] Failed to load resource: net::ERR_CONNECTION_REFUSED @ http://localhost:8765/_stcore/host-config:0
[  260974ms] [ERROR] Failed to load resource: net::ERR_CONNECTION_REFUSED @ http://localhost:8765/10_Saved_Analyses/_stcore/health:0
[  260974ms] [ERROR] Client Error in reaching server endpoint - No response received when attempting to reach /10_Saved_Analyses/_stcore/health @ http://localhost:8765/static/js/index.D2ZqaFuW.js:16
[  260975ms] [ERROR] Is Streamlit still running? If you accidentally stopped Streamlit, just restart it in your terminal: @ http://localhost:8765/static/js/index.D2ZqaFuW.js:21
[  260997ms] [ERROR] Failed to load resource: net::ERR_CONNECTION_REFUSED @ http://localhost:8765/10_Saved_Analyses/_stcore/host-config:0
[  262982ms] [ERROR] Failed to load resource: net::ERR_CONNECTION_REFUSED @ http://localhost:8765/_stcore/host-config:0
[  262982ms] [ERROR] Client Error in reaching server endpoint - No response received when attempting to reach /_stcore/host-config @ http://localhost:8765/static/js/index.D2ZqaFuW.js:16
[  262983ms] [ERROR] Is Streamlit still running? If you accidentally stopped Streamlit, just restart it in your terminal: @ http://localhost:8765/static/js/index.D2ZqaFuW.js:21
[  262983ms] [ERROR] Failed to load resource: net::ERR_CONNECTION_REFUSED @ http://localhost:8765/_stcore/health:0
[  264988ms] [ERROR] Failed to load resource: net::ERR_CONNECTION_REFUSED @ http://localhost:8765/10_Saved_Analyses/_stcore/health:0
[  264989ms] [ERROR] Client Error in reaching server endpoint - No response received when attempting to reach /10_Saved_Analyses/_stcore/health @ http://localhost:8765/static/js/index.D2ZqaFuW.js:16
[  264989ms] [ERROR] Is Streamlit still running? If you accidentally stopped Streamlit, just restart it in your terminal: @ http://localhost:8765/static/js/index.D2ZqaFuW.js:21
[  265008ms] [ERROR] Failed to load resource: net::ERR_CONNECTION_REFUSED @ http://localhost:8765/10_Saved_Analyses/_stcore/host-config:0
[  266996ms] [ERROR] Failed to load resource: net::ERR_CONNECTION_REFUSED @ http://localhost:8765/_stcore/health:0
[  266996ms] [ERROR] Client Error in reaching server endpoint - No response received when attempting to reach /_stcore/health @ http://localhost:8765/static/js/index.D2ZqaFuW.js:16
[  266996ms] [ERROR] Is Streamlit still running? If you accidentally stopped Streamlit, just restart it in your terminal: @ http://localhost:8765/static/js/index.D2ZqaFuW.js:21
[  266997ms] [ERROR] Failed to load resource: net::ERR_CONNECTION_REFUSED @ http://localhost:8765/_stcore/host-config:0
[  269003ms] [ERROR] Failed to load resource: net::ERR_CONNECTION_REFUSED @ http://localhost:8765/10_Saved_Analyses/_stcore/health:0
[  269003ms] [ERROR] Client Error in reaching server endpoint - No response received when attempting to reach /10_Saved_Analyses/_stcore/health @ http://localhost:8765/static/js/index.D2ZqaFuW.js:16
[  269003ms] [ERROR] Is Streamlit still running? If you accidentally stopped Streamlit, just restart it in your terminal: @ http://localhost:8765/static/js/index.D2ZqaFuW.js:21
[  269025ms] [ERROR] Failed to load resource: net::ERR_CONNECTION_REFUSED @ http://localhost:8765/10_Saved_Analyses/_stcore/host-config:0
[  271009ms] [ERROR] Failed to load resource: net::ERR_CONNECTION_REFUSED @ http://localhost:8765/_stcore/health:0
[  271009ms] [ERROR] Client Error in reaching server endpoint - No response received when attempting to reach /_stcore/health @ http://localhost:8765/static/js/index.D2ZqaFuW.js:16
[  271010ms] [ERROR] Is Streamlit still running? If you accidentally stopped Streamlit, just restart it in your terminal: @ http://localhost:8765/static/js/index.D2ZqaFuW.js:21
[  271032ms] [ERROR] Failed to load resource: net::ERR_CONNECTION_REFUSED @ http://localhost:8765/_stcore/host-config:0
[  273017ms] [ERROR] Failed to load resource: net::ERR_CONNECTION_REFUSED @ http://localhost:8765/10_Saved_Analyses/_stcore/health:0
[  273018ms] [ERROR] Client Error in reaching server endpoint - No response received when attempting to reach /10_Saved_Analyses/_stcore/health @ http://localhost:8765/static/js/index.D2ZqaFuW.js:16
[  273018ms] [ERROR] Is Streamlit still running? If you accidentally stopped Streamlit, just restart it in your terminal: @ http://localhost:8765/static/js/index.D2ZqaFuW.js:21
[  273039ms] [ERROR] Failed to load resource: net::ERR_CONNECTION_REFUSED @ http://localhost:8765/10_Saved_Analyses/_stcore/host-config:0
[  275026ms] [ERROR] Failed to load resource: net::ERR_CONNECTION_REFUSED @ http://localhost:8765/_stcore/health:0
[  275026ms] [ERROR] Client Error in reaching server endpoint - No response received when attempting to reach /_stcore/health @ http://localhost:8765/static/js/index.D2ZqaFuW.js:16
[  275026ms] [ERROR] Is Streamlit still running? If you accidentally stopped Streamlit, just restart it in your terminal: @ http://localhost:8765/static/js/index.D2ZqaFuW.js:21
[  275047ms] [ERROR] Failed to load resource: net::ERR_CONNECTION_REFUSED @ http://localhost:8765/_stcore/host-config:0
[  277032ms] [ERROR] Failed to load resource: net::ERR_CONNECTION_REFUSED @ http://localhost:8765/10_Saved_Analyses/_stcore/health:0
[  277032ms] [ERROR] Client Error in reaching server endpoint - No response received when attempting to reach /10_Saved_Analyses/_stcore/health @ http://localhost:8765/static/js/index.D2ZqaFuW.js:16
[  277032ms] [ERROR] Is Streamlit still running? If you accidentally stopped Streamlit, just restart it in your terminal: @ http://localhost:8765/static/js/index.D2ZqaFuW.js:21
[  277053ms] [ERROR] Failed to load resource: net::ERR_CONNECTION_REFUSED @ http://localhost:8765/10_Saved_Analyses/_stcore/host-config:0
[  279039ms] [ERROR] Failed to load resource: net::ERR_CONNECTION_REFUSED @ http://localhost:8765/_stcore/health:0
[  279040ms] [ERROR] Client Error in reaching server endpoint - No response received when attempting to reach /_stcore/health @ http://localhost:8765/static/js/index.D2ZqaFuW.js:16
[  279040ms] [ERROR] Is Streamlit still running? If you accidentally stopped Streamlit, just restart it in your terminal: @ http://localhost:8765/static/js/index.D2ZqaFuW.js:21
[  279061ms] [ERROR] Failed to load resource: net::ERR_CONNECTION_REFUSED @ http://localhost:8765/_stcore/host-config:0
[  281047ms] [ERROR] Failed to load resource: net::ERR_CONNECTION_REFUSED @ http://localhost:8765/10_Saved_Analyses/_stcore/host-config:0
[  281047ms] [ERROR] Client Error in reaching server endpoint - No response received when attempting to reach /10_Saved_Analyses/_stcore/host-config @ http://localhost:8765/static/js/index.D2ZqaFuW.js:16
[  281047ms] [ERROR] Is Streamlit still running? If you accidentally stopped Streamlit, just restart it in your terminal: @ http://localhost:8765/static/js/index.D2ZqaFuW.js:21
[  281068ms] [ERROR] Failed to load resource: net::ERR_CONNECTION_REFUSED @ http://localhost:8765/10_Saved_Analyses/_stcore/health:0
[  283054ms] [ERROR] Failed to load resource: net::ERR_CONNECTION_REFUSED @ http://localhost:8765/_stcore/health:0
[  283054ms] [ERROR] Client Error in reaching server endpoint - No response received when attempting to reach /_stcore/health @ http://localhost:8765/static/js/index.D2ZqaFuW.js:16
[  283055ms] [ERROR] Is Streamlit still running? If you accidentally stopped Streamlit, just restart it in your terminal: @ http://localhost:8765/static/js/index.D2ZqaFuW.js:21
[  283077ms] [ERROR] Failed to load resource: net::ERR_CONNECTION_REFUSED @ http://localhost:8765/_stcore/host-config:0
[  285062ms] [ERROR] Failed to load resource: net::ERR_CONNECTION_REFUSED @ http://localhost:8765/10_Saved_Analyses/_stcore/host-config:0
[  285062ms] [ERROR] Client Error in reaching server endpoint - No response received when attempting to reach /10_Saved_Analyses/_stcore/host-config @ http://localhost:8765/static/js/index.D2ZqaFuW.js:16
[  285063ms] [ERROR] Is Streamlit still running? If you accidentally stopped Streamlit, just restart it in your terminal: @ http://localhost:8765/static/js/index.D2ZqaFuW.js:21
[  285084ms] [ERROR] Failed to load resource: net::ERR_CONNECTION_REFUSED @ http://localhost:8765/10_Saved_Analyses/_stcore/health:0
[  287069ms] [ERROR] Failed to load resource: net::ERR_CONNECTION_REFUSED @ http://localhost:8765/_stcore/host-config:0
[  287070ms] [ERROR] Client Error in reaching server endpoint - No response received when attempting to reach /_stcore/host-config @ http://localhost:8765/static/js/index.D2ZqaFuW.js:16
[  287070ms] [ERROR] Is Streamlit still running? If you accidentally stopped Streamlit, just restart it in your terminal: @ http://localhost:8765/static/js/index.D2ZqaFuW.js:21
[  287091ms] [ERROR] Failed to load resource: net::ERR_CONNECTION_REFUSED @ http://localhost:8765/_stcore/health:0
[  289077ms] [ERROR] Failed to load resource: net::ERR_CONNECTION_REFUSED @ http://localhost:8765/10_Saved_Analyses/_stcore/health:0
[  289077ms] [ERROR] Client Error in reaching server endpoint - No response received when attempting to reach /10_Saved_Analyses/_stcore/health @ http://localhost:8765/static/js/index.D2ZqaFuW.js:16
[  289077ms] [ERROR] Is Streamlit still running? If you accidentally stopped Streamlit, just restart it in your terminal: @ http://localhost:8765/static/js/index.D2ZqaFuW.js:21
[  289098ms] [ERROR] Failed to load resource: net::ERR_CONNECTION_REFUSED @ http://localhost:8765/10_Saved_Analyses/_stcore/host-config:0
[  291084ms] [ERROR] Failed to load resource: net::ERR_CONNECTION_REFUSED @ http://localhost:8765/_stcore/health:0
[  291085ms] [ERROR] Client Error in reaching server endpoint - No response received when attempting to reach /_stcore/health @ http://localhost:8765/static/js/index.D2ZqaFuW.js:16
[  291085ms] [ERROR] Is Streamlit still running? If you accidentally stopped Streamlit, just restart it in your terminal: @ http://localhost:8765/static/js/index.D2ZqaFuW.js:21
[  291107ms] [ERROR] Failed to load resource: net::ERR_CONNECTION_REFUSED @ http://localhost:8765/_stcore/host-config:0
[  293093ms] [ERROR] Failed to load resource: net::ERR_CONNECTION_REFUSED @ http://localhost:8765/10_Saved_Analyses/_stcore/health:0
[  293093ms] [ERROR] Client Error in reaching server endpoint - No response received when attempting to reach /10_Saved_Analyses/_stcore/health @ http://localhost:8765/static/js/index.D2ZqaFuW.js:16
[  293093ms] [ERROR] Is Streamlit still running? If you accidentally stopped Streamlit, just restart it in your terminal: @ http://localhost:8765/static/js/index.D2ZqaFuW.js:21
[  293114ms] [ERROR] Failed to load resource: net::ERR_CONNECTION_REFUSED @ http://localhost:8765/10_Saved_Analyses/_stcore/host-config:0
[  295101ms] [ERROR] Failed to load resource: net::ERR_CONNECTION_REFUSED @ http://localhost:8765/_stcore/host-config:0
[  295101ms] [ERROR] Client Error in reaching server endpoint - No response received when attempting to reach /_stcore/host-config @ http://localhost:8765/static/js/index.D2ZqaFuW.js:16
[  295102ms] [ERROR] Is Streamlit still running? If you accidentally stopped Streamlit, just restart it in your terminal: @ http://localhost:8765/static/js/index.D2ZqaFuW.js:21
[  295124ms] [ERROR] Failed to load resource: net::ERR_CONNECTION_REFUSED @ http://localhost:8765/_stcore/health:0
[  297108ms] [ERROR] Failed to load resource: net::ERR_CONNECTION_REFUSED @ http://localhost:8765/10_Saved_Analyses/_stcore/health:0
[  297108ms] [ERROR] Client Error in reaching server endpoint - No response received when attempting to reach /10_Saved_Analyses/_stcore/health @ http://localhost:8765/static/js/index.D2ZqaFuW.js:16
[  297109ms] [ERROR] Is Streamlit still running? If you accidentally stopped Streamlit, just restart it in your terminal: @ http://localhost:8765/static/js/index.D2ZqaFuW.js:21
[  297131ms] [ERROR] Failed to load resource: net::ERR_CONNECTION_REFUSED @ http://localhost:8765/10_Saved_Analyses/_stcore/host-config:0
[  299115ms] [ERROR] Failed to load resource: net::ERR_CONNECTION_REFUSED @ http://localhost:8765/_stcore/health:0
[  299115ms] [ERROR] Client Error in reaching server endpoint - No response received when attempting to reach /_stcore/health @ http://localhost:8765/static/js/index.D2ZqaFuW.js:16
[  299116ms] [ERROR] Is Streamlit still running? If you accidentally stopped Streamlit, just restart it in your terminal: @ http://localhost:8765/static/js/index.D2ZqaFuW.js:21
[  299137ms] [ERROR] Failed to load resource: net::ERR_CONNECTION_REFUSED @ http://localhost:8765/_stcore/host-config:0
[  301124ms] [ERROR] Failed to load resource: net::ERR_CONNECTION_REFUSED @ http://localhost:8765/10_Saved_Analyses/_stcore/health:0
[  301124ms] [ERROR] Client Error in reaching server endpoint - No response received when attempting to reach /10_Saved_Analyses/_stcore/health @ http://localhost:8765/static/js/index.D2ZqaFuW.js:16
[  301124ms] [ERROR] Is Streamlit still running? If you accidentally stopped Streamlit, just restart it in your terminal: @ http://localhost:8765/static/js/index.D2ZqaFuW.js:21
[  301146ms] [ERROR] Failed to load resource: net::ERR_CONNECTION_REFUSED @ http://localhost:8765/10_Saved_Analyses/_stcore/host-config:0
[  303131ms] [ERROR] Failed to load resource: net::ERR_CONNECTION_REFUSED @ http://localhost:8765/_stcore/health:0
[  303131ms] [ERROR] Client Error in reaching server endpoint - No response received when attempting to reach /_stcore/health @ http://localhost:8765/static/js/index.D2ZqaFuW.js:16
[  303131ms] [ERROR] Is Streamlit still running? If you accidentally stopped Streamlit, just restart it in your terminal: @ http://localhost:8765/static/js/index.D2ZqaFuW.js:21
[  303151ms] [ERROR] Failed to load resource: net::ERR_CONNECTION_REFUSED @ http://localhost:8765/_stcore/host-config:0
[  305138ms] [ERROR] Failed to load resource: net::ERR_CONNECTION_REFUSED @ http://localhost:8765/10_Saved_Analyses/_stcore/health:0
[  305138ms] [ERROR] Client Error in reaching server endpoint - No response received when attempting to reach /10_Saved_Analyses/_stcore/health @ http://localhost:8765/static/js/index.D2ZqaFuW.js:16
[  305139ms] [ERROR] Is Streamlit still running? If you accidentally stopped Streamlit, just restart it in your terminal: @ http://localhost:8765/static/js/index.D2ZqaFuW.js:21
[  305160ms] [ERROR] Failed to load resource: net::ERR_CONNECTION_REFUSED @ http://localhost:8765/10_Saved_Analyses/_stcore/host-config:0
[  307145ms] [ERROR] Failed to load resource: net::ERR_CONNECTION_REFUSED @ http://localhost:8765/_stcore/health:0
[  307145ms] [ERROR] Client Error in reaching server endpoint - No response received when attempting to reach /_stcore/health @ http://localhost:8765/static/js/index.D2ZqaFuW.js:16
[  307145ms] [ERROR] Is Streamlit still running? If you accidentally stopped Streamlit, just restart it in your terminal: @ http://localhost:8765/static/js/index.D2ZqaFuW.js:21
[  307145ms] [ERROR] Failed to load resource: net::ERR_CONNECTION_REFUSED @ http://localhost:8765/_stcore/host-config:0
[  309152ms] [ERROR] Failed to load resource: net::ERR_CONNECTION_REFUSED @ http://localhost:8765/10_Saved_Analyses/_stcore/health:0
[  309152ms] [ERROR] Client Error in reaching server endpoint - No response received when attempting to reach /10_Saved_Analyses/_stcore/health @ http://localhost:8765/static/js/index.D2ZqaFuW.js:16
[  309152ms] [ERROR] Is Streamlit still running? If you accidentally stopped Streamlit, just restart it in your terminal: @ http://localhost:8765/static/js/index.D2ZqaFuW.js:21
[  309175ms] [ERROR] Failed to load resource: net::ERR_CONNECTION_REFUSED @ http://localhost:8765/10_Saved_Analyses/_stcore/host-config:0
[  311157ms] [ERROR] Failed to load resource: net::ERR_CONNECTION_REFUSED @ http://localhost:8765/_stcore/health:0
[  311158ms] [ERROR] Client Error in reaching server endpoint - No response received when attempting to reach /_stcore/health @ http://localhost:8765/static/js/index.D2ZqaFuW.js:16
[  311158ms] [ERROR] Is Streamlit still running? If you accidentally stopped Streamlit, just restart it in your terminal: @ http://localhost:8765/static/js/index.D2ZqaFuW.js:21
[  311177ms] [ERROR] Failed to load resource: net::ERR_CONNECTION_REFUSED @ http://localhost:8765/_stcore/host-config:0
[  313165ms] [ERROR] Failed to load resource: net::ERR_CONNECTION_REFUSED @ http://localhost:8765/10_Saved_Analyses/_stcore/health:0
[  313165ms] [ERROR] Client Error in reaching server endpoint - No response received when attempting to reach /10_Saved_Analyses/_stcore/health @ http://localhost:8765/static/js/index.D2ZqaFuW.js:16
[  313165ms] [ERROR] Is Streamlit still running? If you accidentally stopped Streamlit, just restart it in your terminal: @ http://localhost:8765/static/js/index.D2ZqaFuW.js:21
[  313186ms] [ERROR] Failed to load resource: net::ERR_CONNECTION_REFUSED @ http://localhost:8765/10_Saved_Analyses/_stcore/host-config:0
[  315172ms] [ERROR] Failed to load resource: net::ERR_CONNECTION_REFUSED @ http://localhost:8765/_stcore/host-config:0
[  315173ms] [ERROR] Client Error in reaching server endpoint - No response received when attempting to reach /_stcore/host-config @ http://localhost:8765/static/js/index.D2ZqaFuW.js:16
[  315173ms] [ERROR] Is Streamlit still running? If you accidentally stopped Streamlit, just restart it in your terminal: @ http://localhost:8765/static/js/index.D2ZqaFuW.js:21
[  315193ms] [ERROR] Failed to load resource: net::ERR_CONNECTION_REFUSED @ http://localhost:8765/_stcore/health:0
[  317180ms] [ERROR] Failed to load resource: net::ERR_CONNECTION_REFUSED @ http://localhost:8765/10_Saved_Analyses/_stcore/health:0
[  317180ms] [ERROR] Client Error in reaching server endpoint - No response received when attempting to reach /10_Saved_Analyses/_stcore/health @ http://localhost:8765/static/js/index.D2ZqaFuW.js:16
[  317181ms] [ERROR] Is Streamlit still running? If you accidentally stopped Streamlit, just restart it in your terminal: @ http://localhost:8765/static/js/index.D2ZqaFuW.js:21
[  317201ms] [ERROR] Failed to load resource: net::ERR_CONNECTION_REFUSED @ http://localhost:8765/10_Saved_Analyses/_stcore/host-config:0
[  319188ms] [ERROR] Failed to load resource: net::ERR_CONNECTION_REFUSED @ http://localhost:8765/_stcore/health:0
[  319188ms] [ERROR] Client Error in reaching server endpoint - No response received when attempting to reach /_stcore/health @ http://localhost:8765/static/js/index.D2ZqaFuW.js:16
[  319189ms] [ERROR] Is Streamlit still running? If you accidentally stopped Streamlit, just restart it in your terminal: @ http://localhost:8765/static/js/index.D2ZqaFuW.js:21
[  319209ms] [ERROR] Failed to load resource: net::ERR_CONNECTION_REFUSED @ http://localhost:8765/_stcore/host-config:0
[  321195ms] [ERROR] Failed to load resource: net::ERR_CONNECTION_REFUSED @ http://localhost:8765/10_Saved_Analyses/_stcore/health:0
[  321195ms] [ERROR] Client Error in reaching server endpoint - No response received when attempting to reach /10_Saved_Analyses/_stcore/health @ http://localhost:8765/static/js/index.D2ZqaFuW.js:16
[  321195ms] [ERROR] Is Streamlit still running? If you accidentally stopped Streamlit, just restart it in your terminal: @ http://localhost:8765/static/js/index.D2ZqaFuW.js:21
[  321216ms] [ERROR] Failed to load resource: net::ERR_CONNECTION_REFUSED @ http://localhost:8765/10_Saved_Analyses/_stcore/host-config:0
[  323199ms] [ERROR] Failed to load resource: net::ERR_CONNECTION_REFUSED @ http://localhost:8765/_stcore/health:0
[  323199ms] [ERROR] Client Error in reaching server endpoint - No response received when attempting to reach /_stcore/health @ http://localhost:8765/static/js/index.D2ZqaFuW.js:16
[  323199ms] [ERROR] Is Streamlit still running? If you accidentally stopped Streamlit, just restart it in your terminal: @ http://localhost:8765/static/js/index.D2ZqaFuW.js:21
[  323216ms] [ERROR] Failed to load resource: net::ERR_CONNECTION_REFUSED @ http://localhost:8765/_stcore/host-config:0
[  325206ms] [ERROR] Failed to load resource: net::ERR_CONNECTION_REFUSED @ http://localhost:8765/10_Saved_Analyses/_stcore/health:0
[  325207ms] [ERROR] Client Error in reaching server endpoint - No response received when attempting to reach /10_Saved_Analyses/_stcore/health @ http://localhost:8765/static/js/index.D2ZqaFuW.js:16
[  325207ms] [ERROR] Is Streamlit still running? If you accidentally stopped Streamlit, just restart it in your terminal: @ http://localhost:8765/static/js/index.D2ZqaFuW.js:21
[  325228ms] [ERROR] Failed to load resource: net::ERR_CONNECTION_REFUSED @ http://localhost:8765/10_Saved_Analyses/_stcore/host-config:0
[  327214ms] [ERROR] Failed to load resource: net::ERR_CONNECTION_REFUSED @ http://localhost:8765/_stcore/health:0
[  327214ms] [ERROR] Client Error in reaching server endpoint - No response received when attempting to reach /_stcore/health @ http://localhost:8765/static/js/index.D2ZqaFuW.js:16
[  327214ms] [ERROR] Is Streamlit still running? If you accidentally stopped Streamlit, just restart it in your terminal: @ http://localhost:8765/static/js/index.D2ZqaFuW.js:21
[  327235ms] [ERROR] Failed to load resource: net::ERR_CONNECTION_REFUSED @ http://localhost:8765/_stcore/host-config:0
[  329221ms] [ERROR] Failed to load resource: net::ERR_CONNECTION_REFUSED @ http://localhost:8765/10_Saved_Analyses/_stcore/health:0
[  329221ms] [ERROR] Client Error in reaching server endpoint - No response received when attempting to reach /10_Saved_Analyses/_stcore/health @ http://localhost:8765/static/js/index.D2ZqaFuW.js:16
[  329222ms] [ERROR] Is Streamlit still running? If you accidentally stopped Streamlit, just restart it in your terminal: @ http://localhost:8765/static/js/index.D2ZqaFuW.js:21
[  329242ms] [ERROR] Failed to load resource: net::ERR_CONNECTION_REFUSED @ http://localhost:8765/10_Saved_Analyses/_stcore/host-config:0
[  331229ms] [ERROR] Failed to load resource: net::ERR_CONNECTION_REFUSED @ http://localhost:8765/_stcore/health:0
[  331229ms] [ERROR] Client Error in reaching server endpoint - No response received when attempting to reach /_stcore/health @ http://localhost:8765/static/js/index.D2ZqaFuW.js:16
[  331229ms] [ERROR] Is Streamlit still running? If you accidentally stopped Streamlit, just restart it in your terminal: @ http://localhost:8765/static/js/index.D2ZqaFuW.js:21
[  331250ms] [ERROR] Failed to load resource: net::ERR_CONNECTION_REFUSED @ http://localhost:8765/_stcore/host-config:0
[  333236ms] [ERROR] Failed to load resource: net::ERR_CONNECTION_REFUSED @ http://localhost:8765/10_Saved_Analyses/_stcore/host-config:0
[  333236ms] [ERROR] Client Error in reaching server endpoint - No response received when attempting to reach /10_Saved_Analyses/_stcore/host-config @ http://localhost:8765/static/js/index.D2ZqaFuW.js:16
[  333236ms] [ERROR] Is Streamlit still running? If you accidentally stopped Streamlit, just restart it in your terminal: @ http://localhost:8765/static/js/index.D2ZqaFuW.js:21
[  333257ms] [ERROR] Failed to load resource: net::ERR_CONNECTION_REFUSED @ http://localhost:8765/10_Saved_Analyses/_stcore/health:0
[  335243ms] [ERROR] Failed to load resource: net::ERR_CONNECTION_REFUSED @ http://localhost:8765/_stcore/health:0
[  335243ms] [ERROR] Client Error in reaching server endpoint - No response received when attempting to reach /_stcore/health @ http://localhost:8765/static/js/index.D2ZqaFuW.js:16
[  335244ms] [ERROR] Is Streamlit still running? If you accidentally stopped Streamlit, just restart it in your terminal: @ http://localhost:8765/static/js/index.D2ZqaFuW.js:21
[  335267ms] [ERROR] Failed to load resource: net::ERR_CONNECTION_REFUSED @ http://localhost:8765/_stcore/host-config:0
[  337254ms] [ERROR] Failed to load resource: net::ERR_CONNECTION_REFUSED @ http://localhost:8765/10_Saved_Analyses/_stcore/health:0
[  337254ms] [ERROR] Client Error in reaching server endpoint - No response received when attempting to reach /10_Saved_Analyses/_stcore/health @ http://localhost:8765/static/js/index.D2ZqaFuW.js:16
[  337254ms] [ERROR] Is Streamlit still running? If you accidentally stopped Streamlit, just restart it in your terminal: @ http://localhost:8765/static/js/index.D2ZqaFuW.js:21
[  337286ms] [ERROR] Failed to load resource: net::ERR_CONNECTION_REFUSED @ http://localhost:8765/10_Saved_Analyses/_stcore/host-config:0
[  339287ms] [ERROR] Failed to load resource: net::ERR_CONNECTION_REFUSED @ http://localhost:8765/_stcore/host-config:0
[  339287ms] [ERROR] Client Error in reaching server endpoint - No response received when attempting to reach /_stcore/host-config @ http://localhost:8765/static/js/index.D2ZqaFuW.js:16
[  339287ms] [ERROR] Is Streamlit still running? If you accidentally stopped Streamlit, just restart it in your terminal: @ http://localhost:8765/static/js/index.D2ZqaFuW.js:21
[  339346ms] [ERROR] Failed to load resource: net::ERR_CONNECTION_REFUSED @ http://localhost:8765/_stcore/health:0
[  341296ms] [ERROR] Failed to load resource: net::ERR_CONNECTION_REFUSED @ http://localhost:8765/10_Saved_Analyses/_stcore/health:0
[  341296ms] [ERROR] Client Error in reaching server endpoint - No response received when attempting to reach /10_Saved_Analyses/_stcore/health @ http://localhost:8765/static/js/index.D2ZqaFuW.js:16
[  341296ms] [ERROR] Is Streamlit still running? If you accidentally stopped Streamlit, just restart it in your terminal: @ http://localhost:8765/static/js/index.D2ZqaFuW.js:21
[  341322ms] [ERROR] Failed to load resource: net::ERR_CONNECTION_REFUSED @ http://localhost:8765/10_Saved_Analyses/_stcore/host-config:0
[  343303ms] [ERROR] Failed to load resource: net::ERR_CONNECTION_REFUSED @ http://localhost:8765/_stcore/health:0
[  343304ms] [ERROR] Client Error in reaching server endpoint - No response received when attempting to reach /_stcore/health @ http://localhost:8765/static/js/index.D2ZqaFuW.js:16
[  343304ms] [ERROR] Is Streamlit still running? If you accidentally stopped Streamlit, just restart it in your terminal: @ http://localhost:8765/static/js/index.D2ZqaFuW.js:21
[  343324ms] [ERROR] Failed to load resource: net::ERR_CONNECTION_REFUSED @ http://localhost:8765/_stcore/host-config:0
[  345309ms] [ERROR] Failed to load resource: net::ERR_CONNECTION_REFUSED @ http://localhost:8765/10_Saved_Analyses/_stcore/host-config:0
[  345309ms] [ERROR] Client Error in reaching server endpoint - No response received when attempting to reach /10_Saved_Analyses/_stcore/host-config @ http://localhost:8765/static/js/index.D2ZqaFuW.js:16
[  345310ms] [ERROR] Is Streamlit still running? If you accidentally stopped Streamlit, just restart it in your terminal: @ http://localhost:8765/static/js/index.D2ZqaFuW.js:21
[  345331ms] [ERROR] Failed to load resource: net::ERR_CONNECTION_REFUSED @ http://localhost:8765/10_Saved_Analyses/_stcore/health:0
[  347314ms] [ERROR] Failed to load resource: net::ERR_CONNECTION_REFUSED @ http://localhost:8765/_stcore/health:0
[  347314ms] [ERROR] Client Error in reaching server endpoint - No response received when attempting to reach /_stcore/health @ http://localhost:8765/static/js/index.D2ZqaFuW.js:16
[  347314ms] [ERROR] Is Streamlit still running? If you accidentally stopped Streamlit, just restart it in your terminal: @ http://localhost:8765/static/js/index.D2ZqaFuW.js:21
[  347338ms] [ERROR] Failed to load resource: net::ERR_CONNECTION_REFUSED @ http://localhost:8765/_stcore/host-config:0
[  349322ms] [ERROR] Failed to load resource: net::ERR_CONNECTION_REFUSED @ http://localhost:8765/10_Saved_Analyses/_stcore/health:0
[  349322ms] [ERROR] Client Error in reaching server endpoint - No response received when attempting to reach /10_Saved_Analyses/_stcore/health @ http://localhost:8765/static/js/index.D2ZqaFuW.js:16
[  349323ms] [ERROR] Is Streamlit still running? If you accidentally stopped Streamlit, just restart it in your terminal: @ http://localhost:8765/static/js/index.D2ZqaFuW.js:21
[  349344ms] [ERROR] Failed to load resource: net::ERR_CONNECTION_REFUSED @ http://localhost:8765/10_Saved_Analyses/_stcore/host-config:0
[  351329ms] [ERROR] Failed to load resource: net::ERR_CONNECTION_REFUSED @ http://localhost:8765/_stcore/health:0
[  351329ms] [ERROR] Client Error in reaching server endpoint - No response received when attempting to reach /_stcore/health @ http://localhost:8765/static/js/index.D2ZqaFuW.js:16
[  351329ms] [ERROR] Is Streamlit still running? If you accidentally stopped Streamlit, just restart it in your terminal: @ http://localhost:8765/static/js/index.D2ZqaFuW.js:21
[  351351ms] [ERROR] Failed to load resource: net::ERR_CONNECTION_REFUSED @ http://localhost:8765/_stcore/host-config:0
[  353336ms] [ERROR] Failed to load resource: net::ERR_CONNECTION_REFUSED @ http://localhost:8765/10_Saved_Analyses/_stcore/health:0
[  353337ms] [ERROR] Client Error in reaching server endpoint - No response received when attempting to reach /10_Saved_Analyses/_stcore/health @ http://localhost:8765/static/js/index.D2ZqaFuW.js:16
[  353337ms] [ERROR] Is Streamlit still running? If you accidentally stopped Streamlit, just restart it in your terminal: @ http://localhost:8765/static/js/index.D2ZqaFuW.js:21
[  353360ms] [ERROR] Failed to load resource: net::ERR_CONNECTION_REFUSED @ http://localhost:8765/10_Saved_Analyses/_stcore/host-config:0
[  355359ms] [ERROR] Failed to load resource: net::ERR_CONNECTION_REFUSED @ http://localhost:8765/_stcore/health:0
[  355359ms] [ERROR] Client Error in reaching server endpoint - No response received when attempting to reach /_stcore/health @ http://localhost:8765/static/js/index.D2ZqaFuW.js:16
[  355359ms] [ERROR] Is Streamlit still running? If you accidentally stopped Streamlit, just restart it in your terminal: @ http://localhost:8765/static/js/index.D2ZqaFuW.js:21
[  355394ms] [ERROR] Failed to load resource: net::ERR_CONNECTION_REFUSED @ http://localhost:8765/_stcore/host-config:0
[  357366ms] [ERROR] Failed to load resource: net::ERR_CONNECTION_REFUSED @ http://localhost:8765/10_Saved_Analyses/_stcore/health:0
[  357366ms] [ERROR] Client Error in reaching server endpoint - No response received when attempting to reach /10_Saved_Analyses/_stcore/health @ http://localhost:8765/static/js/index.D2ZqaFuW.js:16
[  357366ms] [ERROR] Is Streamlit still running? If you accidentally stopped Streamlit, just restart it in your terminal: @ http://localhost:8765/static/js/index.D2ZqaFuW.js:21
[  357398ms] [ERROR] Failed to load resource: net::ERR_CONNECTION_REFUSED @ http://localhost:8765/10_Saved_Analyses/_stcore/host-config:0
[  359378ms] [ERROR] Failed to load resource: net::ERR_CONNECTION_REFUSED @ http://localhost:8765/_stcore/health:0
[  359378ms] [ERROR] Client Error in reaching server endpoint - No response received when attempting to reach /_stcore/health @ http://localhost:8765/static/js/index.D2ZqaFuW.js:16
[  359378ms] [ERROR] Is Streamlit still running? If you accidentally stopped Streamlit, just restart it in your terminal: @ http://localhost:8765/static/js/index.D2ZqaFuW.js:21
[  359413ms] [ERROR] Failed to load resource: net::ERR_CONNECTION_REFUSED @ http://localhost:8765/_stcore/host-config:0
[  361384ms] [ERROR] Failed to load resource: net::ERR_CONNECTION_REFUSED @ http://localhost:8765/10_Saved_Analyses/_stcore/health:0
[  361384ms] [ERROR] Client Error in reaching server endpoint - No response received when attempting to reach /10_Saved_Analyses/_stcore/health @ http://localhost:8765/static/js/index.D2ZqaFuW.js:16
[  361384ms] [ERROR] Is Streamlit still running? If you accidentally stopped Streamlit, just restart it in your terminal: @ http://localhost:8765/static/js/index.D2ZqaFuW.js:21
[  361385ms] [ERROR] Failed to load resource: net::ERR_CONNECTION_REFUSED @ http://localhost:8765/10_Saved_Analyses/_stcore/host-config:0
[  363409ms] [ERROR] Failed to load resource: net::ERR_CONNECTION_REFUSED @ http://localhost:8765/_stcore/health:0
[  363410ms] [ERROR] Client Error in reaching server endpoint - No response received when attempting to reach /_stcore/health @ http://localhost:8765/static/js/index.D2ZqaFuW.js:16
[  363414ms] [ERROR] Is Streamlit still running? If you accidentally stopped Streamlit, just restart it in your terminal: @ http://localhost:8765/static/js/index.D2ZqaFuW.js:21
[  363526ms] [ERROR] Failed to load resource: net::ERR_CONNECTION_REFUSED @ http://localhost:8765/_stcore/host-config:0
[  365425ms] [ERROR] Failed to load resource: net::ERR_CONNECTION_REFUSED @ http://localhost:8765/10_Saved_Analyses/_stcore/health:0
[  365425ms] [ERROR] Client Error in reaching server endpoint - No response received when attempting to reach /10_Saved_Analyses/_stcore/health @ http://localhost:8765/static/js/index.D2ZqaFuW.js:16
[  365425ms] [ERROR] Is Streamlit still running? If you accidentally stopped Streamlit, just restart it in your terminal: @ http://localhost:8765/static/js/index.D2ZqaFuW.js:21
[  365470ms] [ERROR] Failed to load resource: net::ERR_CONNECTION_REFUSED @ http://localhost:8765/10_Saved_Analyses/_stcore/host-config:0
[  367432ms] [ERROR] Failed to load resource: net::ERR_CONNECTION_REFUSED @ http://localhost:8765/_stcore/health:0
[  367432ms] [ERROR] Client Error in reaching server endpoint - No response received when attempting to reach /_stcore/health @ http://localhost:8765/static/js/index.D2ZqaFuW.js:16
[  367432ms] [ERROR] Is Streamlit still running? If you accidentally stopped Streamlit, just restart it in your terminal: @ http://localhost:8765/static/js/index.D2ZqaFuW.js:21
[  367469ms] [ERROR] Failed to load resource: net::ERR_CONNECTION_REFUSED @ http://localhost:8765/_stcore/host-config:0
[  369440ms] [ERROR] Failed to load resource: net::ERR_CONNECTION_REFUSED @ http://localhost:8765/10_Saved_Analyses/_stcore/host-config:0
[  369440ms] [ERROR] Client Error in reaching server endpoint - No response received when attempting to reach /10_Saved_Analyses/_stcore/host-config @ http://localhost:8765/static/js/index.D2ZqaFuW.js:16
[  369440ms] [ERROR] Is Streamlit still running? If you accidentally stopped Streamlit, just restart it in your terminal: @ http://localhost:8765/static/js/index.D2ZqaFuW.js:21
[  369463ms] [ERROR] Failed to load resource: net::ERR_CONNECTION_REFUSED @ http://localhost:8765/10_Saved_Analyses/_stcore/health:0
[  371448ms] [ERROR] Failed to load resource: net::ERR_CONNECTION_REFUSED @ http://localhost:8765/_stcore/health:0
[  371448ms] [ERROR] Client Error in reaching server endpoint - No response received when attempting to reach /_stcore/health @ http://localhost:8765/static/js/index.D2ZqaFuW.js:16
[  371448ms] [ERROR] Is Streamlit still running? If you accidentally stopped Streamlit, just restart it in your terminal: @ http://localhost:8765/static/js/index.D2ZqaFuW.js:21
[  371478ms] [ERROR] Failed to load resource: net::ERR_CONNECTION_REFUSED @ http://localhost:8765/_stcore/host-config:0
[  373456ms] [ERROR] Failed to load resource: net::ERR_CONNECTION_REFUSED @ http://localhost:8765/10_Saved_Analyses/_stcore/health:0
[  373456ms] [ERROR] Client Error in reaching server endpoint - No response received when attempting to reach /10_Saved_Analyses/_stcore/health @ http://localhost:8765/static/js/index.D2ZqaFuW.js:16
[  373457ms] [ERROR] Is Streamlit still running? If you accidentally stopped Streamlit, just restart it in your terminal: @ http://localhost:8765/static/js/index.D2ZqaFuW.js:21
[  373491ms] [ERROR] Failed to load resource: net::ERR_CONNECTION_REFUSED @ http://localhost:8765/10_Saved_Analyses/_stcore/host-config:0
[  375463ms] [ERROR] Failed to load resource: net::ERR_CONNECTION_REFUSED @ http://localhost:8765/_stcore/host-config:0
[  375464ms] [ERROR] Client Error in reaching server endpoint - No response received when attempting to reach /_stcore/host-config @ http://localhost:8765/static/js/index.D2ZqaFuW.js:16
[  375464ms] [ERROR] Is Streamlit still running? If you accidentally stopped Streamlit, just restart it in your terminal: @ http://localhost:8765/static/js/index.D2ZqaFuW.js:21
[  375493ms] [ERROR] Failed to load resource: net::ERR_CONNECTION_REFUSED @ http://localhost:8765/_stcore/health:0
[  377475ms] [ERROR] Failed to load resource: net::ERR_CONNECTION_REFUSED @ http://localhost:8765/10_Saved_Analyses/_stcore/health:0
[  377475ms] [ERROR] Client Error in reaching server endpoint - No response received when attempting to reach /10_Saved_Analyses/_stcore/health @ http://localhost:8765/static/js/index.D2ZqaFuW.js:16
[  377475ms] [ERROR] Is Streamlit still running? If you accidentally stopped Streamlit, just restart it in your terminal: @ http://localhost:8765/static/js/index.D2ZqaFuW.js:21
[  377512ms] [ERROR] Failed to load resource: net::ERR_CONNECTION_REFUSED @ http://localhost:8765/10_Saved_Analyses/_stcore/host-config:0
[  379485ms] [ERROR] Failed to load resource: net::ERR_CONNECTION_REFUSED @ http://localhost:8765/_stcore/health:0
[  379485ms] [ERROR] Client Error in reaching server endpoint - No response received when attempting to reach /_stcore/health @ http://localhost:8765/static/js/index.D2ZqaFuW.js:16
[  379485ms] [ERROR] Is Streamlit still running? If you accidentally stopped Streamlit, just restart it in your terminal: @ http://localhost:8765/static/js/index.D2ZqaFuW.js:21
[  379516ms] [ERROR] Failed to load resource: net::ERR_CONNECTION_REFUSED @ http://localhost:8765/_stcore/host-config:0
[  381490ms] [ERROR] Failed to load resource: net::ERR_CONNECTION_REFUSED @ http://localhost:8765/10_Saved_Analyses/_stcore/health:0
[  381490ms] [ERROR] Client Error in reaching server endpoint - No response received when attempting to reach /10_Saved_Analyses/_stcore/health @ http://localhost:8765/static/js/index.D2ZqaFuW.js:16
[  381491ms] [ERROR] Is Streamlit still running? If you accidentally stopped Streamlit, just restart it in your terminal: @ http://localhost:8765/static/js/index.D2ZqaFuW.js:21
[  381512ms] [ERROR] Failed to load resource: net::ERR_CONNECTION_REFUSED @ http://localhost:8765/10_Saved_Analyses/_stcore/host-config:0
[  383494ms] [ERROR] Failed to load resource: net::ERR_CONNECTION_REFUSED @ http://localhost:8765/_stcore/health:0
[  383494ms] [ERROR] Client Error in reaching server endpoint - No response received when attempting to reach /_stcore/health @ http://localhost:8765/static/js/index.D2ZqaFuW.js:16
[  383494ms] [ERROR] Is Streamlit still running? If you accidentally stopped Streamlit, just restart it in your terminal: @ http://localhost:8765/static/js/index.D2ZqaFuW.js:21
[  383520ms] [ERROR] Failed to load resource: net::ERR_CONNECTION_REFUSED @ http://localhost:8765/_stcore/host-config:0
[  385502ms] [ERROR] Failed to load resource: net::ERR_CONNECTION_REFUSED @ http://localhost:8765/10_Saved_Analyses/_stcore/health:0
[  385502ms] [ERROR] Client Error in reaching server endpoint - No response received when attempting to reach /10_Saved_Analyses/_stcore/health @ http://localhost:8765/static/js/index.D2ZqaFuW.js:16
[  385502ms] [ERROR] Is Streamlit still running? If you accidentally stopped Streamlit, just restart it in your terminal: @ http://localhost:8765/static/js/index.D2ZqaFuW.js:21
[  385531ms] [ERROR] Failed to load resource: net::ERR_CONNECTION_REFUSED @ http://localhost:8765/10_Saved_Analyses/_stcore/host-config:0
[  387507ms] [ERROR] Failed to load resource: net::ERR_CONNECTION_REFUSED @ http://localhost:8765/_stcore/health:0
[  387508ms] [ERROR] Client Error in reaching server endpoint - No response received when attempting to reach /_stcore/health @ http://localhost:8765/static/js/index.D2ZqaFuW.js:16
[  387508ms] [ERROR] Is Streamlit still running? If you accidentally stopped Streamlit, just restart it in your terminal: @ http://localhost:8765/static/js/index.D2ZqaFuW.js:21
[  387537ms] [ERROR] Failed to load resource: net::ERR_CONNECTION_REFUSED @ http://localhost:8765/_stcore/host-config:0
[  389515ms] [ERROR] Failed to load resource: net::ERR_CONNECTION_REFUSED @ http://localhost:8765/10_Saved_Analyses/_stcore/host-config:0
[  389515ms] [ERROR] Client Error in reaching server endpoint - No response received when attempting to reach /10_Saved_Analyses/_stcore/host-config @ http://localhost:8765/static/js/index.D2ZqaFuW.js:16
[  389515ms] [ERROR] Is Streamlit still running? If you accidentally stopped Streamlit, just restart it in your terminal: @ http://localhost:8765/static/js/index.D2ZqaFuW.js:21
[  389535ms] [ERROR] Failed to load resource: net::ERR_CONNECTION_REFUSED @ http://localhost:8765/10_Saved_Analyses/_stcore/health:0
[  391522ms] [ERROR] Failed to load resource: net::ERR_CONNECTION_REFUSED @ http://localhost:8765/_stcore/host-config:0
[  391522ms] [ERROR] Client Error in reaching server endpoint - No response received when attempting to reach /_stcore/host-config @ http://localhost:8765/static/js/index.D2ZqaFuW.js:16
[  391522ms] [ERROR] Is Streamlit still running? If you accidentally stopped Streamlit, just restart it in your terminal: @ http://localhost:8765/static/js/index.D2ZqaFuW.js:21
[  391543ms] [ERROR] Failed to load resource: net::ERR_CONNECTION_REFUSED @ http://localhost:8765/_stcore/health:0
[  393529ms] [ERROR] Failed to load resource: net::ERR_CONNECTION_REFUSED @ http://localhost:8765/10_Saved_Analyses/_stcore/health:0
[  393529ms] [ERROR] Client Error in reaching server endpoint - No response received when attempting to reach /10_Saved_Analyses/_stcore/health @ http://localhost:8765/static/js/index.D2ZqaFuW.js:16
[  393529ms] [ERROR] Is Streamlit still running? If you accidentally stopped Streamlit, just restart it in your terminal: @ http://localhost:8765/static/js/index.D2ZqaFuW.js:21
[  393552ms] [ERROR] Failed to load resource: net::ERR_CONNECTION_REFUSED @ http://localhost:8765/10_Saved_Analyses/_stcore/host-config:0
[  395551ms] [ERROR] Failed to load resource: net::ERR_CONNECTION_REFUSED @ http://localhost:8765/_stcore/health:0
[  395551ms] [ERROR] Client Error in reaching server endpoint - No response received when attempting to reach /_stcore/health @ http://localhost:8765/static/js/index.D2ZqaFuW.js:16
[  395551ms] [ERROR] Is Streamlit still running? If you accidentally stopped Streamlit, just restart it in your terminal: @ http://localhost:8765/static/js/index.D2ZqaFuW.js:21
[  395604ms] [ERROR] Failed to load resource: net::ERR_CONNECTION_REFUSED @ http://localhost:8765/_stcore/host-config:0
[  397556ms] [ERROR] Failed to load resource: net::ERR_CONNECTION_REFUSED @ http://localhost:8765/10_Saved_Analyses/_stcore/health:0
[  397556ms] [ERROR] Client Error in reaching server endpoint - No response received when attempting to reach /10_Saved_Analyses/_stcore/health @ http://localhost:8765/static/js/index.D2ZqaFuW.js:16
[  397556ms] [ERROR] Is Streamlit still running? If you accidentally stopped Streamlit, just restart it in your terminal: @ http://localhost:8765/static/js/index.D2ZqaFuW.js:21
[  397579ms] [ERROR] Failed to load resource: net::ERR_CONNECTION_REFUSED @ http://localhost:8765/10_Saved_Analyses/_stcore/host-config:0
[  399561ms] [ERROR] Failed to load resource: net::ERR_CONNECTION_REFUSED @ http://localhost:8765/_stcore/health:0
[  399561ms] [ERROR] Client Error in reaching server endpoint - No response received when attempting to reach /_stcore/health @ http://localhost:8765/static/js/index.D2ZqaFuW.js:16
[  399561ms] [ERROR] Is Streamlit still running? If you accidentally stopped Streamlit, just restart it in your terminal: @ http://localhost:8765/static/js/index.D2ZqaFuW.js:21
[  399583ms] [ERROR] Failed to load resource: net::ERR_CONNECTION_REFUSED @ http://localhost:8765/_stcore/host-config:0
[  401572ms] [ERROR] Failed to load resource: net::ERR_CONNECTION_REFUSED @ http://localhost:8765/10_Saved_Analyses/_stcore/health:0
[  401572ms] [ERROR] Client Error in reaching server endpoint - No response received when attempting to reach /10_Saved_Analyses/_stcore/health @ http://localhost:8765/static/js/index.D2ZqaFuW.js:16
[  401572ms] [ERROR] Is Streamlit still running? If you accidentally stopped Streamlit, just restart it in your terminal: @ http://localhost:8765/static/js/index.D2ZqaFuW.js:21
[  401603ms] [ERROR] Failed to load resource: net::ERR_CONNECTION_REFUSED @ http://localhost:8765/10_Saved_Analyses/_stcore/host-config:0
[  403577ms] [ERROR] Failed to load resource: net::ERR_CONNECTION_REFUSED @ http://localhost:8765/_stcore/host-config:0
[  403577ms] [ERROR] Client Error in reaching server endpoint - No response received when attempting to reach /_stcore/host-config @ http://localhost:8765/static/js/index.D2ZqaFuW.js:16
[  403577ms] [ERROR] Is Streamlit still running? If you accidentally stopped Streamlit, just restart it in your terminal: @ http://localhost:8765/static/js/index.D2ZqaFuW.js:21
[  403608ms] [ERROR] Failed to load resource: net::ERR_CONNECTION_REFUSED @ http://localhost:8765/_stcore/health:0
[  405584ms] [ERROR] Failed to load resource: net::ERR_CONNECTION_REFUSED @ http://localhost:8765/10_Saved_Analyses/_stcore/host-config:0
[  405584ms] [ERROR] Client Error in reaching server endpoint - No response received when attempting to reach /10_Saved_Analyses/_stcore/host-config @ http://localhost:8765/static/js/index.D2ZqaFuW.js:16
[  405585ms] [ERROR] Is Streamlit still running? If you accidentally stopped Streamlit, just restart it in your terminal: @ http://localhost:8765/static/js/index.D2ZqaFuW.js:21
[  405605ms] [ERROR] Failed to load resource: net::ERR_CONNECTION_REFUSED @ http://localhost:8765/10_Saved_Analyses/_stcore/health:0
[  407602ms] [ERROR] Failed to load resource: net::ERR_CONNECTION_REFUSED @ http://localhost:8765/_stcore/health:0
[  407603ms] [ERROR] Client Error in reaching server endpoint - No response received when attempting to reach /_stcore/health @ http://localhost:8765/static/js/index.D2ZqaFuW.js:16
[  407603ms] [ERROR] Is Streamlit still running? If you accidentally stopped Streamlit, just restart it in your terminal: @ http://localhost:8765/static/js/index.D2ZqaFuW.js:21
[  407603ms] [ERROR] Failed to load resource: net::ERR_CONNECTION_REFUSED @ http://localhost:8765/_stcore/host-config:0
[  409608ms] [ERROR] Failed to load resource: net::ERR_CONNECTION_REFUSED @ http://localhost:8765/10_Saved_Analyses/_stcore/health:0
[  409608ms] [ERROR] Client Error in reaching server endpoint - No response received when attempting to reach /10_Saved_Analyses/_stcore/health @ http://localhost:8765/static/js/index.D2ZqaFuW.js:16
[  409608ms] [ERROR] Is Streamlit still running? If you accidentally stopped Streamlit, just restart it in your terminal: @ http://localhost:8765/static/js/index.D2ZqaFuW.js:21
[  409635ms] [ERROR] Failed to load resource: net::ERR_CONNECTION_REFUSED @ http://localhost:8765/10_Saved_Analyses/_stcore/host-config:0
[  411646ms] [ERROR] Failed to load resource: net::ERR_CONNECTION_REFUSED @ http://localhost:8765/_stcore/health:0
[  411647ms] [ERROR] Client Error in reaching server endpoint - No response received when attempting to reach /_stcore/health @ http://localhost:8765/static/js/index.D2ZqaFuW.js:16
[  411647ms] [ERROR] Is Streamlit still running? If you accidentally stopped Streamlit, just restart it in your terminal: @ http://localhost:8765/static/js/index.D2ZqaFuW.js:21
[  411677ms] [ERROR] Failed to load resource: net::ERR_CONNECTION_REFUSED @ http://localhost:8765/_stcore/host-config:0
[  413657ms] [ERROR] Failed to load resource: net::ERR_CONNECTION_REFUSED @ http://localhost:8765/10_Saved_Analyses/_stcore/health:0
[  413657ms] [ERROR] Client Error in reaching server endpoint - No response received when attempting to reach /10_Saved_Analyses/_stcore/health @ http://localhost:8765/static/js/index.D2ZqaFuW.js:16
[  413657ms] [ERROR] Is Streamlit still running? If you accidentally stopped Streamlit, just restart it in your terminal: @ http://localhost:8765/static/js/index.D2ZqaFuW.js:21
[  413681ms] [ERROR] Failed to load resource: net::ERR_CONNECTION_REFUSED @ http://localhost:8765/10_Saved_Analyses/_stcore/host-config:0
[  415662ms] [ERROR] Failed to load resource: net::ERR_CONNECTION_REFUSED @ http://localhost:8765/_stcore/health:0
[  415662ms] [ERROR] Client Error in reaching server endpoint - No response received when attempting to reach /_stcore/health @ http://localhost:8765/static/js/index.D2ZqaFuW.js:16
[  415663ms] [ERROR] Is Streamlit still running? If you accidentally stopped Streamlit, just restart it in your terminal: @ http://localhost:8765/static/js/index.D2ZqaFuW.js:21
[  415690ms] [ERROR] Failed to load resource: net::ERR_CONNECTION_REFUSED @ http://localhost:8765/_stcore/host-config:0
[  417678ms] [ERROR] Failed to load resource: net::ERR_CONNECTION_REFUSED @ http://localhost:8765/10_Saved_Analyses/_stcore/health:0
[  417678ms] [ERROR] Client Error in reaching server endpoint - No response received when attempting to reach /10_Saved_Analyses/_stcore/health @ http://localhost:8765/static/js/index.D2ZqaFuW.js:16
[  417678ms] [ERROR] Is Streamlit still running? If you accidentally stopped Streamlit, just restart it in your terminal: @ http://localhost:8765/static/js/index.D2ZqaFuW.js:21
[  417708ms] [ERROR] Failed to load resource: net::ERR_CONNECTION_REFUSED @ http://localhost:8765/10_Saved_Analyses/_stcore/host-config:0
[  419687ms] [ERROR] Failed to load resource: net::ERR_CONNECTION_REFUSED @ http://localhost:8765/_stcore/health:0
[  419687ms] [ERROR] Client Error in reaching server endpoint - No response received when attempting to reach /_stcore/health @ http://localhost:8765/static/js/index.D2ZqaFuW.js:16
[  419687ms] [ERROR] Is Streamlit still running? If you accidentally stopped Streamlit, just restart it in your terminal: @ http://localhost:8765/static/js/index.D2ZqaFuW.js:21
[  419714ms] [ERROR] Failed to load resource: net::ERR_CONNECTION_REFUSED @ http://localhost:8765/_stcore/host-config:0
[  421695ms] [ERROR] Failed to load resource: net::ERR_CONNECTION_REFUSED @ http://localhost:8765/10_Saved_Analyses/_stcore/health:0
[  421695ms] [ERROR] Client Error in reaching server endpoint - No response received when attempting to reach /10_Saved_Analyses/_stcore/health @ http://localhost:8765/static/js/index.D2ZqaFuW.js:16
[  421695ms] [ERROR] Is Streamlit still running? If you accidentally stopped Streamlit, just restart it in your terminal: @ http://localhost:8765/static/js/index.D2ZqaFuW.js:21
[  421718ms] [ERROR] Failed to load resource: net::ERR_CONNECTION_REFUSED @ http://localhost:8765/10_Saved_Analyses/_stcore/host-config:0
[  423756ms] [ERROR] Failed to load resource: net::ERR_CONNECTION_REFUSED @ http://localhost:8765/_stcore/health:0
[  423756ms] [ERROR] Client Error in reaching server endpoint - No response received when attempting to reach /_stcore/health @ http://localhost:8765/static/js/index.D2ZqaFuW.js:16
[  423757ms] [ERROR] Is Streamlit still running? If you accidentally stopped Streamlit, just restart it in your terminal: @ http://localhost:8765/static/js/index.D2ZqaFuW.js:21
[  423758ms] [ERROR] Failed to load resource: net::ERR_CONNECTION_REFUSED @ http://localhost:8765/_stcore/host-config:0
[  425781ms] [ERROR] Failed to load resource: net::ERR_CONNECTION_REFUSED @ http://localhost:8765/10_Saved_Analyses/_stcore/health:0
[  425781ms] [ERROR] Client Error in reaching server endpoint - No response received when attempting to reach /10_Saved_Analyses/_stcore/health @ http://localhost:8765/static/js/index.D2ZqaFuW.js:16
[  425781ms] [ERROR] Is Streamlit still running? If you accidentally stopped Streamlit, just restart it in your terminal: @ http://localhost:8765/static/js/index.D2ZqaFuW.js:21
[  425824ms] [ERROR] Failed to load resource: net::ERR_CONNECTION_REFUSED @ http://localhost:8765/10_Saved_Analyses/_stcore/host-config:0
[  427789ms] [ERROR] Failed to load resource: net::ERR_CONNECTION_REFUSED @ http://localhost:8765/_stcore/health:0
[  427789ms] [ERROR] Client Error in reaching server endpoint - No response received when attempting to reach /_stcore/health @ http://localhost:8765/static/js/index.D2ZqaFuW.js:16
[  427790ms] [ERROR] Is Streamlit still running? If you accidentally stopped Streamlit, just restart it in your terminal: @ http://localhost:8765/static/js/index.D2ZqaFuW.js:21
[  427810ms] [ERROR] Failed to load resource: net::ERR_CONNECTION_REFUSED @ http://localhost:8765/_stcore/host-config:0
[  429797ms] [ERROR] Failed to load resource: net::ERR_CONNECTION_REFUSED @ http://localhost:8765/10_Saved_Analyses/_stcore/health:0
[  429797ms] [ERROR] Client Error in reaching server endpoint - No response received when attempting to reach /10_Saved_Analyses/_stcore/health @ http://localhost:8765/static/js/index.D2ZqaFuW.js:16
[  429798ms] [ERROR] Is Streamlit still running? If you accidentally stopped Streamlit, just restart it in your terminal: @ http://localhost:8765/static/js/index.D2ZqaFuW.js:21
[  429824ms] [ERROR] Failed to load resource: net::ERR_CONNECTION_REFUSED @ http://localhost:8765/10_Saved_Analyses/_stcore/host-config:0
[  431803ms] [ERROR] Failed to load resource: net::ERR_CONNECTION_REFUSED @ http://localhost:8765/_stcore/host-config:0
[  431803ms] [ERROR] Client Error in reaching server endpoint - No response received when attempting to reach /_stcore/host-config @ http://localhost:8765/static/js/index.D2ZqaFuW.js:16
[  431803ms] [ERROR] Is Streamlit still running? If you accidentally stopped Streamlit, just restart it in your terminal: @ http://localhost:8765/static/js/index.D2ZqaFuW.js:21
[  431838ms] [ERROR] Failed to load resource: net::ERR_CONNECTION_REFUSED @ http://localhost:8765/_stcore/health:0
[  433810ms] [ERROR] Failed to load resource: net::ERR_CONNECTION_REFUSED @ http://localhost:8765/10_Saved_Analyses/_stcore/health:0
[  433811ms] [ERROR] Client Error in reaching server endpoint - No response received when attempting to reach /10_Saved_Analyses/_stcore/health @ http://localhost:8765/static/js/index.D2ZqaFuW.js:16
[  433811ms] [ERROR] Is Streamlit still running? If you accidentally stopped Streamlit, just restart it in your terminal: @ http://localhost:8765/static/js/index.D2ZqaFuW.js:21
[  433835ms] [ERROR] Failed to load resource: net::ERR_CONNECTION_REFUSED @ http://localhost:8765/10_Saved_Analyses/_stcore/host-config:0
[  435822ms] [ERROR] Failed to load resource: net::ERR_CONNECTION_REFUSED @ http://localhost:8765/_stcore/health:0
[  435822ms] [ERROR] Client Error in reaching server endpoint - No response received when attempting to reach /_stcore/health @ http://localhost:8765/static/js/index.D2ZqaFuW.js:16
[  435822ms] [ERROR] Is Streamlit still running? If you accidentally stopped Streamlit, just restart it in your terminal: @ http://localhost:8765/static/js/index.D2ZqaFuW.js:21
[  435843ms] [ERROR] Failed to load resource: net::ERR_CONNECTION_REFUSED @ http://localhost:8765/_stcore/host-config:0
[  437841ms] [ERROR] Failed to load resource: net::ERR_CONNECTION_REFUSED @ http://localhost:8765/10_Saved_Analyses/_stcore/host-config:0
[  437842ms] [ERROR] Client Error in reaching server endpoint - No response received when attempting to reach /10_Saved_Analyses/_stcore/host-config @ http://localhost:8765/static/js/index.D2ZqaFuW.js:16
[  437842ms] [ERROR] Is Streamlit still running? If you accidentally stopped Streamlit, just restart it in your terminal: @ http://localhost:8765/static/js/index.D2ZqaFuW.js:21
[  437882ms] [ERROR] Failed to load resource: net::ERR_CONNECTION_REFUSED @ http://localhost:8765/10_Saved_Analyses/_stcore/health:0
[  439849ms] [ERROR] Failed to load resource: net::ERR_CONNECTION_REFUSED @ http://localhost:8765/_stcore/health:0
[  439849ms] [ERROR] Client Error in reaching server endpoint - No response received when attempting to reach /_stcore/health @ http://localhost:8765/static/js/index.D2ZqaFuW.js:16
[  439849ms] [ERROR] Is Streamlit still running? If you accidentally stopped Streamlit, just restart it in your terminal: @ http://localhost:8765/static/js/index.D2ZqaFuW.js:21
[  439871ms] [ERROR] Failed to load resource: net::ERR_CONNECTION_REFUSED @ http://localhost:8765/_stcore/host-config:0
[  441854ms] [ERROR] Failed to load resource: net::ERR_CONNECTION_REFUSED @ http://localhost:8765/10_Saved_Analyses/_stcore/host-config:0
[  441854ms] [ERROR] Client Error in reaching server endpoint - No response received when attempting to reach /10_Saved_Analyses/_stcore/host-config @ http://localhost:8765/static/js/index.D2ZqaFuW.js:16
[  441854ms] [ERROR] Is Streamlit still running? If you accidentally stopped Streamlit, just restart it in your terminal: @ http://localhost:8765/static/js/index.D2ZqaFuW.js:21
[  441879ms] [ERROR] Failed to load resource: net::ERR_CONNECTION_REFUSED @ http://localhost:8765/10_Saved_Analyses/_stcore/health:0
[  443861ms] [ERROR] Failed to load resource: net::ERR_CONNECTION_REFUSED @ http://localhost:8765/_stcore/health:0
[  443862ms] [ERROR] Client Error in reaching server endpoint - No response received when attempting to reach /_stcore/health @ http://localhost:8765/static/js/index.D2ZqaFuW.js:16
[  443862ms] [ERROR] Is Streamlit still running? If you accidentally stopped Streamlit, just restart it in your terminal: @ http://localhost:8765/static/js/index.D2ZqaFuW.js:21
[  443883ms] [ERROR] Failed to load resource: net::ERR_CONNECTION_REFUSED @ http://localhost:8765/_stcore/host-config:0
[  445871ms] [ERROR] Failed to load resource: net::ERR_CONNECTION_REFUSED @ http://localhost:8765/10_Saved_Analyses/_stcore/health:0
[  445871ms] [ERROR] Client Error in reaching server endpoint - No response received when attempting to reach /10_Saved_Analyses/_stcore/health @ http://localhost:8765/static/js/index.D2ZqaFuW.js:16
[  445871ms] [ERROR] Is Streamlit still running? If you accidentally stopped Streamlit, just restart it in your terminal: @ http://localhost:8765/static/js/index.D2ZqaFuW.js:21
[  445895ms] [ERROR] Failed to load resource: net::ERR_CONNECTION_REFUSED @ http://localhost:8765/10_Saved_Analyses/_stcore/host-config:0
[  447876ms] [ERROR] Failed to load resource: net::ERR_CONNECTION_REFUSED @ http://localhost:8765/_stcore/health:0
[  447876ms] [ERROR] Client Error in reaching server endpoint - No response received when attempting to reach /_stcore/health @ http://localhost:8765/static/js/index.D2ZqaFuW.js:16
[  447876ms] [ERROR] Is Streamlit still running? If you accidentally stopped Streamlit, just restart it in your terminal: @ http://localhost:8765/static/js/index.D2ZqaFuW.js:21
[  447908ms] [ERROR] Failed to load resource: net::ERR_CONNECTION_REFUSED @ http://localhost:8765/_stcore/host-config:0
[  449889ms] [ERROR] Failed to load resource: net::ERR_CONNECTION_REFUSED @ http://localhost:8765/10_Saved_Analyses/_stcore/health:0
[  449890ms] [ERROR] Client Error in reaching server endpoint - No response received when attempting to reach /10_Saved_Analyses/_stcore/health @ http://localhost:8765/static/js/index.D2ZqaFuW.js:16
[  449890ms] [ERROR] Is Streamlit still running? If you accidentally stopped Streamlit, just restart it in your terminal: @ http://localhost:8765/static/js/index.D2ZqaFuW.js:21
[  449893ms] [ERROR] Failed to load resource: net::ERR_CONNECTION_REFUSED @ http://localhost:8765/10_Saved_Analyses/_stcore/host-config:0
[  451954ms] [ERROR] Failed to load resource: net::ERR_CONNECTION_REFUSED @ http://localhost:8765/_stcore/host-config:0
[  451954ms] [ERROR] Client Error in reaching server endpoint - No response received when attempting to reach /_stcore/host-config @ http://localhost:8765/static/js/index.D2ZqaFuW.js:16
[  451954ms] [ERROR] Is Streamlit still running? If you accidentally stopped Streamlit, just restart it in your terminal: @ http://localhost:8765/static/js/index.D2ZqaFuW.js:21
[  452009ms] [ERROR] Failed to load resource: net::ERR_CONNECTION_REFUSED @ http://localhost:8765/_stcore/health:0
[  453963ms] [ERROR] Failed to load resource: net::ERR_CONNECTION_REFUSED @ http://localhost:8765/10_Saved_Analyses/_stcore/health:0
[  453963ms] [ERROR] Client Error in reaching server endpoint - No response received when attempting to reach /10_Saved_Analyses/_stcore/health @ http://localhost:8765/static/js/index.D2ZqaFuW.js:16
[  453963ms] [ERROR] Is Streamlit still running? If you accidentally stopped Streamlit, just restart it in your terminal: @ http://localhost:8765/static/js/index.D2ZqaFuW.js:21
[  453985ms] [ERROR] Failed to load resource: net::ERR_CONNECTION_REFUSED @ http://localhost:8765/10_Saved_Analyses/_stcore/host-config:0
[  455971ms] [ERROR] Failed to load resource: net::ERR_CONNECTION_REFUSED @ http://localhost:8765/_stcore/health:0
[  455971ms] [ERROR] Client Error in reaching server endpoint - No response received when attempting to reach /_stcore/health @ http://localhost:8765/static/js/index.D2ZqaFuW.js:16
[  455972ms] [ERROR] Is Streamlit still running? If you accidentally stopped Streamlit, just restart it in your terminal: @ http://localhost:8765/static/js/index.D2ZqaFuW.js:21
[  455993ms] [ERROR] Failed to load resource: net::ERR_CONNECTION_REFUSED @ http://localhost:8765/_stcore/host-config:0
[  457978ms] [ERROR] Failed to load resource: net::ERR_CONNECTION_REFUSED @ http://localhost:8765/10_Saved_Analyses/_stcore/health:0
[  457978ms] [ERROR] Client Error in reaching server endpoint - No response received when attempting to reach /10_Saved_Analyses/_stcore/health @ http://localhost:8765/static/js/index.D2ZqaFuW.js:16
[  457978ms] [ERROR] Is Streamlit still running? If you accidentally stopped Streamlit, just restart it in your terminal: @ http://localhost:8765/static/js/index.D2ZqaFuW.js:21
[  458001ms] [ERROR] Failed to load resource: net::ERR_CONNECTION_REFUSED @ http://localhost:8765/10_Saved_Analyses/_stcore/host-config:0
[  459985ms] [ERROR] Failed to load resource: net::ERR_CONNECTION_REFUSED @ http://localhost:8765/_stcore/health:0
[  459985ms] [ERROR] Client Error in reaching server endpoint - No response received when attempting to reach /_stcore/health @ http://localhost:8765/static/js/index.D2ZqaFuW.js:16
[  459985ms] [ERROR] Is Streamlit still running? If you accidentally stopped Streamlit, just restart it in your terminal: @ http://localhost:8765/static/js/index.D2ZqaFuW.js:21
[  460006ms] [ERROR] Failed to load resource: net::ERR_CONNECTION_REFUSED @ http://localhost:8765/_stcore/host-config:0
[  461994ms] [ERROR] Failed to load resource: net::ERR_CONNECTION_REFUSED @ http://localhost:8765/10_Saved_Analyses/_stcore/health:0
[  461994ms] [ERROR] Client Error in reaching server endpoint - No response received when attempting to reach /10_Saved_Analyses/_stcore/health @ http://localhost:8765/static/js/index.D2ZqaFuW.js:16
[  461994ms] [ERROR] Is Streamlit still running? If you accidentally stopped Streamlit, just restart it in your terminal: @ http://localhost:8765/static/js/index.D2ZqaFuW.js:21
[  462015ms] [ERROR] Failed to load resource: net::ERR_CONNECTION_REFUSED @ http://localhost:8765/10_Saved_Analyses/_stcore/host-config:0
[  464005ms] [ERROR] Failed to load resource: net::ERR_CONNECTION_REFUSED @ http://localhost:8765/_stcore/health:0
[  464005ms] [ERROR] Client Error in reaching server endpoint - No response received when attempting to reach /_stcore/health @ http://localhost:8765/static/js/index.D2ZqaFuW.js:16
[  464005ms] [ERROR] Is Streamlit still running? If you accidentally stopped Streamlit, just restart it in your terminal: @ http://localhost:8765/static/js/index.D2ZqaFuW.js:21
[  464005ms] [ERROR] Failed to load resource: net::ERR_CONNECTION_REFUSED @ http://localhost:8765/_stcore/host-config:0
[  466049ms] [ERROR] Failed to load resource: net::ERR_CONNECTION_REFUSED @ http://localhost:8765/10_Saved_Analyses/_stcore/health:0
[  466050ms] [ERROR] Client Error in reaching server endpoint - No response received when attempting to reach /10_Saved_Analyses/_stcore/health @ http://localhost:8765/static/js/index.D2ZqaFuW.js:16
[  466050ms] [ERROR] Is Streamlit still running? If you accidentally stopped Streamlit, just restart it in your terminal: @ http://localhost:8765/static/js/index.D2ZqaFuW.js:21
[  466083ms] [ERROR] Failed to load resource: net::ERR_CONNECTION_REFUSED @ http://localhost:8765/10_Saved_Analyses/_stcore/host-config:0
[  468057ms] [ERROR] Failed to load resource: net::ERR_CONNECTION_REFUSED @ http://localhost:8765/_stcore/health:0
[  468058ms] [ERROR] Client Error in reaching server endpoint - No response received when attempting to reach /_stcore/health @ http://localhost:8765/static/js/index.D2ZqaFuW.js:16
[  468058ms] [ERROR] Is Streamlit still running? If you accidentally stopped Streamlit, just restart it in your terminal: @ http://localhost:8765/static/js/index.D2ZqaFuW.js:21
[  468083ms] [ERROR] Failed to load resource: net::ERR_CONNECTION_REFUSED @ http://localhost:8765/_stcore/host-config:0
[  470066ms] [ERROR] Failed to load resource: net::ERR_CONNECTION_REFUSED @ http://localhost:8765/10_Saved_Analyses/_stcore/health:0
[  470066ms] [ERROR] Client Error in reaching server endpoint - No response received when attempting to reach /10_Saved_Analyses/_stcore/health @ http://localhost:8765/static/js/index.D2ZqaFuW.js:16
[  470067ms] [ERROR] Is Streamlit still running? If you accidentally stopped Streamlit, just restart it in your terminal: @ http://localhost:8765/static/js/index.D2ZqaFuW.js:21
[  470087ms] [ERROR] Failed to load resource: net::ERR_CONNECTION_REFUSED @ http://localhost:8765/10_Saved_Analyses/_stcore/host-config:0
[  472098ms] [ERROR] Failed to load resource: net::ERR_CONNECTION_REFUSED @ http://localhost:8765/_stcore/health:0
[  472098ms] [ERROR] Client Error in reaching server endpoint - No response received when attempting to reach /_stcore/health @ http://localhost:8765/static/js/index.D2ZqaFuW.js:16
[  472098ms] [ERROR] Is Streamlit still running? If you accidentally stopped Streamlit, just restart it in your terminal: @ http://localhost:8765/static/js/index.D2ZqaFuW.js:21
[  472123ms] [ERROR] Failed to load resource: net::ERR_CONNECTION_REFUSED @ http://localhost:8765/_stcore/host-config:0
[  474107ms] [ERROR] Failed to load resource: net::ERR_CONNECTION_REFUSED @ http://localhost:8765/10_Saved_Analyses/_stcore/health:0
[  474107ms] [ERROR] Client Error in reaching server endpoint - No response received when attempting to reach /10_Saved_Analyses/_stcore/health @ http://localhost:8765/static/js/index.D2ZqaFuW.js:16
[  474108ms] [ERROR] Is Streamlit still running? If you accidentally stopped Streamlit, just restart it in your terminal: @ http://localhost:8765/static/js/index.D2ZqaFuW.js:21
[  474109ms] [ERROR] Failed to load resource: net::ERR_CONNECTION_REFUSED @ http://localhost:8765/10_Saved_Analyses/_stcore/host-config:0
[  476118ms] [ERROR] Failed to load resource: net::ERR_CONNECTION_REFUSED @ http://localhost:8765/_stcore/health:0
[  476118ms] [ERROR] Client Error in reaching server endpoint - No response received when attempting to reach /_stcore/health @ http://localhost:8765/static/js/index.D2ZqaFuW.js:16
[  476118ms] [ERROR] Is Streamlit still running? If you accidentally stopped Streamlit, just restart it in your terminal: @ http://localhost:8765/static/js/index.D2ZqaFuW.js:21
[  476140ms] [ERROR] Failed to load resource: net::ERR_CONNECTION_REFUSED @ http://localhost:8765/_stcore/host-config:0
[  478123ms] [ERROR] Failed to load resource: net::ERR_CONNECTION_REFUSED @ http://localhost:8765/10_Saved_Analyses/_stcore/health:0
[  478123ms] [ERROR] Client Error in reaching server endpoint - No response received when attempting to reach /10_Saved_Analyses/_stcore/health @ http://localhost:8765/static/js/index.D2ZqaFuW.js:16
[  478123ms] [ERROR] Is Streamlit still running? If you accidentally stopped Streamlit, just restart it in your terminal: @ http://localhost:8765/static/js/index.D2ZqaFuW.js:21
[  478149ms] [ERROR] Failed to load resource: net::ERR_CONNECTION_REFUSED @ http://localhost:8765/10_Saved_Analyses/_stcore/host-config:0
[  480132ms] [ERROR] Failed to load resource: net::ERR_CONNECTION_REFUSED @ http://localhost:8765/_stcore/health:0
[  480132ms] [ERROR] Client Error in reaching server endpoint - No response received when attempting to reach /_stcore/health @ http://localhost:8765/static/js/index.D2ZqaFuW.js:16
[  480132ms] [ERROR] Is Streamlit still running? If you accidentally stopped Streamlit, just restart it in your terminal: @ http://localhost:8765/static/js/index.D2ZqaFuW.js:21
[  480153ms] [ERROR] Failed to load resource: net::ERR_CONNECTION_REFUSED @ http://localhost:8765/_stcore/host-config:0
[  482141ms] [ERROR] Failed to load resource: net::ERR_CONNECTION_REFUSED @ http://localhost:8765/10_Saved_Analyses/_stcore/health:0
[  482141ms] [ERROR] Client Error in reaching server endpoint - No response received when attempting to reach /10_Saved_Analyses/_stcore/health @ http://localhost:8765/static/js/index.D2ZqaFuW.js:16
[  482141ms] [ERROR] Is Streamlit still running? If you accidentally stopped Streamlit, just restart it in your terminal: @ http://localhost:8765/static/js/index.D2ZqaFuW.js:21
[  482190ms] [ERROR] Failed to load resource: net::ERR_CONNECTION_REFUSED @ http://localhost:8765/10_Saved_Analyses/_stcore/host-config:0
[  484155ms] [ERROR] Failed to load resource: net::ERR_CONNECTION_REFUSED @ http://localhost:8765/_stcore/health:0
[  484155ms] [ERROR] Client Error in reaching server endpoint - No response received when attempting to reach /_stcore/health @ http://localhost:8765/static/js/index.D2ZqaFuW.js:16
[  484155ms] [ERROR] Is Streamlit still running? If you accidentally stopped Streamlit, just restart it in your terminal: @ http://localhost:8765/static/js/index.D2ZqaFuW.js:21
[  484179ms] [ERROR] Failed to load resource: net::ERR_CONNECTION_REFUSED @ http://localhost:8765/_stcore/host-config:0
[  486162ms] [ERROR] Failed to load resource: net::ERR_CONNECTION_REFUSED @ http://localhost:8765/10_Saved_Analyses/_stcore/health:0
[  486162ms] [ERROR] Client Error in reaching server endpoint - No response received when attempting to reach /10_Saved_Analyses/_stcore/health @ http://localhost:8765/static/js/index.D2ZqaFuW.js:16
[  486162ms] [ERROR] Is Streamlit still running? If you accidentally stopped Streamlit, just restart it in your terminal: @ http://localhost:8765/static/js/index.D2ZqaFuW.js:21
[  486185ms] [ERROR] Failed to load resource: net::ERR_CONNECTION_REFUSED @ http://localhost:8765/10_Saved_Analyses/_stcore/host-config:0
[  488170ms] [ERROR] Failed to load resource: net::ERR_CONNECTION_REFUSED @ http://localhost:8765/_stcore/health:0
[  488170ms] [ERROR] Client Error in reaching server endpoint - No response received when attempting to reach /_stcore/health @ http://localhost:8765/static/js/index.D2ZqaFuW.js:16
[  488170ms] [ERROR] Is Streamlit still running? If you accidentally stopped Streamlit, just restart it in your terminal: @ http://localhost:8765/static/js/index.D2ZqaFuW.js:21
[  488193ms] [ERROR] Failed to load resource: net::ERR_CONNECTION_REFUSED @ http://localhost:8765/_stcore/host-config:0
[  490177ms] [ERROR] Failed to load resource: net::ERR_CONNECTION_REFUSED @ http://localhost:8765/10_Saved_Analyses/_stcore/health:0
[  490177ms] [ERROR] Client Error in reaching server endpoint - No response received when attempting to reach /10_Saved_Analyses/_stcore/health @ http://localhost:8765/static/js/index.D2ZqaFuW.js:16
[  490177ms] [ERROR] Is Streamlit still running? If you accidentally stopped Streamlit, just restart it in your terminal: @ http://localhost:8765/static/js/index.D2ZqaFuW.js:21
[  490202ms] [ERROR] Failed to load resource: net::ERR_CONNECTION_REFUSED @ http://localhost:8765/10_Saved_Analyses/_stcore/host-config:0
[  492182ms] [ERROR] Failed to load resource: net::ERR_CONNECTION_REFUSED @ http://localhost:8765/_stcore/health:0
[  492182ms] [ERROR] Client Error in reaching server endpoint - No response received when attempting to reach /_stcore/health @ http://localhost:8765/static/js/index.D2ZqaFuW.js:16
[  492182ms] [ERROR] Is Streamlit still running? If you accidentally stopped Streamlit, just restart it in your terminal: @ http://localhost:8765/static/js/index.D2ZqaFuW.js:21
[  492207ms] [ERROR] Failed to load resource: net::ERR_CONNECTION_REFUSED @ http://localhost:8765/_stcore/host-config:0
[  494189ms] [ERROR] Failed to load resource: net::ERR_CONNECTION_REFUSED @ http://localhost:8765/10_Saved_Analyses/_stcore/health:0
[  494189ms] [ERROR] Client Error in reaching server endpoint - No response received when attempting to reach /10_Saved_Analyses/_stcore/health @ http://localhost:8765/static/js/index.D2ZqaFuW.js:16
[  494189ms] [ERROR] Is Streamlit still running? If you accidentally stopped Streamlit, just restart it in your terminal: @ http://localhost:8765/static/js/index.D2ZqaFuW.js:21
[  494213ms] [ERROR] Failed to load resource: net::ERR_CONNECTION_REFUSED @ http://localhost:8765/10_Saved_Analyses/_stcore/host-config:0
[  496196ms] [ERROR] Failed to load resource: net::ERR_CONNECTION_REFUSED @ http://localhost:8765/_stcore/health:0
[  496196ms] [ERROR] Client Error in reaching server endpoint - No response received when attempting to reach /_stcore/health @ http://localhost:8765/static/js/index.D2ZqaFuW.js:16
[  496196ms] [ERROR] Is Streamlit still running? If you accidentally stopped Streamlit, just restart it in your terminal: @ http://localhost:8765/static/js/index.D2ZqaFuW.js:21
[  496217ms] [ERROR] Failed to load resource: net::ERR_CONNECTION_REFUSED @ http://localhost:8765/_stcore/host-config:0
[  498205ms] [ERROR] Failed to load resource: net::ERR_CONNECTION_REFUSED @ http://localhost:8765/10_Saved_Analyses/_stcore/health:0
[  498205ms] [ERROR] Client Error in reaching server endpoint - No response received when attempting to reach /10_Saved_Analyses/_stcore/health @ http://localhost:8765/static/js/index.D2ZqaFuW.js:16
[  498205ms] [ERROR] Is Streamlit still running? If you accidentally stopped Streamlit, just restart it in your terminal: @ http://localhost:8765/static/js/index.D2ZqaFuW.js:21
[  498206ms] [ERROR] Failed to load resource: net::ERR_CONNECTION_REFUSED @ http://localhost:8765/10_Saved_Analyses/_stcore/host-config:0
[  500215ms] [ERROR] Failed to load resource: net::ERR_CONNECTION_REFUSED @ http://localhost:8765/_stcore/health:0
[  500215ms] [ERROR] Client Error in reaching server endpoint - No response received when attempting to reach /_stcore/health @ http://localhost:8765/static/js/index.D2ZqaFuW.js:16
[  500216ms] [ERROR] Is Streamlit still running? If you accidentally stopped Streamlit, just restart it in your terminal: @ http://localhost:8765/static/js/index.D2ZqaFuW.js:21
[  500237ms] [ERROR] Failed to load resource: net::ERR_CONNECTION_REFUSED @ http://localhost:8765/_stcore/host-config:0
[  502224ms] [ERROR] Failed to load resource: net::ERR_CONNECTION_REFUSED @ http://localhost:8765/10_Saved_Analyses/_stcore/health:0
[  502224ms] [ERROR] Client Error in reaching server endpoint - No response received when attempting to reach /10_Saved_Analyses/_stcore/health @ http://localhost:8765/static/js/index.D2ZqaFuW.js:16
[  502224ms] [ERROR] Is Streamlit still running? If you accidentally stopped Streamlit, just restart it in your terminal: @ http://localhost:8765/static/js/index.D2ZqaFuW.js:21
[  502249ms] [ERROR] Failed to load resource: net::ERR_CONNECTION_REFUSED @ http://localhost:8765/10_Saved_Analyses/_stcore/host-config:0
[  504235ms] [ERROR] Failed to load resource: net::ERR_CONNECTION_REFUSED @ http://localhost:8765/_stcore/host-config:0
[  504235ms] [ERROR] Client Error in reaching server endpoint - No response received when attempting to reach /_stcore/host-config @ http://localhost:8765/static/js/index.D2ZqaFuW.js:16
[  504235ms] [ERROR] Is Streamlit still running? If you accidentally stopped Streamlit, just restart it in your terminal: @ http://localhost:8765/static/js/index.D2ZqaFuW.js:21
[  504260ms] [ERROR] Failed to load resource: net::ERR_CONNECTION_REFUSED @ http://localhost:8765/_stcore/health:0
[  506256ms] [ERROR] Failed to load resource: net::ERR_CONNECTION_REFUSED @ http://localhost:8765/10_Saved_Analyses/_stcore/health:0
[  506256ms] [ERROR] Client Error in reaching server endpoint - No response received when attempting to reach /10_Saved_Analyses/_stcore/health @ http://localhost:8765/static/js/index.D2ZqaFuW.js:16
[  506256ms] [ERROR] Is Streamlit still running? If you accidentally stopped Streamlit, just restart it in your terminal: @ http://localhost:8765/static/js/index.D2ZqaFuW.js:21
[  506283ms] [ERROR] Failed to load resource: net::ERR_CONNECTION_REFUSED @ http://localhost:8765/10_Saved_Analyses/_stcore/host-config:0
[  508266ms] [ERROR] Failed to load resource: net::ERR_CONNECTION_REFUSED @ http://localhost:8765/_stcore/health:0
[  508266ms] [ERROR] Client Error in reaching server endpoint - No response received when attempting to reach /_stcore/health @ http://localhost:8765/static/js/index.D2ZqaFuW.js:16
[  508266ms] [ERROR] Is Streamlit still running? If you accidentally stopped Streamlit, just restart it in your terminal: @ http://localhost:8765/static/js/index.D2ZqaFuW.js:21
[  508291ms] [ERROR] Failed to load resource: net::ERR_CONNECTION_REFUSED @ http://localhost:8765/_stcore/host-config:0
[  510274ms] [ERROR] Failed to load resource: net::ERR_CONNECTION_REFUSED @ http://localhost:8765/10_Saved_Analyses/_stcore/health:0
[  510274ms] [ERROR] Client Error in reaching server endpoint - No response received when attempting to reach /10_Saved_Analyses/_stcore/health @ http://localhost:8765/static/js/index.D2ZqaFuW.js:16
[  510275ms] [ERROR] Is Streamlit still running? If you accidentally stopped Streamlit, just restart it in your terminal: @ http://localhost:8765/static/js/index.D2ZqaFuW.js:21
[  510301ms] [ERROR] Failed to load resource: net::ERR_CONNECTION_REFUSED @ http://localhost:8765/10_Saved_Analyses/_stcore/host-config:0
[  512281ms] [ERROR] Failed to load resource: net::ERR_CONNECTION_REFUSED @ http://localhost:8765/_stcore/health:0
[  512281ms] [ERROR] Client Error in reaching server endpoint - No response received when attempting to reach /_stcore/health @ http://localhost:8765/static/js/index.D2ZqaFuW.js:16
[  512281ms] [ERROR] Is Streamlit still running? If you accidentally stopped Streamlit, just restart it in your terminal: @ http://localhost:8765/static/js/index.D2ZqaFuW.js:21
[  512303ms] [ERROR] Failed to load resource: net::ERR_CONNECTION_REFUSED @ http://localhost:8765/_stcore/host-config:0
[  514287ms] [ERROR] Failed to load resource: net::ERR_CONNECTION_REFUSED @ http://localhost:8765/10_Saved_Analyses/_stcore/health:0
[  514288ms] [ERROR] Client Error in reaching server endpoint - No response received when attempting to reach /10_Saved_Analyses/_stcore/health @ http://localhost:8765/static/js/index.D2ZqaFuW.js:16
[  514288ms] [ERROR] Is Streamlit still running? If you accidentally stopped Streamlit, just restart it in your terminal: @ http://localhost:8765/static/js/index.D2ZqaFuW.js:21
[  514310ms] [ERROR] Failed to load resource: net::ERR_CONNECTION_REFUSED @ http://localhost:8765/10_Saved_Analyses/_stcore/host-config:0
[  516294ms] [ERROR] Failed to load resource: net::ERR_CONNECTION_REFUSED @ http://localhost:8765/_stcore/health:0
[  516294ms] [ERROR] Client Error in reaching server endpoint - No response received when attempting to reach /_stcore/health @ http://localhost:8765/static/js/index.D2ZqaFuW.js:16
[  516294ms] [ERROR] Is Streamlit still running? If you accidentally stopped Streamlit, just restart it in your terminal: @ http://localhost:8765/static/js/index.D2ZqaFuW.js:21
[  516323ms] [ERROR] Failed to load resource: net::ERR_CONNECTION_REFUSED @ http://localhost:8765/_stcore/host-config:0
[  518302ms] [ERROR] Failed to load resource: net::ERR_CONNECTION_REFUSED @ http://localhost:8765/10_Saved_Analyses/_stcore/health:0
[  518303ms] [ERROR] Client Error in reaching server endpoint - No response received when attempting to reach /10_Saved_Analyses/_stcore/health @ http://localhost:8765/static/js/index.D2ZqaFuW.js:16
[  518303ms] [ERROR] Is Streamlit still running? If you accidentally stopped Streamlit, just restart it in your terminal: @ http://localhost:8765/static/js/index.D2ZqaFuW.js:21
[  518326ms] [ERROR] Failed to load resource: net::ERR_CONNECTION_REFUSED @ http://localhost:8765/10_Saved_Analyses/_stcore/host-config:0
[  520311ms] [ERROR] Failed to load resource: net::ERR_CONNECTION_REFUSED @ http://localhost:8765/_stcore/health:0
[  520312ms] [ERROR] Client Error in reaching server endpoint - No response received when attempting to reach /_stcore/health @ http://localhost:8765/static/js/index.D2ZqaFuW.js:16
[  520312ms] [ERROR] Is Streamlit still running? If you accidentally stopped Streamlit, just restart it in your terminal: @ http://localhost:8765/static/js/index.D2ZqaFuW.js:21
[  520334ms] [ERROR] Failed to load resource: net::ERR_CONNECTION_REFUSED @ http://localhost:8765/_stcore/host-config:0
[  522322ms] [ERROR] Failed to load resource: net::ERR_CONNECTION_REFUSED @ http://localhost:8765/10_Saved_Analyses/_stcore/host-config:0
[  522322ms] [ERROR] Client Error in reaching server endpoint - No response received when attempting to reach /10_Saved_Analyses/_stcore/host-config @ http://localhost:8765/static/js/index.D2ZqaFuW.js:16
[  522322ms] [ERROR] Is Streamlit still running? If you accidentally stopped Streamlit, just restart it in your terminal: @ http://localhost:8765/static/js/index.D2ZqaFuW.js:21
[  522322ms] [ERROR] Failed to load resource: net::ERR_CONNECTION_REFUSED @ http://localhost:8765/10_Saved_Analyses/_stcore/health:0
[  524328ms] [ERROR] Failed to load resource: net::ERR_CONNECTION_REFUSED @ http://localhost:8765/_stcore/health:0
[  524328ms] [ERROR] Client Error in reaching server endpoint - No response received when attempting to reach /_stcore/health @ http://localhost:8765/static/js/index.D2ZqaFuW.js:16
[  524329ms] [ERROR] Is Streamlit still running? If you accidentally stopped Streamlit, just restart it in your terminal: @ http://localhost:8765/static/js/index.D2ZqaFuW.js:21
[  524351ms] [ERROR] Failed to load resource: net::ERR_CONNECTION_REFUSED @ http://localhost:8765/_stcore/host-config:0
[  526335ms] [ERROR] Failed to load resource: net::ERR_CONNECTION_REFUSED @ http://localhost:8765/10_Saved_Analyses/_stcore/host-config:0
[  526335ms] [ERROR] Client Error in reaching server endpoint - No response received when attempting to reach /10_Saved_Analyses/_stcore/host-config @ http://localhost:8765/static/js/index.D2ZqaFuW.js:16
[  526335ms] [ERROR] Is Streamlit still running? If you accidentally stopped Streamlit, just restart it in your terminal: @ http://localhost:8765/static/js/index.D2ZqaFuW.js:21
[  526356ms] [ERROR] Failed to load resource: net::ERR_CONNECTION_REFUSED @ http://localhost:8765/10_Saved_Analyses/_stcore/health:0
[  528339ms] [ERROR] Failed to load resource: net::ERR_CONNECTION_REFUSED @ http://localhost:8765/_stcore/health:0
[  528339ms] [ERROR] Client Error in reaching server endpoint - No response received when attempting to reach /_stcore/health @ http://localhost:8765/static/js/index.D2ZqaFuW.js:16
[  528339ms] [ERROR] Is Streamlit still running? If you accidentally stopped Streamlit, just restart it in your terminal: @ http://localhost:8765/static/js/index.D2ZqaFuW.js:21
[  528360ms] [ERROR] Failed to load resource: net::ERR_CONNECTION_REFUSED @ http://localhost:8765/_stcore/host-config:0
[  530351ms] [ERROR] Failed to load resource: net::ERR_CONNECTION_REFUSED @ http://localhost:8765/10_Saved_Analyses/_stcore/host-config:0
[  530352ms] [ERROR] Client Error in reaching server endpoint - No response received when attempting to reach /10_Saved_Analyses/_stcore/host-config @ http://localhost:8765/static/js/index.D2ZqaFuW.js:16
[  530352ms] [ERROR] Is Streamlit still running? If you accidentally stopped Streamlit, just restart it in your terminal: @ http://localhost:8765/static/js/index.D2ZqaFuW.js:21
[  530380ms] [ERROR] Failed to load resource: net::ERR_CONNECTION_REFUSED @ http://localhost:8765/10_Saved_Analyses/_stcore/health:0
[  532356ms] [ERROR] Failed to load resource: net::ERR_CONNECTION_REFUSED @ http://localhost:8765/_stcore/health:0
[  532357ms] [ERROR] Client Error in reaching server endpoint - No response received when attempting to reach /_stcore/health @ http://localhost:8765/static/js/index.D2ZqaFuW.js:16
[  532357ms] [ERROR] Is Streamlit still running? If you accidentally stopped Streamlit, just restart it in your terminal: @ http://localhost:8765/static/js/index.D2ZqaFuW.js:21
[  532378ms] [ERROR] Failed to load resource: net::ERR_CONNECTION_REFUSED @ http://localhost:8765/_stcore/host-config:0
[  534363ms] [ERROR] Failed to load resource: net::ERR_CONNECTION_REFUSED @ http://localhost:8765/10_Saved_Analyses/_stcore/health:0
[  534364ms] [ERROR] Client Error in reaching server endpoint - No response received when attempting to reach /10_Saved_Analyses/_stcore/health @ http://localhost:8765/static/js/index.D2ZqaFuW.js:16
[  534364ms] [ERROR] Is Streamlit still running? If you accidentally stopped Streamlit, just restart it in your terminal: @ http://localhost:8765/static/js/index.D2ZqaFuW.js:21
[  534384ms] [ERROR] Failed to load resource: net::ERR_CONNECTION_REFUSED @ http://localhost:8765/10_Saved_Analyses/_stcore/host-config:0
[  536369ms] [ERROR] Failed to load resource: net::ERR_CONNECTION_REFUSED @ http://localhost:8765/_stcore/health:0
[  536369ms] [ERROR] Client Error in reaching server endpoint - No response received when attempting to reach /_stcore/health @ http://localhost:8765/static/js/index.D2ZqaFuW.js:16
[  536369ms] [ERROR] Is Streamlit still running? If you accidentally stopped Streamlit, just restart it in your terminal: @ http://localhost:8765/static/js/index.D2ZqaFuW.js:21
[  536388ms] [ERROR] Failed to load resource: net::ERR_CONNECTION_REFUSED @ http://localhost:8765/_stcore/host-config:0
[  538376ms] [ERROR] Failed to load resource: net::ERR_CONNECTION_REFUSED @ http://localhost:8765/10_Saved_Analyses/_stcore/health:0
[  538377ms] [ERROR] Client Error in reaching server endpoint - No response received when attempting to reach /10_Saved_Analyses/_stcore/health @ http://localhost:8765/static/js/index.D2ZqaFuW.js:16
[  538377ms] [ERROR] Is Streamlit still running? If you accidentally stopped Streamlit, just restart it in your terminal: @ http://localhost:8765/static/js/index.D2ZqaFuW.js:21
[  538398ms] [ERROR] Failed to load resource: net::ERR_CONNECTION_REFUSED @ http://localhost:8765/10_Saved_Analyses/_stcore/host-config:0
[  540385ms] [ERROR] Failed to load resource: net::ERR_CONNECTION_REFUSED @ http://localhost:8765/_stcore/health:0
[  540385ms] [ERROR] Client Error in reaching server endpoint - No response received when attempting to reach /_stcore/health @ http://localhost:8765/static/js/index.D2ZqaFuW.js:16
[  540385ms] [ERROR] Is Streamlit still running? If you accidentally stopped Streamlit, just restart it in your terminal: @ http://localhost:8765/static/js/index.D2ZqaFuW.js:21
[  540405ms] [ERROR] Failed to load resource: net::ERR_CONNECTION_REFUSED @ http://localhost:8765/_stcore/host-config:0
[  542389ms] [ERROR] Failed to load resource: net::ERR_CONNECTION_REFUSED @ http://localhost:8765/10_Saved_Analyses/_stcore/health:0
[  542389ms] [ERROR] Client Error in reaching server endpoint - No response received when attempting to reach /10_Saved_Analyses/_stcore/health @ http://localhost:8765/static/js/index.D2ZqaFuW.js:16
[  542389ms] [ERROR] Is Streamlit still running? If you accidentally stopped Streamlit, just restart it in your terminal: @ http://localhost:8765/static/js/index.D2ZqaFuW.js:21
[  542408ms] [ERROR] Failed to load resource: net::ERR_CONNECTION_REFUSED @ http://localhost:8765/10_Saved_Analyses/_stcore/host-config:0
[  544397ms] [ERROR] Failed to load resource: net::ERR_CONNECTION_REFUSED @ http://localhost:8765/_stcore/host-config:0
[  544397ms] [ERROR] Client Error in reaching server endpoint - No response received when attempting to reach /_stcore/host-config @ http://localhost:8765/static/js/index.D2ZqaFuW.js:16
[  544397ms] [ERROR] Is Streamlit still running? If you accidentally stopped Streamlit, just restart it in your terminal: @ http://localhost:8765/static/js/index.D2ZqaFuW.js:21
[  544418ms] [ERROR] Failed to load resource: net::ERR_CONNECTION_REFUSED @ http://localhost:8765/_stcore/health:0
[  546404ms] [ERROR] Failed to load resource: net::ERR_CONNECTION_REFUSED @ http://localhost:8765/10_Saved_Analyses/_stcore/health:0
[  546404ms] [ERROR] Client Error in reaching server endpoint - No response received when attempting to reach /10_Saved_Analyses/_stcore/health @ http://localhost:8765/static/js/index.D2ZqaFuW.js:16
[  546404ms] [ERROR] Is Streamlit still running? If you accidentally stopped Streamlit, just restart it in your terminal: @ http://localhost:8765/static/js/index.D2ZqaFuW.js:21
[  546426ms] [ERROR] Failed to load resource: net::ERR_CONNECTION_REFUSED @ http://localhost:8765/10_Saved_Analyses/_stcore/host-config:0
[  548410ms] [ERROR] Failed to load resource: net::ERR_CONNECTION_REFUSED @ http://localhost:8765/_stcore/health:0
[  548411ms] [ERROR] Client Error in reaching server endpoint - No response received when attempting to reach /_stcore/health @ http://localhost:8765/static/js/index.D2ZqaFuW.js:16
[  548411ms] [ERROR] Is Streamlit still running? If you accidentally stopped Streamlit, just restart it in your terminal: @ http://localhost:8765/static/js/index.D2ZqaFuW.js:21
[  548431ms] [ERROR] Failed to load resource: net::ERR_CONNECTION_REFUSED @ http://localhost:8765/_stcore/host-config:0
[  550419ms] [ERROR] Failed to load resource: net::ERR_CONNECTION_REFUSED @ http://localhost:8765/10_Saved_Analyses/_stcore/health:0
[  550419ms] [ERROR] Client Error in reaching server endpoint - No response received when attempting to reach /10_Saved_Analyses/_stcore/health @ http://localhost:8765/static/js/index.D2ZqaFuW.js:16
[  550419ms] [ERROR] Is Streamlit still running? If you accidentally stopped Streamlit, just restart it in your terminal: @ http://localhost:8765/static/js/index.D2ZqaFuW.js:21
[  550439ms] [ERROR] Failed to load resource: net::ERR_CONNECTION_REFUSED @ http://localhost:8765/10_Saved_Analyses/_stcore/host-config:0
[  552426ms] [ERROR] Failed to load resource: net::ERR_CONNECTION_REFUSED @ http://localhost:8765/_stcore/health:0
[  552426ms] [ERROR] Client Error in reaching server endpoint - No response received when attempting to reach /_stcore/health @ http://localhost:8765/static/js/index.D2ZqaFuW.js:16
[  552427ms] [ERROR] Is Streamlit still running? If you accidentally stopped Streamlit, just restart it in your terminal: @ http://localhost:8765/static/js/index.D2ZqaFuW.js:21
[  552448ms] [ERROR] Failed to load resource: net::ERR_CONNECTION_REFUSED @ http://localhost:8765/_stcore/host-config:0
[  554434ms] [ERROR] Failed to load resource: net::ERR_CONNECTION_REFUSED @ http://localhost:8765/10_Saved_Analyses/_stcore/health:0
[  554434ms] [ERROR] Client Error in reaching server endpoint - No response received when attempting to reach /10_Saved_Analyses/_stcore/health @ http://localhost:8765/static/js/index.D2ZqaFuW.js:16
[  554435ms] [ERROR] Is Streamlit still running? If you accidentally stopped Streamlit, just restart it in your terminal: @ http://localhost:8765/static/js/index.D2ZqaFuW.js:21
[  554455ms] [ERROR] Failed to load resource: net::ERR_CONNECTION_REFUSED @ http://localhost:8765/10_Saved_Analyses/_stcore/host-config:0
[  556442ms] [ERROR] Failed to load resource: net::ERR_CONNECTION_REFUSED @ http://localhost:8765/_stcore/health:0
[  556442ms] [ERROR] Client Error in reaching server endpoint - No response received when attempting to reach /_stcore/health @ http://localhost:8765/static/js/index.D2ZqaFuW.js:16
[  556443ms] [ERROR] Is Streamlit still running? If you accidentally stopped Streamlit, just restart it in your terminal: @ http://localhost:8765/static/js/index.D2ZqaFuW.js:21
[  556463ms] [ERROR] Failed to load resource: net::ERR_CONNECTION_REFUSED @ http://localhost:8765/_stcore/host-config:0
[  558449ms] [ERROR] Failed to load resource: net::ERR_CONNECTION_REFUSED @ http://localhost:8765/10_Saved_Analyses/_stcore/health:0
[  558449ms] [ERROR] Client Error in reaching server endpoint - No response received when attempting to reach /10_Saved_Analyses/_stcore/health @ http://localhost:8765/static/js/index.D2ZqaFuW.js:16
[  558449ms] [ERROR] Is Streamlit still running? If you accidentally stopped Streamlit, just restart it in your terminal: @ http://localhost:8765/static/js/index.D2ZqaFuW.js:21
[  558470ms] [ERROR] Failed to load resource: net::ERR_CONNECTION_REFUSED @ http://localhost:8765/10_Saved_Analyses/_stcore/host-config:0
[  560457ms] [ERROR] Failed to load resource: net::ERR_CONNECTION_REFUSED @ http://localhost:8765/_stcore/health:0
[  560457ms] [ERROR] Client Error in reaching server endpoint - No response received when attempting to reach /_stcore/health @ http://localhost:8765/static/js/index.D2ZqaFuW.js:16
[  560457ms] [ERROR] Is Streamlit still running? If you accidentally stopped Streamlit, just restart it in your terminal: @ http://localhost:8765/static/js/index.D2ZqaFuW.js:21
[  560479ms] [ERROR] Failed to load resource: net::ERR_CONNECTION_REFUSED @ http://localhost:8765/_stcore/host-config:0
[  562464ms] [ERROR] Failed to load resource: net::ERR_CONNECTION_REFUSED @ http://localhost:8765/10_Saved_Analyses/_stcore/health:0
[  562464ms] [ERROR] Client Error in reaching server endpoint - No response received when attempting to reach /10_Saved_Analyses/_stcore/health @ http://localhost:8765/static/js/index.D2ZqaFuW.js:16
[  562464ms] [ERROR] Is Streamlit still running? If you accidentally stopped Streamlit, just restart it in your terminal: @ http://localhost:8765/static/js/index.D2ZqaFuW.js:21
[  562484ms] [ERROR] Failed to load resource: net::ERR_CONNECTION_REFUSED @ http://localhost:8765/10_Saved_Analyses/_stcore/host-config:0
[  564471ms] [ERROR] Failed to load resource: net::ERR_CONNECTION_REFUSED @ http://localhost:8765/_stcore/health:0
[  564471ms] [ERROR] Client Error in reaching server endpoint - No response received when attempting to reach /_stcore/health @ http://localhost:8765/static/js/index.D2ZqaFuW.js:16
[  564471ms] [ERROR] Is Streamlit still running? If you accidentally stopped Streamlit, just restart it in your terminal: @ http://localhost:8765/static/js/index.D2ZqaFuW.js:21
[  564491ms] [ERROR] Failed to load resource: net::ERR_CONNECTION_REFUSED @ http://localhost:8765/_stcore/host-config:0
[  566478ms] [ERROR] Failed to load resource: net::ERR_CONNECTION_REFUSED @ http://localhost:8765/10_Saved_Analyses/_stcore/host-config:0
[  566478ms] [ERROR] Client Error in reaching server endpoint - No response received when attempting to reach /10_Saved_Analyses/_stcore/host-config @ http://localhost:8765/static/js/index.D2ZqaFuW.js:16
[  566479ms] [ERROR] Is Streamlit still running? If you accidentally stopped Streamlit, just restart it in your terminal: @ http://localhost:8765/static/js/index.D2ZqaFuW.js:21
[  566500ms] [ERROR] Failed to load resource: net::ERR_CONNECTION_REFUSED @ http://localhost:8765/10_Saved_Analyses/_stcore/health:0
[  568486ms] [ERROR] Failed to load resource: net::ERR_CONNECTION_REFUSED @ http://localhost:8765/_stcore/health:0
[  568486ms] [ERROR] Client Error in reaching server endpoint - No response received when attempting to reach /_stcore/health @ http://localhost:8765/static/js/index.D2ZqaFuW.js:16
[  568486ms] [ERROR] Is Streamlit still running? If you accidentally stopped Streamlit, just restart it in your terminal: @ http://localhost:8765/static/js/index.D2ZqaFuW.js:21
[  568507ms] [ERROR] Failed to load resource: net::ERR_CONNECTION_REFUSED @ http://localhost:8765/_stcore/host-config:0
[  570495ms] [ERROR] Failed to load resource: net::ERR_CONNECTION_REFUSED @ http://localhost:8765/10_Saved_Analyses/_stcore/health:0
[  570495ms] [ERROR] Client Error in reaching server endpoint - No response received when attempting to reach /10_Saved_Analyses/_stcore/health @ http://localhost:8765/static/js/index.D2ZqaFuW.js:16
[  570495ms] [ERROR] Is Streamlit still running? If you accidentally stopped Streamlit, just restart it in your terminal: @ http://localhost:8765/static/js/index.D2ZqaFuW.js:21
[  570515ms] [ERROR] Failed to load resource: net::ERR_CONNECTION_REFUSED @ http://localhost:8765/10_Saved_Analyses/_stcore/host-config:0
[  572502ms] [ERROR] Failed to load resource: net::ERR_CONNECTION_REFUSED @ http://localhost:8765/_stcore/health:0
[  572502ms] [ERROR] Client Error in reaching server endpoint - No response received when attempting to reach /_stcore/health @ http://localhost:8765/static/js/index.D2ZqaFuW.js:16
[  572503ms] [ERROR] Is Streamlit still running? If you accidentally stopped Streamlit, just restart it in your terminal: @ http://localhost:8765/static/js/index.D2ZqaFuW.js:21
[  572524ms] [ERROR] Failed to load resource: net::ERR_CONNECTION_REFUSED @ http://localhost:8765/_stcore/host-config:0
[  574510ms] [ERROR] Failed to load resource: net::ERR_CONNECTION_REFUSED @ http://localhost:8765/10_Saved_Analyses/_stcore/health:0
[  574511ms] [ERROR] Client Error in reaching server endpoint - No response received when attempting to reach /10_Saved_Analyses/_stcore/health @ http://localhost:8765/static/js/index.D2ZqaFuW.js:16
[  574511ms] [ERROR] Is Streamlit still running? If you accidentally stopped Streamlit, just restart it in your terminal: @ http://localhost:8765/static/js/index.D2ZqaFuW.js:21
[  574511ms] [ERROR] Failed to load resource: net::ERR_CONNECTION_REFUSED @ http://localhost:8765/10_Saved_Analyses/_stcore/host-config:0
[  576517ms] [ERROR] Failed to load resource: net::ERR_CONNECTION_REFUSED @ http://localhost:8765/_stcore/health:0
[  576517ms] [ERROR] Client Error in reaching server endpoint - No response received when attempting to reach /_stcore/health @ http://localhost:8765/static/js/index.D2ZqaFuW.js:16
[  576517ms] [ERROR] Is Streamlit still running? If you accidentally stopped Streamlit, just restart it in your terminal: @ http://localhost:8765/static/js/index.D2ZqaFuW.js:21
[  576537ms] [ERROR] Failed to load resource: net::ERR_CONNECTION_REFUSED @ http://localhost:8765/_stcore/host-config:0
[  578524ms] [ERROR] Failed to load resource: net::ERR_CONNECTION_REFUSED @ http://localhost:8765/10_Saved_Analyses/_stcore/health:0
[  578525ms] [ERROR] Client Error in reaching server endpoint - No response received when attempting to reach /10_Saved_Analyses/_stcore/health @ http://localhost:8765/static/js/index.D2ZqaFuW.js:16
[  578525ms] [ERROR] Is Streamlit still running? If you accidentally stopped Streamlit, just restart it in your terminal: @ http://localhost:8765/static/js/index.D2ZqaFuW.js:21
[  578545ms] [ERROR] Failed to load resource: net::ERR_CONNECTION_REFUSED @ http://localhost:8765/10_Saved_Analyses/_stcore/host-config:0
[  580533ms] [ERROR] Failed to load resource: net::ERR_CONNECTION_REFUSED @ http://localhost:8765/_stcore/health:0
[  580533ms] [ERROR] Client Error in reaching server endpoint - No response received when attempting to reach /_stcore/health @ http://localhost:8765/static/js/index.D2ZqaFuW.js:16
[  580533ms] [ERROR] Is Streamlit still running? If you accidentally stopped Streamlit, just restart it in your terminal: @ http://localhost:8765/static/js/index.D2ZqaFuW.js:21
[  580555ms] [ERROR] Failed to load resource: net::ERR_CONNECTION_REFUSED @ http://localhost:8765/_stcore/host-config:0
[  582541ms] [ERROR] Failed to load resource: net::ERR_CONNECTION_REFUSED @ http://localhost:8765/10_Saved_Analyses/_stcore/health:0
[  582541ms] [ERROR] Client Error in reaching server endpoint - No response received when attempting to reach /10_Saved_Analyses/_stcore/health @ http://localhost:8765/static/js/index.D2ZqaFuW.js:16
[  582541ms] [ERROR] Is Streamlit still running? If you accidentally stopped Streamlit, just restart it in your terminal: @ http://localhost:8765/static/js/index.D2ZqaFuW.js:21
[  582563ms] [ERROR] Failed to load resource: net::ERR_CONNECTION_REFUSED @ http://localhost:8765/10_Saved_Analyses/_stcore/host-config:0
[  584549ms] [ERROR] Failed to load resource: net::ERR_CONNECTION_REFUSED @ http://localhost:8765/_stcore/health:0
[  584549ms] [ERROR] Client Error in reaching server endpoint - No response received when attempting to reach /_stcore/health @ http://localhost:8765/static/js/index.D2ZqaFuW.js:16
[  584549ms] [ERROR] Is Streamlit still running? If you accidentally stopped Streamlit, just restart it in your terminal: @ http://localhost:8765/static/js/index.D2ZqaFuW.js:21
[  584571ms] [ERROR] Failed to load resource: net::ERR_CONNECTION_REFUSED @ http://localhost:8765/_stcore/host-config:0
[  586555ms] [ERROR] Failed to load resource: net::ERR_CONNECTION_REFUSED @ http://localhost:8765/10_Saved_Analyses/_stcore/health:0
[  586555ms] [ERROR] Client Error in reaching server endpoint - No response received when attempting to reach /10_Saved_Analyses/_stcore/health @ http://localhost:8765/static/js/index.D2ZqaFuW.js:16
[  586555ms] [ERROR] Is Streamlit still running? If you accidentally stopped Streamlit, just restart it in your terminal: @ http://localhost:8765/static/js/index.D2ZqaFuW.js:21
[  586577ms] [ERROR] Failed to load resource: net::ERR_CONNECTION_REFUSED @ http://localhost:8765/10_Saved_Analyses/_stcore/host-config:0
[  588565ms] [ERROR] Failed to load resource: net::ERR_CONNECTION_REFUSED @ http://localhost:8765/_stcore/host-config:0
[  588565ms] [ERROR] Client Error in reaching server endpoint - No response received when attempting to reach /_stcore/host-config @ http://localhost:8765/static/js/index.D2ZqaFuW.js:16
[  588566ms] [ERROR] Is Streamlit still running? If you accidentally stopped Streamlit, just restart it in your terminal: @ http://localhost:8765/static/js/index.D2ZqaFuW.js:21
[  588594ms] [ERROR] Failed to load resource: net::ERR_CONNECTION_REFUSED @ http://localhost:8765/_stcore/health:0
[  590639ms] [ERROR] Failed to load resource: net::ERR_CONNECTION_REFUSED @ http://localhost:8765/10_Saved_Analyses/_stcore/health:0
[  590639ms] [ERROR] Client Error in reaching server endpoint - No response received when attempting to reach /10_Saved_Analyses/_stcore/health @ http://localhost:8765/static/js/index.D2ZqaFuW.js:16
[  590639ms] [ERROR] Is Streamlit still running? If you accidentally stopped Streamlit, just restart it in your terminal: @ http://localhost:8765/static/js/index.D2ZqaFuW.js:21
[  590673ms] [ERROR] Failed to load resource: net::ERR_CONNECTION_REFUSED @ http://localhost:8765/10_Saved_Analyses/_stcore/host-config:0
[  592649ms] [ERROR] Failed to load resource: net::ERR_CONNECTION_REFUSED @ http://localhost:8765/_stcore/health:0
[  592649ms] [ERROR] Client Error in reaching server endpoint - No response received when attempting to reach /_stcore/health @ http://localhost:8765/static/js/index.D2ZqaFuW.js:16
[  592650ms] [ERROR] Is Streamlit still running? If you accidentally stopped Streamlit, just restart it in your terminal: @ http://localhost:8765/static/js/index.D2ZqaFuW.js:21
[  592679ms] [ERROR] Failed to load resource: net::ERR_CONNECTION_REFUSED @ http://localhost:8765/_stcore/host-config:0
[  594663ms] [ERROR] Failed to load resource: net::ERR_CONNECTION_REFUSED @ http://localhost:8765/10_Saved_Analyses/_stcore/host-config:0
[  594663ms] [ERROR] Client Error in reaching server endpoint - No response received when attempting to reach /10_Saved_Analyses/_stcore/host-config @ http://localhost:8765/static/js/index.D2ZqaFuW.js:16
[  594663ms] [ERROR] Is Streamlit still running? If you accidentally stopped Streamlit, just restart it in your terminal: @ http://localhost:8765/static/js/index.D2ZqaFuW.js:21
[  594664ms] [ERROR] Failed to load resource: net::ERR_CONNECTION_REFUSED @ http://localhost:8765/10_Saved_Analyses/_stcore/health:0
[  596673ms] [ERROR] Failed to load resource: net::ERR_CONNECTION_REFUSED @ http://localhost:8765/_stcore/host-config:0
[  596673ms] [ERROR] Client Error in reaching server endpoint - No response received when attempting to reach /_stcore/host-config @ http://localhost:8765/static/js/index.D2ZqaFuW.js:16
[  596674ms] [ERROR] Is Streamlit still running? If you accidentally stopped Streamlit, just restart it in your terminal: @ http://localhost:8765/static/js/index.D2ZqaFuW.js:21
[  596696ms] [ERROR] Failed to load resource: net::ERR_CONNECTION_REFUSED @ http://localhost:8765/_stcore/health:0
[  598679ms] [ERROR] Failed to load resource: net::ERR_CONNECTION_REFUSED @ http://localhost:8765/10_Saved_Analyses/_stcore/health:0
[  598679ms] [ERROR] Client Error in reaching server endpoint - No response received when attempting to reach /10_Saved_Analyses/_stcore/health @ http://localhost:8765/static/js/index.D2ZqaFuW.js:16
[  598679ms] [ERROR] Is Streamlit still running? If you accidentally stopped Streamlit, just restart it in your terminal: @ http://localhost:8765/static/js/index.D2ZqaFuW.js:21
[  598701ms] [ERROR] Failed to load resource: net::ERR_CONNECTION_REFUSED @ http://localhost:8765/10_Saved_Analyses/_stcore/host-config:0
[  600685ms] [ERROR] Failed to load resource: net::ERR_CONNECTION_REFUSED @ http://localhost:8765/_stcore/host-config:0
[  600685ms] [ERROR] Client Error in reaching server endpoint - No response received when attempting to reach /_stcore/host-config @ http://localhost:8765/static/js/index.D2ZqaFuW.js:16
[  600685ms] [ERROR] Is Streamlit still running? If you accidentally stopped Streamlit, just restart it in your terminal: @ http://localhost:8765/static/js/index.D2ZqaFuW.js:21
[  600710ms] [ERROR] Failed to load resource: net::ERR_CONNECTION_REFUSED @ http://localhost:8765/_stcore/health:0
[  602692ms] [ERROR] Failed to load resource: net::ERR_CONNECTION_REFUSED @ http://localhost:8765/10_Saved_Analyses/_stcore/health:0
[  602692ms] [ERROR] Client Error in reaching server endpoint - No response received when attempting to reach /10_Saved_Analyses/_stcore/health @ http://localhost:8765/static/js/index.D2ZqaFuW.js:16
[  602692ms] [ERROR] Is Streamlit still running? If you accidentally stopped Streamlit, just restart it in your terminal: @ http://localhost:8765/static/js/index.D2ZqaFuW.js:21
[  602693ms] [ERROR] Failed to load resource: net::ERR_CONNECTION_REFUSED @ http://localhost:8765/10_Saved_Analyses/_stcore/host-config:0
[  604706ms] [ERROR] Failed to load resource: net::ERR_CONNECTION_REFUSED @ http://localhost:8765/_stcore/host-config:0
[  604707ms] [ERROR] Client Error in reaching server endpoint - No response received when attempting to reach /_stcore/host-config @ http://localhost:8765/static/js/index.D2ZqaFuW.js:16
[  604707ms] [ERROR] Is Streamlit still running? If you accidentally stopped Streamlit, just restart it in your terminal: @ http://localhost:8765/static/js/index.D2ZqaFuW.js:21
[  604744ms] [ERROR] Failed to load resource: net::ERR_CONNECTION_REFUSED @ http://localhost:8765/_stcore/health:0
[  606729ms] [ERROR] Failed to load resource: net::ERR_CONNECTION_REFUSED @ http://localhost:8765/10_Saved_Analyses/_stcore/health:0
[  606729ms] [ERROR] Client Error in reaching server endpoint - No response received when attempting to reach /10_Saved_Analyses/_stcore/health @ http://localhost:8765/static/js/index.D2ZqaFuW.js:16
[  606729ms] [ERROR] Is Streamlit still running? If you accidentally stopped Streamlit, just restart it in your terminal: @ http://localhost:8765/static/js/index.D2ZqaFuW.js:21
[  606753ms] [ERROR] Failed to load resource: net::ERR_CONNECTION_REFUSED @ http://localhost:8765/10_Saved_Analyses/_stcore/host-config:0
[  608734ms] [ERROR] Failed to load resource: net::ERR_CONNECTION_REFUSED @ http://localhost:8765/_stcore/health:0
[  608734ms] [ERROR] Client Error in reaching server endpoint - No response received when attempting to reach /_stcore/health @ http://localhost:8765/static/js/index.D2ZqaFuW.js:16
[  608734ms] [ERROR] Is Streamlit still running? If you accidentally stopped Streamlit, just restart it in your terminal: @ http://localhost:8765/static/js/index.D2ZqaFuW.js:21
[  608756ms] [ERROR] Failed to load resource: net::ERR_CONNECTION_REFUSED @ http://localhost:8765/_stcore/host-config:0
[  610740ms] [ERROR] Failed to load resource: net::ERR_CONNECTION_REFUSED @ http://localhost:8765/10_Saved_Analyses/_stcore/host-config:0
[  610741ms] [ERROR] Client Error in reaching server endpoint - No response received when attempting to reach /10_Saved_Analyses/_stcore/host-config @ http://localhost:8765/static/js/index.D2ZqaFuW.js:16
[  610741ms] [ERROR] Is Streamlit still running? If you accidentally stopped Streamlit, just restart it in your terminal: @ http://localhost:8765/static/js/index.D2ZqaFuW.js:21
[  610762ms] [ERROR] Failed to load resource: net::ERR_CONNECTION_REFUSED @ http://localhost:8765/10_Saved_Analyses/_stcore/health:0
[  612753ms] [ERROR] Failed to load resource: net::ERR_CONNECTION_REFUSED @ http://localhost:8765/_stcore/health:0
[  612753ms] [ERROR] Client Error in reaching server endpoint - No response received when attempting to reach /_stcore/health @ http://localhost:8765/static/js/index.D2ZqaFuW.js:16
[  612753ms] [ERROR] Is Streamlit still running? If you accidentally stopped Streamlit, just restart it in your terminal: @ http://localhost:8765/static/js/index.D2ZqaFuW.js:21
[  612753ms] [ERROR] Failed to load resource: net::ERR_CONNECTION_REFUSED @ http://localhost:8765/_stcore/host-config:0
[  614757ms] [ERROR] Failed to load resource: net::ERR_CONNECTION_REFUSED @ http://localhost:8765/10_Saved_Analyses/_stcore/health:0
[  614757ms] [ERROR] Client Error in reaching server endpoint - No response received when attempting to reach /10_Saved_Analyses/_stcore/health @ http://localhost:8765/static/js/index.D2ZqaFuW.js:16
[  614757ms] [ERROR] Is Streamlit still running? If you accidentally stopped Streamlit, just restart it in your terminal: @ http://localhost:8765/static/js/index.D2ZqaFuW.js:21
[  614780ms] [ERROR] Failed to load resource: net::ERR_CONNECTION_REFUSED @ http://localhost:8765/10_Saved_Analyses/_stcore/host-config:0
[  616762ms] [ERROR] Failed to load resource: net::ERR_CONNECTION_REFUSED @ http://localhost:8765/_stcore/health:0
[  616762ms] [ERROR] Client Error in reaching server endpoint - No response received when attempting to reach /_stcore/health @ http://localhost:8765/static/js/index.D2ZqaFuW.js:16
[  616762ms] [ERROR] Is Streamlit still running? If you accidentally stopped Streamlit, just restart it in your terminal: @ http://localhost:8765/static/js/index.D2ZqaFuW.js:21
[  616781ms] [ERROR] Failed to load resource: net::ERR_CONNECTION_REFUSED @ http://localhost:8765/_stcore/host-config:0
[  618770ms] [ERROR] Failed to load resource: net::ERR_CONNECTION_REFUSED @ http://localhost:8765/10_Saved_Analyses/_stcore/health:0
[  618770ms] [ERROR] Client Error in reaching server endpoint - No response received when attempting to reach /10_Saved_Analyses/_stcore/health @ http://localhost:8765/static/js/index.D2ZqaFuW.js:16
[  618770ms] [ERROR] Is Streamlit still running? If you accidentally stopped Streamlit, just restart it in your terminal: @ http://localhost:8765/static/js/index.D2ZqaFuW.js:21
[  618793ms] [ERROR] Failed to load resource: net::ERR_CONNECTION_REFUSED @ http://localhost:8765/10_Saved_Analyses/_stcore/host-config:0
[  620778ms] [ERROR] Failed to load resource: net::ERR_CONNECTION_REFUSED @ http://localhost:8765/_stcore/health:0
[  620778ms] [ERROR] Client Error in reaching server endpoint - No response received when attempting to reach /_stcore/health @ http://localhost:8765/static/js/index.D2ZqaFuW.js:16
[  620778ms] [ERROR] Is Streamlit still running? If you accidentally stopped Streamlit, just restart it in your terminal: @ http://localhost:8765/static/js/index.D2ZqaFuW.js:21
[  620799ms] [ERROR] Failed to load resource: net::ERR_CONNECTION_REFUSED @ http://localhost:8765/_stcore/host-config:0
[  622793ms] [ERROR] Failed to load resource: net::ERR_CONNECTION_REFUSED @ http://localhost:8765/10_Saved_Analyses/_stcore/health:0
[  622793ms] [ERROR] Client Error in reaching server endpoint - No response received when attempting to reach /10_Saved_Analyses/_stcore/health @ http://localhost:8765/static/js/index.D2ZqaFuW.js:16
[  622793ms] [ERROR] Is Streamlit still running? If you accidentally stopped Streamlit, just restart it in your terminal: @ http://localhost:8765/static/js/index.D2ZqaFuW.js:21
[  622793ms] [ERROR] Failed to load resource: net::ERR_CONNECTION_REFUSED @ http://localhost:8765/10_Saved_Analyses/_stcore/host-config:0
[  624797ms] [ERROR] Failed to load resource: net::ERR_CONNECTION_REFUSED @ http://localhost:8765/_stcore/health:0
[  624798ms] [ERROR] Client Error in reaching server endpoint - No response received when attempting to reach /_stcore/health @ http://localhost:8765/static/js/index.D2ZqaFuW.js:16
[  624798ms] [ERROR] Is Streamlit still running? If you accidentally stopped Streamlit, just restart it in your terminal: @ http://localhost:8765/static/js/index.D2ZqaFuW.js:21
[  624819ms] [ERROR] Failed to load resource: net::ERR_CONNECTION_REFUSED @ http://localhost:8765/_stcore/host-config:0
[  626807ms] [ERROR] Failed to load resource: net::ERR_CONNECTION_REFUSED @ http://localhost:8765/10_Saved_Analyses/_stcore/health:0
[  626807ms] [ERROR] Client Error in reaching server endpoint - No response received when attempting to reach /10_Saved_Analyses/_stcore/health @ http://localhost:8765/static/js/index.D2ZqaFuW.js:16
[  626807ms] [ERROR] Is Streamlit still running? If you accidentally stopped Streamlit, just restart it in your terminal: @ http://localhost:8765/static/js/index.D2ZqaFuW.js:21
[  626808ms] [ERROR] Failed to load resource: net::ERR_CONNECTION_REFUSED @ http://localhost:8765/10_Saved_Analyses/_stcore/host-config:0
[  628815ms] [ERROR] Failed to load resource: net::ERR_CONNECTION_REFUSED @ http://localhost:8765/_stcore/host-config:0
[  628815ms] [ERROR] Client Error in reaching server endpoint - No response received when attempting to reach /_stcore/host-config @ http://localhost:8765/static/js/index.D2ZqaFuW.js:16
[  628815ms] [ERROR] Is Streamlit still running? If you accidentally stopped Streamlit, just restart it in your terminal: @ http://localhost:8765/static/js/index.D2ZqaFuW.js:21
[  628832ms] [ERROR] Failed to load resource: net::ERR_CONNECTION_REFUSED @ http://localhost:8765/_stcore/health:0
[  630825ms] [ERROR] Failed to load resource: net::ERR_CONNECTION_REFUSED @ http://localhost:8765/10_Saved_Analyses/_stcore/host-config:0
[  630825ms] [ERROR] Client Error in reaching server endpoint - No response received when attempting to reach /10_Saved_Analyses/_stcore/host-config @ http://localhost:8765/static/js/index.D2ZqaFuW.js:16
[  630825ms] [ERROR] Is Streamlit still running? If you accidentally stopped Streamlit, just restart it in your terminal: @ http://localhost:8765/static/js/index.D2ZqaFuW.js:21
[  630846ms] [ERROR] Failed to load resource: net::ERR_CONNECTION_REFUSED @ http://localhost:8765/10_Saved_Analyses/_stcore/health:0
[  632830ms] [ERROR] Failed to load resource: net::ERR_CONNECTION_REFUSED @ http://localhost:8765/_stcore/health:0
[  632831ms] [ERROR] Client Error in reaching server endpoint - No response received when attempting to reach /_stcore/health @ http://localhost:8765/static/js/index.D2ZqaFuW.js:16
[  632831ms] [ERROR] Is Streamlit still running? If you accidentally stopped Streamlit, just restart it in your terminal: @ http://localhost:8765/static/js/index.D2ZqaFuW.js:21
[  632852ms] [ERROR] Failed to load resource: net::ERR_CONNECTION_REFUSED @ http://localhost:8765/_stcore/host-config:0
[  634842ms] [ERROR] Failed to load resource: net::ERR_CONNECTION_REFUSED @ http://localhost:8765/10_Saved_Analyses/_stcore/health:0
[  634843ms] [ERROR] Client Error in reaching server endpoint - No response received when attempting to reach /10_Saved_Analyses/_stcore/health @ http://localhost:8765/static/js/index.D2ZqaFuW.js:16
[  634843ms] [ERROR] Is Streamlit still running? If you accidentally stopped Streamlit, just restart it in your terminal: @ http://localhost:8765/static/js/index.D2ZqaFuW.js:21
[  634862ms] [ERROR] Failed to load resource: net::ERR_CONNECTION_REFUSED @ http://localhost:8765/10_Saved_Analyses/_stcore/host-config:0
[  636848ms] [ERROR] Failed to load resource: net::ERR_CONNECTION_REFUSED @ http://localhost:8765/_stcore/health:0
[  636848ms] [ERROR] Client Error in reaching server endpoint - No response received when attempting to reach /_stcore/health @ http://localhost:8765/static/js/index.D2ZqaFuW.js:16
[  636848ms] [ERROR] Is Streamlit still running? If you accidentally stopped Streamlit, just restart it in your terminal: @ http://localhost:8765/static/js/index.D2ZqaFuW.js:21
[  636870ms] [ERROR] Failed to load resource: net::ERR_CONNECTION_REFUSED @ http://localhost:8765/_stcore/host-config:0
[  638853ms] [ERROR] Failed to load resource: net::ERR_CONNECTION_REFUSED @ http://localhost:8765/10_Saved_Analyses/_stcore/host-config:0
[  638853ms] [ERROR] Client Error in reaching server endpoint - No response received when attempting to reach /10_Saved_Analyses/_stcore/host-config @ http://localhost:8765/static/js/index.D2ZqaFuW.js:16
[  638853ms] [ERROR] Is Streamlit still running? If you accidentally stopped Streamlit, just restart it in your terminal: @ http://localhost:8765/static/js/index.D2ZqaFuW.js:21
[  638875ms] [ERROR] Failed to load resource: net::ERR_CONNECTION_REFUSED @ http://localhost:8765/10_Saved_Analyses/_stcore/health:0
[  640860ms] [ERROR] Failed to load resource: net::ERR_CONNECTION_REFUSED @ http://localhost:8765/_stcore/health:0
[  640860ms] [ERROR] Client Error in reaching server endpoint - No response received when attempting to reach /_stcore/health @ http://localhost:8765/static/js/index.D2ZqaFuW.js:16
[  640860ms] [ERROR] Is Streamlit still running? If you accidentally stopped Streamlit, just restart it in your terminal: @ http://localhost:8765/static/js/index.D2ZqaFuW.js:21
[  640879ms] [ERROR] Failed to load resource: net::ERR_CONNECTION_REFUSED @ http://localhost:8765/_stcore/host-config:0
[  642865ms] [ERROR] Failed to load resource: net::ERR_CONNECTION_REFUSED @ http://localhost:8765/10_Saved_Analyses/_stcore/health:0
[  642865ms] [ERROR] Client Error in reaching server endpoint - No response received when attempting to reach /10_Saved_Analyses/_stcore/health @ http://localhost:8765/static/js/index.D2ZqaFuW.js:16
[  642865ms] [ERROR] Is Streamlit still running? If you accidentally stopped Streamlit, just restart it in your terminal: @ http://localhost:8765/static/js/index.D2ZqaFuW.js:21
[  642883ms] [ERROR] Failed to load resource: net::ERR_CONNECTION_REFUSED @ http://localhost:8765/10_Saved_Analyses/_stcore/host-config:0
[  644872ms] [ERROR] Failed to load resource: net::ERR_CONNECTION_REFUSED @ http://localhost:8765/_stcore/health:0
[  644872ms] [ERROR] Client Error in reaching server endpoint - No response received when attempting to reach /_stcore/health @ http://localhost:8765/static/js/index.D2ZqaFuW.js:16
[  644873ms] [ERROR] Is Streamlit still running? If you accidentally stopped Streamlit, just restart it in your terminal: @ http://localhost:8765/static/js/index.D2ZqaFuW.js:21
[  644895ms] [ERROR] Failed to load resource: net::ERR_CONNECTION_REFUSED @ http://localhost:8765/_stcore/host-config:0
[  646880ms] [ERROR] Failed to load resource: net::ERR_CONNECTION_REFUSED @ http://localhost:8765/10_Saved_Analyses/_stcore/health:0
[  646880ms] [ERROR] Client Error in reaching server endpoint - No response received when attempting to reach /10_Saved_Analyses/_stcore/health @ http://localhost:8765/static/js/index.D2ZqaFuW.js:16
[  646880ms] [ERROR] Is Streamlit still running? If you accidentally stopped Streamlit, just restart it in your terminal: @ http://localhost:8765/static/js/index.D2ZqaFuW.js:21
[  646900ms] [ERROR] Failed to load resource: net::ERR_CONNECTION_REFUSED @ http://localhost:8765/10_Saved_Analyses/_stcore/host-config:0
[  648886ms] [ERROR] Failed to load resource: net::ERR_CONNECTION_REFUSED @ http://localhost:8765/_stcore/health:0
[  648887ms] [ERROR] Client Error in reaching server endpoint - No response received when attempting to reach /_stcore/health @ http://localhost:8765/static/js/index.D2ZqaFuW.js:16
[  648887ms] [ERROR] Is Streamlit still running? If you accidentally stopped Streamlit, just restart it in your terminal: @ http://localhost:8765/static/js/index.D2ZqaFuW.js:21
[  648907ms] [ERROR] Failed to load resource: net::ERR_CONNECTION_REFUSED @ http://localhost:8765/_stcore/host-config:0
[  650894ms] [ERROR] Failed to load resource: net::ERR_CONNECTION_REFUSED @ http://localhost:8765/10_Saved_Analyses/_stcore/health:0
[  650894ms] [ERROR] Client Error in reaching server endpoint - No response received when attempting to reach /10_Saved_Analyses/_stcore/health @ http://localhost:8765/static/js/index.D2ZqaFuW.js:16
[  650894ms] [ERROR] Is Streamlit still running? If you accidentally stopped Streamlit, just restart it in your terminal: @ http://localhost:8765/static/js/index.D2ZqaFuW.js:21
[  650915ms] [ERROR] Failed to load resource: net::ERR_CONNECTION_REFUSED @ http://localhost:8765/10_Saved_Analyses/_stcore/host-config:0
[  652902ms] [ERROR] Failed to load resource: net::ERR_CONNECTION_REFUSED @ http://localhost:8765/_stcore/health:0
[  652902ms] [ERROR] Client Error in reaching server endpoint - No response received when attempting to reach /_stcore/health @ http://localhost:8765/static/js/index.D2ZqaFuW.js:16
[  652902ms] [ERROR] Is Streamlit still running? If you accidentally stopped Streamlit, just restart it in your terminal: @ http://localhost:8765/static/js/index.D2ZqaFuW.js:21
[  652923ms] [ERROR] Failed to load resource: net::ERR_CONNECTION_REFUSED @ http://localhost:8765/_stcore/host-config:0
[  654909ms] [ERROR] Failed to load resource: net::ERR_CONNECTION_REFUSED @ http://localhost:8765/10_Saved_Analyses/_stcore/health:0
[  654910ms] [ERROR] Client Error in reaching server endpoint - No response received when attempting to reach /10_Saved_Analyses/_stcore/health @ http://localhost:8765/static/js/index.D2ZqaFuW.js:16
[  654910ms] [ERROR] Is Streamlit still running? If you accidentally stopped Streamlit, just restart it in your terminal: @ http://localhost:8765/static/js/index.D2ZqaFuW.js:21
[  654930ms] [ERROR] Failed to load resource: net::ERR_CONNECTION_REFUSED @ http://localhost:8765/10_Saved_Analyses/_stcore/host-config:0
[  656918ms] [ERROR] Failed to load resource: net::ERR_CONNECTION_REFUSED @ http://localhost:8765/_stcore/health:0
[  656918ms] [ERROR] Client Error in reaching server endpoint - No response received when attempting to reach /_stcore/health @ http://localhost:8765/static/js/index.D2ZqaFuW.js:16
[  656918ms] [ERROR] Is Streamlit still running? If you accidentally stopped Streamlit, just restart it in your terminal: @ http://localhost:8765/static/js/index.D2ZqaFuW.js:21
[  656941ms] [ERROR] Failed to load resource: net::ERR_CONNECTION_REFUSED @ http://localhost:8765/_stcore/host-config:0
[  658929ms] [ERROR] Failed to load resource: net::ERR_CONNECTION_REFUSED @ http://localhost:8765/10_Saved_Analyses/_stcore/health:0
[  658929ms] [ERROR] Client Error in reaching server endpoint - No response received when attempting to reach /10_Saved_Analyses/_stcore/health @ http://localhost:8765/static/js/index.D2ZqaFuW.js:16
[  658930ms] [ERROR] Is Streamlit still running? If you accidentally stopped Streamlit, just restart it in your terminal: @ http://localhost:8765/static/js/index.D2ZqaFuW.js:21
[  658951ms] [ERROR] Failed to load resource: net::ERR_CONNECTION_REFUSED @ http://localhost:8765/10_Saved_Analyses/_stcore/host-config:0
[  660936ms] [ERROR] Failed to load resource: net::ERR_CONNECTION_REFUSED @ http://localhost:8765/_stcore/health:0
[  660936ms] [ERROR] Client Error in reaching server endpoint - No response received when attempting to reach /_stcore/health @ http://localhost:8765/static/js/index.D2ZqaFuW.js:16
[  660936ms] [ERROR] Is Streamlit still running? If you accidentally stopped Streamlit, just restart it in your terminal: @ http://localhost:8765/static/js/index.D2ZqaFuW.js:21
[  660957ms] [ERROR] Failed to load resource: net::ERR_CONNECTION_REFUSED @ http://localhost:8765/_stcore/host-config:0
[  662943ms] [ERROR] Failed to load resource: net::ERR_CONNECTION_REFUSED @ http://localhost:8765/10_Saved_Analyses/_stcore/health:0
[  662943ms] [ERROR] Client Error in reaching server endpoint - No response received when attempting to reach /10_Saved_Analyses/_stcore/health @ http://localhost:8765/static/js/index.D2ZqaFuW.js:16
[  662944ms] [ERROR] Is Streamlit still running? If you accidentally stopped Streamlit, just restart it in your terminal: @ http://localhost:8765/static/js/index.D2ZqaFuW.js:21
[  662964ms] [ERROR] Failed to load resource: net::ERR_CONNECTION_REFUSED @ http://localhost:8765/10_Saved_Analyses/_stcore/host-config:0
[  664951ms] [ERROR] Failed to load resource: net::ERR_CONNECTION_REFUSED @ http://localhost:8765/_stcore/health:0
[  664951ms] [ERROR] Client Error in reaching server endpoint - No response received when attempting to reach /_stcore/health @ http://localhost:8765/static/js/index.D2ZqaFuW.js:16
[  664951ms] [ERROR] Is Streamlit still running? If you accidentally stopped Streamlit, just restart it in your terminal: @ http://localhost:8765/static/js/index.D2ZqaFuW.js:21
[  664972ms] [ERROR] Failed to load resource: net::ERR_CONNECTION_REFUSED @ http://localhost:8765/_stcore/host-config:0
[  666959ms] [ERROR] Failed to load resource: net::ERR_CONNECTION_REFUSED @ http://localhost:8765/10_Saved_Analyses/_stcore/health:0
[  666959ms] [ERROR] Client Error in reaching server endpoint - No response received when attempting to reach /10_Saved_Analyses/_stcore/health @ http://localhost:8765/static/js/index.D2ZqaFuW.js:16
[  666959ms] [ERROR] Is Streamlit still running? If you accidentally stopped Streamlit, just restart it in your terminal: @ http://localhost:8765/static/js/index.D2ZqaFuW.js:21
[  666984ms] [ERROR] Failed to load resource: net::ERR_CONNECTION_REFUSED @ http://localhost:8765/10_Saved_Analyses/_stcore/host-config:0
[  668965ms] [ERROR] Failed to load resource: net::ERR_CONNECTION_REFUSED @ http://localhost:8765/_stcore/health:0
[  668965ms] [ERROR] Client Error in reaching server endpoint - No response received when attempting to reach /_stcore/health @ http://localhost:8765/static/js/index.D2ZqaFuW.js:16
[  668965ms] [ERROR] Is Streamlit still running? If you accidentally stopped Streamlit, just restart it in your terminal: @ http://localhost:8765/static/js/index.D2ZqaFuW.js:21
[  668989ms] [ERROR] Failed to load resource: net::ERR_CONNECTION_REFUSED @ http://localhost:8765/_stcore/host-config:0
[  670978ms] [ERROR] Failed to load resource: net::ERR_CONNECTION_REFUSED @ http://localhost:8765/10_Saved_Analyses/_stcore/host-config:0
[  670978ms] [ERROR] Client Error in reaching server endpoint - No response received when attempting to reach /10_Saved_Analyses/_stcore/host-config @ http://localhost:8765/static/js/index.D2ZqaFuW.js:16
[  670978ms] [ERROR] Is Streamlit still running? If you accidentally stopped Streamlit, just restart it in your terminal: @ http://localhost:8765/static/js/index.D2ZqaFuW.js:21
[  670979ms] [ERROR] Failed to load resource: net::ERR_CONNECTION_REFUSED @ http://localhost:8765/10_Saved_Analyses/_stcore/health:0
[  672983ms] [ERROR] Failed to load resource: net::ERR_CONNECTION_REFUSED @ http://localhost:8765/_stcore/host-config:0
[  672983ms] [ERROR] Client Error in reaching server endpoint - No response received when attempting to reach /_stcore/host-config @ http://localhost:8765/static/js/index.D2ZqaFuW.js:16
[  672984ms] [ERROR] Is Streamlit still running? If you accidentally stopped Streamlit, just restart it in your terminal: @ http://localhost:8765/static/js/index.D2ZqaFuW.js:21
[  673007ms] [ERROR] Failed to load resource: net::ERR_CONNECTION_REFUSED @ http://localhost:8765/_stcore/health:0
[  674993ms] [ERROR] Failed to load resource: net::ERR_CONNECTION_REFUSED @ http://localhost:8765/10_Saved_Analyses/_stcore/host-config:0
[  674994ms] [ERROR] Client Error in reaching server endpoint - No response received when attempting to reach /10_Saved_Analyses/_stcore/host-config @ http://localhost:8765/static/js/index.D2ZqaFuW.js:16
[  674994ms] [ERROR] Is Streamlit still running? If you accidentally stopped Streamlit, just restart it in your terminal: @ http://localhost:8765/static/js/index.D2ZqaFuW.js:21
[  675014ms] [ERROR] Failed to load resource: net::ERR_CONNECTION_REFUSED @ http://localhost:8765/10_Saved_Analyses/_stcore/health:0
[  677000ms] [ERROR] Failed to load resource: net::ERR_CONNECTION_REFUSED @ http://localhost:8765/_stcore/health:0
[  677000ms] [ERROR] Client Error in reaching server endpoint - No response received when attempting to reach /_stcore/health @ http://localhost:8765/static/js/index.D2ZqaFuW.js:16
[  677000ms] [ERROR] Is Streamlit still running? If you accidentally stopped Streamlit, just restart it in your terminal: @ http://localhost:8765/static/js/index.D2ZqaFuW.js:21
[  677019ms] [ERROR] Failed to load resource: net::ERR_CONNECTION_REFUSED @ http://localhost:8765/_stcore/host-config:0
[  679007ms] [ERROR] Failed to load resource: net::ERR_CONNECTION_REFUSED @ http://localhost:8765/10_Saved_Analyses/_stcore/health:0
[  679007ms] [ERROR] Client Error in reaching server endpoint - No response received when attempting to reach /10_Saved_Analyses/_stcore/health @ http://localhost:8765/static/js/index.D2ZqaFuW.js:16
[  679007ms] [ERROR] Is Streamlit still running? If you accidentally stopped Streamlit, just restart it in your terminal: @ http://localhost:8765/static/js/index.D2ZqaFuW.js:21
[  679031ms] [ERROR] Failed to load resource: net::ERR_CONNECTION_REFUSED @ http://localhost:8765/10_Saved_Analyses/_stcore/host-config:0
[  681015ms] [ERROR] Failed to load resource: net::ERR_CONNECTION_REFUSED @ http://localhost:8765/_stcore/host-config:0
[  681015ms] [ERROR] Client Error in reaching server endpoint - No response received when attempting to reach /_stcore/host-config @ http://localhost:8765/static/js/index.D2ZqaFuW.js:16
[  681015ms] [ERROR] Is Streamlit still running? If you accidentally stopped Streamlit, just restart it in your terminal: @ http://localhost:8765/static/js/index.D2ZqaFuW.js:21
[  681038ms] [ERROR] Failed to load resource: net::ERR_CONNECTION_REFUSED @ http://localhost:8765/_stcore/health:0
[  683024ms] [ERROR] Failed to load resource: net::ERR_CONNECTION_REFUSED @ http://localhost:8765/10_Saved_Analyses/_stcore/health:0
[  683024ms] [ERROR] Client Error in reaching server endpoint - No response received when attempting to reach /10_Saved_Analyses/_stcore/health @ http://localhost:8765/static/js/index.D2ZqaFuW.js:16
[  683025ms] [ERROR] Is Streamlit still running? If you accidentally stopped Streamlit, just restart it in your terminal: @ http://localhost:8765/static/js/index.D2ZqaFuW.js:21
[  683047ms] [ERROR] Failed to load resource: net::ERR_CONNECTION_REFUSED @ http://localhost:8765/10_Saved_Analyses/_stcore/host-config:0
[  685032ms] [ERROR] Failed to load resource: net::ERR_CONNECTION_REFUSED @ http://localhost:8765/_stcore/health:0
[  685032ms] [ERROR] Client Error in reaching server endpoint - No response received when attempting to reach /_stcore/health @ http://localhost:8765/static/js/index.D2ZqaFuW.js:16
[  685033ms] [ERROR] Is Streamlit still running? If you accidentally stopped Streamlit, just restart it in your terminal: @ http://localhost:8765/static/js/index.D2ZqaFuW.js:21
[  685033ms] [ERROR] Failed to load resource: net::ERR_CONNECTION_REFUSED @ http://localhost:8765/_stcore/host-config:0
[  687040ms] [ERROR] Failed to load resource: net::ERR_CONNECTION_REFUSED @ http://localhost:8765/10_Saved_Analyses/_stcore/health:0
[  687040ms] [ERROR] Client Error in reaching server endpoint - No response received when attempting to reach /10_Saved_Analyses/_stcore/health @ http://localhost:8765/static/js/index.D2ZqaFuW.js:16
[  687040ms] [ERROR] Is Streamlit still running? If you accidentally stopped Streamlit, just restart it in your terminal: @ http://localhost:8765/static/js/index.D2ZqaFuW.js:21
[  687059ms] [ERROR] Failed to load resource: net::ERR_CONNECTION_REFUSED @ http://localhost:8765/10_Saved_Analyses/_stcore/host-config:0
[  689054ms] [ERROR] Failed to load resource: net::ERR_CONNECTION_REFUSED @ http://localhost:8765/_stcore/health:0
[  689054ms] [ERROR] Client Error in reaching server endpoint - No response received when attempting to reach /_stcore/health @ http://localhost:8765/static/js/index.D2ZqaFuW.js:16
[  689054ms] [ERROR] Is Streamlit still running? If you accidentally stopped Streamlit, just restart it in your terminal: @ http://localhost:8765/static/js/index.D2ZqaFuW.js:21
[  689054ms] [ERROR] Failed to load resource: net::ERR_CONNECTION_REFUSED @ http://localhost:8765/_stcore/host-config:0
[  691060ms] [ERROR] Failed to load resource: net::ERR_CONNECTION_REFUSED @ http://localhost:8765/10_Saved_Analyses/_stcore/health:0
[  691061ms] [ERROR] Client Error in reaching server endpoint - No response received when attempting to reach /10_Saved_Analyses/_stcore/health @ http://localhost:8765/static/js/index.D2ZqaFuW.js:16
[  691061ms] [ERROR] Is Streamlit still running? If you accidentally stopped Streamlit, just restart it in your terminal: @ http://localhost:8765/static/js/index.D2ZqaFuW.js:21
[  691086ms] [ERROR] Failed to load resource: net::ERR_CONNECTION_REFUSED @ http://localhost:8765/10_Saved_Analyses/_stcore/host-config:0
[  693069ms] [ERROR] Failed to load resource: net::ERR_CONNECTION_REFUSED @ http://localhost:8765/_stcore/health:0
[  693070ms] [ERROR] Client Error in reaching server endpoint - No response received when attempting to reach /_stcore/health @ http://localhost:8765/static/js/index.D2ZqaFuW.js:16
[  693070ms] [ERROR] Is Streamlit still running? If you accidentally stopped Streamlit, just restart it in your terminal: @ http://localhost:8765/static/js/index.D2ZqaFuW.js:21
[  693093ms] [ERROR] Failed to load resource: net::ERR_CONNECTION_REFUSED @ http://localhost:8765/_stcore/host-config:0
[  695078ms] [ERROR] Failed to load resource: net::ERR_CONNECTION_REFUSED @ http://localhost:8765/10_Saved_Analyses/_stcore/health:0
[  695078ms] [ERROR] Client Error in reaching server endpoint - No response received when attempting to reach /10_Saved_Analyses/_stcore/health @ http://localhost:8765/static/js/index.D2ZqaFuW.js:16
[  695078ms] [ERROR] Is Streamlit still running? If you accidentally stopped Streamlit, just restart it in your terminal: @ http://localhost:8765/static/js/index.D2ZqaFuW.js:21
[  695104ms] [ERROR] Failed to load resource: net::ERR_CONNECTION_REFUSED @ http://localhost:8765/10_Saved_Analyses/_stcore/host-config:0
[  697090ms] [ERROR] Failed to load resource: net::ERR_CONNECTION_REFUSED @ http://localhost:8765/_stcore/health:0
[  697090ms] [ERROR] Client Error in reaching server endpoint - No response received when attempting to reach /_stcore/health @ http://localhost:8765/static/js/index.D2ZqaFuW.js:16
[  697091ms] [ERROR] Is Streamlit still running? If you accidentally stopped Streamlit, just restart it in your terminal: @ http://localhost:8765/static/js/index.D2ZqaFuW.js:21
[  697114ms] [ERROR] Failed to load resource: net::ERR_CONNECTION_REFUSED @ http://localhost:8765/_stcore/host-config:0
[  699099ms] [ERROR] Failed to load resource: net::ERR_CONNECTION_REFUSED @ http://localhost:8765/10_Saved_Analyses/_stcore/health:0
[  699099ms] [ERROR] Client Error in reaching server endpoint - No response received when attempting to reach /10_Saved_Analyses/_stcore/health @ http://localhost:8765/static/js/index.D2ZqaFuW.js:16
[  699100ms] [ERROR] Is Streamlit still running? If you accidentally stopped Streamlit, just restart it in your terminal: @ http://localhost:8765/static/js/index.D2ZqaFuW.js:21
[  699124ms] [ERROR] Failed to load resource: net::ERR_CONNECTION_REFUSED @ http://localhost:8765/10_Saved_Analyses/_stcore/host-config:0
[  701106ms] [ERROR] Failed to load resource: net::ERR_CONNECTION_REFUSED @ http://localhost:8765/_stcore/health:0
[  701106ms] [ERROR] Client Error in reaching server endpoint - No response received when attempting to reach /_stcore/health @ http://localhost:8765/static/js/index.D2ZqaFuW.js:16
[  701106ms] [ERROR] Is Streamlit still running? If you accidentally stopped Streamlit, just restart it in your terminal: @ http://localhost:8765/static/js/index.D2ZqaFuW.js:21
[  701126ms] [ERROR] Failed to load resource: net::ERR_CONNECTION_REFUSED @ http://localhost:8765/_stcore/host-config:0
[  703116ms] [ERROR] Failed to load resource: net::ERR_CONNECTION_REFUSED @ http://localhost:8765/10_Saved_Analyses/_stcore/host-config:0
[  703116ms] [ERROR] Client Error in reaching server endpoint - No response received when attempting to reach /10_Saved_Analyses/_stcore/host-config @ http://localhost:8765/static/js/index.D2ZqaFuW.js:16
[  703117ms] [ERROR] Is Streamlit still running? If you accidentally stopped Streamlit, just restart it in your terminal: @ http://localhost:8765/static/js/index.D2ZqaFuW.js:21
[  703149ms] [ERROR] Failed to load resource: net::ERR_CONNECTION_REFUSED @ http://localhost:8765/10_Saved_Analyses/_stcore/health:0
[  705124ms] [ERROR] Failed to load resource: net::ERR_CONNECTION_REFUSED @ http://localhost:8765/_stcore/health:0
[  705124ms] [ERROR] Client Error in reaching server endpoint - No response received when attempting to reach /_stcore/health @ http://localhost:8765/static/js/index.D2ZqaFuW.js:16
[  705124ms] [ERROR] Is Streamlit still running? If you accidentally stopped Streamlit, just restart it in your terminal: @ http://localhost:8765/static/js/index.D2ZqaFuW.js:21
[  705145ms] [ERROR] Failed to load resource: net::ERR_CONNECTION_REFUSED @ http://localhost:8765/_stcore/host-config:0
[  707132ms] [ERROR] Failed to load resource: net::ERR_CONNECTION_REFUSED @ http://localhost:8765/10_Saved_Analyses/_stcore/health:0
[  707132ms] [ERROR] Client Error in reaching server endpoint - No response received when attempting to reach /10_Saved_Analyses/_stcore/health @ http://localhost:8765/static/js/index.D2ZqaFuW.js:16
[  707132ms] [ERROR] Is Streamlit still running? If you accidentally stopped Streamlit, just restart it in your terminal: @ http://localhost:8765/static/js/index.D2ZqaFuW.js:21
[  707153ms] [ERROR] Failed to load resource: net::ERR_CONNECTION_REFUSED @ http://localhost:8765/10_Saved_Analyses/_stcore/host-config:0
[  709144ms] [ERROR] Failed to load resource: net::ERR_CONNECTION_REFUSED @ http://localhost:8765/_stcore/health:0
[  709144ms] [ERROR] Client Error in reaching server endpoint - No response received when attempting to reach /_stcore/health @ http://localhost:8765/static/js/index.D2ZqaFuW.js:16
[  709144ms] [ERROR] Is Streamlit still running? If you accidentally stopped Streamlit, just restart it in your terminal: @ http://localhost:8765/static/js/index.D2ZqaFuW.js:21
[  709181ms] [ERROR] Failed to load resource: net::ERR_CONNECTION_REFUSED @ http://localhost:8765/_stcore/host-config:0
[  711153ms] [ERROR] Failed to load resource: net::ERR_CONNECTION_REFUSED @ http://localhost:8765/10_Saved_Analyses/_stcore/host-config:0
[  711153ms] [ERROR] Client Error in reaching server endpoint - No response received when attempting to reach /10_Saved_Analyses/_stcore/host-config @ http://localhost:8765/static/js/index.D2ZqaFuW.js:16
[  711153ms] [ERROR] Is Streamlit still running? If you accidentally stopped Streamlit, just restart it in your terminal: @ http://localhost:8765/static/js/index.D2ZqaFuW.js:21
[  711173ms] [ERROR] Failed to load resource: net::ERR_CONNECTION_REFUSED @ http://localhost:8765/10_Saved_Analyses/_stcore/health:0
[  713160ms] [ERROR] Failed to load resource: net::ERR_CONNECTION_REFUSED @ http://localhost:8765/_stcore/health:0
[  713160ms] [ERROR] Client Error in reaching server endpoint - No response received when attempting to reach /_stcore/health @ http://localhost:8765/static/js/index.D2ZqaFuW.js:16
[  713161ms] [ERROR] Is Streamlit still running? If you accidentally stopped Streamlit, just restart it in your terminal: @ http://localhost:8765/static/js/index.D2ZqaFuW.js:21
[  713182ms] [ERROR] Failed to load resource: net::ERR_CONNECTION_REFUSED @ http://localhost:8765/_stcore/host-config:0
[  715167ms] [ERROR] Failed to load resource: net::ERR_CONNECTION_REFUSED @ http://localhost:8765/10_Saved_Analyses/_stcore/host-config:0
[  715167ms] [ERROR] Client Error in reaching server endpoint - No response received when attempting to reach /10_Saved_Analyses/_stcore/host-config @ http://localhost:8765/static/js/index.D2ZqaFuW.js:16
[  715167ms] [ERROR] Is Streamlit still running? If you accidentally stopped Streamlit, just restart it in your terminal: @ http://localhost:8765/static/js/index.D2ZqaFuW.js:21
[  715169ms] [ERROR] Failed to load resource: net::ERR_CONNECTION_REFUSED @ http://localhost:8765/10_Saved_Analyses/_stcore/health:0
[  717175ms] [ERROR] Failed to load resource: net::ERR_CONNECTION_REFUSED @ http://localhost:8765/_stcore/health:0
[  717175ms] [ERROR] Client Error in reaching server endpoint - No response received when attempting to reach /_stcore/health @ http://localhost:8765/static/js/index.D2ZqaFuW.js:16
[  717175ms] [ERROR] Is Streamlit still running? If you accidentally stopped Streamlit, just restart it in your terminal: @ http://localhost:8765/static/js/index.D2ZqaFuW.js:21
[  717207ms] [ERROR] Failed to load resource: net::ERR_CONNECTION_REFUSED @ http://localhost:8765/_stcore/host-config:0
[  719185ms] [ERROR] Failed to load resource: net::ERR_CONNECTION_REFUSED @ http://localhost:8765/10_Saved_Analyses/_stcore/health:0
[  719185ms] [ERROR] Client Error in reaching server endpoint - No response received when attempting to reach /10_Saved_Analyses/_stcore/health @ http://localhost:8765/static/js/index.D2ZqaFuW.js:16
[  719185ms] [ERROR] Is Streamlit still running? If you accidentally stopped Streamlit, just restart it in your terminal: @ http://localhost:8765/static/js/index.D2ZqaFuW.js:21
[  719209ms] [ERROR] Failed to load resource: net::ERR_CONNECTION_REFUSED @ http://localhost:8765/10_Saved_Analyses/_stcore/host-config:0
[  721192ms] [ERROR] Failed to load resource: net::ERR_CONNECTION_REFUSED @ http://localhost:8765/_stcore/health:0
[  721192ms] [ERROR] Client Error in reaching server endpoint - No response received when attempting to reach /_stcore/health @ http://localhost:8765/static/js/index.D2ZqaFuW.js:16
[  721193ms] [ERROR] Is Streamlit still running? If you accidentally stopped Streamlit, just restart it in your terminal: @ http://localhost:8765/static/js/index.D2ZqaFuW.js:21
[  721213ms] [ERROR] Failed to load resource: net::ERR_CONNECTION_REFUSED @ http://localhost:8765/_stcore/host-config:0
[  723199ms] [ERROR] Failed to load resource: net::ERR_CONNECTION_REFUSED @ http://localhost:8765/10_Saved_Analyses/_stcore/health:0
[  723199ms] [ERROR] Client Error in reaching server endpoint - No response received when attempting to reach /10_Saved_Analyses/_stcore/health @ http://localhost:8765/static/js/index.D2ZqaFuW.js:16
[  723200ms] [ERROR] Is Streamlit still running? If you accidentally stopped Streamlit, just restart it in your terminal: @ http://localhost:8765/static/js/index.D2ZqaFuW.js:21
[  723222ms] [ERROR] Failed to load resource: net::ERR_CONNECTION_REFUSED @ http://localhost:8765/10_Saved_Analyses/_stcore/host-config:0
[  725207ms] [ERROR] Failed to load resource: net::ERR_CONNECTION_REFUSED @ http://localhost:8765/_stcore/health:0
[  725207ms] [ERROR] Client Error in reaching server endpoint - No response received when attempting to reach /_stcore/health @ http://localhost:8765/static/js/index.D2ZqaFuW.js:16
[  725207ms] [ERROR] Is Streamlit still running? If you accidentally stopped Streamlit, just restart it in your terminal: @ http://localhost:8765/static/js/index.D2ZqaFuW.js:21
[  725236ms] [ERROR] Failed to load resource: net::ERR_CONNECTION_REFUSED @ http://localhost:8765/_stcore/host-config:0
[  727215ms] [ERROR] Failed to load resource: net::ERR_CONNECTION_REFUSED @ http://localhost:8765/10_Saved_Analyses/_stcore/health:0
[  727215ms] [ERROR] Client Error in reaching server endpoint - No response received when attempting to reach /10_Saved_Analyses/_stcore/health @ http://localhost:8765/static/js/index.D2ZqaFuW.js:16
[  727215ms] [ERROR] Is Streamlit still running? If you accidentally stopped Streamlit, just restart it in your terminal: @ http://localhost:8765/static/js/index.D2ZqaFuW.js:21
[  727235ms] [ERROR] Failed to load resource: net::ERR_CONNECTION_REFUSED @ http://localhost:8765/10_Saved_Analyses/_stcore/host-config:0
[  729223ms] [ERROR] Failed to load resource: net::ERR_CONNECTION_REFUSED @ http://localhost:8765/_stcore/host-config:0
[  729224ms] [ERROR] Client Error in reaching server endpoint - No response received when attempting to reach /_stcore/host-config @ http://localhost:8765/static/js/index.D2ZqaFuW.js:16
[  729224ms] [ERROR] Is Streamlit still running? If you accidentally stopped Streamlit, just restart it in your terminal: @ http://localhost:8765/static/js/index.D2ZqaFuW.js:21
[  729245ms] [ERROR] Failed to load resource: net::ERR_CONNECTION_REFUSED @ http://localhost:8765/_stcore/health:0
[  731231ms] [ERROR] Failed to load resource: net::ERR_CONNECTION_REFUSED @ http://localhost:8765/10_Saved_Analyses/_stcore/health:0
[  731231ms] [ERROR] Client Error in reaching server endpoint - No response received when attempting to reach /10_Saved_Analyses/_stcore/health @ http://localhost:8765/static/js/index.D2ZqaFuW.js:16
[  731232ms] [ERROR] Is Streamlit still running? If you accidentally stopped Streamlit, just restart it in your terminal: @ http://localhost:8765/static/js/index.D2ZqaFuW.js:21
[  731253ms] [ERROR] Failed to load resource: net::ERR_CONNECTION_REFUSED @ http://localhost:8765/10_Saved_Analyses/_stcore/host-config:0
[  733239ms] [ERROR] Failed to load resource: net::ERR_CONNECTION_REFUSED @ http://localhost:8765/_stcore/health:0
[  733239ms] [ERROR] Client Error in reaching server endpoint - No response received when attempting to reach /_stcore/health @ http://localhost:8765/static/js/index.D2ZqaFuW.js:16
[  733240ms] [ERROR] Is Streamlit still running? If you accidentally stopped Streamlit, just restart it in your terminal: @ http://localhost:8765/static/js/index.D2ZqaFuW.js:21
[  733264ms] [ERROR] Failed to load resource: net::ERR_CONNECTION_REFUSED @ http://localhost:8765/_stcore/host-config:0
[  735248ms] [ERROR] Failed to load resource: net::ERR_CONNECTION_REFUSED @ http://localhost:8765/10_Saved_Analyses/_stcore/health:0
[  735248ms] [ERROR] Client Error in reaching server endpoint - No response received when attempting to reach /10_Saved_Analyses/_stcore/health @ http://localhost:8765/static/js/index.D2ZqaFuW.js:16
[  735248ms] [ERROR] Is Streamlit still running? If you accidentally stopped Streamlit, just restart it in your terminal: @ http://localhost:8765/static/js/index.D2ZqaFuW.js:21
[  735249ms] [ERROR] Failed to load resource: net::ERR_CONNECTION_REFUSED @ http://localhost:8765/10_Saved_Analyses/_stcore/host-config:0
[  737256ms] [ERROR] Failed to load resource: net::ERR_CONNECTION_REFUSED @ http://localhost:8765/_stcore/health:0
[  737257ms] [ERROR] Client Error in reaching server endpoint - No response received when attempting to reach /_stcore/health @ http://localhost:8765/static/js/index.D2ZqaFuW.js:16
[  737257ms] [ERROR] Is Streamlit still running? If you accidentally stopped Streamlit, just restart it in your terminal: @ http://localhost:8765/static/js/index.D2ZqaFuW.js:21
[  737278ms] [ERROR] Failed to load resource: net::ERR_CONNECTION_REFUSED @ http://localhost:8765/_stcore/host-config:0
[  739269ms] [ERROR] Failed to load resource: net::ERR_CONNECTION_REFUSED @ http://localhost:8765/10_Saved_Analyses/_stcore/health:0
[  739269ms] [ERROR] Client Error in reaching server endpoint - No response received when attempting to reach /10_Saved_Analyses/_stcore/health @ http://localhost:8765/static/js/index.D2ZqaFuW.js:16
[  739269ms] [ERROR] Is Streamlit still running? If you accidentally stopped Streamlit, just restart it in your terminal: @ http://localhost:8765/static/js/index.D2ZqaFuW.js:21
[  739295ms] [ERROR] Failed to load resource: net::ERR_CONNECTION_REFUSED @ http://localhost:8765/10_Saved_Analyses/_stcore/host-config:0
[  741277ms] [ERROR] Failed to load resource: net::ERR_CONNECTION_REFUSED @ http://localhost:8765/_stcore/health:0
[  741277ms] [ERROR] Client Error in reaching server endpoint - No response received when attempting to reach /_stcore/health @ http://localhost:8765/static/js/index.D2ZqaFuW.js:16
[  741278ms] [ERROR] Is Streamlit still running? If you accidentally stopped Streamlit, just restart it in your terminal: @ http://localhost:8765/static/js/index.D2ZqaFuW.js:21
[  741300ms] [ERROR] Failed to load resource: net::ERR_CONNECTION_REFUSED @ http://localhost:8765/_stcore/host-config:0
[  743286ms] [ERROR] Failed to load resource: net::ERR_CONNECTION_REFUSED @ http://localhost:8765/10_Saved_Analyses/_stcore/health:0
[  743286ms] [ERROR] Client Error in reaching server endpoint - No response received when attempting to reach /10_Saved_Analyses/_stcore/health @ http://localhost:8765/static/js/index.D2ZqaFuW.js:16
[  743287ms] [ERROR] Is Streamlit still running? If you accidentally stopped Streamlit, just restart it in your terminal: @ http://localhost:8765/static/js/index.D2ZqaFuW.js:21
[  743310ms] [ERROR] Failed to load resource: net::ERR_CONNECTION_REFUSED @ http://localhost:8765/10_Saved_Analyses/_stcore/host-config:0
[  745294ms] [ERROR] Failed to load resource: net::ERR_CONNECTION_REFUSED @ http://localhost:8765/_stcore/health:0
[  745294ms] [ERROR] Client Error in reaching server endpoint - No response received when attempting to reach /_stcore/health @ http://localhost:8765/static/js/index.D2ZqaFuW.js:16
[  745295ms] [ERROR] Is Streamlit still running? If you accidentally stopped Streamlit, just restart it in your terminal: @ http://localhost:8765/static/js/index.D2ZqaFuW.js:21
[  745315ms] [ERROR] Failed to load resource: net::ERR_CONNECTION_REFUSED @ http://localhost:8765/_stcore/host-config:0
[  747302ms] [ERROR] Failed to load resource: net::ERR_CONNECTION_REFUSED @ http://localhost:8765/10_Saved_Analyses/_stcore/health:0
[  747302ms] [ERROR] Client Error in reaching server endpoint - No response received when attempting to reach /10_Saved_Analyses/_stcore/health @ http://localhost:8765/static/js/index.D2ZqaFuW.js:16
[  747302ms] [ERROR] Is Streamlit still running? If you accidentally stopped Streamlit, just restart it in your terminal: @ http://localhost:8765/static/js/index.D2ZqaFuW.js:21
[  747324ms] [ERROR] Failed to load resource: net::ERR_CONNECTION_REFUSED @ http://localhost:8765/10_Saved_Analyses/_stcore/host-config:0
[  749308ms] [ERROR] Failed to load resource: net::ERR_CONNECTION_REFUSED @ http://localhost:8765/_stcore/health:0
[  749309ms] [ERROR] Client Error in reaching server endpoint - No response received when attempting to reach /_stcore/health @ http://localhost:8765/static/js/index.D2ZqaFuW.js:16
[  749309ms] [ERROR] Is Streamlit still running? If you accidentally stopped Streamlit, just restart it in your terminal: @ http://localhost:8765/static/js/index.D2ZqaFuW.js:21
[  749331ms] [ERROR] Failed to load resource: net::ERR_CONNECTION_REFUSED @ http://localhost:8765/_stcore/host-config:0
[  751342ms] [ERROR] Failed to load resource: net::ERR_CONNECTION_REFUSED @ http://localhost:8765/10_Saved_Analyses/_stcore/health:0
[  751342ms] [ERROR] Client Error in reaching server endpoint - No response received when attempting to reach /10_Saved_Analyses/_stcore/health @ http://localhost:8765/static/js/index.D2ZqaFuW.js:16
[  751342ms] [ERROR] Is Streamlit still running? If you accidentally stopped Streamlit, just restart it in your terminal: @ http://localhost:8765/static/js/index.D2ZqaFuW.js:21
[  751365ms] [ERROR] Failed to load resource: net::ERR_CONNECTION_REFUSED @ http://localhost:8765/10_Saved_Analyses/_stcore/host-config:0
[  753356ms] [ERROR] Failed to load resource: net::ERR_CONNECTION_REFUSED @ http://localhost:8765/_stcore/health:0
[  753356ms] [ERROR] Client Error in reaching server endpoint - No response received when attempting to reach /_stcore/health @ http://localhost:8765/static/js/index.D2ZqaFuW.js:16
[  753357ms] [ERROR] Is Streamlit still running? If you accidentally stopped Streamlit, just restart it in your terminal: @ http://localhost:8765/static/js/index.D2ZqaFuW.js:21
[  753379ms] [ERROR] Failed to load resource: net::ERR_CONNECTION_REFUSED @ http://localhost:8765/_stcore/host-config:0
[  755369ms] [ERROR] Failed to load resource: net::ERR_CONNECTION_REFUSED @ http://localhost:8765/10_Saved_Analyses/_stcore/health:0
[  755370ms] [ERROR] Client Error in reaching server endpoint - No response received when attempting to reach /10_Saved_Analyses/_stcore/health @ http://localhost:8765/static/js/index.D2ZqaFuW.js:16
[  755370ms] [ERROR] Is Streamlit still running? If you accidentally stopped Streamlit, just restart it in your terminal: @ http://localhost:8765/static/js/index.D2ZqaFuW.js:21
[  755390ms] [ERROR] Failed to load resource: net::ERR_CONNECTION_REFUSED @ http://localhost:8765/10_Saved_Analyses/_stcore/host-config:0
[  757377ms] [ERROR] Failed to load resource: net::ERR_CONNECTION_REFUSED @ http://localhost:8765/_stcore/host-config:0
[  757378ms] [ERROR] Client Error in reaching server endpoint - No response received when attempting to reach /_stcore/host-config @ http://localhost:8765/static/js/index.D2ZqaFuW.js:16
[  757378ms] [ERROR] Is Streamlit still running? If you accidentally stopped Streamlit, just restart it in your terminal: @ http://localhost:8765/static/js/index.D2ZqaFuW.js:21
[  757402ms] [ERROR] Failed to load resource: net::ERR_CONNECTION_REFUSED @ http://localhost:8765/_stcore/health:0
[  759385ms] [ERROR] Failed to load resource: net::ERR_CONNECTION_REFUSED @ http://localhost:8765/10_Saved_Analyses/_stcore/host-config:0
[  759385ms] [ERROR] Client Error in reaching server endpoint - No response received when attempting to reach /10_Saved_Analyses/_stcore/host-config @ http://localhost:8765/static/js/index.D2ZqaFuW.js:16
[  759385ms] [ERROR] Is Streamlit still running? If you accidentally stopped Streamlit, just restart it in your terminal: @ http://localhost:8765/static/js/index.D2ZqaFuW.js:21
[  759385ms] [ERROR] Failed to load resource: net::ERR_CONNECTION_REFUSED @ http://localhost:8765/10_Saved_Analyses/_stcore/health:0
[  761392ms] [ERROR] Failed to load resource: net::ERR_CONNECTION_REFUSED @ http://localhost:8765/_stcore/health:0
[  761392ms] [ERROR] Client Error in reaching server endpoint - No response received when attempting to reach /_stcore/health @ http://localhost:8765/static/js/index.D2ZqaFuW.js:16
[  761392ms] [ERROR] Is Streamlit still running? If you accidentally stopped Streamlit, just restart it in your terminal: @ http://localhost:8765/static/js/index.D2ZqaFuW.js:21
[  761426ms] [ERROR] Failed to load resource: net::ERR_CONNECTION_REFUSED @ http://localhost:8765/_stcore/host-config:0
[  763399ms] [ERROR] Failed to load resource: net::ERR_CONNECTION_REFUSED @ http://localhost:8765/10_Saved_Analyses/_stcore/health:0
[  763399ms] [ERROR] Client Error in reaching server endpoint - No response received when attempting to reach /10_Saved_Analyses/_stcore/health @ http://localhost:8765/static/js/index.D2ZqaFuW.js:16
[  763400ms] [ERROR] Is Streamlit still running? If you accidentally stopped Streamlit, just restart it in your terminal: @ http://localhost:8765/static/js/index.D2ZqaFuW.js:21
[  763421ms] [ERROR] Failed to load resource: net::ERR_CONNECTION_REFUSED @ http://localhost:8765/10_Saved_Analyses/_stcore/host-config:0
[  765406ms] [ERROR] Failed to load resource: net::ERR_CONNECTION_REFUSED @ http://localhost:8765/_stcore/health:0
[  765406ms] [ERROR] Client Error in reaching server endpoint - No response received when attempting to reach /_stcore/health @ http://localhost:8765/static/js/index.D2ZqaFuW.js:16
[  765407ms] [ERROR] Is Streamlit still running? If you accidentally stopped Streamlit, just restart it in your terminal: @ http://localhost:8765/static/js/index.D2ZqaFuW.js:21
[  765428ms] [ERROR] Failed to load resource: net::ERR_CONNECTION_REFUSED @ http://localhost:8765/_stcore/host-config:0
[  767412ms] [ERROR] Failed to load resource: net::ERR_CONNECTION_REFUSED @ http://localhost:8765/10_Saved_Analyses/_stcore/health:0
[  767412ms] [ERROR] Client Error in reaching server endpoint - No response received when attempting to reach /10_Saved_Analyses/_stcore/health @ http://localhost:8765/static/js/index.D2ZqaFuW.js:16
[  767412ms] [ERROR] Is Streamlit still running? If you accidentally stopped Streamlit, just restart it in your terminal: @ http://localhost:8765/static/js/index.D2ZqaFuW.js:21
[  767439ms] [ERROR] Failed to load resource: net::ERR_CONNECTION_REFUSED @ http://localhost:8765/10_Saved_Analyses/_stcore/host-config:0
[  769424ms] [ERROR] Failed to load resource: net::ERR_CONNECTION_REFUSED @ http://localhost:8765/_stcore/health:0
[  769424ms] [ERROR] Client Error in reaching server endpoint - No response received when attempting to reach /_stcore/health @ http://localhost:8765/static/js/index.D2ZqaFuW.js:16
[  769424ms] [ERROR] Is Streamlit still running? If you accidentally stopped Streamlit, just restart it in your terminal: @ http://localhost:8765/static/js/index.D2ZqaFuW.js:21
[  769449ms] [ERROR] Failed to load resource: net::ERR_CONNECTION_REFUSED @ http://localhost:8765/_stcore/host-config:0
[  771429ms] [ERROR] Failed to load resource: net::ERR_CONNECTION_REFUSED @ http://localhost:8765/10_Saved_Analyses/_stcore/host-config:0
[  771429ms] [ERROR] Client Error in reaching server endpoint - No response received when attempting to reach /10_Saved_Analyses/_stcore/host-config @ http://localhost:8765/static/js/index.D2ZqaFuW.js:16
[  771429ms] [ERROR] Is Streamlit still running? If you accidentally stopped Streamlit, just restart it in your terminal: @ http://localhost:8765/static/js/index.D2ZqaFuW.js:21
[  771450ms] [ERROR] Failed to load resource: net::ERR_CONNECTION_REFUSED @ http://localhost:8765/10_Saved_Analyses/_stcore/health:0
[  773435ms] [ERROR] Failed to load resource: net::ERR_CONNECTION_REFUSED @ http://localhost:8765/_stcore/health:0
[  773435ms] [ERROR] Client Error in reaching server endpoint - No response received when attempting to reach /_stcore/health @ http://localhost:8765/static/js/index.D2ZqaFuW.js:16
[  773435ms] [ERROR] Is Streamlit still running? If you accidentally stopped Streamlit, just restart it in your terminal: @ http://localhost:8765/static/js/index.D2ZqaFuW.js:21
[  773458ms] [ERROR] Failed to load resource: net::ERR_CONNECTION_REFUSED @ http://localhost:8765/_stcore/host-config:0
[  775442ms] [ERROR] Failed to load resource: net::ERR_CONNECTION_REFUSED @ http://localhost:8765/10_Saved_Analyses/_stcore/health:0
[  775443ms] [ERROR] Client Error in reaching server endpoint - No response received when attempting to reach /10_Saved_Analyses/_stcore/health @ http://localhost:8765/static/js/index.D2ZqaFuW.js:16
[  775443ms] [ERROR] Is Streamlit still running? If you accidentally stopped Streamlit, just restart it in your terminal: @ http://localhost:8765/static/js/index.D2ZqaFuW.js:21
[  775464ms] [ERROR] Failed to load resource: net::ERR_CONNECTION_REFUSED @ http://localhost:8765/10_Saved_Analyses/_stcore/host-config:0
[  777452ms] [ERROR] Failed to load resource: net::ERR_CONNECTION_REFUSED @ http://localhost:8765/_stcore/host-config:0
[  777452ms] [ERROR] Client Error in reaching server endpoint - No response received when attempting to reach /_stcore/host-config @ http://localhost:8765/static/js/index.D2ZqaFuW.js:16
[  777452ms] [ERROR] Is Streamlit still running? If you accidentally stopped Streamlit, just restart it in your terminal: @ http://localhost:8765/static/js/index.D2ZqaFuW.js:21
[  777474ms] [ERROR] Failed to load resource: net::ERR_CONNECTION_REFUSED @ http://localhost:8765/_stcore/health:0
[  779457ms] [ERROR] Failed to load resource: net::ERR_CONNECTION_REFUSED @ http://localhost:8765/10_Saved_Analyses/_stcore/host-config:0
[  779458ms] [ERROR] Client Error in reaching server endpoint - No response received when attempting to reach /10_Saved_Analyses/_stcore/host-config @ http://localhost:8765/static/js/index.D2ZqaFuW.js:16
[  779458ms] [ERROR] Is Streamlit still running? If you accidentally stopped Streamlit, just restart it in your terminal: @ http://localhost:8765/static/js/index.D2ZqaFuW.js:21
[  779481ms] [ERROR] Failed to load resource: net::ERR_CONNECTION_REFUSED @ http://localhost:8765/10_Saved_Analyses/_stcore/health:0
[  781507ms] [ERROR] Failed to load resource: net::ERR_CONNECTION_REFUSED @ http://localhost:8765/_stcore/health:0
[  781508ms] [ERROR] Client Error in reaching server endpoint - No response received when attempting to reach /_stcore/health @ http://localhost:8765/static/js/index.D2ZqaFuW.js:16
[  781508ms] [ERROR] Is Streamlit still running? If you accidentally stopped Streamlit, just restart it in your terminal: @ http://localhost:8765/static/js/index.D2ZqaFuW.js:21
[  781581ms] [ERROR] Failed to load resource: net::ERR_CONNECTION_REFUSED @ http://localhost:8765/_stcore/host-config:0
[  783515ms] [ERROR] Failed to load resource: net::ERR_CONNECTION_REFUSED @ http://localhost:8765/10_Saved_Analyses/_stcore/health:0
[  783515ms] [ERROR] Client Error in reaching server endpoint - No response received when attempting to reach /10_Saved_Analyses/_stcore/health @ http://localhost:8765/static/js/index.D2ZqaFuW.js:16
[  783516ms] [ERROR] Is Streamlit still running? If you accidentally stopped Streamlit, just restart it in your terminal: @ http://localhost:8765/static/js/index.D2ZqaFuW.js:21
[  783544ms] [ERROR] Failed to load resource: net::ERR_CONNECTION_REFUSED @ http://localhost:8765/10_Saved_Analyses/_stcore/host-config:0
[  785523ms] [ERROR] Failed to load resource: net::ERR_CONNECTION_REFUSED @ http://localhost:8765/_stcore/health:0
[  785523ms] [ERROR] Client Error in reaching server endpoint - No response received when attempting to reach /_stcore/health @ http://localhost:8765/static/js/index.D2ZqaFuW.js:16
[  785523ms] [ERROR] Is Streamlit still running? If you accidentally stopped Streamlit, just restart it in your terminal: @ http://localhost:8765/static/js/index.D2ZqaFuW.js:21
[  785544ms] [ERROR] Failed to load resource: net::ERR_CONNECTION_REFUSED @ http://localhost:8765/_stcore/host-config:0
[  787530ms] [ERROR] Failed to load resource: net::ERR_CONNECTION_REFUSED @ http://localhost:8765/10_Saved_Analyses/_stcore/health:0
[  787531ms] [ERROR] Client Error in reaching server endpoint - No response received when attempting to reach /10_Saved_Analyses/_stcore/health @ http://localhost:8765/static/js/index.D2ZqaFuW.js:16
[  787531ms] [ERROR] Is Streamlit still running? If you accidentally stopped Streamlit, just restart it in your terminal: @ http://localhost:8765/static/js/index.D2ZqaFuW.js:21
[  787554ms] [ERROR] Failed to load resource: net::ERR_CONNECTION_REFUSED @ http://localhost:8765/10_Saved_Analyses/_stcore/host-config:0
[  789540ms] [ERROR] Failed to load resource: net::ERR_CONNECTION_REFUSED @ http://localhost:8765/_stcore/health:0
[  789540ms] [ERROR] Client Error in reaching server endpoint - No response received when attempting to reach /_stcore/health @ http://localhost:8765/static/js/index.D2ZqaFuW.js:16
[  789540ms] [ERROR] Is Streamlit still running? If you accidentally stopped Streamlit, just restart it in your terminal: @ http://localhost:8765/static/js/index.D2ZqaFuW.js:21
[  789562ms] [ERROR] Failed to load resource: net::ERR_CONNECTION_REFUSED @ http://localhost:8765/_stcore/host-config:0
[  791547ms] [ERROR] Failed to load resource: net::ERR_CONNECTION_REFUSED @ http://localhost:8765/10_Saved_Analyses/_stcore/health:0
[  791547ms] [ERROR] Client Error in reaching server endpoint - No response received when attempting to reach /10_Saved_Analyses/_stcore/health @ http://localhost:8765/static/js/index.D2ZqaFuW.js:16
[  791547ms] [ERROR] Is Streamlit still running? If you accidentally stopped Streamlit, just restart it in your terminal: @ http://localhost:8765/static/js/index.D2ZqaFuW.js:21
[  791548ms] [ERROR] Failed to load resource: net::ERR_CONNECTION_REFUSED @ http://localhost:8765/10_Saved_Analyses/_stcore/host-config:0
[  793555ms] [ERROR] Failed to load resource: net::ERR_CONNECTION_REFUSED @ http://localhost:8765/_stcore/health:0
[  793555ms] [ERROR] Client Error in reaching server endpoint - No response received when attempting to reach /_stcore/health @ http://localhost:8765/static/js/index.D2ZqaFuW.js:16
[  793555ms] [ERROR] Is Streamlit still running? If you accidentally stopped Streamlit, just restart it in your terminal: @ http://localhost:8765/static/js/index.D2ZqaFuW.js:21
[  793577ms] [ERROR] Failed to load resource: net::ERR_CONNECTION_REFUSED @ http://localhost:8765/_stcore/host-config:0
[  795562ms] [ERROR] Failed to load resource: net::ERR_CONNECTION_REFUSED @ http://localhost:8765/10_Saved_Analyses/_stcore/health:0
[  795562ms] [ERROR] Client Error in reaching server endpoint - No response received when attempting to reach /10_Saved_Analyses/_stcore/health @ http://localhost:8765/static/js/index.D2ZqaFuW.js:16
[  795563ms] [ERROR] Is Streamlit still running? If you accidentally stopped Streamlit, just restart it in your terminal: @ http://localhost:8765/static/js/index.D2ZqaFuW.js:21
[  795584ms] [ERROR] Failed to load resource: net::ERR_CONNECTION_REFUSED @ http://localhost:8765/10_Saved_Analyses/_stcore/host-config:0
[  797569ms] [ERROR] Failed to load resource: net::ERR_CONNECTION_REFUSED @ http://localhost:8765/_stcore/health:0
[  797569ms] [ERROR] Client Error in reaching server endpoint - No response received when attempting to reach /_stcore/health @ http://localhost:8765/static/js/index.D2ZqaFuW.js:16
[  797570ms] [ERROR] Is Streamlit still running? If you accidentally stopped Streamlit, just restart it in your terminal: @ http://localhost:8765/static/js/index.D2ZqaFuW.js:21
[  797592ms] [ERROR] Failed to load resource: net::ERR_CONNECTION_REFUSED @ http://localhost:8765/_stcore/host-config:0
[  799576ms] [ERROR] Failed to load resource: net::ERR_CONNECTION_REFUSED @ http://localhost:8765/10_Saved_Analyses/_stcore/host-config:0
[  799577ms] [ERROR] Client Error in reaching server endpoint - No response received when attempting to reach /10_Saved_Analyses/_stcore/host-config @ http://localhost:8765/static/js/index.D2ZqaFuW.js:16
[  799577ms] [ERROR] Is Streamlit still running? If you accidentally stopped Streamlit, just restart it in your terminal: @ http://localhost:8765/static/js/index.D2ZqaFuW.js:21
[  799598ms] [ERROR] Failed to load resource: net::ERR_CONNECTION_REFUSED @ http://localhost:8765/10_Saved_Analyses/_stcore/health:0
[  801584ms] [ERROR] Failed to load resource: net::ERR_CONNECTION_REFUSED @ http://localhost:8765/_stcore/health:0
[  801584ms] [ERROR] Client Error in reaching server endpoint - No response received when attempting to reach /_stcore/health @ http://localhost:8765/static/js/index.D2ZqaFuW.js:16
[  801585ms] [ERROR] Is Streamlit still running? If you accidentally stopped Streamlit, just restart it in your terminal: @ http://localhost:8765/static/js/index.D2ZqaFuW.js:21
[  801605ms] [ERROR] Failed to load resource: net::ERR_CONNECTION_REFUSED @ http://localhost:8765/_stcore/host-config:0
[  803598ms] [ERROR] Failed to load resource: net::ERR_CONNECTION_REFUSED @ http://localhost:8765/10_Saved_Analyses/_stcore/health:0
[  803598ms] [ERROR] Client Error in reaching server endpoint - No response received when attempting to reach /10_Saved_Analyses/_stcore/health @ http://localhost:8765/static/js/index.D2ZqaFuW.js:16
[  803598ms] [ERROR] Is Streamlit still running? If you accidentally stopped Streamlit, just restart it in your terminal: @ http://localhost:8765/static/js/index.D2ZqaFuW.js:21
[  803622ms] [ERROR] Failed to load resource: net::ERR_CONNECTION_REFUSED @ http://localhost:8765/10_Saved_Analyses/_stcore/host-config:0
[  805605ms] [ERROR] Failed to load resource: net::ERR_CONNECTION_REFUSED @ http://localhost:8765/_stcore/host-config:0
[  805605ms] [ERROR] Client Error in reaching server endpoint - No response received when attempting to reach /_stcore/host-config @ http://localhost:8765/static/js/index.D2ZqaFuW.js:16
[  805605ms] [ERROR] Is Streamlit still running? If you accidentally stopped Streamlit, just restart it in your terminal: @ http://localhost:8765/static/js/index.D2ZqaFuW.js:21
[  805626ms] [ERROR] Failed to load resource: net::ERR_CONNECTION_REFUSED @ http://localhost:8765/_stcore/health:0
[  807610ms] [ERROR] Failed to load resource: net::ERR_CONNECTION_REFUSED @ http://localhost:8765/10_Saved_Analyses/_stcore/health:0
[  807610ms] [ERROR] Client Error in reaching server endpoint - No response received when attempting to reach /10_Saved_Analyses/_stcore/health @ http://localhost:8765/static/js/index.D2ZqaFuW.js:16
[  807611ms] [ERROR] Is Streamlit still running? If you accidentally stopped Streamlit, just restart it in your terminal: @ http://localhost:8765/static/js/index.D2ZqaFuW.js:21
[  807632ms] [ERROR] Failed to load resource: net::ERR_CONNECTION_REFUSED @ http://localhost:8765/10_Saved_Analyses/_stcore/host-config:0
[  809636ms] [ERROR] Failed to load resource: net::ERR_CONNECTION_REFUSED @ http://localhost:8765/_stcore/host-config:0
[  809636ms] [ERROR] Client Error in reaching server endpoint - No response received when attempting to reach /_stcore/host-config @ http://localhost:8765/static/js/index.D2ZqaFuW.js:16
[  809637ms] [ERROR] Is Streamlit still running? If you accidentally stopped Streamlit, just restart it in your terminal: @ http://localhost:8765/static/js/index.D2ZqaFuW.js:21
[  809718ms] [ERROR] Failed to load resource: net::ERR_CONNECTION_REFUSED @ http://localhost:8765/_stcore/health:0
[  811650ms] [ERROR] Failed to load resource: net::ERR_CONNECTION_REFUSED @ http://localhost:8765/10_Saved_Analyses/_stcore/health:0
[  811650ms] [ERROR] Client Error in reaching server endpoint - No response received when attempting to reach /10_Saved_Analyses/_stcore/health @ http://localhost:8765/static/js/index.D2ZqaFuW.js:16
[  811651ms] [ERROR] Is Streamlit still running? If you accidentally stopped Streamlit, just restart it in your terminal: @ http://localhost:8765/static/js/index.D2ZqaFuW.js:21
[  811675ms] [ERROR] Failed to load resource: net::ERR_CONNECTION_REFUSED @ http://localhost:8765/10_Saved_Analyses/_stcore/host-config:0
[  813659ms] [ERROR] Failed to load resource: net::ERR_CONNECTION_REFUSED @ http://localhost:8765/_stcore/host-config:0
[  813659ms] [ERROR] Client Error in reaching server endpoint - No response received when attempting to reach /_stcore/host-config @ http://localhost:8765/static/js/index.D2ZqaFuW.js:16
[  813659ms] [ERROR] Is Streamlit still running? If you accidentally stopped Streamlit, just restart it in your terminal: @ http://localhost:8765/static/js/index.D2ZqaFuW.js:21
[  813683ms] [ERROR] Failed to load resource: net::ERR_CONNECTION_REFUSED @ http://localhost:8765/_stcore/health:0
[  815665ms] [ERROR] Failed to load resource: net::ERR_CONNECTION_REFUSED @ http://localhost:8765/10_Saved_Analyses/_stcore/host-config:0
[  815665ms] [ERROR] Client Error in reaching server endpoint - No response received when attempting to reach /10_Saved_Analyses/_stcore/host-config @ http://localhost:8765/static/js/index.D2ZqaFuW.js:16
[  815665ms] [ERROR] Is Streamlit still running? If you accidentally stopped Streamlit, just restart it in your terminal: @ http://localhost:8765/static/js/index.D2ZqaFuW.js:21
[  815688ms] [ERROR] Failed to load resource: net::ERR_CONNECTION_REFUSED @ http://localhost:8765/10_Saved_Analyses/_stcore/health:0
[  817674ms] [ERROR] Failed to load resource: net::ERR_CONNECTION_REFUSED @ http://localhost:8765/_stcore/health:0
[  817675ms] [ERROR] Client Error in reaching server endpoint - No response received when attempting to reach /_stcore/health @ http://localhost:8765/static/js/index.D2ZqaFuW.js:16
[  817675ms] [ERROR] Is Streamlit still running? If you accidentally stopped Streamlit, just restart it in your terminal: @ http://localhost:8765/static/js/index.D2ZqaFuW.js:21
[  817698ms] [ERROR] Failed to load resource: net::ERR_CONNECTION_REFUSED @ http://localhost:8765/_stcore/host-config:0
[  819684ms] [ERROR] Failed to load resource: net::ERR_CONNECTION_REFUSED @ http://localhost:8765/10_Saved_Analyses/_stcore/health:0
[  819684ms] [ERROR] Client Error in reaching server endpoint - No response received when attempting to reach /10_Saved_Analyses/_stcore/health @ http://localhost:8765/static/js/index.D2ZqaFuW.js:16
[  819684ms] [ERROR] Is Streamlit still running? If you accidentally stopped Streamlit, just restart it in your terminal: @ http://localhost:8765/static/js/index.D2ZqaFuW.js:21
[  819708ms] [ERROR] Failed to load resource: net::ERR_CONNECTION_REFUSED @ http://localhost:8765/10_Saved_Analyses/_stcore/host-config:0
[  821690ms] [ERROR] Failed to load resource: net::ERR_CONNECTION_REFUSED @ http://localhost:8765/_stcore/host-config:0
[  821690ms] [ERROR] Client Error in reaching server endpoint - No response received when attempting to reach /_stcore/host-config @ http://localhost:8765/static/js/index.D2ZqaFuW.js:16
[  821691ms] [ERROR] Is Streamlit still running? If you accidentally stopped Streamlit, just restart it in your terminal: @ http://localhost:8765/static/js/index.D2ZqaFuW.js:21
[  821712ms] [ERROR] Failed to load resource: net::ERR_CONNECTION_REFUSED @ http://localhost:8765/_stcore/health:0
[  823697ms] [ERROR] Failed to load resource: net::ERR_CONNECTION_REFUSED @ http://localhost:8765/10_Saved_Analyses/_stcore/health:0
[  823698ms] [ERROR] Client Error in reaching server endpoint - No response received when attempting to reach /10_Saved_Analyses/_stcore/health @ http://localhost:8765/static/js/index.D2ZqaFuW.js:16
[  823698ms] [ERROR] Is Streamlit still running? If you accidentally stopped Streamlit, just restart it in your terminal: @ http://localhost:8765/static/js/index.D2ZqaFuW.js:21
[  823720ms] [ERROR] Failed to load resource: net::ERR_CONNECTION_REFUSED @ http://localhost:8765/10_Saved_Analyses/_stcore/host-config:0
[  825703ms] [ERROR] Failed to load resource: net::ERR_CONNECTION_REFUSED @ http://localhost:8765/_stcore/health:0
[  825703ms] [ERROR] Client Error in reaching server endpoint - No response received when attempting to reach /_stcore/health @ http://localhost:8765/static/js/index.D2ZqaFuW.js:16
[  825703ms] [ERROR] Is Streamlit still running? If you accidentally stopped Streamlit, just restart it in your terminal: @ http://localhost:8765/static/js/index.D2ZqaFuW.js:21
[  825726ms] [ERROR] Failed to load resource: net::ERR_CONNECTION_REFUSED @ http://localhost:8765/_stcore/host-config:0
[  827711ms] [ERROR] Failed to load resource: net::ERR_CONNECTION_REFUSED @ http://localhost:8765/10_Saved_Analyses/_stcore/health:0
[  827711ms] [ERROR] Client Error in reaching server endpoint - No response received when attempting to reach /10_Saved_Analyses/_stcore/health @ http://localhost:8765/static/js/index.D2ZqaFuW.js:16
[  827711ms] [ERROR] Is Streamlit still running? If you accidentally stopped Streamlit, just restart it in your terminal: @ http://localhost:8765/static/js/index.D2ZqaFuW.js:21
[  827711ms] [ERROR] Failed to load resource: net::ERR_CONNECTION_REFUSED @ http://localhost:8765/10_Saved_Analyses/_stcore/host-config:0
[  829720ms] [ERROR] Failed to load resource: net::ERR_CONNECTION_REFUSED @ http://localhost:8765/_stcore/host-config:0
[  829721ms] [ERROR] Client Error in reaching server endpoint - No response received when attempting to reach /_stcore/host-config @ http://localhost:8765/static/js/index.D2ZqaFuW.js:16
[  829721ms] [ERROR] Is Streamlit still running? If you accidentally stopped Streamlit, just restart it in your terminal: @ http://localhost:8765/static/js/index.D2ZqaFuW.js:21
[  829745ms] [ERROR] Failed to load resource: net::ERR_CONNECTION_REFUSED @ http://localhost:8765/_stcore/health:0
[  831726ms] [ERROR] Failed to load resource: net::ERR_CONNECTION_REFUSED @ http://localhost:8765/10_Saved_Analyses/_stcore/host-config:0
[  831726ms] [ERROR] Client Error in reaching server endpoint - No response received when attempting to reach /10_Saved_Analyses/_stcore/host-config @ http://localhost:8765/static/js/index.D2ZqaFuW.js:16
[  831726ms] [ERROR] Is Streamlit still running? If you accidentally stopped Streamlit, just restart it in your terminal: @ http://localhost:8765/static/js/index.D2ZqaFuW.js:21
[  831755ms] [ERROR] Failed to load resource: net::ERR_CONNECTION_REFUSED @ http://localhost:8765/10_Saved_Analyses/_stcore/health:0
[  833740ms] [ERROR] Failed to load resource: net::ERR_CONNECTION_REFUSED @ http://localhost:8765/_stcore/health:0
[  833740ms] [ERROR] Client Error in reaching server endpoint - No response received when attempting to reach /_stcore/health @ http://localhost:8765/static/js/index.D2ZqaFuW.js:16
[  833740ms] [ERROR] Is Streamlit still running? If you accidentally stopped Streamlit, just restart it in your terminal: @ http://localhost:8765/static/js/index.D2ZqaFuW.js:21
[  833760ms] [ERROR] Failed to load resource: net::ERR_CONNECTION_REFUSED @ http://localhost:8765/_stcore/host-config:0
[  835747ms] [ERROR] Failed to load resource: net::ERR_CONNECTION_REFUSED @ http://localhost:8765/10_Saved_Analyses/_stcore/host-config:0
[  835747ms] [ERROR] Client Error in reaching server endpoint - No response received when attempting to reach /10_Saved_Analyses/_stcore/host-config @ http://localhost:8765/static/js/index.D2ZqaFuW.js:16
[  835747ms] [ERROR] Is Streamlit still running? If you accidentally stopped Streamlit, just restart it in your terminal: @ http://localhost:8765/static/js/index.D2ZqaFuW.js:21
[  835771ms] [ERROR] Failed to load resource: net::ERR_CONNECTION_REFUSED @ http://localhost:8765/10_Saved_Analyses/_stcore/health:0
[  837752ms] [ERROR] Failed to load resource: net::ERR_CONNECTION_REFUSED @ http://localhost:8765/_stcore/health:0
[  837752ms] [ERROR] Client Error in reaching server endpoint - No response received when attempting to reach /_stcore/health @ http://localhost:8765/static/js/index.D2ZqaFuW.js:16
[  837752ms] [ERROR] Is Streamlit still running? If you accidentally stopped Streamlit, just restart it in your terminal: @ http://localhost:8765/static/js/index.D2ZqaFuW.js:21
[  837775ms] [ERROR] Failed to load resource: net::ERR_CONNECTION_REFUSED @ http://localhost:8765/_stcore/host-config:0
[  839760ms] [ERROR] Failed to load resource: net::ERR_CONNECTION_REFUSED @ http://localhost:8765/10_Saved_Analyses/_stcore/health:0
[  839760ms] [ERROR] Client Error in reaching server endpoint - No response received when attempting to reach /10_Saved_Analyses/_stcore/health @ http://localhost:8765/static/js/index.D2ZqaFuW.js:16
[  839760ms] [ERROR] Is Streamlit still running? If you accidentally stopped Streamlit, just restart it in your terminal: @ http://localhost:8765/static/js/index.D2ZqaFuW.js:21
[  839786ms] [ERROR] Failed to load resource: net::ERR_CONNECTION_REFUSED @ http://localhost:8765/10_Saved_Analyses/_stcore/host-config:0
[  841765ms] [ERROR] Failed to load resource: net::ERR_CONNECTION_REFUSED @ http://localhost:8765/_stcore/health:0
[  841765ms] [ERROR] Client Error in reaching server endpoint - No response received when attempting to reach /_stcore/health @ http://localhost:8765/static/js/index.D2ZqaFuW.js:16
[  841765ms] [ERROR] Is Streamlit still running? If you accidentally stopped Streamlit, just restart it in your terminal: @ http://localhost:8765/static/js/index.D2ZqaFuW.js:21
[  841787ms] [ERROR] Failed to load resource: net::ERR_CONNECTION_REFUSED @ http://localhost:8765/_stcore/host-config:0
[  843778ms] [ERROR] Failed to load resource: net::ERR_CONNECTION_REFUSED @ http://localhost:8765/10_Saved_Analyses/_stcore/host-config:0
[  843778ms] [ERROR] Client Error in reaching server endpoint - No response received when attempting to reach /10_Saved_Analyses/_stcore/host-config @ http://localhost:8765/static/js/index.D2ZqaFuW.js:16
[  843778ms] [ERROR] Is Streamlit still running? If you accidentally stopped Streamlit, just restart it in your terminal: @ http://localhost:8765/static/js/index.D2ZqaFuW.js:21
[  843802ms] [ERROR] Failed to load resource: net::ERR_CONNECTION_REFUSED @ http://localhost:8765/10_Saved_Analyses/_stcore/health:0
[  845784ms] [ERROR] Failed to load resource: net::ERR_CONNECTION_REFUSED @ http://localhost:8765/_stcore/health:0
[  845784ms] [ERROR] Client Error in reaching server endpoint - No response received when attempting to reach /_stcore/health @ http://localhost:8765/static/js/index.D2ZqaFuW.js:16
[  845784ms] [ERROR] Is Streamlit still running? If you accidentally stopped Streamlit, just restart it in your terminal: @ http://localhost:8765/static/js/index.D2ZqaFuW.js:21
[  845807ms] [ERROR] Failed to load resource: net::ERR_CONNECTION_REFUSED @ http://localhost:8765/_stcore/host-config:0
[  847794ms] [ERROR] Failed to load resource: net::ERR_CONNECTION_REFUSED @ http://localhost:8765/10_Saved_Analyses/_stcore/health:0
[  847794ms] [ERROR] Client Error in reaching server endpoint - No response received when attempting to reach /10_Saved_Analyses/_stcore/health @ http://localhost:8765/static/js/index.D2ZqaFuW.js:16
[  847795ms] [ERROR] Is Streamlit still running? If you accidentally stopped Streamlit, just restart it in your terminal: @ http://localhost:8765/static/js/index.D2ZqaFuW.js:21
[  847821ms] [ERROR] Failed to load resource: net::ERR_CONNECTION_REFUSED @ http://localhost:8765/10_Saved_Analyses/_stcore/host-config:0
[  849803ms] [ERROR] Failed to load resource: net::ERR_CONNECTION_REFUSED @ http://localhost:8765/_stcore/health:0
[  849803ms] [ERROR] Client Error in reaching server endpoint - No response received when attempting to reach /_stcore/health @ http://localhost:8765/static/js/index.D2ZqaFuW.js:16
[  849803ms] [ERROR] Is Streamlit still running? If you accidentally stopped Streamlit, just restart it in your terminal: @ http://localhost:8765/static/js/index.D2ZqaFuW.js:21
[  849830ms] [ERROR] Failed to load resource: net::ERR_CONNECTION_REFUSED @ http://localhost:8765/_stcore/host-config:0
[  851826ms] [ERROR] Failed to load resource: net::ERR_CONNECTION_REFUSED @ http://localhost:8765/10_Saved_Analyses/_stcore/health:0
[  851826ms] [ERROR] Client Error in reaching server endpoint - No response received when attempting to reach /10_Saved_Analyses/_stcore/health @ http://localhost:8765/static/js/index.D2ZqaFuW.js:16
[  851826ms] [ERROR] Is Streamlit still running? If you accidentally stopped Streamlit, just restart it in your terminal: @ http://localhost:8765/static/js/index.D2ZqaFuW.js:21
[  851826ms] [ERROR] Failed to load resource: net::ERR_CONNECTION_REFUSED @ http://localhost:8765/10_Saved_Analyses/_stcore/host-config:0
[  853831ms] [ERROR] Failed to load resource: net::ERR_CONNECTION_REFUSED @ http://localhost:8765/_stcore/health:0
[  853832ms] [ERROR] Client Error in reaching server endpoint - No response received when attempting to reach /_stcore/health @ http://localhost:8765/static/js/index.D2ZqaFuW.js:16
[  853832ms] [ERROR] Is Streamlit still running? If you accidentally stopped Streamlit, just restart it in your terminal: @ http://localhost:8765/static/js/index.D2ZqaFuW.js:21
[  853852ms] [ERROR] Failed to load resource: net::ERR_CONNECTION_REFUSED @ http://localhost:8765/_stcore/host-config:0
[  855836ms] [ERROR] Failed to load resource: net::ERR_CONNECTION_REFUSED @ http://localhost:8765/10_Saved_Analyses/_stcore/health:0
[  855836ms] [ERROR] Client Error in reaching server endpoint - No response received when attempting to reach /10_Saved_Analyses/_stcore/health @ http://localhost:8765/static/js/index.D2ZqaFuW.js:16
[  855836ms] [ERROR] Is Streamlit still running? If you accidentally stopped Streamlit, just restart it in your terminal: @ http://localhost:8765/static/js/index.D2ZqaFuW.js:21
[  855858ms] [ERROR] Failed to load resource: net::ERR_CONNECTION_REFUSED @ http://localhost:8765/10_Saved_Analyses/_stcore/host-config:0
[  857849ms] [ERROR] Failed to load resource: net::ERR_CONNECTION_REFUSED @ http://localhost:8765/_stcore/host-config:0
[  857849ms] [ERROR] Client Error in reaching server endpoint - No response received when attempting to reach /_stcore/host-config @ http://localhost:8765/static/js/index.D2ZqaFuW.js:16
[  857850ms] [ERROR] Is Streamlit still running? If you accidentally stopped Streamlit, just restart it in your terminal: @ http://localhost:8765/static/js/index.D2ZqaFuW.js:21
[  857875ms] [ERROR] Failed to load resource: net::ERR_CONNECTION_REFUSED @ http://localhost:8765/_stcore/health:0
[  859856ms] [ERROR] Failed to load resource: net::ERR_CONNECTION_REFUSED @ http://localhost:8765/10_Saved_Analyses/_stcore/health:0
[  859856ms] [ERROR] Client Error in reaching server endpoint - No response received when attempting to reach /10_Saved_Analyses/_stcore/health @ http://localhost:8765/static/js/index.D2ZqaFuW.js:16
[  859856ms] [ERROR] Is Streamlit still running? If you accidentally stopped Streamlit, just restart it in your terminal: @ http://localhost:8765/static/js/index.D2ZqaFuW.js:21
[  859878ms] [ERROR] Failed to load resource: net::ERR_CONNECTION_REFUSED @ http://localhost:8765/10_Saved_Analyses/_stcore/host-config:0
[  861875ms] [ERROR] Failed to load resource: net::ERR_CONNECTION_REFUSED @ http://localhost:8765/_stcore/health:0
[  861875ms] [ERROR] Client Error in reaching server endpoint - No response received when attempting to reach /_stcore/health @ http://localhost:8765/static/js/index.D2ZqaFuW.js:16
[  861875ms] [ERROR] Is Streamlit still running? If you accidentally stopped Streamlit, just restart it in your terminal: @ http://localhost:8765/static/js/index.D2ZqaFuW.js:21
[  861898ms] [ERROR] Failed to load resource: net::ERR_CONNECTION_REFUSED @ http://localhost:8765/_stcore/host-config:0
[  863881ms] [ERROR] Failed to load resource: net::ERR_CONNECTION_REFUSED @ http://localhost:8765/10_Saved_Analyses/_stcore/health:0
[  863882ms] [ERROR] Client Error in reaching server endpoint - No response received when attempting to reach /10_Saved_Analyses/_stcore/health @ http://localhost:8765/static/js/index.D2ZqaFuW.js:16
[  863882ms] [ERROR] Is Streamlit still running? If you accidentally stopped Streamlit, just restart it in your terminal: @ http://localhost:8765/static/js/index.D2ZqaFuW.js:21
[  863903ms] [ERROR] Failed to load resource: net::ERR_CONNECTION_REFUSED @ http://localhost:8765/10_Saved_Analyses/_stcore/host-config:0
[  865888ms] [ERROR] Failed to load resource: net::ERR_CONNECTION_REFUSED @ http://localhost:8765/_stcore/health:0
[  865888ms] [ERROR] Client Error in reaching server endpoint - No response received when attempting to reach /_stcore/health @ http://localhost:8765/static/js/index.D2ZqaFuW.js:16
[  865889ms] [ERROR] Is Streamlit still running? If you accidentally stopped Streamlit, just restart it in your terminal: @ http://localhost:8765/static/js/index.D2ZqaFuW.js:21
[  865911ms] [ERROR] Failed to load resource: net::ERR_CONNECTION_REFUSED @ http://localhost:8765/_stcore/host-config:0
[  867894ms] [ERROR] Failed to load resource: net::ERR_CONNECTION_REFUSED @ http://localhost:8765/10_Saved_Analyses/_stcore/health:0
[  867894ms] [ERROR] Client Error in reaching server endpoint - No response received when attempting to reach /10_Saved_Analyses/_stcore/health @ http://localhost:8765/static/js/index.D2ZqaFuW.js:16
[  867894ms] [ERROR] Is Streamlit still running? If you accidentally stopped Streamlit, just restart it in your terminal: @ http://localhost:8765/static/js/index.D2ZqaFuW.js:21
[  867922ms] [ERROR] Failed to load resource: net::ERR_CONNECTION_REFUSED @ http://localhost:8765/10_Saved_Analyses/_stcore/host-config:0
[  869901ms] [ERROR] Failed to load resource: net::ERR_CONNECTION_REFUSED @ http://localhost:8765/_stcore/health:0
[  869902ms] [ERROR] Client Error in reaching server endpoint - No response received when attempting to reach /_stcore/health @ http://localhost:8765/static/js/index.D2ZqaFuW.js:16
[  869902ms] [ERROR] Is Streamlit still running? If you accidentally stopped Streamlit, just restart it in your terminal: @ http://localhost:8765/static/js/index.D2ZqaFuW.js:21
[  869921ms] [ERROR] Failed to load resource: net::ERR_CONNECTION_REFUSED @ http://localhost:8765/_stcore/host-config:0
[  871908ms] [ERROR] Failed to load resource: net::ERR_CONNECTION_REFUSED @ http://localhost:8765/10_Saved_Analyses/_stcore/health:0
[  871908ms] [ERROR] Client Error in reaching server endpoint - No response received when attempting to reach /10_Saved_Analyses/_stcore/health @ http://localhost:8765/static/js/index.D2ZqaFuW.js:16
[  871909ms] [ERROR] Is Streamlit still running? If you accidentally stopped Streamlit, just restart it in your terminal: @ http://localhost:8765/static/js/index.D2ZqaFuW.js:21
[  871930ms] [ERROR] Failed to load resource: net::ERR_CONNECTION_REFUSED @ http://localhost:8765/10_Saved_Analyses/_stcore/host-config:0
[  873923ms] [ERROR] Failed to load resource: net::ERR_CONNECTION_REFUSED @ http://localhost:8765/_stcore/health:0
[  873923ms] [ERROR] Client Error in reaching server endpoint - No response received when attempting to reach /_stcore/health @ http://localhost:8765/static/js/index.D2ZqaFuW.js:16
[  873923ms] [ERROR] Is Streamlit still running? If you accidentally stopped Streamlit, just restart it in your terminal: @ http://localhost:8765/static/js/index.D2ZqaFuW.js:21
[  873943ms] [ERROR] Failed to load resource: net::ERR_CONNECTION_REFUSED @ http://localhost:8765/_stcore/host-config:0
[  875931ms] [ERROR] Failed to load resource: net::ERR_CONNECTION_REFUSED @ http://localhost:8765/10_Saved_Analyses/_stcore/health:0
[  875931ms] [ERROR] Client Error in reaching server endpoint - No response received when attempting to reach /10_Saved_Analyses/_stcore/health @ http://localhost:8765/static/js/index.D2ZqaFuW.js:16
[  875932ms] [ERROR] Is Streamlit still running? If you accidentally stopped Streamlit, just restart it in your terminal: @ http://localhost:8765/static/js/index.D2ZqaFuW.js:21
[  875962ms] [ERROR] Failed to load resource: net::ERR_CONNECTION_REFUSED @ http://localhost:8765/10_Saved_Analyses/_stcore/host-config:0
[  877940ms] [ERROR] Failed to load resource: net::ERR_CONNECTION_REFUSED @ http://localhost:8765/_stcore/health:0
[  877940ms] [ERROR] Client Error in reaching server endpoint - No response received when attempting to reach /_stcore/health @ http://localhost:8765/static/js/index.D2ZqaFuW.js:16
[  877940ms] [ERROR] Is Streamlit still running? If you accidentally stopped Streamlit, just restart it in your terminal: @ http://localhost:8765/static/js/index.D2ZqaFuW.js:21
[  877963ms] [ERROR] Failed to load resource: net::ERR_CONNECTION_REFUSED @ http://localhost:8765/_stcore/host-config:0
[  879946ms] [ERROR] Failed to load resource: net::ERR_CONNECTION_REFUSED @ http://localhost:8765/10_Saved_Analyses/_stcore/health:0
[  879946ms] [ERROR] Client Error in reaching server endpoint - No response received when attempting to reach /10_Saved_Analyses/_stcore/health @ http://localhost:8765/static/js/index.D2ZqaFuW.js:16
[  879947ms] [ERROR] Is Streamlit still running? If you accidentally stopped Streamlit, just restart it in your terminal: @ http://localhost:8765/static/js/index.D2ZqaFuW.js:21
[  879967ms] [ERROR] Failed to load resource: net::ERR_CONNECTION_REFUSED @ http://localhost:8765/10_Saved_Analyses/_stcore/host-config:0
[  881952ms] [ERROR] Failed to load resource: net::ERR_CONNECTION_REFUSED @ http://localhost:8765/_stcore/health:0
[  881952ms] [ERROR] Client Error in reaching server endpoint - No response received when attempting to reach /_stcore/health @ http://localhost:8765/static/js/index.D2ZqaFuW.js:16
[  881952ms] [ERROR] Is Streamlit still running? If you accidentally stopped Streamlit, just restart it in your terminal: @ http://localhost:8765/static/js/index.D2ZqaFuW.js:21
[  881991ms] [ERROR] Failed to load resource: net::ERR_CONNECTION_REFUSED @ http://localhost:8765/_stcore/host-config:0
[  883963ms] [ERROR] Failed to load resource: net::ERR_CONNECTION_REFUSED @ http://localhost:8765/10_Saved_Analyses/_stcore/health:0
[  883964ms] [ERROR] Client Error in reaching server endpoint - No response received when attempting to reach /10_Saved_Analyses/_stcore/health @ http://localhost:8765/static/js/index.D2ZqaFuW.js:16
[  883964ms] [ERROR] Is Streamlit still running? If you accidentally stopped Streamlit, just restart it in your terminal: @ http://localhost:8765/static/js/index.D2ZqaFuW.js:21
[  884002ms] [ERROR] Failed to load resource: net::ERR_CONNECTION_REFUSED @ http://localhost:8765/10_Saved_Analyses/_stcore/host-config:0
[  885969ms] [ERROR] Failed to load resource: net::ERR_CONNECTION_REFUSED @ http://localhost:8765/_stcore/health:0
[  885970ms] [ERROR] Client Error in reaching server endpoint - No response received when attempting to reach /_stcore/health @ http://localhost:8765/static/js/index.D2ZqaFuW.js:16
[  885970ms] [ERROR] Is Streamlit still running? If you accidentally stopped Streamlit, just restart it in your terminal: @ http://localhost:8765/static/js/index.D2ZqaFuW.js:21
[  885999ms] [ERROR] Failed to load resource: net::ERR_CONNECTION_REFUSED @ http://localhost:8765/_stcore/host-config:0
[  887979ms] [ERROR] Failed to load resource: net::ERR_CONNECTION_REFUSED @ http://localhost:8765/10_Saved_Analyses/_stcore/health:0
[  887979ms] [ERROR] Client Error in reaching server endpoint - No response received when attempting to reach /10_Saved_Analyses/_stcore/health @ http://localhost:8765/static/js/index.D2ZqaFuW.js:16
[  887979ms] [ERROR] Is Streamlit still running? If you accidentally stopped Streamlit, just restart it in your terminal: @ http://localhost:8765/static/js/index.D2ZqaFuW.js:21
[  888005ms] [ERROR] Failed to load resource: net::ERR_CONNECTION_REFUSED @ http://localhost:8765/10_Saved_Analyses/_stcore/host-config:0
[  889985ms] [ERROR] Failed to load resource: net::ERR_CONNECTION_REFUSED @ http://localhost:8765/_stcore/health:0
[  889985ms] [ERROR] Client Error in reaching server endpoint - No response received when attempting to reach /_stcore/health @ http://localhost:8765/static/js/index.D2ZqaFuW.js:16
[  889985ms] [ERROR] Is Streamlit still running? If you accidentally stopped Streamlit, just restart it in your terminal: @ http://localhost:8765/static/js/index.D2ZqaFuW.js:21
[  890008ms] [ERROR] Failed to load resource: net::ERR_CONNECTION_REFUSED @ http://localhost:8765/_stcore/host-config:0
[  891993ms] [ERROR] Failed to load resource: net::ERR_CONNECTION_REFUSED @ http://localhost:8765/10_Saved_Analyses/_stcore/health:0
[  891993ms] [ERROR] Client Error in reaching server endpoint - No response received when attempting to reach /10_Saved_Analyses/_stcore/health @ http://localhost:8765/static/js/index.D2ZqaFuW.js:16
[  891993ms] [ERROR] Is Streamlit still running? If you accidentally stopped Streamlit, just restart it in your terminal: @ http://localhost:8765/static/js/index.D2ZqaFuW.js:21
[  892015ms] [ERROR] Failed to load resource: net::ERR_CONNECTION_REFUSED @ http://localhost:8765/10_Saved_Analyses/_stcore/host-config:0
[  894001ms] [ERROR] Failed to load resource: net::ERR_CONNECTION_REFUSED @ http://localhost:8765/_stcore/health:0
[  894001ms] [ERROR] Client Error in reaching server endpoint - No response received when attempting to reach /_stcore/health @ http://localhost:8765/static/js/index.D2ZqaFuW.js:16
[  894001ms] [ERROR] Is Streamlit still running? If you accidentally stopped Streamlit, just restart it in your terminal: @ http://localhost:8765/static/js/index.D2ZqaFuW.js:21
[  894023ms] [ERROR] Failed to load resource: net::ERR_CONNECTION_REFUSED @ http://localhost:8765/_stcore/host-config:0
[  896009ms] [ERROR] Failed to load resource: net::ERR_CONNECTION_REFUSED @ http://localhost:8765/10_Saved_Analyses/_stcore/health:0
[  896009ms] [ERROR] Client Error in reaching server endpoint - No response received when attempting to reach /10_Saved_Analyses/_stcore/health @ http://localhost:8765/static/js/index.D2ZqaFuW.js:16
[  896009ms] [ERROR] Is Streamlit still running? If you accidentally stopped Streamlit, just restart it in your terminal: @ http://localhost:8765/static/js/index.D2ZqaFuW.js:21
[  896032ms] [ERROR] Failed to load resource: net::ERR_CONNECTION_REFUSED @ http://localhost:8765/10_Saved_Analyses/_stcore/host-config:0
[  898016ms] [ERROR] Failed to load resource: net::ERR_CONNECTION_REFUSED @ http://localhost:8765/_stcore/health:0
[  898016ms] [ERROR] Client Error in reaching server endpoint - No response received when attempting to reach /_stcore/health @ http://localhost:8765/static/js/index.D2ZqaFuW.js:16
[  898017ms] [ERROR] Is Streamlit still running? If you accidentally stopped Streamlit, just restart it in your terminal: @ http://localhost:8765/static/js/index.D2ZqaFuW.js:21
[  898039ms] [ERROR] Failed to load resource: net::ERR_CONNECTION_REFUSED @ http://localhost:8765/_stcore/host-config:0
[  900025ms] [ERROR] Failed to load resource: net::ERR_CONNECTION_REFUSED @ http://localhost:8765/10_Saved_Analyses/_stcore/health:0
[  900025ms] [ERROR] Client Error in reaching server endpoint - No response received when attempting to reach /10_Saved_Analyses/_stcore/health @ http://localhost:8765/static/js/index.D2ZqaFuW.js:16
[  900025ms] [ERROR] Is Streamlit still running? If you accidentally stopped Streamlit, just restart it in your terminal: @ http://localhost:8765/static/js/index.D2ZqaFuW.js:21
[  900048ms] [ERROR] Failed to load resource: net::ERR_CONNECTION_REFUSED @ http://localhost:8765/10_Saved_Analyses/_stcore/host-config:0
[  902033ms] [ERROR] Failed to load resource: net::ERR_CONNECTION_REFUSED @ http://localhost:8765/_stcore/health:0
[  902033ms] [ERROR] Client Error in reaching server endpoint - No response received when attempting to reach /_stcore/health @ http://localhost:8765/static/js/index.D2ZqaFuW.js:16
[  902033ms] [ERROR] Is Streamlit still running? If you accidentally stopped Streamlit, just restart it in your terminal: @ http://localhost:8765/static/js/index.D2ZqaFuW.js:21
[  902056ms] [ERROR] Failed to load resource: net::ERR_CONNECTION_REFUSED @ http://localhost:8765/_stcore/host-config:0
[  904040ms] [ERROR] Failed to load resource: net::ERR_CONNECTION_REFUSED @ http://localhost:8765/10_Saved_Analyses/_stcore/health:0
[  904041ms] [ERROR] Client Error in reaching server endpoint - No response received when attempting to reach /10_Saved_Analyses/_stcore/health @ http://localhost:8765/static/js/index.D2ZqaFuW.js:16
[  904041ms] [ERROR] Is Streamlit still running? If you accidentally stopped Streamlit, just restart it in your terminal: @ http://localhost:8765/static/js/index.D2ZqaFuW.js:21
[  904062ms] [ERROR] Failed to load resource: net::ERR_CONNECTION_REFUSED @ http://localhost:8765/10_Saved_Analyses/_stcore/host-config:0
[  906048ms] [ERROR] Failed to load resource: net::ERR_CONNECTION_REFUSED @ http://localhost:8765/_stcore/health:0
[  906048ms] [ERROR] Client Error in reaching server endpoint - No response received when attempting to reach /_stcore/health @ http://localhost:8765/static/js/index.D2ZqaFuW.js:16
[  906049ms] [ERROR] Is Streamlit still running? If you accidentally stopped Streamlit, just restart it in your terminal: @ http://localhost:8765/static/js/index.D2ZqaFuW.js:21
[  906080ms] [ERROR] Failed to load resource: net::ERR_CONNECTION_REFUSED @ http://localhost:8765/_stcore/host-config:0
[  908055ms] [ERROR] Failed to load resource: net::ERR_CONNECTION_REFUSED @ http://localhost:8765/10_Saved_Analyses/_stcore/health:0
[  908055ms] [ERROR] Client Error in reaching server endpoint - No response received when attempting to reach /10_Saved_Analyses/_stcore/health @ http://localhost:8765/static/js/index.D2ZqaFuW.js:16
[  908055ms] [ERROR] Is Streamlit still running? If you accidentally stopped Streamlit, just restart it in your terminal: @ http://localhost:8765/static/js/index.D2ZqaFuW.js:21
[  908077ms] [ERROR] Failed to load resource: net::ERR_CONNECTION_REFUSED @ http://localhost:8765/10_Saved_Analyses/_stcore/host-config:0
[  910062ms] [ERROR] Failed to load resource: net::ERR_CONNECTION_REFUSED @ http://localhost:8765/_stcore/health:0
[  910063ms] [ERROR] Client Error in reaching server endpoint - No response received when attempting to reach /_stcore/health @ http://localhost:8765/static/js/index.D2ZqaFuW.js:16
[  910063ms] [ERROR] Is Streamlit still running? If you accidentally stopped Streamlit, just restart it in your terminal: @ http://localhost:8765/static/js/index.D2ZqaFuW.js:21
[  910085ms] [ERROR] Failed to load resource: net::ERR_CONNECTION_REFUSED @ http://localhost:8765/_stcore/host-config:0
[  912071ms] [ERROR] Failed to load resource: net::ERR_CONNECTION_REFUSED @ http://localhost:8765/10_Saved_Analyses/_stcore/host-config:0
[  912071ms] [ERROR] Client Error in reaching server endpoint - No response received when attempting to reach /10_Saved_Analyses/_stcore/host-config @ http://localhost:8765/static/js/index.D2ZqaFuW.js:16
[  912072ms] [ERROR] Is Streamlit still running? If you accidentally stopped Streamlit, just restart it in your terminal: @ http://localhost:8765/static/js/index.D2ZqaFuW.js:21
[  912093ms] [ERROR] Failed to load resource: net::ERR_CONNECTION_REFUSED @ http://localhost:8765/10_Saved_Analyses/_stcore/health:0
[  914077ms] [ERROR] Failed to load resource: net::ERR_CONNECTION_REFUSED @ http://localhost:8765/_stcore/health:0
[  914077ms] [ERROR] Client Error in reaching server endpoint - No response received when attempting to reach /_stcore/health @ http://localhost:8765/static/js/index.D2ZqaFuW.js:16
[  914078ms] [ERROR] Is Streamlit still running? If you accidentally stopped Streamlit, just restart it in your terminal: @ http://localhost:8765/static/js/index.D2ZqaFuW.js:21
[  914106ms] [ERROR] Failed to load resource: net::ERR_CONNECTION_REFUSED @ http://localhost:8765/_stcore/host-config:0
[  916085ms] [ERROR] Failed to load resource: net::ERR_CONNECTION_REFUSED @ http://localhost:8765/10_Saved_Analyses/_stcore/health:0
[  916085ms] [ERROR] Client Error in reaching server endpoint - No response received when attempting to reach /10_Saved_Analyses/_stcore/health @ http://localhost:8765/static/js/index.D2ZqaFuW.js:16
[  916085ms] [ERROR] Is Streamlit still running? If you accidentally stopped Streamlit, just restart it in your terminal: @ http://localhost:8765/static/js/index.D2ZqaFuW.js:21
[  916108ms] [ERROR] Failed to load resource: net::ERR_CONNECTION_REFUSED @ http://localhost:8765/10_Saved_Analyses/_stcore/host-config:0
[  918123ms] [ERROR] Failed to load resource: net::ERR_CONNECTION_REFUSED @ http://localhost:8765/_stcore/health:0
[  918123ms] [ERROR] Client Error in reaching server endpoint - No response received when attempting to reach /_stcore/health @ http://localhost:8765/static/js/index.D2ZqaFuW.js:16
[  918123ms] [ERROR] Is Streamlit still running? If you accidentally stopped Streamlit, just restart it in your terminal: @ http://localhost:8765/static/js/index.D2ZqaFuW.js:21
[  918124ms] [ERROR] Failed to load resource: net::ERR_CONNECTION_REFUSED @ http://localhost:8765/_stcore/host-config:0
[  920129ms] [ERROR] Failed to load resource: net::ERR_CONNECTION_REFUSED @ http://localhost:8765/10_Saved_Analyses/_stcore/health:0
[  920129ms] [ERROR] Client Error in reaching server endpoint - No response received when attempting to reach /10_Saved_Analyses/_stcore/health @ http://localhost:8765/static/js/index.D2ZqaFuW.js:16
[  920129ms] [ERROR] Is Streamlit still running? If you accidentally stopped Streamlit, just restart it in your terminal: @ http://localhost:8765/static/js/index.D2ZqaFuW.js:21
[  920155ms] [ERROR] Failed to load resource: net::ERR_CONNECTION_REFUSED @ http://localhost:8765/10_Saved_Analyses/_stcore/host-config:0
[  922138ms] [ERROR] Failed to load resource: net::ERR_CONNECTION_REFUSED @ http://localhost:8765/_stcore/health:0
[  922138ms] [ERROR] Client Error in reaching server endpoint - No response received when attempting to reach /_stcore/health @ http://localhost:8765/static/js/index.D2ZqaFuW.js:16
[  922138ms] [ERROR] Is Streamlit still running? If you accidentally stopped Streamlit, just restart it in your terminal: @ http://localhost:8765/static/js/index.D2ZqaFuW.js:21
[  922160ms] [ERROR] Failed to load resource: net::ERR_CONNECTION_REFUSED @ http://localhost:8765/_stcore/host-config:0
[  924146ms] [ERROR] Failed to load resource: net::ERR_CONNECTION_REFUSED @ http://localhost:8765/10_Saved_Analyses/_stcore/health:0
[  924146ms] [ERROR] Client Error in reaching server endpoint - No response received when attempting to reach /10_Saved_Analyses/_stcore/health @ http://localhost:8765/static/js/index.D2ZqaFuW.js:16
[  924146ms] [ERROR] Is Streamlit still running? If you accidentally stopped Streamlit, just restart it in your terminal: @ http://localhost:8765/static/js/index.D2ZqaFuW.js:21
[  924168ms] [ERROR] Failed to load resource: net::ERR_CONNECTION_REFUSED @ http://localhost:8765/10_Saved_Analyses/_stcore/host-config:0
[  926155ms] [ERROR] Failed to load resource: net::ERR_CONNECTION_REFUSED @ http://localhost:8765/_stcore/health:0
[  926156ms] [ERROR] Client Error in reaching server endpoint - No response received when attempting to reach /_stcore/health @ http://localhost:8765/static/js/index.D2ZqaFuW.js:16
[  926156ms] [ERROR] Is Streamlit still running? If you accidentally stopped Streamlit, just restart it in your terminal: @ http://localhost:8765/static/js/index.D2ZqaFuW.js:21
[  926177ms] [ERROR] Failed to load resource: net::ERR_CONNECTION_REFUSED @ http://localhost:8765/_stcore/host-config:0
[  928163ms] [ERROR] Failed to load resource: net::ERR_CONNECTION_REFUSED @ http://localhost:8765/10_Saved_Analyses/_stcore/health:0
[  928163ms] [ERROR] Client Error in reaching server endpoint - No response received when attempting to reach /10_Saved_Analyses/_stcore/health @ http://localhost:8765/static/js/index.D2ZqaFuW.js:16
[  928164ms] [ERROR] Is Streamlit still running? If you accidentally stopped Streamlit, just restart it in your terminal: @ http://localhost:8765/static/js/index.D2ZqaFuW.js:21
[  928184ms] [ERROR] Failed to load resource: net::ERR_CONNECTION_REFUSED @ http://localhost:8765/10_Saved_Analyses/_stcore/host-config:0
[  930172ms] [ERROR] Failed to load resource: net::ERR_CONNECTION_REFUSED @ http://localhost:8765/_stcore/health:0
[  930173ms] [ERROR] Client Error in reaching server endpoint - No response received when attempting to reach /_stcore/health @ http://localhost:8765/static/js/index.D2ZqaFuW.js:16
[  930173ms] [ERROR] Is Streamlit still running? If you accidentally stopped Streamlit, just restart it in your terminal: @ http://localhost:8765/static/js/index.D2ZqaFuW.js:21
[  930194ms] [ERROR] Failed to load resource: net::ERR_CONNECTION_REFUSED @ http://localhost:8765/_stcore/host-config:0
[  932197ms] [ERROR] Failed to load resource: net::ERR_CONNECTION_REFUSED @ http://localhost:8765/10_Saved_Analyses/_stcore/health:0
[  932198ms] [ERROR] Client Error in reaching server endpoint - No response received when attempting to reach /10_Saved_Analyses/_stcore/health @ http://localhost:8765/static/js/index.D2ZqaFuW.js:16
[  932198ms] [ERROR] Is Streamlit still running? If you accidentally stopped Streamlit, just restart it in your terminal: @ http://localhost:8765/static/js/index.D2ZqaFuW.js:21
[  932240ms] [ERROR] Failed to load resource: net::ERR_CONNECTION_REFUSED @ http://localhost:8765/10_Saved_Analyses/_stcore/host-config:0
[  934204ms] [ERROR] Failed to load resource: net::ERR_CONNECTION_REFUSED @ http://localhost:8765/_stcore/health:0
[  934205ms] [ERROR] Client Error in reaching server endpoint - No response received when attempting to reach /_stcore/health @ http://localhost:8765/static/js/index.D2ZqaFuW.js:16
[  934205ms] [ERROR] Is Streamlit still running? If you accidentally stopped Streamlit, just restart it in your terminal: @ http://localhost:8765/static/js/index.D2ZqaFuW.js:21
[  934226ms] [ERROR] Failed to load resource: net::ERR_CONNECTION_REFUSED @ http://localhost:8765/_stcore/host-config:0
[  936217ms] [ERROR] Failed to load resource: net::ERR_CONNECTION_REFUSED @ http://localhost:8765/10_Saved_Analyses/_stcore/health:0
[  936217ms] [ERROR] Client Error in reaching server endpoint - No response received when attempting to reach /10_Saved_Analyses/_stcore/health @ http://localhost:8765/static/js/index.D2ZqaFuW.js:16
[  936217ms] [ERROR] Is Streamlit still running? If you accidentally stopped Streamlit, just restart it in your terminal: @ http://localhost:8765/static/js/index.D2ZqaFuW.js:21
[  936217ms] [ERROR] Failed to load resource: net::ERR_CONNECTION_REFUSED @ http://localhost:8765/10_Saved_Analyses/_stcore/host-config:0
[  938225ms] [ERROR] Failed to load resource: net::ERR_CONNECTION_REFUSED @ http://localhost:8765/_stcore/host-config:0
[  938225ms] [ERROR] Client Error in reaching server endpoint - No response received when attempting to reach /_stcore/host-config @ http://localhost:8765/static/js/index.D2ZqaFuW.js:16
[  938225ms] [ERROR] Is Streamlit still running? If you accidentally stopped Streamlit, just restart it in your terminal: @ http://localhost:8765/static/js/index.D2ZqaFuW.js:21
[  938248ms] [ERROR] Failed to load resource: net::ERR_CONNECTION_REFUSED @ http://localhost:8765/_stcore/health:0
[  940234ms] [ERROR] Failed to load resource: net::ERR_CONNECTION_REFUSED @ http://localhost:8765/10_Saved_Analyses/_stcore/host-config:0
[  940234ms] [ERROR] Client Error in reaching server endpoint - No response received when attempting to reach /10_Saved_Analyses/_stcore/host-config @ http://localhost:8765/static/js/index.D2ZqaFuW.js:16
[  940235ms] [ERROR] Is Streamlit still running? If you accidentally stopped Streamlit, just restart it in your terminal: @ http://localhost:8765/static/js/index.D2ZqaFuW.js:21
[  940235ms] [ERROR] Failed to load resource: net::ERR_CONNECTION_REFUSED @ http://localhost:8765/10_Saved_Analyses/_stcore/health:0
[  942243ms] [ERROR] Failed to load resource: net::ERR_CONNECTION_REFUSED @ http://localhost:8765/_stcore/health:0
[  942243ms] [ERROR] Client Error in reaching server endpoint - No response received when attempting to reach /_stcore/health @ http://localhost:8765/static/js/index.D2ZqaFuW.js:16
[  942243ms] [ERROR] Is Streamlit still running? If you accidentally stopped Streamlit, just restart it in your terminal: @ http://localhost:8765/static/js/index.D2ZqaFuW.js:21
[  942266ms] [ERROR] Failed to load resource: net::ERR_CONNECTION_REFUSED @ http://localhost:8765/_stcore/host-config:0
[  944250ms] [ERROR] Failed to load resource: net::ERR_CONNECTION_REFUSED @ http://localhost:8765/10_Saved_Analyses/_stcore/host-config:0
[  944251ms] [ERROR] Client Error in reaching server endpoint - No response received when attempting to reach /10_Saved_Analyses/_stcore/host-config @ http://localhost:8765/static/js/index.D2ZqaFuW.js:16
[  944251ms] [ERROR] Is Streamlit still running? If you accidentally stopped Streamlit, just restart it in your terminal: @ http://localhost:8765/static/js/index.D2ZqaFuW.js:21
[  944274ms] [ERROR] Failed to load resource: net::ERR_CONNECTION_REFUSED @ http://localhost:8765/10_Saved_Analyses/_stcore/health:0
[  946255ms] [ERROR] Failed to load resource: net::ERR_CONNECTION_REFUSED @ http://localhost:8765/_stcore/health:0
[  946256ms] [ERROR] Client Error in reaching server endpoint - No response received when attempting to reach /_stcore/health @ http://localhost:8765/static/js/index.D2ZqaFuW.js:16
[  946256ms] [ERROR] Is Streamlit still running? If you accidentally stopped Streamlit, just restart it in your terminal: @ http://localhost:8765/static/js/index.D2ZqaFuW.js:21
[  946281ms] [ERROR] Failed to load resource: net::ERR_CONNECTION_REFUSED @ http://localhost:8765/_stcore/host-config:0
[  948263ms] [ERROR] Failed to load resource: net::ERR_CONNECTION_REFUSED @ http://localhost:8765/10_Saved_Analyses/_stcore/health:0
[  948263ms] [ERROR] Client Error in reaching server endpoint - No response received when attempting to reach /10_Saved_Analyses/_stcore/health @ http://localhost:8765/static/js/index.D2ZqaFuW.js:16
[  948264ms] [ERROR] Is Streamlit still running? If you accidentally stopped Streamlit, just restart it in your terminal: @ http://localhost:8765/static/js/index.D2ZqaFuW.js:21
[  948285ms] [ERROR] Failed to load resource: net::ERR_CONNECTION_REFUSED @ http://localhost:8765/10_Saved_Analyses/_stcore/host-config:0
[  950274ms] [ERROR] Failed to load resource: net::ERR_CONNECTION_REFUSED @ http://localhost:8765/_stcore/host-config:0
[  950274ms] [ERROR] Client Error in reaching server endpoint - No response received when attempting to reach /_stcore/host-config @ http://localhost:8765/static/js/index.D2ZqaFuW.js:16
[  950274ms] [ERROR] Is Streamlit still running? If you accidentally stopped Streamlit, just restart it in your terminal: @ http://localhost:8765/static/js/index.D2ZqaFuW.js:21
[  950299ms] [ERROR] Failed to load resource: net::ERR_CONNECTION_REFUSED @ http://localhost:8765/_stcore/health:0
[  952280ms] [ERROR] Failed to load resource: net::ERR_CONNECTION_REFUSED @ http://localhost:8765/10_Saved_Analyses/_stcore/health:0
[  952280ms] [ERROR] Client Error in reaching server endpoint - No response received when attempting to reach /10_Saved_Analyses/_stcore/health @ http://localhost:8765/static/js/index.D2ZqaFuW.js:16
[  952281ms] [ERROR] Is Streamlit still running? If you accidentally stopped Streamlit, just restart it in your terminal: @ http://localhost:8765/static/js/index.D2ZqaFuW.js:21
[  952301ms] [ERROR] Failed to load resource: net::ERR_CONNECTION_REFUSED @ http://localhost:8765/10_Saved_Analyses/_stcore/host-config:0
[  954291ms] [ERROR] Failed to load resource: net::ERR_CONNECTION_REFUSED @ http://localhost:8765/_stcore/health:0
[  954291ms] [ERROR] Client Error in reaching server endpoint - No response received when attempting to reach /_stcore/health @ http://localhost:8765/static/js/index.D2ZqaFuW.js:16
[  954291ms] [ERROR] Is Streamlit still running? If you accidentally stopped Streamlit, just restart it in your terminal: @ http://localhost:8765/static/js/index.D2ZqaFuW.js:21
[  954312ms] [ERROR] Failed to load resource: net::ERR_CONNECTION_REFUSED @ http://localhost:8765/_stcore/host-config:0
[  956297ms] [ERROR] Failed to load resource: net::ERR_CONNECTION_REFUSED @ http://localhost:8765/10_Saved_Analyses/_stcore/host-config:0
[  956297ms] [ERROR] Client Error in reaching server endpoint - No response received when attempting to reach /10_Saved_Analyses/_stcore/host-config @ http://localhost:8765/static/js/index.D2ZqaFuW.js:16
[  956297ms] [ERROR] Is Streamlit still running? If you accidentally stopped Streamlit, just restart it in your terminal: @ http://localhost:8765/static/js/index.D2ZqaFuW.js:21
[  956317ms] [ERROR] Failed to load resource: net::ERR_CONNECTION_REFUSED @ http://localhost:8765/10_Saved_Analyses/_stcore/health:0
[  958304ms] [ERROR] Failed to load resource: net::ERR_CONNECTION_REFUSED @ http://localhost:8765/_stcore/health:0
[  958304ms] [ERROR] Client Error in reaching server endpoint - No response received when attempting to reach /_stcore/health @ http://localhost:8765/static/js/index.D2ZqaFuW.js:16
[  958305ms] [ERROR] Is Streamlit still running? If you accidentally stopped Streamlit, just restart it in your terminal: @ http://localhost:8765/static/js/index.D2ZqaFuW.js:21
[  958305ms] [ERROR] Failed to load resource: net::ERR_CONNECTION_REFUSED @ http://localhost:8765/_stcore/host-config:0
[  960310ms] [ERROR] Failed to load resource: net::ERR_CONNECTION_REFUSED @ http://localhost:8765/10_Saved_Analyses/_stcore/health:0
[  960310ms] [ERROR] Client Error in reaching server endpoint - No response received when attempting to reach /10_Saved_Analyses/_stcore/health @ http://localhost:8765/static/js/index.D2ZqaFuW.js:16
[  960311ms] [ERROR] Is Streamlit still running? If you accidentally stopped Streamlit, just restart it in your terminal: @ http://localhost:8765/static/js/index.D2ZqaFuW.js:21
[  960330ms] [ERROR] Failed to load resource: net::ERR_CONNECTION_REFUSED @ http://localhost:8765/10_Saved_Analyses/_stcore/host-config:0
[  962316ms] [ERROR] Failed to load resource: net::ERR_CONNECTION_REFUSED @ http://localhost:8765/_stcore/health:0
[  962316ms] [ERROR] Client Error in reaching server endpoint - No response received when attempting to reach /_stcore/health @ http://localhost:8765/static/js/index.D2ZqaFuW.js:16
[  962316ms] [ERROR] Is Streamlit still running? If you accidentally stopped Streamlit, just restart it in your terminal: @ http://localhost:8765/static/js/index.D2ZqaFuW.js:21
[  962338ms] [ERROR] Failed to load resource: net::ERR_CONNECTION_REFUSED @ http://localhost:8765/_stcore/host-config:0
[  964326ms] [ERROR] Failed to load resource: net::ERR_CONNECTION_REFUSED @ http://localhost:8765/10_Saved_Analyses/_stcore/health:0
[  964327ms] [ERROR] Client Error in reaching server endpoint - No response received when attempting to reach /10_Saved_Analyses/_stcore/health @ http://localhost:8765/static/js/index.D2ZqaFuW.js:16
[  964327ms] [ERROR] Is Streamlit still running? If you accidentally stopped Streamlit, just restart it in your terminal: @ http://localhost:8765/static/js/index.D2ZqaFuW.js:21
[  964348ms] [ERROR] Failed to load resource: net::ERR_CONNECTION_REFUSED @ http://localhost:8765/10_Saved_Analyses/_stcore/host-config:0
[  966331ms] [ERROR] Failed to load resource: net::ERR_CONNECTION_REFUSED @ http://localhost:8765/_stcore/health:0
[  966331ms] [ERROR] Client Error in reaching server endpoint - No response received when attempting to reach /_stcore/health @ http://localhost:8765/static/js/index.D2ZqaFuW.js:16
[  966331ms] [ERROR] Is Streamlit still running? If you accidentally stopped Streamlit, just restart it in your terminal: @ http://localhost:8765/static/js/index.D2ZqaFuW.js:21
[  966363ms] [ERROR] Failed to load resource: net::ERR_CONNECTION_REFUSED @ http://localhost:8765/_stcore/host-config:0
[  968338ms] [ERROR] Failed to load resource: net::ERR_CONNECTION_REFUSED @ http://localhost:8765/10_Saved_Analyses/_stcore/health:0
[  968338ms] [ERROR] Client Error in reaching server endpoint - No response received when attempting to reach /10_Saved_Analyses/_stcore/health @ http://localhost:8765/static/js/index.D2ZqaFuW.js:16
[  968338ms] [ERROR] Is Streamlit still running? If you accidentally stopped Streamlit, just restart it in your terminal: @ http://localhost:8765/static/js/index.D2ZqaFuW.js:21
[  968360ms] [ERROR] Failed to load resource: net::ERR_CONNECTION_REFUSED @ http://localhost:8765/10_Saved_Analyses/_stcore/host-config:0
[  970346ms] [ERROR] Failed to load resource: net::ERR_CONNECTION_REFUSED @ http://localhost:8765/_stcore/host-config:0
[  970346ms] [ERROR] Client Error in reaching server endpoint - No response received when attempting to reach /_stcore/host-config @ http://localhost:8765/static/js/index.D2ZqaFuW.js:16
[  970346ms] [ERROR] Is Streamlit still running? If you accidentally stopped Streamlit, just restart it in your terminal: @ http://localhost:8765/static/js/index.D2ZqaFuW.js:21
[  970365ms] [ERROR] Failed to load resource: net::ERR_CONNECTION_REFUSED @ http://localhost:8765/_stcore/health:0
[  972354ms] [ERROR] Failed to load resource: net::ERR_CONNECTION_REFUSED @ http://localhost:8765/10_Saved_Analyses/_stcore/health:0
[  972354ms] [ERROR] Client Error in reaching server endpoint - No response received when attempting to reach /10_Saved_Analyses/_stcore/health @ http://localhost:8765/static/js/index.D2ZqaFuW.js:16
[  972354ms] [ERROR] Is Streamlit still running? If you accidentally stopped Streamlit, just restart it in your terminal: @ http://localhost:8765/static/js/index.D2ZqaFuW.js:21
[  972374ms] [ERROR] Failed to load resource: net::ERR_CONNECTION_REFUSED @ http://localhost:8765/10_Saved_Analyses/_stcore/host-config:0
[  974390ms] [ERROR] Failed to load resource: net::ERR_CONNECTION_REFUSED @ http://localhost:8765/_stcore/host-config:0
[  974390ms] [ERROR] Client Error in reaching server endpoint - No response received when attempting to reach /_stcore/host-config @ http://localhost:8765/static/js/index.D2ZqaFuW.js:16
[  974390ms] [ERROR] Is Streamlit still running? If you accidentally stopped Streamlit, just restart it in your terminal: @ http://localhost:8765/static/js/index.D2ZqaFuW.js:21
[  974459ms] [ERROR] Failed to load resource: net::ERR_CONNECTION_REFUSED @ http://localhost:8765/_stcore/health:0
[  976398ms] [ERROR] Failed to load resource: net::ERR_CONNECTION_REFUSED @ http://localhost:8765/10_Saved_Analyses/_stcore/host-config:0
[  976398ms] [ERROR] Client Error in reaching server endpoint - No response received when attempting to reach /10_Saved_Analyses/_stcore/host-config @ http://localhost:8765/static/js/index.D2ZqaFuW.js:16
[  976398ms] [ERROR] Is Streamlit still running? If you accidentally stopped Streamlit, just restart it in your terminal: @ http://localhost:8765/static/js/index.D2ZqaFuW.js:21
[  976416ms] [ERROR] Failed to load resource: net::ERR_CONNECTION_REFUSED @ http://localhost:8765/10_Saved_Analyses/_stcore/health:0
[  978405ms] [ERROR] Failed to load resource: net::ERR_CONNECTION_REFUSED @ http://localhost:8765/_stcore/health:0
[  978406ms] [ERROR] Client Error in reaching server endpoint - No response received when attempting to reach /_stcore/health @ http://localhost:8765/static/js/index.D2ZqaFuW.js:16
[  978406ms] [ERROR] Is Streamlit still running? If you accidentally stopped Streamlit, just restart it in your terminal: @ http://localhost:8765/static/js/index.D2ZqaFuW.js:21
[  978426ms] [ERROR] Failed to load resource: net::ERR_CONNECTION_REFUSED @ http://localhost:8765/_stcore/host-config:0
[  980411ms] [ERROR] Failed to load resource: net::ERR_CONNECTION_REFUSED @ http://localhost:8765/10_Saved_Analyses/_stcore/host-config:0
[  980412ms] [ERROR] Client Error in reaching server endpoint - No response received when attempting to reach /10_Saved_Analyses/_stcore/host-config @ http://localhost:8765/static/js/index.D2ZqaFuW.js:16
[  980412ms] [ERROR] Is Streamlit still running? If you accidentally stopped Streamlit, just restart it in your terminal: @ http://localhost:8765/static/js/index.D2ZqaFuW.js:21
[  980434ms] [ERROR] Failed to load resource: net::ERR_CONNECTION_REFUSED @ http://localhost:8765/10_Saved_Analyses/_stcore/health:0
[  982421ms] [ERROR] Failed to load resource: net::ERR_CONNECTION_REFUSED @ http://localhost:8765/_stcore/host-config:0
[  982421ms] [ERROR] Client Error in reaching server endpoint - No response received when attempting to reach /_stcore/host-config @ http://localhost:8765/static/js/index.D2ZqaFuW.js:16
[  982421ms] [ERROR] Is Streamlit still running? If you accidentally stopped Streamlit, just restart it in your terminal: @ http://localhost:8765/static/js/index.D2ZqaFuW.js:21
[  982422ms] [ERROR] Failed to load resource: net::ERR_CONNECTION_REFUSED @ http://localhost:8765/_stcore/health:0
[  984428ms] [ERROR] Failed to load resource: net::ERR_CONNECTION_REFUSED @ http://localhost:8765/10_Saved_Analyses/_stcore/health:0
[  984428ms] [ERROR] Client Error in reaching server endpoint - No response received when attempting to reach /10_Saved_Analyses/_stcore/health @ http://localhost:8765/static/js/index.D2ZqaFuW.js:16
[  984428ms] [ERROR] Is Streamlit still running? If you accidentally stopped Streamlit, just restart it in your terminal: @ http://localhost:8765/static/js/index.D2ZqaFuW.js:21
[  984449ms] [ERROR] Failed to load resource: net::ERR_CONNECTION_REFUSED @ http://localhost:8765/10_Saved_Analyses/_stcore/host-config:0
[  986439ms] [ERROR] Failed to load resource: net::ERR_CONNECTION_REFUSED @ http://localhost:8765/_stcore/health:0
[  986439ms] [ERROR] Client Error in reaching server endpoint - No response received when attempting to reach /_stcore/health @ http://localhost:8765/static/js/index.D2ZqaFuW.js:16
[  986439ms] [ERROR] Is Streamlit still running? If you accidentally stopped Streamlit, just restart it in your terminal: @ http://localhost:8765/static/js/index.D2ZqaFuW.js:21
[  986461ms] [ERROR] Failed to load resource: net::ERR_CONNECTION_REFUSED @ http://localhost:8765/_stcore/host-config:0
[  988446ms] [ERROR] Failed to load resource: net::ERR_CONNECTION_REFUSED @ http://localhost:8765/10_Saved_Analyses/_stcore/health:0
[  988446ms] [ERROR] Client Error in reaching server endpoint - No response received when attempting to reach /10_Saved_Analyses/_stcore/health @ http://localhost:8765/static/js/index.D2ZqaFuW.js:16
[  988446ms] [ERROR] Is Streamlit still running? If you accidentally stopped Streamlit, just restart it in your terminal: @ http://localhost:8765/static/js/index.D2ZqaFuW.js:21
[  988468ms] [ERROR] Failed to load resource: net::ERR_CONNECTION_REFUSED @ http://localhost:8765/10_Saved_Analyses/_stcore/host-config:0
[  990451ms] [ERROR] Failed to load resource: net::ERR_CONNECTION_REFUSED @ http://localhost:8765/_stcore/health:0
[  990451ms] [ERROR] Client Error in reaching server endpoint - No response received when attempting to reach /_stcore/health @ http://localhost:8765/static/js/index.D2ZqaFuW.js:16
[  990451ms] [ERROR] Is Streamlit still running? If you accidentally stopped Streamlit, just restart it in your terminal: @ http://localhost:8765/static/js/index.D2ZqaFuW.js:21
[  990470ms] [ERROR] Failed to load resource: net::ERR_CONNECTION_REFUSED @ http://localhost:8765/_stcore/host-config:0
[  992455ms] [ERROR] Failed to load resource: net::ERR_CONNECTION_REFUSED @ http://localhost:8765/10_Saved_Analyses/_stcore/health:0
[  992456ms] [ERROR] Client Error in reaching server endpoint - No response received when attempting to reach /10_Saved_Analyses/_stcore/health @ http://localhost:8765/static/js/index.D2ZqaFuW.js:16
[  992456ms] [ERROR] Is Streamlit still running? If you accidentally stopped Streamlit, just restart it in your terminal: @ http://localhost:8765/static/js/index.D2ZqaFuW.js:21
[  992476ms] [ERROR] Failed to load resource: net::ERR_CONNECTION_REFUSED @ http://localhost:8765/10_Saved_Analyses/_stcore/host-config:0
[  994461ms] [ERROR] Failed to load resource: net::ERR_CONNECTION_REFUSED @ http://localhost:8765/_stcore/health:0
[  994461ms] [ERROR] Client Error in reaching server endpoint - No response received when attempting to reach /_stcore/health @ http://localhost:8765/static/js/index.D2ZqaFuW.js:16
[  994461ms] [ERROR] Is Streamlit still running? If you accidentally stopped Streamlit, just restart it in your terminal: @ http://localhost:8765/static/js/index.D2ZqaFuW.js:21
[  994482ms] [ERROR] Failed to load resource: net::ERR_CONNECTION_REFUSED @ http://localhost:8765/_stcore/host-config:0
[  996477ms] [ERROR] Failed to load resource: net::ERR_CONNECTION_REFUSED @ http://localhost:8765/10_Saved_Analyses/_stcore/host-config:0
[  996477ms] [ERROR] Client Error in reaching server endpoint - No response received when attempting to reach /10_Saved_Analyses/_stcore/host-config @ http://localhost:8765/static/js/index.D2ZqaFuW.js:16
[  996477ms] [ERROR] Is Streamlit still running? If you accidentally stopped Streamlit, just restart it in your terminal: @ http://localhost:8765/static/js/index.D2ZqaFuW.js:21
[  996477ms] [ERROR] Failed to load resource: net::ERR_CONNECTION_REFUSED @ http://localhost:8765/10_Saved_Analyses/_stcore/health:0
[  998485ms] [ERROR] Failed to load resource: net::ERR_CONNECTION_REFUSED @ http://localhost:8765/_stcore/health:0
[  998486ms] [ERROR] Client Error in reaching server endpoint - No response received when attempting to reach /_stcore/health @ http://localhost:8765/static/js/index.D2ZqaFuW.js:16
[  998486ms] [ERROR] Is Streamlit still running? If you accidentally stopped Streamlit, just restart it in your terminal: @ http://localhost:8765/static/js/index.D2ZqaFuW.js:21
[  998509ms] [ERROR] Failed to load resource: net::ERR_CONNECTION_REFUSED @ http://localhost:8765/_stcore/host-config:0
[ 1000495ms] [ERROR] Failed to load resource: net::ERR_CONNECTION_REFUSED @ http://localhost:8765/10_Saved_Analyses/_stcore/health:0
[ 1000495ms] [ERROR] Client Error in reaching server endpoint - No response received when attempting to reach /10_Saved_Analyses/_stcore/health @ http://localhost:8765/static/js/index.D2ZqaFuW.js:16
[ 1000495ms] [ERROR] Is Streamlit still running? If you accidentally stopped Streamlit, just restart it in your terminal: @ http://localhost:8765/static/js/index.D2ZqaFuW.js:21
[ 1000516ms] [ERROR] Failed to load resource: net::ERR_CONNECTION_REFUSED @ http://localhost:8765/10_Saved_Analyses/_stcore/host-config:0
[ 1002501ms] [ERROR] Failed to load resource: net::ERR_CONNECTION_REFUSED @ http://localhost:8765/_stcore/host-config:0
[ 1002501ms] [ERROR] Client Error in reaching server endpoint - No response received when attempting to reach /_stcore/host-config @ http://localhost:8765/static/js/index.D2ZqaFuW.js:16
[ 1002501ms] [ERROR] Is Streamlit still running? If you accidentally stopped Streamlit, just restart it in your terminal: @ http://localhost:8765/static/js/index.D2ZqaFuW.js:21
[ 1002521ms] [ERROR] Failed to load resource: net::ERR_CONNECTION_REFUSED @ http://localhost:8765/_stcore/health:0
[ 1004508ms] [ERROR] Failed to load resource: net::ERR_CONNECTION_REFUSED @ http://localhost:8765/10_Saved_Analyses/_stcore/health:0
[ 1004509ms] [ERROR] Client Error in reaching server endpoint - No response received when attempting to reach /10_Saved_Analyses/_stcore/health @ http://localhost:8765/static/js/index.D2ZqaFuW.js:16
[ 1004509ms] [ERROR] Is Streamlit still running? If you accidentally stopped Streamlit, just restart it in your terminal: @ http://localhost:8765/static/js/index.D2ZqaFuW.js:21
[ 1004533ms] [ERROR] Failed to load resource: net::ERR_CONNECTION_REFUSED @ http://localhost:8765/10_Saved_Analyses/_stcore/host-config:0
[ 1006514ms] [ERROR] Failed to load resource: net::ERR_CONNECTION_REFUSED @ http://localhost:8765/_stcore/health:0
[ 1006514ms] [ERROR] Client Error in reaching server endpoint - No response received when attempting to reach /_stcore/health @ http://localhost:8765/static/js/index.D2ZqaFuW.js:16
[ 1006514ms] [ERROR] Is Streamlit still running? If you accidentally stopped Streamlit, just restart it in your terminal: @ http://localhost:8765/static/js/index.D2ZqaFuW.js:21
[ 1006536ms] [ERROR] Failed to load resource: net::ERR_CONNECTION_REFUSED @ http://localhost:8765/_stcore/host-config:0
[ 1008519ms] [ERROR] Failed to load resource: net::ERR_CONNECTION_REFUSED @ http://localhost:8765/10_Saved_Analyses/_stcore/health:0
[ 1008519ms] [ERROR] Client Error in reaching server endpoint - No response received when attempting to reach /10_Saved_Analyses/_stcore/health @ http://localhost:8765/static/js/index.D2ZqaFuW.js:16
[ 1008519ms] [ERROR] Is Streamlit still running? If you accidentally stopped Streamlit, just restart it in your terminal: @ http://localhost:8765/static/js/index.D2ZqaFuW.js:21
[ 1008542ms] [ERROR] Failed to load resource: net::ERR_CONNECTION_REFUSED @ http://localhost:8765/10_Saved_Analyses/_stcore/host-config:0
[ 1010523ms] [ERROR] Failed to load resource: net::ERR_CONNECTION_REFUSED @ http://localhost:8765/_stcore/health:0
[ 1010523ms] [ERROR] Client Error in reaching server endpoint - No response received when attempting to reach /_stcore/health @ http://localhost:8765/static/js/index.D2ZqaFuW.js:16
[ 1010524ms] [ERROR] Is Streamlit still running? If you accidentally stopped Streamlit, just restart it in your terminal: @ http://localhost:8765/static/js/index.D2ZqaFuW.js:21
[ 1010549ms] [ERROR] Failed to load resource: net::ERR_CONNECTION_REFUSED @ http://localhost:8765/_stcore/host-config:0
[ 1012529ms] [ERROR] Failed to load resource: net::ERR_CONNECTION_REFUSED @ http://localhost:8765/10_Saved_Analyses/_stcore/health:0
[ 1012529ms] [ERROR] Client Error in reaching server endpoint - No response received when attempting to reach /10_Saved_Analyses/_stcore/health @ http://localhost:8765/static/js/index.D2ZqaFuW.js:16
[ 1012529ms] [ERROR] Is Streamlit still running? If you accidentally stopped Streamlit, just restart it in your terminal: @ http://localhost:8765/static/js/index.D2ZqaFuW.js:21
[ 1012551ms] [ERROR] Failed to load resource: net::ERR_CONNECTION_REFUSED @ http://localhost:8765/10_Saved_Analyses/_stcore/host-config:0
[ 1014537ms] [ERROR] Failed to load resource: net::ERR_CONNECTION_REFUSED @ http://localhost:8765/_stcore/health:0
[ 1014537ms] [ERROR] Client Error in reaching server endpoint - No response received when attempting to reach /_stcore/health @ http://localhost:8765/static/js/index.D2ZqaFuW.js:16
[ 1014537ms] [ERROR] Is Streamlit still running? If you accidentally stopped Streamlit, just restart it in your terminal: @ http://localhost:8765/static/js/index.D2ZqaFuW.js:21
[ 1014560ms] [ERROR] Failed to load resource: net::ERR_CONNECTION_REFUSED @ http://localhost:8765/_stcore/host-config:0
[ 1016544ms] [ERROR] Failed to load resource: net::ERR_CONNECTION_REFUSED @ http://localhost:8765/10_Saved_Analyses/_stcore/health:0
[ 1016545ms] [ERROR] Client Error in reaching server endpoint - No response received when attempting to reach /10_Saved_Analyses/_stcore/health @ http://localhost:8765/static/js/index.D2ZqaFuW.js:16
[ 1016545ms] [ERROR] Is Streamlit still running? If you accidentally stopped Streamlit, just restart it in your terminal: @ http://localhost:8765/static/js/index.D2ZqaFuW.js:21
[ 1016566ms] [ERROR] Failed to load resource: net::ERR_CONNECTION_REFUSED @ http://localhost:8765/10_Saved_Analyses/_stcore/host-config:0
[ 1018550ms] [ERROR] Failed to load resource: net::ERR_CONNECTION_REFUSED @ http://localhost:8765/_stcore/health:0
[ 1018550ms] [ERROR] Client Error in reaching server endpoint - No response received when attempting to reach /_stcore/health @ http://localhost:8765/static/js/index.D2ZqaFuW.js:16
[ 1018550ms] [ERROR] Is Streamlit still running? If you accidentally stopped Streamlit, just restart it in your terminal: @ http://localhost:8765/static/js/index.D2ZqaFuW.js:21
[ 1018570ms] [ERROR] Failed to load resource: net::ERR_CONNECTION_REFUSED @ http://localhost:8765/_stcore/host-config:0
[ 1020555ms] [ERROR] Failed to load resource: net::ERR_CONNECTION_REFUSED @ http://localhost:8765/10_Saved_Analyses/_stcore/health:0
[ 1020555ms] [ERROR] Client Error in reaching server endpoint - No response received when attempting to reach /10_Saved_Analyses/_stcore/health @ http://localhost:8765/static/js/index.D2ZqaFuW.js:16
[ 1020556ms] [ERROR] Is Streamlit still running? If you accidentally stopped Streamlit, just restart it in your terminal: @ http://localhost:8765/static/js/index.D2ZqaFuW.js:21
[ 1020576ms] [ERROR] Failed to load resource: net::ERR_CONNECTION_REFUSED @ http://localhost:8765/10_Saved_Analyses/_stcore/host-config:0
[ 1022564ms] [ERROR] Failed to load resource: net::ERR_CONNECTION_REFUSED @ http://localhost:8765/_stcore/host-config:0
[ 1022564ms] [ERROR] Client Error in reaching server endpoint - No response received when attempting to reach /_stcore/host-config @ http://localhost:8765/static/js/index.D2ZqaFuW.js:16
[ 1022564ms] [ERROR] Is Streamlit still running? If you accidentally stopped Streamlit, just restart it in your terminal: @ http://localhost:8765/static/js/index.D2ZqaFuW.js:21
[ 1022584ms] [ERROR] Failed to load resource: net::ERR_CONNECTION_REFUSED @ http://localhost:8765/_stcore/health:0
[ 1024570ms] [ERROR] Failed to load resource: net::ERR_CONNECTION_REFUSED @ http://localhost:8765/10_Saved_Analyses/_stcore/health:0
[ 1024570ms] [ERROR] Client Error in reaching server endpoint - No response received when attempting to reach /10_Saved_Analyses/_stcore/health @ http://localhost:8765/static/js/index.D2ZqaFuW.js:16
[ 1024570ms] [ERROR] Is Streamlit still running? If you accidentally stopped Streamlit, just restart it in your terminal: @ http://localhost:8765/static/js/index.D2ZqaFuW.js:21
[ 1024593ms] [ERROR] Failed to load resource: net::ERR_CONNECTION_REFUSED @ http://localhost:8765/10_Saved_Analyses/_stcore/host-config:0
[ 1026578ms] [ERROR] Failed to load resource: net::ERR_CONNECTION_REFUSED @ http://localhost:8765/_stcore/health:0
[ 1026578ms] [ERROR] Client Error in reaching server endpoint - No response received when attempting to reach /_stcore/health @ http://localhost:8765/static/js/index.D2ZqaFuW.js:16
[ 1026578ms] [ERROR] Is Streamlit still running? If you accidentally stopped Streamlit, just restart it in your terminal: @ http://localhost:8765/static/js/index.D2ZqaFuW.js:21
[ 1026601ms] [ERROR] Failed to load resource: net::ERR_CONNECTION_REFUSED @ http://localhost:8765/_stcore/host-config:0
[ 1028586ms] [ERROR] Failed to load resource: net::ERR_CONNECTION_REFUSED @ http://localhost:8765/10_Saved_Analyses/_stcore/health:0
[ 1028586ms] [ERROR] Client Error in reaching server endpoint - No response received when attempting to reach /10_Saved_Analyses/_stcore/health @ http://localhost:8765/static/js/index.D2ZqaFuW.js:16
[ 1028586ms] [ERROR] Is Streamlit still running? If you accidentally stopped Streamlit, just restart it in your terminal: @ http://localhost:8765/static/js/index.D2ZqaFuW.js:21
[ 1028608ms] [ERROR] Failed to load resource: net::ERR_CONNECTION_REFUSED @ http://localhost:8765/10_Saved_Analyses/_stcore/host-config:0
[ 1030593ms] [ERROR] Failed to load resource: net::ERR_CONNECTION_REFUSED @ http://localhost:8765/_stcore/health:0
[ 1030593ms] [ERROR] Client Error in reaching server endpoint - No response received when attempting to reach /_stcore/health @ http://localhost:8765/static/js/index.D2ZqaFuW.js:16
[ 1030593ms] [ERROR] Is Streamlit still running? If you accidentally stopped Streamlit, just restart it in your terminal: @ http://localhost:8765/static/js/index.D2ZqaFuW.js:21
[ 1030616ms] [ERROR] Failed to load resource: net::ERR_CONNECTION_REFUSED @ http://localhost:8765/_stcore/host-config:0
[ 1032599ms] [ERROR] Failed to load resource: net::ERR_CONNECTION_REFUSED @ http://localhost:8765/10_Saved_Analyses/_stcore/health:0
[ 1032599ms] [ERROR] Client Error in reaching server endpoint - No response received when attempting to reach /10_Saved_Analyses/_stcore/health @ http://localhost:8765/static/js/index.D2ZqaFuW.js:16
[ 1032599ms] [ERROR] Is Streamlit still running? If you accidentally stopped Streamlit, just restart it in your terminal: @ http://localhost:8765/static/js/index.D2ZqaFuW.js:21
[ 1032619ms] [ERROR] Failed to load resource: net::ERR_CONNECTION_REFUSED @ http://localhost:8765/10_Saved_Analyses/_stcore/host-config:0
[ 1034610ms] [ERROR] Failed to load resource: net::ERR_CONNECTION_REFUSED @ http://localhost:8765/_stcore/host-config:0
[ 1034610ms] [ERROR] Client Error in reaching server endpoint - No response received when attempting to reach /_stcore/host-config @ http://localhost:8765/static/js/index.D2ZqaFuW.js:16
[ 1034611ms] [ERROR] Is Streamlit still running? If you accidentally stopped Streamlit, just restart it in your terminal: @ http://localhost:8765/static/js/index.D2ZqaFuW.js:21
[ 1034633ms] [ERROR] Failed to load resource: net::ERR_CONNECTION_REFUSED @ http://localhost:8765/_stcore/health:0
[ 1036616ms] [ERROR] Failed to load resource: net::ERR_CONNECTION_REFUSED @ http://localhost:8765/10_Saved_Analyses/_stcore/health:0
[ 1036616ms] [ERROR] Client Error in reaching server endpoint - No response received when attempting to reach /10_Saved_Analyses/_stcore/health @ http://localhost:8765/static/js/index.D2ZqaFuW.js:16
[ 1036616ms] [ERROR] Is Streamlit still running? If you accidentally stopped Streamlit, just restart it in your terminal: @ http://localhost:8765/static/js/index.D2ZqaFuW.js:21
[ 1036636ms] [ERROR] Failed to load resource: net::ERR_CONNECTION_REFUSED @ http://localhost:8765/10_Saved_Analyses/_stcore/host-config:0
[ 1038624ms] [ERROR] Failed to load resource: net::ERR_CONNECTION_REFUSED @ http://localhost:8765/_stcore/health:0
[ 1038624ms] [ERROR] Client Error in reaching server endpoint - No response received when attempting to reach /_stcore/health @ http://localhost:8765/static/js/index.D2ZqaFuW.js:16
[ 1038624ms] [ERROR] Is Streamlit still running? If you accidentally stopped Streamlit, just restart it in your terminal: @ http://localhost:8765/static/js/index.D2ZqaFuW.js:21
[ 1038648ms] [ERROR] Failed to load resource: net::ERR_CONNECTION_REFUSED @ http://localhost:8765/_stcore/host-config:0
[ 1040634ms] [ERROR] Failed to load resource: net::ERR_CONNECTION_REFUSED @ http://localhost:8765/10_Saved_Analyses/_stcore/host-config:0
[ 1040634ms] [ERROR] Client Error in reaching server endpoint - No response received when attempting to reach /10_Saved_Analyses/_stcore/host-config @ http://localhost:8765/static/js/index.D2ZqaFuW.js:16
[ 1040635ms] [ERROR] Is Streamlit still running? If you accidentally stopped Streamlit, just restart it in your terminal: @ http://localhost:8765/static/js/index.D2ZqaFuW.js:21
[ 1040654ms] [ERROR] Failed to load resource: net::ERR_CONNECTION_REFUSED @ http://localhost:8765/10_Saved_Analyses/_stcore/health:0
[ 1042639ms] [ERROR] Failed to load resource: net::ERR_CONNECTION_REFUSED @ http://localhost:8765/_stcore/health:0
[ 1042639ms] [ERROR] Client Error in reaching server endpoint - No response received when attempting to reach /_stcore/health @ http://localhost:8765/static/js/index.D2ZqaFuW.js:16
[ 1042639ms] [ERROR] Is Streamlit still running? If you accidentally stopped Streamlit, just restart it in your terminal: @ http://localhost:8765/static/js/index.D2ZqaFuW.js:21
[ 1042658ms] [ERROR] Failed to load resource: net::ERR_CONNECTION_REFUSED @ http://localhost:8765/_stcore/host-config:0
[ 1044646ms] [ERROR] Failed to load resource: net::ERR_CONNECTION_REFUSED @ http://localhost:8765/10_Saved_Analyses/_stcore/health:0
[ 1044646ms] [ERROR] Client Error in reaching server endpoint - No response received when attempting to reach /10_Saved_Analyses/_stcore/health @ http://localhost:8765/static/js/index.D2ZqaFuW.js:16
[ 1044646ms] [ERROR] Is Streamlit still running? If you accidentally stopped Streamlit, just restart it in your terminal: @ http://localhost:8765/static/js/index.D2ZqaFuW.js:21
[ 1044666ms] [ERROR] Failed to load resource: net::ERR_CONNECTION_REFUSED @ http://localhost:8765/10_Saved_Analyses/_stcore/host-config:0
[ 1046664ms] [ERROR] Failed to load resource: net::ERR_CONNECTION_REFUSED @ http://localhost:8765/_stcore/host-config:0
[ 1046664ms] [ERROR] Client Error in reaching server endpoint - No response received when attempting to reach /_stcore/host-config @ http://localhost:8765/static/js/index.D2ZqaFuW.js:16
[ 1046665ms] [ERROR] Is Streamlit still running? If you accidentally stopped Streamlit, just restart it in your terminal: @ http://localhost:8765/static/js/index.D2ZqaFuW.js:21
[ 1046667ms] [ERROR] Failed to load resource: net::ERR_CONNECTION_REFUSED @ http://localhost:8765/_stcore/health:0
[ 1048707ms] [ERROR] Failed to load resource: net::ERR_CONNECTION_REFUSED @ http://localhost:8765/10_Saved_Analyses/_stcore/health:0
[ 1048707ms] [ERROR] Client Error in reaching server endpoint - No response received when attempting to reach /10_Saved_Analyses/_stcore/health @ http://localhost:8765/static/js/index.D2ZqaFuW.js:16
[ 1048707ms] [ERROR] Is Streamlit still running? If you accidentally stopped Streamlit, just restart it in your terminal: @ http://localhost:8765/static/js/index.D2ZqaFuW.js:21
[ 1048727ms] [ERROR] Failed to load resource: net::ERR_CONNECTION_REFUSED @ http://localhost:8765/10_Saved_Analyses/_stcore/host-config:0
[ 1050717ms] [ERROR] Failed to load resource: net::ERR_CONNECTION_REFUSED @ http://localhost:8765/_stcore/health:0
[ 1050717ms] [ERROR] Client Error in reaching server endpoint - No response received when attempting to reach /_stcore/health @ http://localhost:8765/static/js/index.D2ZqaFuW.js:16
[ 1050717ms] [ERROR] Is Streamlit still running? If you accidentally stopped Streamlit, just restart it in your terminal: @ http://localhost:8765/static/js/index.D2ZqaFuW.js:21
[ 1050740ms] [ERROR] Failed to load resource: net::ERR_CONNECTION_REFUSED @ http://localhost:8765/_stcore/host-config:0
[ 1052724ms] [ERROR] Failed to load resource: net::ERR_CONNECTION_REFUSED @ http://localhost:8765/10_Saved_Analyses/_stcore/host-config:0
[ 1052724ms] [ERROR] Client Error in reaching server endpoint - No response received when attempting to reach /10_Saved_Analyses/_stcore/host-config @ http://localhost:8765/static/js/index.D2ZqaFuW.js:16
[ 1052725ms] [ERROR] Is Streamlit still running? If you accidentally stopped Streamlit, just restart it in your terminal: @ http://localhost:8765/static/js/index.D2ZqaFuW.js:21
[ 1052746ms] [ERROR] Failed to load resource: net::ERR_CONNECTION_REFUSED @ http://localhost:8765/10_Saved_Analyses/_stcore/health:0
[ 1054735ms] [ERROR] Failed to load resource: net::ERR_CONNECTION_REFUSED @ http://localhost:8765/_stcore/health:0
[ 1054735ms] [ERROR] Client Error in reaching server endpoint - No response received when attempting to reach /_stcore/health @ http://localhost:8765/static/js/index.D2ZqaFuW.js:16
[ 1054735ms] [ERROR] Is Streamlit still running? If you accidentally stopped Streamlit, just restart it in your terminal: @ http://localhost:8765/static/js/index.D2ZqaFuW.js:21
[ 1054760ms] [ERROR] Failed to load resource: net::ERR_CONNECTION_REFUSED @ http://localhost:8765/_stcore/host-config:0
[ 1056748ms] [ERROR] Failed to load resource: net::ERR_CONNECTION_REFUSED @ http://localhost:8765/10_Saved_Analyses/_stcore/host-config:0
[ 1056748ms] [ERROR] Client Error in reaching server endpoint - No response received when attempting to reach /10_Saved_Analyses/_stcore/host-config @ http://localhost:8765/static/js/index.D2ZqaFuW.js:16
[ 1056748ms] [ERROR] Is Streamlit still running? If you accidentally stopped Streamlit, just restart it in your terminal: @ http://localhost:8765/static/js/index.D2ZqaFuW.js:21
[ 1056772ms] [ERROR] Failed to load resource: net::ERR_CONNECTION_REFUSED @ http://localhost:8765/10_Saved_Analyses/_stcore/health:0
[ 1058755ms] [ERROR] Failed to load resource: net::ERR_CONNECTION_REFUSED @ http://localhost:8765/_stcore/health:0
[ 1058756ms] [ERROR] Client Error in reaching server endpoint - No response received when attempting to reach /_stcore/health @ http://localhost:8765/static/js/index.D2ZqaFuW.js:16
[ 1058756ms] [ERROR] Is Streamlit still running? If you accidentally stopped Streamlit, just restart it in your terminal: @ http://localhost:8765/static/js/index.D2ZqaFuW.js:21
[ 1058777ms] [ERROR] Failed to load resource: net::ERR_CONNECTION_REFUSED @ http://localhost:8765/_stcore/host-config:0
[ 1060762ms] [ERROR] Failed to load resource: net::ERR_CONNECTION_REFUSED @ http://localhost:8765/10_Saved_Analyses/_stcore/health:0
[ 1060763ms] [ERROR] Client Error in reaching server endpoint - No response received when attempting to reach /10_Saved_Analyses/_stcore/health @ http://localhost:8765/static/js/index.D2ZqaFuW.js:16
[ 1060763ms] [ERROR] Is Streamlit still running? If you accidentally stopped Streamlit, just restart it in your terminal: @ http://localhost:8765/static/js/index.D2ZqaFuW.js:21
[ 1060784ms] [ERROR] Failed to load resource: net::ERR_CONNECTION_REFUSED @ http://localhost:8765/10_Saved_Analyses/_stcore/host-config:0
[ 1062770ms] [ERROR] Failed to load resource: net::ERR_CONNECTION_REFUSED @ http://localhost:8765/_stcore/health:0
[ 1062770ms] [ERROR] Client Error in reaching server endpoint - No response received when attempting to reach /_stcore/health @ http://localhost:8765/static/js/index.D2ZqaFuW.js:16
[ 1062770ms] [ERROR] Is Streamlit still running? If you accidentally stopped Streamlit, just restart it in your terminal: @ http://localhost:8765/static/js/index.D2ZqaFuW.js:21
[ 1062771ms] [ERROR] Failed to load resource: net::ERR_CONNECTION_REFUSED @ http://localhost:8765/_stcore/host-config:0
[ 1064777ms] [ERROR] Failed to load resource: net::ERR_CONNECTION_REFUSED @ http://localhost:8765/10_Saved_Analyses/_stcore/host-config:0
[ 1064778ms] [ERROR] Client Error in reaching server endpoint - No response received when attempting to reach /10_Saved_Analyses/_stcore/host-config @ http://localhost:8765/static/js/index.D2ZqaFuW.js:16
[ 1064778ms] [ERROR] Is Streamlit still running? If you accidentally stopped Streamlit, just restart it in your terminal: @ http://localhost:8765/static/js/index.D2ZqaFuW.js:21
[ 1064798ms] [ERROR] Failed to load resource: net::ERR_CONNECTION_REFUSED @ http://localhost:8765/10_Saved_Analyses/_stcore/health:0
[ 1066784ms] [ERROR] Failed to load resource: net::ERR_CONNECTION_REFUSED @ http://localhost:8765/_stcore/health:0
[ 1066784ms] [ERROR] Client Error in reaching server endpoint - No response received when attempting to reach /_stcore/health @ http://localhost:8765/static/js/index.D2ZqaFuW.js:16
[ 1066784ms] [ERROR] Is Streamlit still running? If you accidentally stopped Streamlit, just restart it in your terminal: @ http://localhost:8765/static/js/index.D2ZqaFuW.js:21
[ 1066803ms] [ERROR] Failed to load resource: net::ERR_CONNECTION_REFUSED @ http://localhost:8765/_stcore/host-config:0
[ 1068792ms] [ERROR] Failed to load resource: net::ERR_CONNECTION_REFUSED @ http://localhost:8765/10_Saved_Analyses/_stcore/health:0
[ 1068792ms] [ERROR] Client Error in reaching server endpoint - No response received when attempting to reach /10_Saved_Analyses/_stcore/health @ http://localhost:8765/static/js/index.D2ZqaFuW.js:16
[ 1068792ms] [ERROR] Is Streamlit still running? If you accidentally stopped Streamlit, just restart it in your terminal: @ http://localhost:8765/static/js/index.D2ZqaFuW.js:21
[ 1068817ms] [ERROR] Failed to load resource: net::ERR_CONNECTION_REFUSED @ http://localhost:8765/10_Saved_Analyses/_stcore/host-config:0
[ 1070800ms] [ERROR] Failed to load resource: net::ERR_CONNECTION_REFUSED @ http://localhost:8765/_stcore/host-config:0
[ 1070800ms] [ERROR] Client Error in reaching server endpoint - No response received when attempting to reach /_stcore/host-config @ http://localhost:8765/static/js/index.D2ZqaFuW.js:16
[ 1070800ms] [ERROR] Is Streamlit still running? If you accidentally stopped Streamlit, just restart it in your terminal: @ http://localhost:8765/static/js/index.D2ZqaFuW.js:21
[ 1070827ms] [ERROR] Failed to load resource: net::ERR_CONNECTION_REFUSED @ http://localhost:8765/_stcore/health:0
[ 1072811ms] [ERROR] Failed to load resource: net::ERR_CONNECTION_REFUSED @ http://localhost:8765/10_Saved_Analyses/_stcore/health:0
[ 1072811ms] [ERROR] Client Error in reaching server endpoint - No response received when attempting to reach /10_Saved_Analyses/_stcore/health @ http://localhost:8765/static/js/index.D2ZqaFuW.js:16
[ 1072811ms] [ERROR] Is Streamlit still running? If you accidentally stopped Streamlit, just restart it in your terminal: @ http://localhost:8765/static/js/index.D2ZqaFuW.js:21
[ 1072838ms] [ERROR] Failed to load resource: net::ERR_CONNECTION_REFUSED @ http://localhost:8765/10_Saved_Analyses/_stcore/host-config:0
[ 1074821ms] [ERROR] Failed to load resource: net::ERR_CONNECTION_REFUSED @ http://localhost:8765/_stcore/health:0
[ 1074822ms] [ERROR] Client Error in reaching server endpoint - No response received when attempting to reach /_stcore/health @ http://localhost:8765/static/js/index.D2ZqaFuW.js:16
[ 1074822ms] [ERROR] Is Streamlit still running? If you accidentally stopped Streamlit, just restart it in your terminal: @ http://localhost:8765/static/js/index.D2ZqaFuW.js:21
[ 1074866ms] [ERROR] Failed to load resource: net::ERR_CONNECTION_REFUSED @ http://localhost:8765/_stcore/host-config:0
[ 1076838ms] [ERROR] Failed to load resource: net::ERR_CONNECTION_REFUSED @ http://localhost:8765/10_Saved_Analyses/_stcore/host-config:0
[ 1076838ms] [ERROR] Client Error in reaching server endpoint - No response received when attempting to reach /10_Saved_Analyses/_stcore/host-config @ http://localhost:8765/static/js/index.D2ZqaFuW.js:16
[ 1076839ms] [ERROR] Is Streamlit still running? If you accidentally stopped Streamlit, just restart it in your terminal: @ http://localhost:8765/static/js/index.D2ZqaFuW.js:21
[ 1076873ms] [ERROR] Failed to load resource: net::ERR_CONNECTION_REFUSED @ http://localhost:8765/10_Saved_Analyses/_stcore/health:0
[ 1078932ms] [ERROR] Failed to load resource: net::ERR_CONNECTION_REFUSED @ http://localhost:8765/_stcore/health:0
[ 1078932ms] [ERROR] Client Error in reaching server endpoint - No response received when attempting to reach /_stcore/health @ http://localhost:8765/static/js/index.D2ZqaFuW.js:16
[ 1078932ms] [ERROR] Is Streamlit still running? If you accidentally stopped Streamlit, just restart it in your terminal: @ http://localhost:8765/static/js/index.D2ZqaFuW.js:21
[ 1078962ms] [ERROR] Failed to load resource: net::ERR_CONNECTION_REFUSED @ http://localhost:8765/_stcore/host-config:0
[ 1080940ms] [ERROR] Failed to load resource: net::ERR_CONNECTION_REFUSED @ http://localhost:8765/10_Saved_Analyses/_stcore/health:0
[ 1080940ms] [ERROR] Client Error in reaching server endpoint - No response received when attempting to reach /10_Saved_Analyses/_stcore/health @ http://localhost:8765/static/js/index.D2ZqaFuW.js:16
[ 1080940ms] [ERROR] Is Streamlit still running? If you accidentally stopped Streamlit, just restart it in your terminal: @ http://localhost:8765/static/js/index.D2ZqaFuW.js:21
[ 1080962ms] [ERROR] Failed to load resource: net::ERR_CONNECTION_REFUSED @ http://localhost:8765/10_Saved_Analyses/_stcore/host-config:0
[ 1082944ms] [ERROR] Failed to load resource: net::ERR_CONNECTION_REFUSED @ http://localhost:8765/_stcore/health:0
[ 1082944ms] [ERROR] Client Error in reaching server endpoint - No response received when attempting to reach /_stcore/health @ http://localhost:8765/static/js/index.D2ZqaFuW.js:16
[ 1082945ms] [ERROR] Is Streamlit still running? If you accidentally stopped Streamlit, just restart it in your terminal: @ http://localhost:8765/static/js/index.D2ZqaFuW.js:21
[ 1082963ms] [ERROR] Failed to load resource: net::ERR_CONNECTION_REFUSED @ http://localhost:8765/_stcore/host-config:0
[ 1084953ms] [ERROR] Failed to load resource: net::ERR_CONNECTION_REFUSED @ http://localhost:8765/10_Saved_Analyses/_stcore/health:0
[ 1084953ms] [ERROR] Client Error in reaching server endpoint - No response received when attempting to reach /10_Saved_Analyses/_stcore/health @ http://localhost:8765/static/js/index.D2ZqaFuW.js:16
[ 1084954ms] [ERROR] Is Streamlit still running? If you accidentally stopped Streamlit, just restart it in your terminal: @ http://localhost:8765/static/js/index.D2ZqaFuW.js:21
[ 1084975ms] [ERROR] Failed to load resource: net::ERR_CONNECTION_REFUSED @ http://localhost:8765/10_Saved_Analyses/_stcore/host-config:0
[ 1086961ms] [ERROR] Failed to load resource: net::ERR_CONNECTION_REFUSED @ http://localhost:8765/_stcore/health:0
[ 1086961ms] [ERROR] Client Error in reaching server endpoint - No response received when attempting to reach /_stcore/health @ http://localhost:8765/static/js/index.D2ZqaFuW.js:16
[ 1086961ms] [ERROR] Is Streamlit still running? If you accidentally stopped Streamlit, just restart it in your terminal: @ http://localhost:8765/static/js/index.D2ZqaFuW.js:21
[ 1086984ms] [ERROR] Failed to load resource: net::ERR_CONNECTION_REFUSED @ http://localhost:8765/_stcore/host-config:0
[ 1088965ms] [ERROR] Failed to load resource: net::ERR_CONNECTION_REFUSED @ http://localhost:8765/10_Saved_Analyses/_stcore/health:0
[ 1088965ms] [ERROR] Client Error in reaching server endpoint - No response received when attempting to reach /10_Saved_Analyses/_stcore/health @ http://localhost:8765/static/js/index.D2ZqaFuW.js:16
[ 1088966ms] [ERROR] Is Streamlit still running? If you accidentally stopped Streamlit, just restart it in your terminal: @ http://localhost:8765/static/js/index.D2ZqaFuW.js:21
[ 1088985ms] [ERROR] Failed to load resource: net::ERR_CONNECTION_REFUSED @ http://localhost:8765/10_Saved_Analyses/_stcore/host-config:0
[ 1090972ms] [ERROR] Failed to load resource: net::ERR_CONNECTION_REFUSED @ http://localhost:8765/_stcore/host-config:0
[ 1090972ms] [ERROR] Client Error in reaching server endpoint - No response received when attempting to reach /_stcore/host-config @ http://localhost:8765/static/js/index.D2ZqaFuW.js:16
[ 1090973ms] [ERROR] Is Streamlit still running? If you accidentally stopped Streamlit, just restart it in your terminal: @ http://localhost:8765/static/js/index.D2ZqaFuW.js:21
[ 1090995ms] [ERROR] Failed to load resource: net::ERR_CONNECTION_REFUSED @ http://localhost:8765/_stcore/health:0
[ 1092979ms] [ERROR] Failed to load resource: net::ERR_CONNECTION_REFUSED @ http://localhost:8765/10_Saved_Analyses/_stcore/health:0
[ 1092979ms] [ERROR] Client Error in reaching server endpoint - No response received when attempting to reach /10_Saved_Analyses/_stcore/health @ http://localhost:8765/static/js/index.D2ZqaFuW.js:16
[ 1092979ms] [ERROR] Is Streamlit still running? If you accidentally stopped Streamlit, just restart it in your terminal: @ http://localhost:8765/static/js/index.D2ZqaFuW.js:21
[ 1093001ms] [ERROR] Failed to load resource: net::ERR_CONNECTION_REFUSED @ http://localhost:8765/10_Saved_Analyses/_stcore/host-config:0
[ 1094986ms] [ERROR] Failed to load resource: net::ERR_CONNECTION_REFUSED @ http://localhost:8765/_stcore/health:0
[ 1094986ms] [ERROR] Client Error in reaching server endpoint - No response received when attempting to reach /_stcore/health @ http://localhost:8765/static/js/index.D2ZqaFuW.js:16
[ 1094987ms] [ERROR] Is Streamlit still running? If you accidentally stopped Streamlit, just restart it in your terminal: @ http://localhost:8765/static/js/index.D2ZqaFuW.js:21
[ 1095006ms] [ERROR] Failed to load resource: net::ERR_CONNECTION_REFUSED @ http://localhost:8765/_stcore/host-config:0
[ 1096993ms] [ERROR] Failed to load resource: net::ERR_CONNECTION_REFUSED @ http://localhost:8765/10_Saved_Analyses/_stcore/health:0
[ 1096993ms] [ERROR] Client Error in reaching server endpoint - No response received when attempting to reach /10_Saved_Analyses/_stcore/health @ http://localhost:8765/static/js/index.D2ZqaFuW.js:16
[ 1096994ms] [ERROR] Is Streamlit still running? If you accidentally stopped Streamlit, just restart it in your terminal: @ http://localhost:8765/static/js/index.D2ZqaFuW.js:21
[ 1097015ms] [ERROR] Failed to load resource: net::ERR_CONNECTION_REFUSED @ http://localhost:8765/10_Saved_Analyses/_stcore/host-config:0
[ 1099002ms] [ERROR] Failed to load resource: net::ERR_CONNECTION_REFUSED @ http://localhost:8765/_stcore/health:0
[ 1099002ms] [ERROR] Client Error in reaching server endpoint - No response received when attempting to reach /_stcore/health @ http://localhost:8765/static/js/index.D2ZqaFuW.js:16
[ 1099002ms] [ERROR] Is Streamlit still running? If you accidentally stopped Streamlit, just restart it in your terminal: @ http://localhost:8765/static/js/index.D2ZqaFuW.js:21
[ 1099026ms] [ERROR] Failed to load resource: net::ERR_CONNECTION_REFUSED @ http://localhost:8765/_stcore/host-config:0
[ 1101009ms] [ERROR] Failed to load resource: net::ERR_CONNECTION_REFUSED @ http://localhost:8765/10_Saved_Analyses/_stcore/health:0
[ 1101010ms] [ERROR] Client Error in reaching server endpoint - No response received when attempting to reach /10_Saved_Analyses/_stcore/health @ http://localhost:8765/static/js/index.D2ZqaFuW.js:16
[ 1101010ms] [ERROR] Is Streamlit still running? If you accidentally stopped Streamlit, just restart it in your terminal: @ http://localhost:8765/static/js/index.D2ZqaFuW.js:21
[ 1101032ms] [ERROR] Failed to load resource: net::ERR_CONNECTION_REFUSED @ http://localhost:8765/10_Saved_Analyses/_stcore/host-config:0
[ 1103015ms] [ERROR] Failed to load resource: net::ERR_CONNECTION_REFUSED @ http://localhost:8765/_stcore/health:0
[ 1103015ms] [ERROR] Client Error in reaching server endpoint - No response received when attempting to reach /_stcore/health @ http://localhost:8765/static/js/index.D2ZqaFuW.js:16
[ 1103015ms] [ERROR] Is Streamlit still running? If you accidentally stopped Streamlit, just restart it in your terminal: @ http://localhost:8765/static/js/index.D2ZqaFuW.js:21
[ 1103037ms] [ERROR] Failed to load resource: net::ERR_CONNECTION_REFUSED @ http://localhost:8765/_stcore/host-config:0
[ 1105022ms] [ERROR] Failed to load resource: net::ERR_CONNECTION_REFUSED @ http://localhost:8765/10_Saved_Analyses/_stcore/health:0
[ 1105022ms] [ERROR] Client Error in reaching server endpoint - No response received when attempting to reach /10_Saved_Analyses/_stcore/health @ http://localhost:8765/static/js/index.D2ZqaFuW.js:16
[ 1105022ms] [ERROR] Is Streamlit still running? If you accidentally stopped Streamlit, just restart it in your terminal: @ http://localhost:8765/static/js/index.D2ZqaFuW.js:21
[ 1105044ms] [ERROR] Failed to load resource: net::ERR_CONNECTION_REFUSED @ http://localhost:8765/10_Saved_Analyses/_stcore/host-config:0
[ 1107029ms] [ERROR] Failed to load resource: net::ERR_CONNECTION_REFUSED @ http://localhost:8765/_stcore/health:0
[ 1107030ms] [ERROR] Client Error in reaching server endpoint - No response received when attempting to reach /_stcore/health @ http://localhost:8765/static/js/index.D2ZqaFuW.js:16
[ 1107030ms] [ERROR] Is Streamlit still running? If you accidentally stopped Streamlit, just restart it in your terminal: @ http://localhost:8765/static/js/index.D2ZqaFuW.js:21
[ 1107051ms] [ERROR] Failed to load resource: net::ERR_CONNECTION_REFUSED @ http://localhost:8765/_stcore/host-config:0
[ 1109040ms] [ERROR] Failed to load resource: net::ERR_CONNECTION_REFUSED @ http://localhost:8765/10_Saved_Analyses/_stcore/health:0
[ 1109040ms] [ERROR] Client Error in reaching server endpoint - No response received when attempting to reach /10_Saved_Analyses/_stcore/health @ http://localhost:8765/static/js/index.D2ZqaFuW.js:16
[ 1109041ms] [ERROR] Is Streamlit still running? If you accidentally stopped Streamlit, just restart it in your terminal: @ http://localhost:8765/static/js/index.D2ZqaFuW.js:21
[ 1109065ms] [ERROR] Failed to load resource: net::ERR_CONNECTION_REFUSED @ http://localhost:8765/10_Saved_Analyses/_stcore/host-config:0
[ 1111052ms] [ERROR] Failed to load resource: net::ERR_CONNECTION_REFUSED @ http://localhost:8765/_stcore/host-config:0
[ 1111052ms] [ERROR] Client Error in reaching server endpoint - No response received when attempting to reach /_stcore/host-config @ http://localhost:8765/static/js/index.D2ZqaFuW.js:16
[ 1111052ms] [ERROR] Is Streamlit still running? If you accidentally stopped Streamlit, just restart it in your terminal: @ http://localhost:8765/static/js/index.D2ZqaFuW.js:21
[ 1111053ms] [ERROR] Failed to load resource: net::ERR_CONNECTION_REFUSED @ http://localhost:8765/_stcore/health:0
[ 1113058ms] [ERROR] Failed to load resource: net::ERR_CONNECTION_REFUSED @ http://localhost:8765/10_Saved_Analyses/_stcore/health:0
[ 1113058ms] [ERROR] Client Error in reaching server endpoint - No response received when attempting to reach /10_Saved_Analyses/_stcore/health @ http://localhost:8765/static/js/index.D2ZqaFuW.js:16
[ 1113059ms] [ERROR] Is Streamlit still running? If you accidentally stopped Streamlit, just restart it in your terminal: @ http://localhost:8765/static/js/index.D2ZqaFuW.js:21
[ 1113080ms] [ERROR] Failed to load resource: net::ERR_CONNECTION_REFUSED @ http://localhost:8765/10_Saved_Analyses/_stcore/host-config:0
[ 1115080ms] [ERROR] Failed to load resource: net::ERR_CONNECTION_REFUSED @ http://localhost:8765/_stcore/health:0
[ 1115080ms] [ERROR] Client Error in reaching server endpoint - No response received when attempting to reach /_stcore/health @ http://localhost:8765/static/js/index.D2ZqaFuW.js:16
[ 1115080ms] [ERROR] Is Streamlit still running? If you accidentally stopped Streamlit, just restart it in your terminal: @ http://localhost:8765/static/js/index.D2ZqaFuW.js:21
[ 1115081ms] [ERROR] Failed to load resource: net::ERR_CONNECTION_REFUSED @ http://localhost:8765/_stcore/host-config:0
[ 1117088ms] [ERROR] Failed to load resource: net::ERR_CONNECTION_REFUSED @ http://localhost:8765/10_Saved_Analyses/_stcore/health:0
[ 1117088ms] [ERROR] Client Error in reaching server endpoint - No response received when attempting to reach /10_Saved_Analyses/_stcore/health @ http://localhost:8765/static/js/index.D2ZqaFuW.js:16
[ 1117088ms] [ERROR] Is Streamlit still running? If you accidentally stopped Streamlit, just restart it in your terminal: @ http://localhost:8765/static/js/index.D2ZqaFuW.js:21
[ 1117109ms] [ERROR] Failed to load resource: net::ERR_CONNECTION_REFUSED @ http://localhost:8765/10_Saved_Analyses/_stcore/host-config:0
[ 1119092ms] [ERROR] Failed to load resource: net::ERR_CONNECTION_REFUSED @ http://localhost:8765/_stcore/health:0
[ 1119092ms] [ERROR] Client Error in reaching server endpoint - No response received when attempting to reach /_stcore/health @ http://localhost:8765/static/js/index.D2ZqaFuW.js:16
[ 1119093ms] [ERROR] Is Streamlit still running? If you accidentally stopped Streamlit, just restart it in your terminal: @ http://localhost:8765/static/js/index.D2ZqaFuW.js:21
[ 1119119ms] [ERROR] Failed to load resource: net::ERR_CONNECTION_REFUSED @ http://localhost:8765/_stcore/host-config:0
[ 1121101ms] [ERROR] Failed to load resource: net::ERR_CONNECTION_REFUSED @ http://localhost:8765/10_Saved_Analyses/_stcore/host-config:0
[ 1121101ms] [ERROR] Client Error in reaching server endpoint - No response received when attempting to reach /10_Saved_Analyses/_stcore/host-config @ http://localhost:8765/static/js/index.D2ZqaFuW.js:16
[ 1121101ms] [ERROR] Is Streamlit still running? If you accidentally stopped Streamlit, just restart it in your terminal: @ http://localhost:8765/static/js/index.D2ZqaFuW.js:21
[ 1121121ms] [ERROR] Failed to load resource: net::ERR_CONNECTION_REFUSED @ http://localhost:8765/10_Saved_Analyses/_stcore/health:0
[ 1123108ms] [ERROR] Failed to load resource: net::ERR_CONNECTION_REFUSED @ http://localhost:8765/_stcore/host-config:0
[ 1123109ms] [ERROR] Client Error in reaching server endpoint - No response received when attempting to reach /_stcore/host-config @ http://localhost:8765/static/js/index.D2ZqaFuW.js:16
[ 1123109ms] [ERROR] Is Streamlit still running? If you accidentally stopped Streamlit, just restart it in your terminal: @ http://localhost:8765/static/js/index.D2ZqaFuW.js:21
[ 1123130ms] [ERROR] Failed to load resource: net::ERR_CONNECTION_REFUSED @ http://localhost:8765/_stcore/health:0
[ 1125116ms] [ERROR] Failed to load resource: net::ERR_CONNECTION_REFUSED @ http://localhost:8765/10_Saved_Analyses/_stcore/health:0
[ 1125116ms] [ERROR] Client Error in reaching server endpoint - No response received when attempting to reach /10_Saved_Analyses/_stcore/health @ http://localhost:8765/static/js/index.D2ZqaFuW.js:16
[ 1125116ms] [ERROR] Is Streamlit still running? If you accidentally stopped Streamlit, just restart it in your terminal: @ http://localhost:8765/static/js/index.D2ZqaFuW.js:21
[ 1125142ms] [ERROR] Failed to load resource: net::ERR_CONNECTION_REFUSED @ http://localhost:8765/10_Saved_Analyses/_stcore/host-config:0
[ 1127124ms] [ERROR] Failed to load resource: net::ERR_CONNECTION_REFUSED @ http://localhost:8765/_stcore/health:0
[ 1127125ms] [ERROR] Client Error in reaching server endpoint - No response received when attempting to reach /_stcore/health @ http://localhost:8765/static/js/index.D2ZqaFuW.js:16
[ 1127125ms] [ERROR] Is Streamlit still running? If you accidentally stopped Streamlit, just restart it in your terminal: @ http://localhost:8765/static/js/index.D2ZqaFuW.js:21
[ 1127147ms] [ERROR] Failed to load resource: net::ERR_CONNECTION_REFUSED @ http://localhost:8765/_stcore/host-config:0
[ 1129133ms] [ERROR] Failed to load resource: net::ERR_CONNECTION_REFUSED @ http://localhost:8765/10_Saved_Analyses/_stcore/health:0
[ 1129133ms] [ERROR] Client Error in reaching server endpoint - No response received when attempting to reach /10_Saved_Analyses/_stcore/health @ http://localhost:8765/static/js/index.D2ZqaFuW.js:16
[ 1129133ms] [ERROR] Is Streamlit still running? If you accidentally stopped Streamlit, just restart it in your terminal: @ http://localhost:8765/static/js/index.D2ZqaFuW.js:21
[ 1129156ms] [ERROR] Failed to load resource: net::ERR_CONNECTION_REFUSED @ http://localhost:8765/10_Saved_Analyses/_stcore/host-config:0
[ 1131140ms] [ERROR] Failed to load resource: net::ERR_CONNECTION_REFUSED @ http://localhost:8765/_stcore/health:0
[ 1131140ms] [ERROR] Client Error in reaching server endpoint - No response received when attempting to reach /_stcore/health @ http://localhost:8765/static/js/index.D2ZqaFuW.js:16
[ 1131140ms] [ERROR] Is Streamlit still running? If you accidentally stopped Streamlit, just restart it in your terminal: @ http://localhost:8765/static/js/index.D2ZqaFuW.js:21
[ 1131160ms] [ERROR] Failed to load resource: net::ERR_CONNECTION_REFUSED @ http://localhost:8765/_stcore/host-config:0
[ 1133148ms] [ERROR] Failed to load resource: net::ERR_CONNECTION_REFUSED @ http://localhost:8765/10_Saved_Analyses/_stcore/health:0
[ 1133148ms] [ERROR] Client Error in reaching server endpoint - No response received when attempting to reach /10_Saved_Analyses/_stcore/health @ http://localhost:8765/static/js/index.D2ZqaFuW.js:16
[ 1133148ms] [ERROR] Is Streamlit still running? If you accidentally stopped Streamlit, just restart it in your terminal: @ http://localhost:8765/static/js/index.D2ZqaFuW.js:21
[ 1133169ms] [ERROR] Failed to load resource: net::ERR_CONNECTION_REFUSED @ http://localhost:8765/10_Saved_Analyses/_stcore/host-config:0
[ 1135155ms] [ERROR] Failed to load resource: net::ERR_CONNECTION_REFUSED @ http://localhost:8765/_stcore/health:0
[ 1135155ms] [ERROR] Client Error in reaching server endpoint - No response received when attempting to reach /_stcore/health @ http://localhost:8765/static/js/index.D2ZqaFuW.js:16
[ 1135155ms] [ERROR] Is Streamlit still running? If you accidentally stopped Streamlit, just restart it in your terminal: @ http://localhost:8765/static/js/index.D2ZqaFuW.js:21
[ 1135178ms] [ERROR] Failed to load resource: net::ERR_CONNECTION_REFUSED @ http://localhost:8765/_stcore/host-config:0
[ 1137163ms] [ERROR] Failed to load resource: net::ERR_CONNECTION_REFUSED @ http://localhost:8765/10_Saved_Analyses/_stcore/health:0
[ 1137163ms] [ERROR] Client Error in reaching server endpoint - No response received when attempting to reach /10_Saved_Analyses/_stcore/health @ http://localhost:8765/static/js/index.D2ZqaFuW.js:16
[ 1137163ms] [ERROR] Is Streamlit still running? If you accidentally stopped Streamlit, just restart it in your terminal: @ http://localhost:8765/static/js/index.D2ZqaFuW.js:21
[ 1137185ms] [ERROR] Failed to load resource: net::ERR_CONNECTION_REFUSED @ http://localhost:8765/10_Saved_Analyses/_stcore/host-config:0
[ 1139172ms] [ERROR] Failed to load resource: net::ERR_CONNECTION_REFUSED @ http://localhost:8765/_stcore/health:0
[ 1139172ms] [ERROR] Client Error in reaching server endpoint - No response received when attempting to reach /_stcore/health @ http://localhost:8765/static/js/index.D2ZqaFuW.js:16
[ 1139172ms] [ERROR] Is Streamlit still running? If you accidentally stopped Streamlit, just restart it in your terminal: @ http://localhost:8765/static/js/index.D2ZqaFuW.js:21
[ 1139196ms] [ERROR] Failed to load resource: net::ERR_CONNECTION_REFUSED @ http://localhost:8765/_stcore/host-config:0
[ 1141180ms] [ERROR] Failed to load resource: net::ERR_CONNECTION_REFUSED @ http://localhost:8765/10_Saved_Analyses/_stcore/host-config:0
[ 1141181ms] [ERROR] Client Error in reaching server endpoint - No response received when attempting to reach /10_Saved_Analyses/_stcore/host-config @ http://localhost:8765/static/js/index.D2ZqaFuW.js:16
[ 1141181ms] [ERROR] Is Streamlit still running? If you accidentally stopped Streamlit, just restart it in your terminal: @ http://localhost:8765/static/js/index.D2ZqaFuW.js:21
[ 1141203ms] [ERROR] Failed to load resource: net::ERR_CONNECTION_REFUSED @ http://localhost:8765/10_Saved_Analyses/_stcore/health:0
[ 1143188ms] [ERROR] Failed to load resource: net::ERR_CONNECTION_REFUSED @ http://localhost:8765/_stcore/health:0
[ 1143189ms] [ERROR] Client Error in reaching server endpoint - No response received when attempting to reach /_stcore/health @ http://localhost:8765/static/js/index.D2ZqaFuW.js:16
[ 1143189ms] [ERROR] Is Streamlit still running? If you accidentally stopped Streamlit, just restart it in your terminal: @ http://localhost:8765/static/js/index.D2ZqaFuW.js:21
[ 1143209ms] [ERROR] Failed to load resource: net::ERR_CONNECTION_REFUSED @ http://localhost:8765/_stcore/host-config:0
[ 1145196ms] [ERROR] Failed to load resource: net::ERR_CONNECTION_REFUSED @ http://localhost:8765/10_Saved_Analyses/_stcore/health:0
[ 1145197ms] [ERROR] Client Error in reaching server endpoint - No response received when attempting to reach /10_Saved_Analyses/_stcore/health @ http://localhost:8765/static/js/index.D2ZqaFuW.js:16
[ 1145197ms] [ERROR] Is Streamlit still running? If you accidentally stopped Streamlit, just restart it in your terminal: @ http://localhost:8765/static/js/index.D2ZqaFuW.js:21
[ 1145218ms] [ERROR] Failed to load resource: net::ERR_CONNECTION_REFUSED @ http://localhost:8765/10_Saved_Analyses/_stcore/host-config:0
[ 1147204ms] [ERROR] Failed to load resource: net::ERR_CONNECTION_REFUSED @ http://localhost:8765/_stcore/health:0
[ 1147204ms] [ERROR] Client Error in reaching server endpoint - No response received when attempting to reach /_stcore/health @ http://localhost:8765/static/js/index.D2ZqaFuW.js:16
[ 1147204ms] [ERROR] Is Streamlit still running? If you accidentally stopped Streamlit, just restart it in your terminal: @ http://localhost:8765/static/js/index.D2ZqaFuW.js:21
[ 1147226ms] [ERROR] Failed to load resource: net::ERR_CONNECTION_REFUSED @ http://localhost:8765/_stcore/host-config:0
[ 1149215ms] [ERROR] Failed to load resource: net::ERR_CONNECTION_REFUSED @ http://localhost:8765/10_Saved_Analyses/_stcore/health:0
[ 1149215ms] [ERROR] Client Error in reaching server endpoint - No response received when attempting to reach /10_Saved_Analyses/_stcore/health @ http://localhost:8765/static/js/index.D2ZqaFuW.js:16
[ 1149215ms] [ERROR] Is Streamlit still running? If you accidentally stopped Streamlit, just restart it in your terminal: @ http://localhost:8765/static/js/index.D2ZqaFuW.js:21
[ 1149240ms] [ERROR] Failed to load resource: net::ERR_CONNECTION_REFUSED @ http://localhost:8765/10_Saved_Analyses/_stcore/host-config:0
[ 1151222ms] [ERROR] Failed to load resource: net::ERR_CONNECTION_REFUSED @ http://localhost:8765/_stcore/health:0
[ 1151222ms] [ERROR] Client Error in reaching server endpoint - No response received when attempting to reach /_stcore/health @ http://localhost:8765/static/js/index.D2ZqaFuW.js:16
[ 1151223ms] [ERROR] Is Streamlit still running? If you accidentally stopped Streamlit, just restart it in your terminal: @ http://localhost:8765/static/js/index.D2ZqaFuW.js:21
[ 1151243ms] [ERROR] Failed to load resource: net::ERR_CONNECTION_REFUSED @ http://localhost:8765/_stcore/host-config:0
[ 1153230ms] [ERROR] Failed to load resource: net::ERR_CONNECTION_REFUSED @ http://localhost:8765/10_Saved_Analyses/_stcore/health:0
[ 1153230ms] [ERROR] Client Error in reaching server endpoint - No response received when attempting to reach /10_Saved_Analyses/_stcore/health @ http://localhost:8765/static/js/index.D2ZqaFuW.js:16
[ 1153231ms] [ERROR] Is Streamlit still running? If you accidentally stopped Streamlit, just restart it in your terminal: @ http://localhost:8765/static/js/index.D2ZqaFuW.js:21
[ 1153251ms] [ERROR] Failed to load resource: net::ERR_CONNECTION_REFUSED @ http://localhost:8765/10_Saved_Analyses/_stcore/host-config:0
[ 1155237ms] [ERROR] Failed to load resource: net::ERR_CONNECTION_REFUSED @ http://localhost:8765/_stcore/health:0
[ 1155237ms] [ERROR] Client Error in reaching server endpoint - No response received when attempting to reach /_stcore/health @ http://localhost:8765/static/js/index.D2ZqaFuW.js:16
[ 1155238ms] [ERROR] Is Streamlit still running? If you accidentally stopped Streamlit, just restart it in your terminal: @ http://localhost:8765/static/js/index.D2ZqaFuW.js:21
[ 1155259ms] [ERROR] Failed to load resource: net::ERR_CONNECTION_REFUSED @ http://localhost:8765/_stcore/host-config:0
[ 1157246ms] [ERROR] Failed to load resource: net::ERR_CONNECTION_REFUSED @ http://localhost:8765/10_Saved_Analyses/_stcore/health:0
[ 1157247ms] [ERROR] Client Error in reaching server endpoint - No response received when attempting to reach /10_Saved_Analyses/_stcore/health @ http://localhost:8765/static/js/index.D2ZqaFuW.js:16
[ 1157247ms] [ERROR] Is Streamlit still running? If you accidentally stopped Streamlit, just restart it in your terminal: @ http://localhost:8765/static/js/index.D2ZqaFuW.js:21
[ 1157271ms] [ERROR] Failed to load resource: net::ERR_CONNECTION_REFUSED @ http://localhost:8765/10_Saved_Analyses/_stcore/host-config:0
[ 1159277ms] [ERROR] Failed to load resource: net::ERR_CONNECTION_REFUSED @ http://localhost:8765/_stcore/health:0
[ 1159277ms] [ERROR] Client Error in reaching server endpoint - No response received when attempting to reach /_stcore/health @ http://localhost:8765/static/js/index.D2ZqaFuW.js:16
[ 1159277ms] [ERROR] Is Streamlit still running? If you accidentally stopped Streamlit, just restart it in your terminal: @ http://localhost:8765/static/js/index.D2ZqaFuW.js:21
[ 1159277ms] [ERROR] Failed to load resource: net::ERR_CONNECTION_REFUSED @ http://localhost:8765/_stcore/host-config:0
[ 1161284ms] [ERROR] Failed to load resource: net::ERR_CONNECTION_REFUSED @ http://localhost:8765/10_Saved_Analyses/_stcore/health:0
[ 1161284ms] [ERROR] Client Error in reaching server endpoint - No response received when attempting to reach /10_Saved_Analyses/_stcore/health @ http://localhost:8765/static/js/index.D2ZqaFuW.js:16
[ 1161284ms] [ERROR] Is Streamlit still running? If you accidentally stopped Streamlit, just restart it in your terminal: @ http://localhost:8765/static/js/index.D2ZqaFuW.js:21
[ 1161305ms] [ERROR] Failed to load resource: net::ERR_CONNECTION_REFUSED @ http://localhost:8765/10_Saved_Analyses/_stcore/host-config:0
[ 1163292ms] [ERROR] Failed to load resource: net::ERR_CONNECTION_REFUSED @ http://localhost:8765/_stcore/health:0
[ 1163292ms] [ERROR] Client Error in reaching server endpoint - No response received when attempting to reach /_stcore/health @ http://localhost:8765/static/js/index.D2ZqaFuW.js:16
[ 1163292ms] [ERROR] Is Streamlit still running? If you accidentally stopped Streamlit, just restart it in your terminal: @ http://localhost:8765/static/js/index.D2ZqaFuW.js:21
[ 1163313ms] [ERROR] Failed to load resource: net::ERR_CONNECTION_REFUSED @ http://localhost:8765/_stcore/host-config:0
[ 1165307ms] [ERROR] Failed to load resource: net::ERR_CONNECTION_REFUSED @ http://localhost:8765/10_Saved_Analyses/_stcore/health:0
[ 1165307ms] [ERROR] Client Error in reaching server endpoint - No response received when attempting to reach /10_Saved_Analyses/_stcore/health @ http://localhost:8765/static/js/index.D2ZqaFuW.js:16
[ 1165308ms] [ERROR] Is Streamlit still running? If you accidentally stopped Streamlit, just restart it in your terminal: @ http://localhost:8765/static/js/index.D2ZqaFuW.js:21
[ 1165308ms] [ERROR] Failed to load resource: net::ERR_CONNECTION_REFUSED @ http://localhost:8765/10_Saved_Analyses/_stcore/host-config:0
[ 1167314ms] [ERROR] Failed to load resource: net::ERR_CONNECTION_REFUSED @ http://localhost:8765/_stcore/health:0
[ 1167315ms] [ERROR] Client Error in reaching server endpoint - No response received when attempting to reach /_stcore/health @ http://localhost:8765/static/js/index.D2ZqaFuW.js:16
[ 1167315ms] [ERROR] Is Streamlit still running? If you accidentally stopped Streamlit, just restart it in your terminal: @ http://localhost:8765/static/js/index.D2ZqaFuW.js:21
[ 1167336ms] [ERROR] Failed to load resource: net::ERR_CONNECTION_REFUSED @ http://localhost:8765/_stcore/host-config:0
[ 1169322ms] [ERROR] Failed to load resource: net::ERR_CONNECTION_REFUSED @ http://localhost:8765/10_Saved_Analyses/_stcore/health:0
[ 1169322ms] [ERROR] Client Error in reaching server endpoint - No response received when attempting to reach /10_Saved_Analyses/_stcore/health @ http://localhost:8765/static/js/index.D2ZqaFuW.js:16
[ 1169322ms] [ERROR] Is Streamlit still running? If you accidentally stopped Streamlit, just restart it in your terminal: @ http://localhost:8765/static/js/index.D2ZqaFuW.js:21
[ 1169343ms] [ERROR] Failed to load resource: net::ERR_CONNECTION_REFUSED @ http://localhost:8765/10_Saved_Analyses/_stcore/host-config:0
[ 1171330ms] [ERROR] Failed to load resource: net::ERR_CONNECTION_REFUSED @ http://localhost:8765/_stcore/health:0
[ 1171330ms] [ERROR] Client Error in reaching server endpoint - No response received when attempting to reach /_stcore/health @ http://localhost:8765/static/js/index.D2ZqaFuW.js:16
[ 1171331ms] [ERROR] Is Streamlit still running? If you accidentally stopped Streamlit, just restart it in your terminal: @ http://localhost:8765/static/js/index.D2ZqaFuW.js:21
[ 1171351ms] [ERROR] Failed to load resource: net::ERR_CONNECTION_REFUSED @ http://localhost:8765/_stcore/host-config:0
[ 1173337ms] [ERROR] Failed to load resource: net::ERR_CONNECTION_REFUSED @ http://localhost:8765/10_Saved_Analyses/_stcore/health:0
[ 1173337ms] [ERROR] Client Error in reaching server endpoint - No response received when attempting to reach /10_Saved_Analyses/_stcore/health @ http://localhost:8765/static/js/index.D2ZqaFuW.js:16
[ 1173337ms] [ERROR] Is Streamlit still running? If you accidentally stopped Streamlit, just restart it in your terminal: @ http://localhost:8765/static/js/index.D2ZqaFuW.js:21
[ 1173358ms] [ERROR] Failed to load resource: net::ERR_CONNECTION_REFUSED @ http://localhost:8765/10_Saved_Analyses/_stcore/host-config:0
[ 1175344ms] [ERROR] Failed to load resource: net::ERR_CONNECTION_REFUSED @ http://localhost:8765/_stcore/host-config:0
[ 1175345ms] [ERROR] Client Error in reaching server endpoint - No response received when attempting to reach /_stcore/host-config @ http://localhost:8765/static/js/index.D2ZqaFuW.js:16
[ 1175345ms] [ERROR] Is Streamlit still running? If you accidentally stopped Streamlit, just restart it in your terminal: @ http://localhost:8765/static/js/index.D2ZqaFuW.js:21
[ 1175365ms] [ERROR] Failed to load resource: net::ERR_CONNECTION_REFUSED @ http://localhost:8765/_stcore/health:0
[ 1177352ms] [ERROR] Failed to load resource: net::ERR_CONNECTION_REFUSED @ http://localhost:8765/10_Saved_Analyses/_stcore/health:0
[ 1177352ms] [ERROR] Client Error in reaching server endpoint - No response received when attempting to reach /10_Saved_Analyses/_stcore/health @ http://localhost:8765/static/js/index.D2ZqaFuW.js:16
[ 1177352ms] [ERROR] Is Streamlit still running? If you accidentally stopped Streamlit, just restart it in your terminal: @ http://localhost:8765/static/js/index.D2ZqaFuW.js:21
[ 1177373ms] [ERROR] Failed to load resource: net::ERR_CONNECTION_REFUSED @ http://localhost:8765/10_Saved_Analyses/_stcore/host-config:0
[ 1179359ms] [ERROR] Failed to load resource: net::ERR_CONNECTION_REFUSED @ http://localhost:8765/_stcore/health:0
[ 1179360ms] [ERROR] Client Error in reaching server endpoint - No response received when attempting to reach /_stcore/health @ http://localhost:8765/static/js/index.D2ZqaFuW.js:16
[ 1179360ms] [ERROR] Is Streamlit still running? If you accidentally stopped Streamlit, just restart it in your terminal: @ http://localhost:8765/static/js/index.D2ZqaFuW.js:21
[ 1179381ms] [ERROR] Failed to load resource: net::ERR_CONNECTION_REFUSED @ http://localhost:8765/_stcore/host-config:0
[ 1181368ms] [ERROR] Failed to load resource: net::ERR_CONNECTION_REFUSED @ http://localhost:8765/10_Saved_Analyses/_stcore/health:0
[ 1181368ms] [ERROR] Client Error in reaching server endpoint - No response received when attempting to reach /10_Saved_Analyses/_stcore/health @ http://localhost:8765/static/js/index.D2ZqaFuW.js:16
[ 1181368ms] [ERROR] Is Streamlit still running? If you accidentally stopped Streamlit, just restart it in your terminal: @ http://localhost:8765/static/js/index.D2ZqaFuW.js:21
[ 1181388ms] [ERROR] Failed to load resource: net::ERR_CONNECTION_REFUSED @ http://localhost:8765/10_Saved_Analyses/_stcore/host-config:0
[ 1183375ms] [ERROR] Failed to load resource: net::ERR_CONNECTION_REFUSED @ http://localhost:8765/_stcore/health:0
[ 1183375ms] [ERROR] Client Error in reaching server endpoint - No response received when attempting to reach /_stcore/health @ http://localhost:8765/static/js/index.D2ZqaFuW.js:16
[ 1183376ms] [ERROR] Is Streamlit still running? If you accidentally stopped Streamlit, just restart it in your terminal: @ http://localhost:8765/static/js/index.D2ZqaFuW.js:21
[ 1183397ms] [ERROR] Failed to load resource: net::ERR_CONNECTION_REFUSED @ http://localhost:8765/_stcore/host-config:0
[ 1185383ms] [ERROR] Failed to load resource: net::ERR_CONNECTION_REFUSED @ http://localhost:8765/10_Saved_Analyses/_stcore/health:0
[ 1185383ms] [ERROR] Client Error in reaching server endpoint - No response received when attempting to reach /10_Saved_Analyses/_stcore/health @ http://localhost:8765/static/js/index.D2ZqaFuW.js:16
[ 1185383ms] [ERROR] Is Streamlit still running? If you accidentally stopped Streamlit, just restart it in your terminal: @ http://localhost:8765/static/js/index.D2ZqaFuW.js:21
[ 1185405ms] [ERROR] Failed to load resource: net::ERR_CONNECTION_REFUSED @ http://localhost:8765/10_Saved_Analyses/_stcore/host-config:0
[ 1187393ms] [ERROR] Failed to load resource: net::ERR_CONNECTION_REFUSED @ http://localhost:8765/_stcore/health:0
[ 1187393ms] [ERROR] Client Error in reaching server endpoint - No response received when attempting to reach /_stcore/health @ http://localhost:8765/static/js/index.D2ZqaFuW.js:16
[ 1187393ms] [ERROR] Is Streamlit still running? If you accidentally stopped Streamlit, just restart it in your terminal: @ http://localhost:8765/static/js/index.D2ZqaFuW.js:21
[ 1187414ms] [ERROR] Failed to load resource: net::ERR_CONNECTION_REFUSED @ http://localhost:8765/_stcore/host-config:0
[ 1189400ms] [ERROR] Failed to load resource: net::ERR_CONNECTION_REFUSED @ http://localhost:8765/10_Saved_Analyses/_stcore/health:0
[ 1189400ms] [ERROR] Client Error in reaching server endpoint - No response received when attempting to reach /10_Saved_Analyses/_stcore/health @ http://localhost:8765/static/js/index.D2ZqaFuW.js:16
[ 1189400ms] [ERROR] Is Streamlit still running? If you accidentally stopped Streamlit, just restart it in your terminal: @ http://localhost:8765/static/js/index.D2ZqaFuW.js:21
[ 1189421ms] [ERROR] Failed to load resource: net::ERR_CONNECTION_REFUSED @ http://localhost:8765/10_Saved_Analyses/_stcore/host-config:0
[ 1191407ms] [ERROR] Failed to load resource: net::ERR_CONNECTION_REFUSED @ http://localhost:8765/_stcore/health:0
[ 1191407ms] [ERROR] Client Error in reaching server endpoint - No response received when attempting to reach /_stcore/health @ http://localhost:8765/static/js/index.D2ZqaFuW.js:16
[ 1191407ms] [ERROR] Is Streamlit still running? If you accidentally stopped Streamlit, just restart it in your terminal: @ http://localhost:8765/static/js/index.D2ZqaFuW.js:21
[ 1191427ms] [ERROR] Failed to load resource: net::ERR_CONNECTION_REFUSED @ http://localhost:8765/_stcore/host-config:0
[ 1193414ms] [ERROR] Failed to load resource: net::ERR_CONNECTION_REFUSED @ http://localhost:8765/10_Saved_Analyses/_stcore/health:0
[ 1193414ms] [ERROR] Client Error in reaching server endpoint - No response received when attempting to reach /10_Saved_Analyses/_stcore/health @ http://localhost:8765/static/js/index.D2ZqaFuW.js:16
[ 1193414ms] [ERROR] Is Streamlit still running? If you accidentally stopped Streamlit, just restart it in your terminal: @ http://localhost:8765/static/js/index.D2ZqaFuW.js:21
[ 1193434ms] [ERROR] Failed to load resource: net::ERR_CONNECTION_REFUSED @ http://localhost:8765/10_Saved_Analyses/_stcore/host-config:0
[ 1195421ms] [ERROR] Failed to load resource: net::ERR_CONNECTION_REFUSED @ http://localhost:8765/_stcore/health:0
[ 1195421ms] [ERROR] Client Error in reaching server endpoint - No response received when attempting to reach /_stcore/health @ http://localhost:8765/static/js/index.D2ZqaFuW.js:16
[ 1195422ms] [ERROR] Is Streamlit still running? If you accidentally stopped Streamlit, just restart it in your terminal: @ http://localhost:8765/static/js/index.D2ZqaFuW.js:21
[ 1195442ms] [ERROR] Failed to load resource: net::ERR_CONNECTION_REFUSED @ http://localhost:8765/_stcore/host-config:0
[ 1197428ms] [ERROR] Failed to load resource: net::ERR_CONNECTION_REFUSED @ http://localhost:8765/10_Saved_Analyses/_stcore/health:0
[ 1197428ms] [ERROR] Client Error in reaching server endpoint - No response received when attempting to reach /10_Saved_Analyses/_stcore/health @ http://localhost:8765/static/js/index.D2ZqaFuW.js:16
[ 1197428ms] [ERROR] Is Streamlit still running? If you accidentally stopped Streamlit, just restart it in your terminal: @ http://localhost:8765/static/js/index.D2ZqaFuW.js:21
[ 1197448ms] [ERROR] Failed to load resource: net::ERR_CONNECTION_REFUSED @ http://localhost:8765/10_Saved_Analyses/_stcore/host-config:0
[ 1199434ms] [ERROR] Failed to load resource: net::ERR_CONNECTION_REFUSED @ http://localhost:8765/_stcore/health:0
[ 1199434ms] [ERROR] Client Error in reaching server endpoint - No response received when attempting to reach /_stcore/health @ http://localhost:8765/static/js/index.D2ZqaFuW.js:16
[ 1199434ms] [ERROR] Is Streamlit still running? If you accidentally stopped Streamlit, just restart it in your terminal: @ http://localhost:8765/static/js/index.D2ZqaFuW.js:21
[ 1199454ms] [ERROR] Failed to load resource: net::ERR_CONNECTION_REFUSED @ http://localhost:8765/_stcore/host-config:0
[ 1201440ms] [ERROR] Failed to load resource: net::ERR_CONNECTION_REFUSED @ http://localhost:8765/10_Saved_Analyses/_stcore/health:0
[ 1201440ms] [ERROR] Client Error in reaching server endpoint - No response received when attempting to reach /10_Saved_Analyses/_stcore/health @ http://localhost:8765/static/js/index.D2ZqaFuW.js:16
[ 1201440ms] [ERROR] Is Streamlit still running? If you accidentally stopped Streamlit, just restart it in your terminal: @ http://localhost:8765/static/js/index.D2ZqaFuW.js:21
[ 1201459ms] [ERROR] Failed to load resource: net::ERR_CONNECTION_REFUSED @ http://localhost:8765/10_Saved_Analyses/_stcore/host-config:0
[ 1203447ms] [ERROR] Failed to load resource: net::ERR_CONNECTION_REFUSED @ http://localhost:8765/_stcore/health:0
[ 1203447ms] [ERROR] Client Error in reaching server endpoint - No response received when attempting to reach /_stcore/health @ http://localhost:8765/static/js/index.D2ZqaFuW.js:16
[ 1203447ms] [ERROR] Is Streamlit still running? If you accidentally stopped Streamlit, just restart it in your terminal: @ http://localhost:8765/static/js/index.D2ZqaFuW.js:21
[ 1203467ms] [ERROR] Failed to load resource: net::ERR_CONNECTION_REFUSED @ http://localhost:8765/_stcore/host-config:0
[ 1205454ms] [ERROR] Failed to load resource: net::ERR_CONNECTION_REFUSED @ http://localhost:8765/10_Saved_Analyses/_stcore/health:0
[ 1205455ms] [ERROR] Client Error in reaching server endpoint - No response received when attempting to reach /10_Saved_Analyses/_stcore/health @ http://localhost:8765/static/js/index.D2ZqaFuW.js:16
[ 1205455ms] [ERROR] Is Streamlit still running? If you accidentally stopped Streamlit, just restart it in your terminal: @ http://localhost:8765/static/js/index.D2ZqaFuW.js:21
[ 1205475ms] [ERROR] Failed to load resource: net::ERR_CONNECTION_REFUSED @ http://localhost:8765/10_Saved_Analyses/_stcore/host-config:0
[ 1207462ms] [ERROR] Failed to load resource: net::ERR_CONNECTION_REFUSED @ http://localhost:8765/_stcore/host-config:0
[ 1207462ms] [ERROR] Client Error in reaching server endpoint - No response received when attempting to reach /_stcore/host-config @ http://localhost:8765/static/js/index.D2ZqaFuW.js:16
[ 1207463ms] [ERROR] Is Streamlit still running? If you accidentally stopped Streamlit, just restart it in your terminal: @ http://localhost:8765/static/js/index.D2ZqaFuW.js:21
[ 1207482ms] [ERROR] Failed to load resource: net::ERR_CONNECTION_REFUSED @ http://localhost:8765/_stcore/health:0
[ 1209478ms] [ERROR] Failed to load resource: net::ERR_CONNECTION_REFUSED @ http://localhost:8765/10_Saved_Analyses/_stcore/health:0
[ 1209479ms] [ERROR] Client Error in reaching server endpoint - No response received when attempting to reach /10_Saved_Analyses/_stcore/health @ http://localhost:8765/static/js/index.D2ZqaFuW.js:16
[ 1209479ms] [ERROR] Is Streamlit still running? If you accidentally stopped Streamlit, just restart it in your terminal: @ http://localhost:8765/static/js/index.D2ZqaFuW.js:21
[ 1209502ms] [ERROR] Failed to load resource: net::ERR_CONNECTION_REFUSED @ http://localhost:8765/10_Saved_Analyses/_stcore/host-config:0
[ 1211487ms] [ERROR] Failed to load resource: net::ERR_CONNECTION_REFUSED @ http://localhost:8765/_stcore/health:0
[ 1211487ms] [ERROR] Client Error in reaching server endpoint - No response received when attempting to reach /_stcore/health @ http://localhost:8765/static/js/index.D2ZqaFuW.js:16
[ 1211487ms] [ERROR] Is Streamlit still running? If you accidentally stopped Streamlit, just restart it in your terminal: @ http://localhost:8765/static/js/index.D2ZqaFuW.js:21
[ 1211509ms] [ERROR] Failed to load resource: net::ERR_CONNECTION_REFUSED @ http://localhost:8765/_stcore/host-config:0
[ 1213493ms] [ERROR] Failed to load resource: net::ERR_CONNECTION_REFUSED @ http://localhost:8765/10_Saved_Analyses/_stcore/health:0
[ 1213494ms] [ERROR] Client Error in reaching server endpoint - No response received when attempting to reach /10_Saved_Analyses/_stcore/health @ http://localhost:8765/static/js/index.D2ZqaFuW.js:16
[ 1213494ms] [ERROR] Is Streamlit still running? If you accidentally stopped Streamlit, just restart it in your terminal: @ http://localhost:8765/static/js/index.D2ZqaFuW.js:21
[ 1213514ms] [ERROR] Failed to load resource: net::ERR_CONNECTION_REFUSED @ http://localhost:8765/10_Saved_Analyses/_stcore/host-config:0
[ 1215499ms] [ERROR] Failed to load resource: net::ERR_CONNECTION_REFUSED @ http://localhost:8765/_stcore/health:0
[ 1215500ms] [ERROR] Client Error in reaching server endpoint - No response received when attempting to reach /_stcore/health @ http://localhost:8765/static/js/index.D2ZqaFuW.js:16
[ 1215500ms] [ERROR] Is Streamlit still running? If you accidentally stopped Streamlit, just restart it in your terminal: @ http://localhost:8765/static/js/index.D2ZqaFuW.js:21
[ 1215520ms] [ERROR] Failed to load resource: net::ERR_CONNECTION_REFUSED @ http://localhost:8765/_stcore/host-config:0
[ 1217506ms] [ERROR] Failed to load resource: net::ERR_CONNECTION_REFUSED @ http://localhost:8765/10_Saved_Analyses/_stcore/host-config:0
[ 1217506ms] [ERROR] Client Error in reaching server endpoint - No response received when attempting to reach /10_Saved_Analyses/_stcore/host-config @ http://localhost:8765/static/js/index.D2ZqaFuW.js:16
[ 1217506ms] [ERROR] Is Streamlit still running? If you accidentally stopped Streamlit, just restart it in your terminal: @ http://localhost:8765/static/js/index.D2ZqaFuW.js:21
[ 1217530ms] [ERROR] Failed to load resource: net::ERR_CONNECTION_REFUSED @ http://localhost:8765/10_Saved_Analyses/_stcore/health:0
[ 1219511ms] [ERROR] Failed to load resource: net::ERR_CONNECTION_REFUSED @ http://localhost:8765/_stcore/host-config:0
[ 1219511ms] [ERROR] Client Error in reaching server endpoint - No response received when attempting to reach /_stcore/host-config @ http://localhost:8765/static/js/index.D2ZqaFuW.js:16
[ 1219511ms] [ERROR] Is Streamlit still running? If you accidentally stopped Streamlit, just restart it in your terminal: @ http://localhost:8765/static/js/index.D2ZqaFuW.js:21
[ 1219533ms] [ERROR] Failed to load resource: net::ERR_CONNECTION_REFUSED @ http://localhost:8765/_stcore/health:0
[ 1221519ms] [ERROR] Failed to load resource: net::ERR_CONNECTION_REFUSED @ http://localhost:8765/10_Saved_Analyses/_stcore/health:0
[ 1221519ms] [ERROR] Client Error in reaching server endpoint - No response received when attempting to reach /10_Saved_Analyses/_stcore/health @ http://localhost:8765/static/js/index.D2ZqaFuW.js:16
[ 1221519ms] [ERROR] Is Streamlit still running? If you accidentally stopped Streamlit, just restart it in your terminal: @ http://localhost:8765/static/js/index.D2ZqaFuW.js:21
[ 1221541ms] [ERROR] Failed to load resource: net::ERR_CONNECTION_REFUSED @ http://localhost:8765/10_Saved_Analyses/_stcore/host-config:0
[ 1223529ms] [ERROR] Failed to load resource: net::ERR_CONNECTION_REFUSED @ http://localhost:8765/_stcore/health:0
[ 1223529ms] [ERROR] Client Error in reaching server endpoint - No response received when attempting to reach /_stcore/health @ http://localhost:8765/static/js/index.D2ZqaFuW.js:16
[ 1223529ms] [ERROR] Is Streamlit still running? If you accidentally stopped Streamlit, just restart it in your terminal: @ http://localhost:8765/static/js/index.D2ZqaFuW.js:21
[ 1223551ms] [ERROR] Failed to load resource: net::ERR_CONNECTION_REFUSED @ http://localhost:8765/_stcore/host-config:0
[ 1225539ms] [ERROR] Failed to load resource: net::ERR_CONNECTION_REFUSED @ http://localhost:8765/10_Saved_Analyses/_stcore/health:0
[ 1225539ms] [ERROR] Client Error in reaching server endpoint - No response received when attempting to reach /10_Saved_Analyses/_stcore/health @ http://localhost:8765/static/js/index.D2ZqaFuW.js:16
[ 1225539ms] [ERROR] Is Streamlit still running? If you accidentally stopped Streamlit, just restart it in your terminal: @ http://localhost:8765/static/js/index.D2ZqaFuW.js:21
[ 1225562ms] [ERROR] Failed to load resource: net::ERR_CONNECTION_REFUSED @ http://localhost:8765/10_Saved_Analyses/_stcore/host-config:0
[ 1227544ms] [ERROR] Failed to load resource: net::ERR_CONNECTION_REFUSED @ http://localhost:8765/_stcore/health:0
[ 1227545ms] [ERROR] Client Error in reaching server endpoint - No response received when attempting to reach /_stcore/health @ http://localhost:8765/static/js/index.D2ZqaFuW.js:16
[ 1227545ms] [ERROR] Is Streamlit still running? If you accidentally stopped Streamlit, just restart it in your terminal: @ http://localhost:8765/static/js/index.D2ZqaFuW.js:21
[ 1227564ms] [ERROR] Failed to load resource: net::ERR_CONNECTION_REFUSED @ http://localhost:8765/_stcore/host-config:0
[ 1229553ms] [ERROR] Failed to load resource: net::ERR_CONNECTION_REFUSED @ http://localhost:8765/10_Saved_Analyses/_stcore/health:0
[ 1229553ms] [ERROR] Client Error in reaching server endpoint - No response received when attempting to reach /10_Saved_Analyses/_stcore/health @ http://localhost:8765/static/js/index.D2ZqaFuW.js:16
[ 1229553ms] [ERROR] Is Streamlit still running? If you accidentally stopped Streamlit, just restart it in your terminal: @ http://localhost:8765/static/js/index.D2ZqaFuW.js:21
[ 1229573ms] [ERROR] Failed to load resource: net::ERR_CONNECTION_REFUSED @ http://localhost:8765/10_Saved_Analyses/_stcore/host-config:0
[ 1231561ms] [ERROR] Failed to load resource: net::ERR_CONNECTION_REFUSED @ http://localhost:8765/_stcore/health:0
[ 1231561ms] [ERROR] Client Error in reaching server endpoint - No response received when attempting to reach /_stcore/health @ http://localhost:8765/static/js/index.D2ZqaFuW.js:16
[ 1231561ms] [ERROR] Is Streamlit still running? If you accidentally stopped Streamlit, just restart it in your terminal: @ http://localhost:8765/static/js/index.D2ZqaFuW.js:21
[ 1231581ms] [ERROR] Failed to load resource: net::ERR_CONNECTION_REFUSED @ http://localhost:8765/_stcore/host-config:0
[ 1233569ms] [ERROR] Failed to load resource: net::ERR_CONNECTION_REFUSED @ http://localhost:8765/10_Saved_Analyses/_stcore/health:0
[ 1233569ms] [ERROR] Client Error in reaching server endpoint - No response received when attempting to reach /10_Saved_Analyses/_stcore/health @ http://localhost:8765/static/js/index.D2ZqaFuW.js:16
[ 1233570ms] [ERROR] Is Streamlit still running? If you accidentally stopped Streamlit, just restart it in your terminal: @ http://localhost:8765/static/js/index.D2ZqaFuW.js:21
[ 1233589ms] [ERROR] Failed to load resource: net::ERR_CONNECTION_REFUSED @ http://localhost:8765/10_Saved_Analyses/_stcore/host-config:0
[ 1235576ms] [ERROR] Failed to load resource: net::ERR_CONNECTION_REFUSED @ http://localhost:8765/_stcore/host-config:0
[ 1235577ms] [ERROR] Client Error in reaching server endpoint - No response received when attempting to reach /_stcore/host-config @ http://localhost:8765/static/js/index.D2ZqaFuW.js:16
[ 1235577ms] [ERROR] Is Streamlit still running? If you accidentally stopped Streamlit, just restart it in your terminal: @ http://localhost:8765/static/js/index.D2ZqaFuW.js:21
[ 1235597ms] [ERROR] Failed to load resource: net::ERR_CONNECTION_REFUSED @ http://localhost:8765/_stcore/health:0
[ 1237585ms] [ERROR] Failed to load resource: net::ERR_CONNECTION_REFUSED @ http://localhost:8765/10_Saved_Analyses/_stcore/health:0
[ 1237585ms] [ERROR] Client Error in reaching server endpoint - No response received when attempting to reach /10_Saved_Analyses/_stcore/health @ http://localhost:8765/static/js/index.D2ZqaFuW.js:16
[ 1237585ms] [ERROR] Is Streamlit still running? If you accidentally stopped Streamlit, just restart it in your terminal: @ http://localhost:8765/static/js/index.D2ZqaFuW.js:21
[ 1237586ms] [ERROR] Failed to load resource: net::ERR_CONNECTION_REFUSED @ http://localhost:8765/10_Saved_Analyses/_stcore/host-config:0
[ 1239592ms] [ERROR] Failed to load resource: net::ERR_CONNECTION_REFUSED @ http://localhost:8765/_stcore/health:0
[ 1239592ms] [ERROR] Client Error in reaching server endpoint - No response received when attempting to reach /_stcore/health @ http://localhost:8765/static/js/index.D2ZqaFuW.js:16
[ 1239592ms] [ERROR] Is Streamlit still running? If you accidentally stopped Streamlit, just restart it in your terminal: @ http://localhost:8765/static/js/index.D2ZqaFuW.js:21
[ 1239613ms] [ERROR] Failed to load resource: net::ERR_CONNECTION_REFUSED @ http://localhost:8765/_stcore/host-config:0
[ 1241600ms] [ERROR] Failed to load resource: net::ERR_CONNECTION_REFUSED @ http://localhost:8765/10_Saved_Analyses/_stcore/host-config:0
[ 1241600ms] [ERROR] Client Error in reaching server endpoint - No response received when attempting to reach /10_Saved_Analyses/_stcore/host-config @ http://localhost:8765/static/js/index.D2ZqaFuW.js:16
[ 1241601ms] [ERROR] Is Streamlit still running? If you accidentally stopped Streamlit, just restart it in your terminal: @ http://localhost:8765/static/js/index.D2ZqaFuW.js:21
[ 1241621ms] [ERROR] Failed to load resource: net::ERR_CONNECTION_REFUSED @ http://localhost:8765/10_Saved_Analyses/_stcore/health:0
[ 1243607ms] [ERROR] Failed to load resource: net::ERR_CONNECTION_REFUSED @ http://localhost:8765/_stcore/health:0
[ 1243608ms] [ERROR] Client Error in reaching server endpoint - No response received when attempting to reach /_stcore/health @ http://localhost:8765/static/js/index.D2ZqaFuW.js:16
[ 1243608ms] [ERROR] Is Streamlit still running? If you accidentally stopped Streamlit, just restart it in your terminal: @ http://localhost:8765/static/js/index.D2ZqaFuW.js:21
[ 1243628ms] [ERROR] Failed to load resource: net::ERR_CONNECTION_REFUSED @ http://localhost:8765/_stcore/host-config:0
[ 1245614ms] [ERROR] Failed to load resource: net::ERR_CONNECTION_REFUSED @ http://localhost:8765/10_Saved_Analyses/_stcore/health:0
[ 1245615ms] [ERROR] Client Error in reaching server endpoint - No response received when attempting to reach /10_Saved_Analyses/_stcore/health @ http://localhost:8765/static/js/index.D2ZqaFuW.js:16
[ 1245615ms] [ERROR] Is Streamlit still running? If you accidentally stopped Streamlit, just restart it in your terminal: @ http://localhost:8765/static/js/index.D2ZqaFuW.js:21
[ 1245639ms] [ERROR] Failed to load resource: net::ERR_CONNECTION_REFUSED @ http://localhost:8765/10_Saved_Analyses/_stcore/host-config:0
[ 1247621ms] [ERROR] Failed to load resource: net::ERR_CONNECTION_REFUSED @ http://localhost:8765/_stcore/health:0
[ 1247622ms] [ERROR] Client Error in reaching server endpoint - No response received when attempting to reach /_stcore/health @ http://localhost:8765/static/js/index.D2ZqaFuW.js:16
[ 1247622ms] [ERROR] Is Streamlit still running? If you accidentally stopped Streamlit, just restart it in your terminal: @ http://localhost:8765/static/js/index.D2ZqaFuW.js:21
[ 1247644ms] [ERROR] Failed to load resource: net::ERR_CONNECTION_REFUSED @ http://localhost:8765/_stcore/host-config:0
[ 1249629ms] [ERROR] Failed to load resource: net::ERR_CONNECTION_REFUSED @ http://localhost:8765/10_Saved_Analyses/_stcore/health:0
[ 1249629ms] [ERROR] Client Error in reaching server endpoint - No response received when attempting to reach /10_Saved_Analyses/_stcore/health @ http://localhost:8765/static/js/index.D2ZqaFuW.js:16
[ 1249629ms] [ERROR] Is Streamlit still running? If you accidentally stopped Streamlit, just restart it in your terminal: @ http://localhost:8765/static/js/index.D2ZqaFuW.js:21
[ 1249650ms] [ERROR] Failed to load resource: net::ERR_CONNECTION_REFUSED @ http://localhost:8765/10_Saved_Analyses/_stcore/host-config:0
[ 1251637ms] [ERROR] Failed to load resource: net::ERR_CONNECTION_REFUSED @ http://localhost:8765/_stcore/health:0
[ 1251637ms] [ERROR] Client Error in reaching server endpoint - No response received when attempting to reach /_stcore/health @ http://localhost:8765/static/js/index.D2ZqaFuW.js:16
[ 1251637ms] [ERROR] Is Streamlit still running? If you accidentally stopped Streamlit, just restart it in your terminal: @ http://localhost:8765/static/js/index.D2ZqaFuW.js:21
[ 1251658ms] [ERROR] Failed to load resource: net::ERR_CONNECTION_REFUSED @ http://localhost:8765/_stcore/host-config:0
[ 1253644ms] [ERROR] Failed to load resource: net::ERR_CONNECTION_REFUSED @ http://localhost:8765/10_Saved_Analyses/_stcore/health:0
[ 1253645ms] [ERROR] Client Error in reaching server endpoint - No response received when attempting to reach /10_Saved_Analyses/_stcore/health @ http://localhost:8765/static/js/index.D2ZqaFuW.js:16
[ 1253645ms] [ERROR] Is Streamlit still running? If you accidentally stopped Streamlit, just restart it in your terminal: @ http://localhost:8765/static/js/index.D2ZqaFuW.js:21
[ 1253665ms] [ERROR] Failed to load resource: net::ERR_CONNECTION_REFUSED @ http://localhost:8765/10_Saved_Analyses/_stcore/host-config:0
[ 1255652ms] [ERROR] Failed to load resource: net::ERR_CONNECTION_REFUSED @ http://localhost:8765/_stcore/health:0
[ 1255652ms] [ERROR] Client Error in reaching server endpoint - No response received when attempting to reach /_stcore/health @ http://localhost:8765/static/js/index.D2ZqaFuW.js:16
[ 1255652ms] [ERROR] Is Streamlit still running? If you accidentally stopped Streamlit, just restart it in your terminal: @ http://localhost:8765/static/js/index.D2ZqaFuW.js:21
[ 1255673ms] [ERROR] Failed to load resource: net::ERR_CONNECTION_REFUSED @ http://localhost:8765/_stcore/host-config:0
[ 1257660ms] [ERROR] Failed to load resource: net::ERR_CONNECTION_REFUSED @ http://localhost:8765/10_Saved_Analyses/_stcore/host-config:0
[ 1257660ms] [ERROR] Client Error in reaching server endpoint - No response received when attempting to reach /10_Saved_Analyses/_stcore/host-config @ http://localhost:8765/static/js/index.D2ZqaFuW.js:16
[ 1257660ms] [ERROR] Is Streamlit still running? If you accidentally stopped Streamlit, just restart it in your terminal: @ http://localhost:8765/static/js/index.D2ZqaFuW.js:21
[ 1257681ms] [ERROR] Failed to load resource: net::ERR_CONNECTION_REFUSED @ http://localhost:8765/10_Saved_Analyses/_stcore/health:0
[ 1259667ms] [ERROR] Failed to load resource: net::ERR_CONNECTION_REFUSED @ http://localhost:8765/_stcore/health:0
[ 1259668ms] [ERROR] Client Error in reaching server endpoint - No response received when attempting to reach /_stcore/health @ http://localhost:8765/static/js/index.D2ZqaFuW.js:16
[ 1259668ms] [ERROR] Is Streamlit still running? If you accidentally stopped Streamlit, just restart it in your terminal: @ http://localhost:8765/static/js/index.D2ZqaFuW.js:21
[ 1259689ms] [ERROR] Failed to load resource: net::ERR_CONNECTION_REFUSED @ http://localhost:8765/_stcore/host-config:0
[ 1261675ms] [ERROR] Failed to load resource: net::ERR_CONNECTION_REFUSED @ http://localhost:8765/10_Saved_Analyses/_stcore/health:0
[ 1261675ms] [ERROR] Client Error in reaching server endpoint - No response received when attempting to reach /10_Saved_Analyses/_stcore/health @ http://localhost:8765/static/js/index.D2ZqaFuW.js:16
[ 1261675ms] [ERROR] Is Streamlit still running? If you accidentally stopped Streamlit, just restart it in your terminal: @ http://localhost:8765/static/js/index.D2ZqaFuW.js:21
[ 1261695ms] [ERROR] Failed to load resource: net::ERR_CONNECTION_REFUSED @ http://localhost:8765/10_Saved_Analyses/_stcore/host-config:0
[ 1263682ms] [ERROR] Failed to load resource: net::ERR_CONNECTION_REFUSED @ http://localhost:8765/_stcore/health:0
[ 1263683ms] [ERROR] Client Error in reaching server endpoint - No response received when attempting to reach /_stcore/health @ http://localhost:8765/static/js/index.D2ZqaFuW.js:16
[ 1263683ms] [ERROR] Is Streamlit still running? If you accidentally stopped Streamlit, just restart it in your terminal: @ http://localhost:8765/static/js/index.D2ZqaFuW.js:21
[ 1263703ms] [ERROR] Failed to load resource: net::ERR_CONNECTION_REFUSED @ http://localhost:8765/_stcore/host-config:0
[ 1265691ms] [ERROR] Failed to load resource: net::ERR_CONNECTION_REFUSED @ http://localhost:8765/10_Saved_Analyses/_stcore/host-config:0
[ 1265691ms] [ERROR] Client Error in reaching server endpoint - No response received when attempting to reach /10_Saved_Analyses/_stcore/host-config @ http://localhost:8765/static/js/index.D2ZqaFuW.js:16
[ 1265691ms] [ERROR] Is Streamlit still running? If you accidentally stopped Streamlit, just restart it in your terminal: @ http://localhost:8765/static/js/index.D2ZqaFuW.js:21
[ 1265712ms] [ERROR] Failed to load resource: net::ERR_CONNECTION_REFUSED @ http://localhost:8765/10_Saved_Analyses/_stcore/health:0
[ 1267698ms] [ERROR] Failed to load resource: net::ERR_CONNECTION_REFUSED @ http://localhost:8765/_stcore/health:0
[ 1267699ms] [ERROR] Client Error in reaching server endpoint - No response received when attempting to reach /_stcore/health @ http://localhost:8765/static/js/index.D2ZqaFuW.js:16
[ 1267699ms] [ERROR] Is Streamlit still running? If you accidentally stopped Streamlit, just restart it in your terminal: @ http://localhost:8765/static/js/index.D2ZqaFuW.js:21
[ 1267719ms] [ERROR] Failed to load resource: net::ERR_CONNECTION_REFUSED @ http://localhost:8765/_stcore/host-config:0
[ 1269705ms] [ERROR] Failed to load resource: net::ERR_CONNECTION_REFUSED @ http://localhost:8765/10_Saved_Analyses/_stcore/health:0
[ 1269705ms] [ERROR] Client Error in reaching server endpoint - No response received when attempting to reach /10_Saved_Analyses/_stcore/health @ http://localhost:8765/static/js/index.D2ZqaFuW.js:16
[ 1269706ms] [ERROR] Is Streamlit still running? If you accidentally stopped Streamlit, just restart it in your terminal: @ http://localhost:8765/static/js/index.D2ZqaFuW.js:21
[ 1269726ms] [ERROR] Failed to load resource: net::ERR_CONNECTION_REFUSED @ http://localhost:8765/10_Saved_Analyses/_stcore/host-config:0
[ 1271713ms] [ERROR] Failed to load resource: net::ERR_CONNECTION_REFUSED @ http://localhost:8765/_stcore/health:0
[ 1271713ms] [ERROR] Client Error in reaching server endpoint - No response received when attempting to reach /_stcore/health @ http://localhost:8765/static/js/index.D2ZqaFuW.js:16
[ 1271714ms] [ERROR] Is Streamlit still running? If you accidentally stopped Streamlit, just restart it in your terminal: @ http://localhost:8765/static/js/index.D2ZqaFuW.js:21
[ 1271735ms] [ERROR] Failed to load resource: net::ERR_CONNECTION_REFUSED @ http://localhost:8765/_stcore/host-config:0
[ 1273721ms] [ERROR] Failed to load resource: net::ERR_CONNECTION_REFUSED @ http://localhost:8765/10_Saved_Analyses/_stcore/health:0
[ 1273721ms] [ERROR] Client Error in reaching server endpoint - No response received when attempting to reach /10_Saved_Analyses/_stcore/health @ http://localhost:8765/static/js/index.D2ZqaFuW.js:16
[ 1273722ms] [ERROR] Is Streamlit still running? If you accidentally stopped Streamlit, just restart it in your terminal: @ http://localhost:8765/static/js/index.D2ZqaFuW.js:21
[ 1273742ms] [ERROR] Failed to load resource: net::ERR_CONNECTION_REFUSED @ http://localhost:8765/10_Saved_Analyses/_stcore/host-config:0
[ 1275729ms] [ERROR] Failed to load resource: net::ERR_CONNECTION_REFUSED @ http://localhost:8765/_stcore/health:0
[ 1275729ms] [ERROR] Client Error in reaching server endpoint - No response received when attempting to reach /_stcore/health @ http://localhost:8765/static/js/index.D2ZqaFuW.js:16
[ 1275729ms] [ERROR] Is Streamlit still running? If you accidentally stopped Streamlit, just restart it in your terminal: @ http://localhost:8765/static/js/index.D2ZqaFuW.js:21
[ 1275751ms] [ERROR] Failed to load resource: net::ERR_CONNECTION_REFUSED @ http://localhost:8765/_stcore/host-config:0
[ 1277736ms] [ERROR] Failed to load resource: net::ERR_CONNECTION_REFUSED @ http://localhost:8765/10_Saved_Analyses/_stcore/health:0
[ 1277737ms] [ERROR] Client Error in reaching server endpoint - No response received when attempting to reach /10_Saved_Analyses/_stcore/health @ http://localhost:8765/static/js/index.D2ZqaFuW.js:16
[ 1277737ms] [ERROR] Is Streamlit still running? If you accidentally stopped Streamlit, just restart it in your terminal: @ http://localhost:8765/static/js/index.D2ZqaFuW.js:21
[ 1277757ms] [ERROR] Failed to load resource: net::ERR_CONNECTION_REFUSED @ http://localhost:8765/10_Saved_Analyses/_stcore/host-config:0
[ 1279744ms] [ERROR] Failed to load resource: net::ERR_CONNECTION_REFUSED @ http://localhost:8765/_stcore/host-config:0
[ 1279744ms] [ERROR] Client Error in reaching server endpoint - No response received when attempting to reach /_stcore/host-config @ http://localhost:8765/static/js/index.D2ZqaFuW.js:16
[ 1279744ms] [ERROR] Is Streamlit still running? If you accidentally stopped Streamlit, just restart it in your terminal: @ http://localhost:8765/static/js/index.D2ZqaFuW.js:21
[ 1279764ms] [ERROR] Failed to load resource: net::ERR_CONNECTION_REFUSED @ http://localhost:8765/_stcore/health:0
[ 1281750ms] [ERROR] Failed to load resource: net::ERR_CONNECTION_REFUSED @ http://localhost:8765/10_Saved_Analyses/_stcore/health:0
[ 1281750ms] [ERROR] Client Error in reaching server endpoint - No response received when attempting to reach /10_Saved_Analyses/_stcore/health @ http://localhost:8765/static/js/index.D2ZqaFuW.js:16
[ 1281750ms] [ERROR] Is Streamlit still running? If you accidentally stopped Streamlit, just restart it in your terminal: @ http://localhost:8765/static/js/index.D2ZqaFuW.js:21
[ 1281771ms] [ERROR] Failed to load resource: net::ERR_CONNECTION_REFUSED @ http://localhost:8765/10_Saved_Analyses/_stcore/host-config:0
[ 1283758ms] [ERROR] Failed to load resource: net::ERR_CONNECTION_REFUSED @ http://localhost:8765/_stcore/health:0
[ 1283758ms] [ERROR] Client Error in reaching server endpoint - No response received when attempting to reach /_stcore/health @ http://localhost:8765/static/js/index.D2ZqaFuW.js:16
[ 1283758ms] [ERROR] Is Streamlit still running? If you accidentally stopped Streamlit, just restart it in your terminal: @ http://localhost:8765/static/js/index.D2ZqaFuW.js:21
[ 1283779ms] [ERROR] Failed to load resource: net::ERR_CONNECTION_REFUSED @ http://localhost:8765/_stcore/host-config:0
[ 1285765ms] [ERROR] Failed to load resource: net::ERR_CONNECTION_REFUSED @ http://localhost:8765/10_Saved_Analyses/_stcore/health:0
[ 1285766ms] [ERROR] Client Error in reaching server endpoint - No response received when attempting to reach /10_Saved_Analyses/_stcore/health @ http://localhost:8765/static/js/index.D2ZqaFuW.js:16
[ 1285766ms] [ERROR] Is Streamlit still running? If you accidentally stopped Streamlit, just restart it in your terminal: @ http://localhost:8765/static/js/index.D2ZqaFuW.js:21
[ 1285786ms] [ERROR] Failed to load resource: net::ERR_CONNECTION_REFUSED @ http://localhost:8765/10_Saved_Analyses/_stcore/host-config:0
[ 1287773ms] [ERROR] Failed to load resource: net::ERR_CONNECTION_REFUSED @ http://localhost:8765/_stcore/host-config:0
[ 1287773ms] [ERROR] Client Error in reaching server endpoint - No response received when attempting to reach /_stcore/host-config @ http://localhost:8765/static/js/index.D2ZqaFuW.js:16
[ 1287773ms] [ERROR] Is Streamlit still running? If you accidentally stopped Streamlit, just restart it in your terminal: @ http://localhost:8765/static/js/index.D2ZqaFuW.js:21
[ 1287794ms] [ERROR] Failed to load resource: net::ERR_CONNECTION_REFUSED @ http://localhost:8765/_stcore/health:0
[ 1289780ms] [ERROR] Failed to load resource: net::ERR_CONNECTION_REFUSED @ http://localhost:8765/10_Saved_Analyses/_stcore/health:0
[ 1289780ms] [ERROR] Client Error in reaching server endpoint - No response received when attempting to reach /10_Saved_Analyses/_stcore/health @ http://localhost:8765/static/js/index.D2ZqaFuW.js:16
[ 1289780ms] [ERROR] Is Streamlit still running? If you accidentally stopped Streamlit, just restart it in your terminal: @ http://localhost:8765/static/js/index.D2ZqaFuW.js:21
[ 1289801ms] [ERROR] Failed to load resource: net::ERR_CONNECTION_REFUSED @ http://localhost:8765/10_Saved_Analyses/_stcore/host-config:0
[ 1291787ms] [ERROR] Failed to load resource: net::ERR_CONNECTION_REFUSED @ http://localhost:8765/_stcore/host-config:0
[ 1291787ms] [ERROR] Client Error in reaching server endpoint - No response received when attempting to reach /_stcore/host-config @ http://localhost:8765/static/js/index.D2ZqaFuW.js:16
[ 1291788ms] [ERROR] Is Streamlit still running? If you accidentally stopped Streamlit, just restart it in your terminal: @ http://localhost:8765/static/js/index.D2ZqaFuW.js:21
[ 1291809ms] [ERROR] Failed to load resource: net::ERR_CONNECTION_REFUSED @ http://localhost:8765/_stcore/health:0
[ 1293795ms] [ERROR] Failed to load resource: net::ERR_CONNECTION_REFUSED @ http://localhost:8765/10_Saved_Analyses/_stcore/health:0
[ 1293795ms] [ERROR] Client Error in reaching server endpoint - No response received when attempting to reach /10_Saved_Analyses/_stcore/health @ http://localhost:8765/static/js/index.D2ZqaFuW.js:16
[ 1293796ms] [ERROR] Is Streamlit still running? If you accidentally stopped Streamlit, just restart it in your terminal: @ http://localhost:8765/static/js/index.D2ZqaFuW.js:21
[ 1293816ms] [ERROR] Failed to load resource: net::ERR_CONNECTION_REFUSED @ http://localhost:8765/10_Saved_Analyses/_stcore/host-config:0
[ 1295803ms] [ERROR] Failed to load resource: net::ERR_CONNECTION_REFUSED @ http://localhost:8765/_stcore/health:0
[ 1295803ms] [ERROR] Client Error in reaching server endpoint - No response received when attempting to reach /_stcore/health @ http://localhost:8765/static/js/index.D2ZqaFuW.js:16
[ 1295803ms] [ERROR] Is Streamlit still running? If you accidentally stopped Streamlit, just restart it in your terminal: @ http://localhost:8765/static/js/index.D2ZqaFuW.js:21
[ 1295825ms] [ERROR] Failed to load resource: net::ERR_CONNECTION_REFUSED @ http://localhost:8765/_stcore/host-config:0
[ 1297810ms] [ERROR] Failed to load resource: net::ERR_CONNECTION_REFUSED @ http://localhost:8765/10_Saved_Analyses/_stcore/host-config:0
[ 1297811ms] [ERROR] Client Error in reaching server endpoint - No response received when attempting to reach /10_Saved_Analyses/_stcore/host-config @ http://localhost:8765/static/js/index.D2ZqaFuW.js:16
[ 1297811ms] [ERROR] Is Streamlit still running? If you accidentally stopped Streamlit, just restart it in your terminal: @ http://localhost:8765/static/js/index.D2ZqaFuW.js:21
[ 1297831ms] [ERROR] Failed to load resource: net::ERR_CONNECTION_REFUSED @ http://localhost:8765/10_Saved_Analyses/_stcore/health:0
[ 1299817ms] [ERROR] Failed to load resource: net::ERR_CONNECTION_REFUSED @ http://localhost:8765/_stcore/health:0
[ 1299818ms] [ERROR] Client Error in reaching server endpoint - No response received when attempting to reach /_stcore/health @ http://localhost:8765/static/js/index.D2ZqaFuW.js:16
[ 1299818ms] [ERROR] Is Streamlit still running? If you accidentally stopped Streamlit, just restart it in your terminal: @ http://localhost:8765/static/js/index.D2ZqaFuW.js:21
[ 1299838ms] [ERROR] Failed to load resource: net::ERR_CONNECTION_REFUSED @ http://localhost:8765/_stcore/host-config:0
[ 1301824ms] [ERROR] Failed to load resource: net::ERR_CONNECTION_REFUSED @ http://localhost:8765/10_Saved_Analyses/_stcore/host-config:0
[ 1301824ms] [ERROR] Client Error in reaching server endpoint - No response received when attempting to reach /10_Saved_Analyses/_stcore/host-config @ http://localhost:8765/static/js/index.D2ZqaFuW.js:16
[ 1301824ms] [ERROR] Is Streamlit still running? If you accidentally stopped Streamlit, just restart it in your terminal: @ http://localhost:8765/static/js/index.D2ZqaFuW.js:21
[ 1301846ms] [ERROR] Failed to load resource: net::ERR_CONNECTION_REFUSED @ http://localhost:8765/10_Saved_Analyses/_stcore/health:0
[ 1303830ms] [ERROR] Failed to load resource: net::ERR_CONNECTION_REFUSED @ http://localhost:8765/_stcore/health:0
[ 1303830ms] [ERROR] Client Error in reaching server endpoint - No response received when attempting to reach /_stcore/health @ http://localhost:8765/static/js/index.D2ZqaFuW.js:16
[ 1303831ms] [ERROR] Is Streamlit still running? If you accidentally stopped Streamlit, just restart it in your terminal: @ http://localhost:8765/static/js/index.D2ZqaFuW.js:21
[ 1303849ms] [ERROR] Failed to load resource: net::ERR_CONNECTION_REFUSED @ http://localhost:8765/_stcore/host-config:0
[ 1305839ms] [ERROR] Failed to load resource: net::ERR_CONNECTION_REFUSED @ http://localhost:8765/10_Saved_Analyses/_stcore/host-config:0
[ 1305839ms] [ERROR] Client Error in reaching server endpoint - No response received when attempting to reach /10_Saved_Analyses/_stcore/host-config @ http://localhost:8765/static/js/index.D2ZqaFuW.js:16
[ 1305839ms] [ERROR] Is Streamlit still running? If you accidentally stopped Streamlit, just restart it in your terminal: @ http://localhost:8765/static/js/index.D2ZqaFuW.js:21
[ 1305860ms] [ERROR] Failed to load resource: net::ERR_CONNECTION_REFUSED @ http://localhost:8765/10_Saved_Analyses/_stcore/health:0
[ 1307845ms] [ERROR] Failed to load resource: net::ERR_CONNECTION_REFUSED @ http://localhost:8765/_stcore/host-config:0
[ 1307845ms] [ERROR] Client Error in reaching server endpoint - No response received when attempting to reach /_stcore/host-config @ http://localhost:8765/static/js/index.D2ZqaFuW.js:16
[ 1307846ms] [ERROR] Is Streamlit still running? If you accidentally stopped Streamlit, just restart it in your terminal: @ http://localhost:8765/static/js/index.D2ZqaFuW.js:21
[ 1307866ms] [ERROR] Failed to load resource: net::ERR_CONNECTION_REFUSED @ http://localhost:8765/_stcore/health:0
[ 1309852ms] [ERROR] Failed to load resource: net::ERR_CONNECTION_REFUSED @ http://localhost:8765/10_Saved_Analyses/_stcore/health:0
[ 1309853ms] [ERROR] Client Error in reaching server endpoint - No response received when attempting to reach /10_Saved_Analyses/_stcore/health @ http://localhost:8765/static/js/index.D2ZqaFuW.js:16
[ 1309853ms] [ERROR] Is Streamlit still running? If you accidentally stopped Streamlit, just restart it in your terminal: @ http://localhost:8765/static/js/index.D2ZqaFuW.js:21
[ 1309873ms] [ERROR] Failed to load resource: net::ERR_CONNECTION_REFUSED @ http://localhost:8765/10_Saved_Analyses/_stcore/host-config:0
[ 1311860ms] [ERROR] Failed to load resource: net::ERR_CONNECTION_REFUSED @ http://localhost:8765/_stcore/health:0
[ 1311860ms] [ERROR] Client Error in reaching server endpoint - No response received when attempting to reach /_stcore/health @ http://localhost:8765/static/js/index.D2ZqaFuW.js:16
[ 1311860ms] [ERROR] Is Streamlit still running? If you accidentally stopped Streamlit, just restart it in your terminal: @ http://localhost:8765/static/js/index.D2ZqaFuW.js:21
[ 1311881ms] [ERROR] Failed to load resource: net::ERR_CONNECTION_REFUSED @ http://localhost:8765/_stcore/host-config:0
[ 1313867ms] [ERROR] Failed to load resource: net::ERR_CONNECTION_REFUSED @ http://localhost:8765/10_Saved_Analyses/_stcore/health:0
[ 1313867ms] [ERROR] Client Error in reaching server endpoint - No response received when attempting to reach /10_Saved_Analyses/_stcore/health @ http://localhost:8765/static/js/index.D2ZqaFuW.js:16
[ 1313867ms] [ERROR] Is Streamlit still running? If you accidentally stopped Streamlit, just restart it in your terminal: @ http://localhost:8765/static/js/index.D2ZqaFuW.js:21
[ 1313890ms] [ERROR] Failed to load resource: net::ERR_CONNECTION_REFUSED @ http://localhost:8765/10_Saved_Analyses/_stcore/host-config:0
[ 1315876ms] [ERROR] Failed to load resource: net::ERR_CONNECTION_REFUSED @ http://localhost:8765/_stcore/health:0
[ 1315876ms] [ERROR] Client Error in reaching server endpoint - No response received when attempting to reach /_stcore/health @ http://localhost:8765/static/js/index.D2ZqaFuW.js:16
[ 1315876ms] [ERROR] Is Streamlit still running? If you accidentally stopped Streamlit, just restart it in your terminal: @ http://localhost:8765/static/js/index.D2ZqaFuW.js:21
[ 1315898ms] [ERROR] Failed to load resource: net::ERR_CONNECTION_REFUSED @ http://localhost:8765/_stcore/host-config:0
[ 1317883ms] [ERROR] Failed to load resource: net::ERR_CONNECTION_REFUSED @ http://localhost:8765/10_Saved_Analyses/_stcore/health:0
[ 1317883ms] [ERROR] Client Error in reaching server endpoint - No response received when attempting to reach /10_Saved_Analyses/_stcore/health @ http://localhost:8765/static/js/index.D2ZqaFuW.js:16
[ 1317883ms] [ERROR] Is Streamlit still running? If you accidentally stopped Streamlit, just restart it in your terminal: @ http://localhost:8765/static/js/index.D2ZqaFuW.js:21
[ 1317903ms] [ERROR] Failed to load resource: net::ERR_CONNECTION_REFUSED @ http://localhost:8765/10_Saved_Analyses/_stcore/host-config:0
[ 1319889ms] [ERROR] Failed to load resource: net::ERR_CONNECTION_REFUSED @ http://localhost:8765/_stcore/health:0
[ 1319889ms] [ERROR] Client Error in reaching server endpoint - No response received when attempting to reach /_stcore/health @ http://localhost:8765/static/js/index.D2ZqaFuW.js:16
[ 1319889ms] [ERROR] Is Streamlit still running? If you accidentally stopped Streamlit, just restart it in your terminal: @ http://localhost:8765/static/js/index.D2ZqaFuW.js:21
[ 1319910ms] [ERROR] Failed to load resource: net::ERR_CONNECTION_REFUSED @ http://localhost:8765/_stcore/host-config:0
[ 1321896ms] [ERROR] Failed to load resource: net::ERR_CONNECTION_REFUSED @ http://localhost:8765/10_Saved_Analyses/_stcore/health:0
[ 1321897ms] [ERROR] Client Error in reaching server endpoint - No response received when attempting to reach /10_Saved_Analyses/_stcore/health @ http://localhost:8765/static/js/index.D2ZqaFuW.js:16
[ 1321897ms] [ERROR] Is Streamlit still running? If you accidentally stopped Streamlit, just restart it in your terminal: @ http://localhost:8765/static/js/index.D2ZqaFuW.js:21
[ 1321918ms] [ERROR] Failed to load resource: net::ERR_CONNECTION_REFUSED @ http://localhost:8765/10_Saved_Analyses/_stcore/host-config:0
[ 1323903ms] [ERROR] Failed to load resource: net::ERR_CONNECTION_REFUSED @ http://localhost:8765/_stcore/health:0
[ 1323904ms] [ERROR] Client Error in reaching server endpoint - No response received when attempting to reach /_stcore/health @ http://localhost:8765/static/js/index.D2ZqaFuW.js:16
[ 1323904ms] [ERROR] Is Streamlit still running? If you accidentally stopped Streamlit, just restart it in your terminal: @ http://localhost:8765/static/js/index.D2ZqaFuW.js:21
[ 1323925ms] [ERROR] Failed to load resource: net::ERR_CONNECTION_REFUSED @ http://localhost:8765/_stcore/host-config:0
[ 1325911ms] [ERROR] Failed to load resource: net::ERR_CONNECTION_REFUSED @ http://localhost:8765/10_Saved_Analyses/_stcore/health:0
[ 1325911ms] [ERROR] Client Error in reaching server endpoint - No response received when attempting to reach /10_Saved_Analyses/_stcore/health @ http://localhost:8765/static/js/index.D2ZqaFuW.js:16
[ 1325911ms] [ERROR] Is Streamlit still running? If you accidentally stopped Streamlit, just restart it in your terminal: @ http://localhost:8765/static/js/index.D2ZqaFuW.js:21
[ 1325932ms] [ERROR] Failed to load resource: net::ERR_CONNECTION_REFUSED @ http://localhost:8765/10_Saved_Analyses/_stcore/host-config:0
[ 1327924ms] [ERROR] Failed to load resource: net::ERR_CONNECTION_REFUSED @ http://localhost:8765/_stcore/host-config:0
[ 1327924ms] [ERROR] Client Error in reaching server endpoint - No response received when attempting to reach /_stcore/host-config @ http://localhost:8765/static/js/index.D2ZqaFuW.js:16
[ 1327925ms] [ERROR] Is Streamlit still running? If you accidentally stopped Streamlit, just restart it in your terminal: @ http://localhost:8765/static/js/index.D2ZqaFuW.js:21
[ 1327949ms] [ERROR] Failed to load resource: net::ERR_CONNECTION_REFUSED @ http://localhost:8765/_stcore/health:0
[ 1329931ms] [ERROR] Failed to load resource: net::ERR_CONNECTION_REFUSED @ http://localhost:8765/10_Saved_Analyses/_stcore/health:0
[ 1329931ms] [ERROR] Client Error in reaching server endpoint - No response received when attempting to reach /10_Saved_Analyses/_stcore/health @ http://localhost:8765/static/js/index.D2ZqaFuW.js:16
[ 1329932ms] [ERROR] Is Streamlit still running? If you accidentally stopped Streamlit, just restart it in your terminal: @ http://localhost:8765/static/js/index.D2ZqaFuW.js:21
[ 1329955ms] [ERROR] Failed to load resource: net::ERR_CONNECTION_REFUSED @ http://localhost:8765/10_Saved_Analyses/_stcore/host-config:0
[ 1331939ms] [ERROR] Failed to load resource: net::ERR_CONNECTION_REFUSED @ http://localhost:8765/_stcore/health:0
[ 1331939ms] [ERROR] Client Error in reaching server endpoint - No response received when attempting to reach /_stcore/health @ http://localhost:8765/static/js/index.D2ZqaFuW.js:16
[ 1331939ms] [ERROR] Is Streamlit still running? If you accidentally stopped Streamlit, just restart it in your terminal: @ http://localhost:8765/static/js/index.D2ZqaFuW.js:21
[ 1331962ms] [ERROR] Failed to load resource: net::ERR_CONNECTION_REFUSED @ http://localhost:8765/_stcore/host-config:0
[ 1333945ms] [ERROR] Failed to load resource: net::ERR_CONNECTION_REFUSED @ http://localhost:8765/10_Saved_Analyses/_stcore/health:0
[ 1333945ms] [ERROR] Client Error in reaching server endpoint - No response received when attempting to reach /10_Saved_Analyses/_stcore/health @ http://localhost:8765/static/js/index.D2ZqaFuW.js:16
[ 1333946ms] [ERROR] Is Streamlit still running? If you accidentally stopped Streamlit, just restart it in your terminal: @ http://localhost:8765/static/js/index.D2ZqaFuW.js:21
[ 1333968ms] [ERROR] Failed to load resource: net::ERR_CONNECTION_REFUSED @ http://localhost:8765/10_Saved_Analyses/_stcore/host-config:0
[ 1335954ms] [ERROR] Failed to load resource: net::ERR_CONNECTION_REFUSED @ http://localhost:8765/_stcore/health:0
[ 1335954ms] [ERROR] Client Error in reaching server endpoint - No response received when attempting to reach /_stcore/health @ http://localhost:8765/static/js/index.D2ZqaFuW.js:16
[ 1335954ms] [ERROR] Is Streamlit still running? If you accidentally stopped Streamlit, just restart it in your terminal: @ http://localhost:8765/static/js/index.D2ZqaFuW.js:21
[ 1335976ms] [ERROR] Failed to load resource: net::ERR_CONNECTION_REFUSED @ http://localhost:8765/_stcore/host-config:0
[ 1337963ms] [ERROR] Failed to load resource: net::ERR_CONNECTION_REFUSED @ http://localhost:8765/10_Saved_Analyses/_stcore/health:0
[ 1337963ms] [ERROR] Client Error in reaching server endpoint - No response received when attempting to reach /10_Saved_Analyses/_stcore/health @ http://localhost:8765/static/js/index.D2ZqaFuW.js:16
[ 1337963ms] [ERROR] Is Streamlit still running? If you accidentally stopped Streamlit, just restart it in your terminal: @ http://localhost:8765/static/js/index.D2ZqaFuW.js:21
[ 1337992ms] [ERROR] Failed to load resource: net::ERR_CONNECTION_REFUSED @ http://localhost:8765/10_Saved_Analyses/_stcore/host-config:0
[ 1339973ms] [ERROR] Failed to load resource: net::ERR_CONNECTION_REFUSED @ http://localhost:8765/_stcore/health:0
[ 1339973ms] [ERROR] Client Error in reaching server endpoint - No response received when attempting to reach /_stcore/health @ http://localhost:8765/static/js/index.D2ZqaFuW.js:16
[ 1339974ms] [ERROR] Is Streamlit still running? If you accidentally stopped Streamlit, just restart it in your terminal: @ http://localhost:8765/static/js/index.D2ZqaFuW.js:21
[ 1340001ms] [ERROR] Failed to load resource: net::ERR_CONNECTION_REFUSED @ http://localhost:8765/_stcore/host-config:0
[ 1341980ms] [ERROR] Failed to load resource: net::ERR_CONNECTION_REFUSED @ http://localhost:8765/10_Saved_Analyses/_stcore/health:0
[ 1341981ms] [ERROR] Client Error in reaching server endpoint - No response received when attempting to reach /10_Saved_Analyses/_stcore/health @ http://localhost:8765/static/js/index.D2ZqaFuW.js:16
[ 1341981ms] [ERROR] Is Streamlit still running? If you accidentally stopped Streamlit, just restart it in your terminal: @ http://localhost:8765/static/js/index.D2ZqaFuW.js:21
[ 1342011ms] [ERROR] Failed to load resource: net::ERR_CONNECTION_REFUSED @ http://localhost:8765/10_Saved_Analyses/_stcore/host-config:0
[ 1343991ms] [ERROR] Failed to load resource: net::ERR_CONNECTION_REFUSED @ http://localhost:8765/_stcore/health:0
[ 1343991ms] [ERROR] Client Error in reaching server endpoint - No response received when attempting to reach /_stcore/health @ http://localhost:8765/static/js/index.D2ZqaFuW.js:16
[ 1343991ms] [ERROR] Is Streamlit still running? If you accidentally stopped Streamlit, just restart it in your terminal: @ http://localhost:8765/static/js/index.D2ZqaFuW.js:21
[ 1344015ms] [ERROR] Failed to load resource: net::ERR_CONNECTION_REFUSED @ http://localhost:8765/_stcore/host-config:0
[ 1345998ms] [ERROR] Failed to load resource: net::ERR_CONNECTION_REFUSED @ http://localhost:8765/10_Saved_Analyses/_stcore/health:0
[ 1345998ms] [ERROR] Client Error in reaching server endpoint - No response received when attempting to reach /10_Saved_Analyses/_stcore/health @ http://localhost:8765/static/js/index.D2ZqaFuW.js:16
[ 1345998ms] [ERROR] Is Streamlit still running? If you accidentally stopped Streamlit, just restart it in your terminal: @ http://localhost:8765/static/js/index.D2ZqaFuW.js:21
[ 1346021ms] [ERROR] Failed to load resource: net::ERR_CONNECTION_REFUSED @ http://localhost:8765/10_Saved_Analyses/_stcore/host-config:0
[ 1348005ms] [ERROR] Failed to load resource: net::ERR_CONNECTION_REFUSED @ http://localhost:8765/_stcore/health:0
[ 1348005ms] [ERROR] Client Error in reaching server endpoint - No response received when attempting to reach /_stcore/health @ http://localhost:8765/static/js/index.D2ZqaFuW.js:16
[ 1348005ms] [ERROR] Is Streamlit still running? If you accidentally stopped Streamlit, just restart it in your terminal: @ http://localhost:8765/static/js/index.D2ZqaFuW.js:21
[ 1348026ms] [ERROR] Failed to load resource: net::ERR_CONNECTION_REFUSED @ http://localhost:8765/_stcore/host-config:0
[ 1350012ms] [ERROR] Failed to load resource: net::ERR_CONNECTION_REFUSED @ http://localhost:8765/10_Saved_Analyses/_stcore/health:0
[ 1350012ms] [ERROR] Client Error in reaching server endpoint - No response received when attempting to reach /10_Saved_Analyses/_stcore/health @ http://localhost:8765/static/js/index.D2ZqaFuW.js:16
[ 1350012ms] [ERROR] Is Streamlit still running? If you accidentally stopped Streamlit, just restart it in your terminal: @ http://localhost:8765/static/js/index.D2ZqaFuW.js:21
[ 1350033ms] [ERROR] Failed to load resource: net::ERR_CONNECTION_REFUSED @ http://localhost:8765/10_Saved_Analyses/_stcore/host-config:0
[ 1352019ms] [ERROR] Failed to load resource: net::ERR_CONNECTION_REFUSED @ http://localhost:8765/_stcore/health:0
[ 1352019ms] [ERROR] Client Error in reaching server endpoint - No response received when attempting to reach /_stcore/health @ http://localhost:8765/static/js/index.D2ZqaFuW.js:16
[ 1352019ms] [ERROR] Is Streamlit still running? If you accidentally stopped Streamlit, just restart it in your terminal: @ http://localhost:8765/static/js/index.D2ZqaFuW.js:21
[ 1352041ms] [ERROR] Failed to load resource: net::ERR_CONNECTION_REFUSED @ http://localhost:8765/_stcore/host-config:0
[ 1354026ms] [ERROR] Failed to load resource: net::ERR_CONNECTION_REFUSED @ http://localhost:8765/10_Saved_Analyses/_stcore/health:0
[ 1354026ms] [ERROR] Client Error in reaching server endpoint - No response received when attempting to reach /10_Saved_Analyses/_stcore/health @ http://localhost:8765/static/js/index.D2ZqaFuW.js:16
[ 1354026ms] [ERROR] Is Streamlit still running? If you accidentally stopped Streamlit, just restart it in your terminal: @ http://localhost:8765/static/js/index.D2ZqaFuW.js:21
[ 1354047ms] [ERROR] Failed to load resource: net::ERR_CONNECTION_REFUSED @ http://localhost:8765/10_Saved_Analyses/_stcore/host-config:0
[ 1356035ms] [ERROR] Failed to load resource: net::ERR_CONNECTION_REFUSED @ http://localhost:8765/_stcore/health:0
[ 1356035ms] [ERROR] Client Error in reaching server endpoint - No response received when attempting to reach /_stcore/health @ http://localhost:8765/static/js/index.D2ZqaFuW.js:16
[ 1356035ms] [ERROR] Is Streamlit still running? If you accidentally stopped Streamlit, just restart it in your terminal: @ http://localhost:8765/static/js/index.D2ZqaFuW.js:21
[ 1356056ms] [ERROR] Failed to load resource: net::ERR_CONNECTION_REFUSED @ http://localhost:8765/_stcore/host-config:0
[ 1358042ms] [ERROR] Failed to load resource: net::ERR_CONNECTION_REFUSED @ http://localhost:8765/10_Saved_Analyses/_stcore/host-config:0
[ 1358043ms] [ERROR] Client Error in reaching server endpoint - No response received when attempting to reach /10_Saved_Analyses/_stcore/host-config @ http://localhost:8765/static/js/index.D2ZqaFuW.js:16
[ 1358043ms] [ERROR] Is Streamlit still running? If you accidentally stopped Streamlit, just restart it in your terminal: @ http://localhost:8765/static/js/index.D2ZqaFuW.js:21
[ 1358064ms] [ERROR] Failed to load resource: net::ERR_CONNECTION_REFUSED @ http://localhost:8765/10_Saved_Analyses/_stcore/health:0
[ 1360051ms] [ERROR] Failed to load resource: net::ERR_CONNECTION_REFUSED @ http://localhost:8765/_stcore/host-config:0
[ 1360051ms] [ERROR] Client Error in reaching server endpoint - No response received when attempting to reach /_stcore/host-config @ http://localhost:8765/static/js/index.D2ZqaFuW.js:16
[ 1360051ms] [ERROR] Is Streamlit still running? If you accidentally stopped Streamlit, just restart it in your terminal: @ http://localhost:8765/static/js/index.D2ZqaFuW.js:21
[ 1360072ms] [ERROR] Failed to load resource: net::ERR_CONNECTION_REFUSED @ http://localhost:8765/_stcore/health:0
[ 1362059ms] [ERROR] Failed to load resource: net::ERR_CONNECTION_REFUSED @ http://localhost:8765/10_Saved_Analyses/_stcore/host-config:0
[ 1362059ms] [ERROR] Client Error in reaching server endpoint - No response received when attempting to reach /10_Saved_Analyses/_stcore/host-config @ http://localhost:8765/static/js/index.D2ZqaFuW.js:16
[ 1362059ms] [ERROR] Is Streamlit still running? If you accidentally stopped Streamlit, just restart it in your terminal: @ http://localhost:8765/static/js/index.D2ZqaFuW.js:21
[ 1362079ms] [ERROR] Failed to load resource: net::ERR_CONNECTION_REFUSED @ http://localhost:8765/10_Saved_Analyses/_stcore/health:0
[ 1364067ms] [ERROR] Failed to load resource: net::ERR_CONNECTION_REFUSED @ http://localhost:8765/_stcore/health:0
[ 1364067ms] [ERROR] Client Error in reaching server endpoint - No response received when attempting to reach /_stcore/health @ http://localhost:8765/static/js/index.D2ZqaFuW.js:16
[ 1364067ms] [ERROR] Is Streamlit still running? If you accidentally stopped Streamlit, just restart it in your terminal: @ http://localhost:8765/static/js/index.D2ZqaFuW.js:21
[ 1364088ms] [ERROR] Failed to load resource: net::ERR_CONNECTION_REFUSED @ http://localhost:8765/_stcore/host-config:0
[ 1366074ms] [ERROR] Failed to load resource: net::ERR_CONNECTION_REFUSED @ http://localhost:8765/10_Saved_Analyses/_stcore/health:0
[ 1366074ms] [ERROR] Client Error in reaching server endpoint - No response received when attempting to reach /10_Saved_Analyses/_stcore/health @ http://localhost:8765/static/js/index.D2ZqaFuW.js:16
[ 1366075ms] [ERROR] Is Streamlit still running? If you accidentally stopped Streamlit, just restart it in your terminal: @ http://localhost:8765/static/js/index.D2ZqaFuW.js:21
[ 1366095ms] [ERROR] Failed to load resource: net::ERR_CONNECTION_REFUSED @ http://localhost:8765/10_Saved_Analyses/_stcore/host-config:0
[ 1368082ms] [ERROR] Failed to load resource: net::ERR_CONNECTION_REFUSED @ http://localhost:8765/_stcore/health:0
[ 1368082ms] [ERROR] Client Error in reaching server endpoint - No response received when attempting to reach /_stcore/health @ http://localhost:8765/static/js/index.D2ZqaFuW.js:16
[ 1368083ms] [ERROR] Is Streamlit still running? If you accidentally stopped Streamlit, just restart it in your terminal: @ http://localhost:8765/static/js/index.D2ZqaFuW.js:21
[ 1368104ms] [ERROR] Failed to load resource: net::ERR_CONNECTION_REFUSED @ http://localhost:8765/_stcore/host-config:0
[ 1370089ms] [ERROR] Failed to load resource: net::ERR_CONNECTION_REFUSED @ http://localhost:8765/10_Saved_Analyses/_stcore/health:0
[ 1370089ms] [ERROR] Client Error in reaching server endpoint - No response received when attempting to reach /10_Saved_Analyses/_stcore/health @ http://localhost:8765/static/js/index.D2ZqaFuW.js:16
[ 1370089ms] [ERROR] Is Streamlit still running? If you accidentally stopped Streamlit, just restart it in your terminal: @ http://localhost:8765/static/js/index.D2ZqaFuW.js:21
[ 1370110ms] [ERROR] Failed to load resource: net::ERR_CONNECTION_REFUSED @ http://localhost:8765/10_Saved_Analyses/_stcore/host-config:0
[ 1372097ms] [ERROR] Failed to load resource: net::ERR_CONNECTION_REFUSED @ http://localhost:8765/_stcore/health:0
[ 1372097ms] [ERROR] Client Error in reaching server endpoint - No response received when attempting to reach /_stcore/health @ http://localhost:8765/static/js/index.D2ZqaFuW.js:16
[ 1372097ms] [ERROR] Is Streamlit still running? If you accidentally stopped Streamlit, just restart it in your terminal: @ http://localhost:8765/static/js/index.D2ZqaFuW.js:21
[ 1372117ms] [ERROR] Failed to load resource: net::ERR_CONNECTION_REFUSED @ http://localhost:8765/_stcore/host-config:0
[ 1374103ms] [ERROR] Failed to load resource: net::ERR_CONNECTION_REFUSED @ http://localhost:8765/10_Saved_Analyses/_stcore/health:0
[ 1374104ms] [ERROR] Client Error in reaching server endpoint - No response received when attempting to reach /10_Saved_Analyses/_stcore/health @ http://localhost:8765/static/js/index.D2ZqaFuW.js:16
[ 1374104ms] [ERROR] Is Streamlit still running? If you accidentally stopped Streamlit, just restart it in your terminal: @ http://localhost:8765/static/js/index.D2ZqaFuW.js:21
[ 1374124ms] [ERROR] Failed to load resource: net::ERR_CONNECTION_REFUSED @ http://localhost:8765/10_Saved_Analyses/_stcore/host-config:0
[ 1376108ms] [ERROR] Failed to load resource: net::ERR_CONNECTION_REFUSED @ http://localhost:8765/_stcore/health:0
[ 1376108ms] [ERROR] Client Error in reaching server endpoint - No response received when attempting to reach /_stcore/health @ http://localhost:8765/static/js/index.D2ZqaFuW.js:16
[ 1376108ms] [ERROR] Is Streamlit still running? If you accidentally stopped Streamlit, just restart it in your terminal: @ http://localhost:8765/static/js/index.D2ZqaFuW.js:21
[ 1376129ms] [ERROR] Failed to load resource: net::ERR_CONNECTION_REFUSED @ http://localhost:8765/_stcore/host-config:0
[ 1378119ms] [ERROR] Failed to load resource: net::ERR_CONNECTION_REFUSED @ http://localhost:8765/10_Saved_Analyses/_stcore/health:0
[ 1378119ms] [ERROR] Client Error in reaching server endpoint - No response received when attempting to reach /10_Saved_Analyses/_stcore/health @ http://localhost:8765/static/js/index.D2ZqaFuW.js:16
[ 1378119ms] [ERROR] Is Streamlit still running? If you accidentally stopped Streamlit, just restart it in your terminal: @ http://localhost:8765/static/js/index.D2ZqaFuW.js:21
[ 1378139ms] [ERROR] Failed to load resource: net::ERR_CONNECTION_REFUSED @ http://localhost:8765/10_Saved_Analyses/_stcore/host-config:0
[ 1380126ms] [ERROR] Failed to load resource: net::ERR_CONNECTION_REFUSED @ http://localhost:8765/_stcore/health:0
[ 1380126ms] [ERROR] Client Error in reaching server endpoint - No response received when attempting to reach /_stcore/health @ http://localhost:8765/static/js/index.D2ZqaFuW.js:16
[ 1380127ms] [ERROR] Is Streamlit still running? If you accidentally stopped Streamlit, just restart it in your terminal: @ http://localhost:8765/static/js/index.D2ZqaFuW.js:21
[ 1380147ms] [ERROR] Failed to load resource: net::ERR_CONNECTION_REFUSED @ http://localhost:8765/_stcore/host-config:0
[ 1382133ms] [ERROR] Failed to load resource: net::ERR_CONNECTION_REFUSED @ http://localhost:8765/10_Saved_Analyses/_stcore/health:0
[ 1382133ms] [ERROR] Client Error in reaching server endpoint - No response received when attempting to reach /10_Saved_Analyses/_stcore/health @ http://localhost:8765/static/js/index.D2ZqaFuW.js:16
[ 1382133ms] [ERROR] Is Streamlit still running? If you accidentally stopped Streamlit, just restart it in your terminal: @ http://localhost:8765/static/js/index.D2ZqaFuW.js:21
[ 1382154ms] [ERROR] Failed to load resource: net::ERR_CONNECTION_REFUSED @ http://localhost:8765/10_Saved_Analyses/_stcore/host-config:0
[ 1384140ms] [ERROR] Failed to load resource: net::ERR_CONNECTION_REFUSED @ http://localhost:8765/_stcore/health:0
[ 1384140ms] [ERROR] Client Error in reaching server endpoint - No response received when attempting to reach /_stcore/health @ http://localhost:8765/static/js/index.D2ZqaFuW.js:16
[ 1384140ms] [ERROR] Is Streamlit still running? If you accidentally stopped Streamlit, just restart it in your terminal: @ http://localhost:8765/static/js/index.D2ZqaFuW.js:21
[ 1384161ms] [ERROR] Failed to load resource: net::ERR_CONNECTION_REFUSED @ http://localhost:8765/_stcore/host-config:0
[ 1386151ms] [ERROR] Failed to load resource: net::ERR_CONNECTION_REFUSED @ http://localhost:8765/10_Saved_Analyses/_stcore/health:0
[ 1386151ms] [ERROR] Client Error in reaching server endpoint - No response received when attempting to reach /10_Saved_Analyses/_stcore/health @ http://localhost:8765/static/js/index.D2ZqaFuW.js:16
[ 1386151ms] [ERROR] Is Streamlit still running? If you accidentally stopped Streamlit, just restart it in your terminal: @ http://localhost:8765/static/js/index.D2ZqaFuW.js:21
[ 1386172ms] [ERROR] Failed to load resource: net::ERR_CONNECTION_REFUSED @ http://localhost:8765/10_Saved_Analyses/_stcore/host-config:0
[ 1388156ms] [ERROR] Failed to load resource: net::ERR_CONNECTION_REFUSED @ http://localhost:8765/_stcore/health:0
[ 1388156ms] [ERROR] Client Error in reaching server endpoint - No response received when attempting to reach /_stcore/health @ http://localhost:8765/static/js/index.D2ZqaFuW.js:16
[ 1388156ms] [ERROR] Is Streamlit still running? If you accidentally stopped Streamlit, just restart it in your terminal: @ http://localhost:8765/static/js/index.D2ZqaFuW.js:21
[ 1388181ms] [ERROR] Failed to load resource: net::ERR_CONNECTION_REFUSED @ http://localhost:8765/_stcore/host-config:0
[ 1390171ms] [ERROR] Failed to load resource: net::ERR_CONNECTION_REFUSED @ http://localhost:8765/10_Saved_Analyses/_stcore/health:0
[ 1390171ms] [ERROR] Client Error in reaching server endpoint - No response received when attempting to reach /10_Saved_Analyses/_stcore/health @ http://localhost:8765/static/js/index.D2ZqaFuW.js:16
[ 1390171ms] [ERROR] Is Streamlit still running? If you accidentally stopped Streamlit, just restart it in your terminal: @ http://localhost:8765/static/js/index.D2ZqaFuW.js:21
[ 1390194ms] [ERROR] Failed to load resource: net::ERR_CONNECTION_REFUSED @ http://localhost:8765/10_Saved_Analyses/_stcore/host-config:0
[ 1392179ms] [ERROR] Failed to load resource: net::ERR_CONNECTION_REFUSED @ http://localhost:8765/_stcore/health:0
[ 1392179ms] [ERROR] Client Error in reaching server endpoint - No response received when attempting to reach /_stcore/health @ http://localhost:8765/static/js/index.D2ZqaFuW.js:16
[ 1392180ms] [ERROR] Is Streamlit still running? If you accidentally stopped Streamlit, just restart it in your terminal: @ http://localhost:8765/static/js/index.D2ZqaFuW.js:21
[ 1392180ms] [ERROR] Failed to load resource: net::ERR_CONNECTION_REFUSED @ http://localhost:8765/_stcore/host-config:0
[ 1394187ms] [ERROR] Failed to load resource: net::ERR_CONNECTION_REFUSED @ http://localhost:8765/10_Saved_Analyses/_stcore/health:0
[ 1394188ms] [ERROR] Client Error in reaching server endpoint - No response received when attempting to reach /10_Saved_Analyses/_stcore/health @ http://localhost:8765/static/js/index.D2ZqaFuW.js:16
[ 1394188ms] [ERROR] Is Streamlit still running? If you accidentally stopped Streamlit, just restart it in your terminal: @ http://localhost:8765/static/js/index.D2ZqaFuW.js:21
[ 1394207ms] [ERROR] Failed to load resource: net::ERR_CONNECTION_REFUSED @ http://localhost:8765/10_Saved_Analyses/_stcore/host-config:0
[ 1396199ms] [ERROR] Failed to load resource: net::ERR_CONNECTION_REFUSED @ http://localhost:8765/_stcore/health:0
[ 1396200ms] [ERROR] Client Error in reaching server endpoint - No response received when attempting to reach /_stcore/health @ http://localhost:8765/static/js/index.D2ZqaFuW.js:16
[ 1396200ms] [ERROR] Is Streamlit still running? If you accidentally stopped Streamlit, just restart it in your terminal: @ http://localhost:8765/static/js/index.D2ZqaFuW.js:21
[ 1396226ms] [ERROR] Failed to load resource: net::ERR_CONNECTION_REFUSED @ http://localhost:8765/_stcore/host-config:0
[ 1398205ms] [ERROR] Failed to load resource: net::ERR_CONNECTION_REFUSED @ http://localhost:8765/10_Saved_Analyses/_stcore/health:0
[ 1398206ms] [ERROR] Client Error in reaching server endpoint - No response received when attempting to reach /10_Saved_Analyses/_stcore/health @ http://localhost:8765/static/js/index.D2ZqaFuW.js:16
[ 1398206ms] [ERROR] Is Streamlit still running? If you accidentally stopped Streamlit, just restart it in your terminal: @ http://localhost:8765/static/js/index.D2ZqaFuW.js:21
[ 1398206ms] [ERROR] Failed to load resource: net::ERR_CONNECTION_REFUSED @ http://localhost:8765/10_Saved_Analyses/_stcore/host-config:0
[ 1400214ms] [ERROR] Failed to load resource: net::ERR_CONNECTION_REFUSED @ http://localhost:8765/_stcore/health:0
[ 1400214ms] [ERROR] Client Error in reaching server endpoint - No response received when attempting to reach /_stcore/health @ http://localhost:8765/static/js/index.D2ZqaFuW.js:16
[ 1400215ms] [ERROR] Is Streamlit still running? If you accidentally stopped Streamlit, just restart it in your terminal: @ http://localhost:8765/static/js/index.D2ZqaFuW.js:21
[ 1400240ms] [ERROR] Failed to load resource: net::ERR_CONNECTION_REFUSED @ http://localhost:8765/_stcore/host-config:0
[ 1402223ms] [ERROR] Failed to load resource: net::ERR_CONNECTION_REFUSED @ http://localhost:8765/10_Saved_Analyses/_stcore/health:0
[ 1402224ms] [ERROR] Client Error in reaching server endpoint - No response received when attempting to reach /10_Saved_Analyses/_stcore/health @ http://localhost:8765/static/js/index.D2ZqaFuW.js:16
[ 1402224ms] [ERROR] Is Streamlit still running? If you accidentally stopped Streamlit, just restart it in your terminal: @ http://localhost:8765/static/js/index.D2ZqaFuW.js:21
[ 1402246ms] [ERROR] Failed to load resource: net::ERR_CONNECTION_REFUSED @ http://localhost:8765/10_Saved_Analyses/_stcore/host-config:0
[ 1404232ms] [ERROR] Failed to load resource: net::ERR_CONNECTION_REFUSED @ http://localhost:8765/_stcore/health:0
[ 1404232ms] [ERROR] Client Error in reaching server endpoint - No response received when attempting to reach /_stcore/health @ http://localhost:8765/static/js/index.D2ZqaFuW.js:16
[ 1404232ms] [ERROR] Is Streamlit still running? If you accidentally stopped Streamlit, just restart it in your terminal: @ http://localhost:8765/static/js/index.D2ZqaFuW.js:21
[ 1404255ms] [ERROR] Failed to load resource: net::ERR_CONNECTION_REFUSED @ http://localhost:8765/_stcore/host-config:0
[ 1406240ms] [ERROR] Failed to load resource: net::ERR_CONNECTION_REFUSED @ http://localhost:8765/10_Saved_Analyses/_stcore/health:0
[ 1406240ms] [ERROR] Client Error in reaching server endpoint - No response received when attempting to reach /10_Saved_Analyses/_stcore/health @ http://localhost:8765/static/js/index.D2ZqaFuW.js:16
[ 1406240ms] [ERROR] Is Streamlit still running? If you accidentally stopped Streamlit, just restart it in your terminal: @ http://localhost:8765/static/js/index.D2ZqaFuW.js:21
[ 1406268ms] [ERROR] Failed to load resource: net::ERR_CONNECTION_REFUSED @ http://localhost:8765/10_Saved_Analyses/_stcore/host-config:0
[ 1408251ms] [ERROR] Failed to load resource: net::ERR_CONNECTION_REFUSED @ http://localhost:8765/_stcore/health:0
[ 1408251ms] [ERROR] Client Error in reaching server endpoint - No response received when attempting to reach /_stcore/health @ http://localhost:8765/static/js/index.D2ZqaFuW.js:16
[ 1408251ms] [ERROR] Is Streamlit still running? If you accidentally stopped Streamlit, just restart it in your terminal: @ http://localhost:8765/static/js/index.D2ZqaFuW.js:21
[ 1408282ms] [ERROR] Failed to load resource: net::ERR_CONNECTION_REFUSED @ http://localhost:8765/_stcore/host-config:0
[ 1410257ms] [ERROR] Failed to load resource: net::ERR_CONNECTION_REFUSED @ http://localhost:8765/10_Saved_Analyses/_stcore/health:0
[ 1410258ms] [ERROR] Client Error in reaching server endpoint - No response received when attempting to reach /10_Saved_Analyses/_stcore/health @ http://localhost:8765/static/js/index.D2ZqaFuW.js:16
[ 1410258ms] [ERROR] Is Streamlit still running? If you accidentally stopped Streamlit, just restart it in your terminal: @ http://localhost:8765/static/js/index.D2ZqaFuW.js:21
[ 1410281ms] [ERROR] Failed to load resource: net::ERR_CONNECTION_REFUSED @ http://localhost:8765/10_Saved_Analyses/_stcore/host-config:0
[ 1412264ms] [ERROR] Failed to load resource: net::ERR_CONNECTION_REFUSED @ http://localhost:8765/_stcore/health:0
[ 1412264ms] [ERROR] Client Error in reaching server endpoint - No response received when attempting to reach /_stcore/health @ http://localhost:8765/static/js/index.D2ZqaFuW.js:16
[ 1412264ms] [ERROR] Is Streamlit still running? If you accidentally stopped Streamlit, just restart it in your terminal: @ http://localhost:8765/static/js/index.D2ZqaFuW.js:21
[ 1412286ms] [ERROR] Failed to load resource: net::ERR_CONNECTION_REFUSED @ http://localhost:8765/_stcore/host-config:0
[ 1414305ms] [ERROR] Failed to load resource: net::ERR_CONNECTION_REFUSED @ http://localhost:8765/10_Saved_Analyses/_stcore/health:0
[ 1414305ms] [ERROR] Client Error in reaching server endpoint - No response received when attempting to reach /10_Saved_Analyses/_stcore/health @ http://localhost:8765/static/js/index.D2ZqaFuW.js:16
[ 1414305ms] [ERROR] Is Streamlit still running? If you accidentally stopped Streamlit, just restart it in your terminal: @ http://localhost:8765/static/js/index.D2ZqaFuW.js:21
[ 1414306ms] [ERROR] Failed to load resource: net::ERR_CONNECTION_REFUSED @ http://localhost:8765/10_Saved_Analyses/_stcore/host-config:0
[ 1416313ms] [ERROR] Failed to load resource: net::ERR_CONNECTION_REFUSED @ http://localhost:8765/_stcore/health:0
[ 1416314ms] [ERROR] Client Error in reaching server endpoint - No response received when attempting to reach /_stcore/health @ http://localhost:8765/static/js/index.D2ZqaFuW.js:16
[ 1416314ms] [ERROR] Is Streamlit still running? If you accidentally stopped Streamlit, just restart it in your terminal: @ http://localhost:8765/static/js/index.D2ZqaFuW.js:21
[ 1416336ms] [ERROR] Failed to load resource: net::ERR_CONNECTION_REFUSED @ http://localhost:8765/_stcore/host-config:0
[ 1418320ms] [ERROR] Failed to load resource: net::ERR_CONNECTION_REFUSED @ http://localhost:8765/10_Saved_Analyses/_stcore/health:0
[ 1418320ms] [ERROR] Client Error in reaching server endpoint - No response received when attempting to reach /10_Saved_Analyses/_stcore/health @ http://localhost:8765/static/js/index.D2ZqaFuW.js:16
[ 1418320ms] [ERROR] Is Streamlit still running? If you accidentally stopped Streamlit, just restart it in your terminal: @ http://localhost:8765/static/js/index.D2ZqaFuW.js:21
[ 1418342ms] [ERROR] Failed to load resource: net::ERR_CONNECTION_REFUSED @ http://localhost:8765/10_Saved_Analyses/_stcore/host-config:0
[ 1420330ms] [ERROR] Failed to load resource: net::ERR_CONNECTION_REFUSED @ http://localhost:8765/_stcore/host-config:0
[ 1420330ms] [ERROR] Client Error in reaching server endpoint - No response received when attempting to reach /_stcore/host-config @ http://localhost:8765/static/js/index.D2ZqaFuW.js:16
[ 1420330ms] [ERROR] Is Streamlit still running? If you accidentally stopped Streamlit, just restart it in your terminal: @ http://localhost:8765/static/js/index.D2ZqaFuW.js:21
[ 1420361ms] [ERROR] Failed to load resource: net::ERR_CONNECTION_REFUSED @ http://localhost:8765/_stcore/health:0
[ 1422335ms] [ERROR] Failed to load resource: net::ERR_CONNECTION_REFUSED @ http://localhost:8765/10_Saved_Analyses/_stcore/health:0
[ 1422335ms] [ERROR] Client Error in reaching server endpoint - No response received when attempting to reach /10_Saved_Analyses/_stcore/health @ http://localhost:8765/static/js/index.D2ZqaFuW.js:16
[ 1422335ms] [ERROR] Is Streamlit still running? If you accidentally stopped Streamlit, just restart it in your terminal: @ http://localhost:8765/static/js/index.D2ZqaFuW.js:21
[ 1422354ms] [ERROR] Failed to load resource: net::ERR_CONNECTION_REFUSED @ http://localhost:8765/10_Saved_Analyses/_stcore/host-config:0
[ 1424345ms] [ERROR] Failed to load resource: net::ERR_CONNECTION_REFUSED @ http://localhost:8765/_stcore/health:0
[ 1424345ms] [ERROR] Client Error in reaching server endpoint - No response received when attempting to reach /_stcore/health @ http://localhost:8765/static/js/index.D2ZqaFuW.js:16
[ 1424346ms] [ERROR] Is Streamlit still running? If you accidentally stopped Streamlit, just restart it in your terminal: @ http://localhost:8765/static/js/index.D2ZqaFuW.js:21
[ 1424366ms] [ERROR] Failed to load resource: net::ERR_CONNECTION_REFUSED @ http://localhost:8765/_stcore/host-config:0
[ 1426351ms] [ERROR] Failed to load resource: net::ERR_CONNECTION_REFUSED @ http://localhost:8765/10_Saved_Analyses/_stcore/health:0
[ 1426351ms] [ERROR] Client Error in reaching server endpoint - No response received when attempting to reach /10_Saved_Analyses/_stcore/health @ http://localhost:8765/static/js/index.D2ZqaFuW.js:16
[ 1426351ms] [ERROR] Is Streamlit still running? If you accidentally stopped Streamlit, just restart it in your terminal: @ http://localhost:8765/static/js/index.D2ZqaFuW.js:21
[ 1426380ms] [ERROR] Failed to load resource: net::ERR_CONNECTION_REFUSED @ http://localhost:8765/10_Saved_Analyses/_stcore/host-config:0
[ 1428355ms] [ERROR] Failed to load resource: net::ERR_CONNECTION_REFUSED @ http://localhost:8765/_stcore/health:0
[ 1428355ms] [ERROR] Client Error in reaching server endpoint - No response received when attempting to reach /_stcore/health @ http://localhost:8765/static/js/index.D2ZqaFuW.js:16
[ 1428355ms] [ERROR] Is Streamlit still running? If you accidentally stopped Streamlit, just restart it in your terminal: @ http://localhost:8765/static/js/index.D2ZqaFuW.js:21
[ 1428376ms] [ERROR] Failed to load resource: net::ERR_CONNECTION_REFUSED @ http://localhost:8765/_stcore/host-config:0
[ 1430362ms] [ERROR] Failed to load resource: net::ERR_CONNECTION_REFUSED @ http://localhost:8765/10_Saved_Analyses/_stcore/health:0
[ 1430362ms] [ERROR] Client Error in reaching server endpoint - No response received when attempting to reach /10_Saved_Analyses/_stcore/health @ http://localhost:8765/static/js/index.D2ZqaFuW.js:16
[ 1430363ms] [ERROR] Is Streamlit still running? If you accidentally stopped Streamlit, just restart it in your terminal: @ http://localhost:8765/static/js/index.D2ZqaFuW.js:21
[ 1430386ms] [ERROR] Failed to load resource: net::ERR_CONNECTION_REFUSED @ http://localhost:8765/10_Saved_Analyses/_stcore/host-config:0
[ 1432374ms] [ERROR] Failed to load resource: net::ERR_CONNECTION_REFUSED @ http://localhost:8765/_stcore/health:0
[ 1432375ms] [ERROR] Client Error in reaching server endpoint - No response received when attempting to reach /_stcore/health @ http://localhost:8765/static/js/index.D2ZqaFuW.js:16
[ 1432375ms] [ERROR] Is Streamlit still running? If you accidentally stopped Streamlit, just restart it in your terminal: @ http://localhost:8765/static/js/index.D2ZqaFuW.js:21
[ 1432617ms] [ERROR] Failed to load resource: net::ERR_CONNECTION_REFUSED @ http://localhost:8765/_stcore/host-config:0
[ 1434383ms] [ERROR] Failed to load resource: net::ERR_CONNECTION_REFUSED @ http://localhost:8765/10_Saved_Analyses/_stcore/host-config:0
[ 1434383ms] [ERROR] Client Error in reaching server endpoint - No response received when attempting to reach /10_Saved_Analyses/_stcore/host-config @ http://localhost:8765/static/js/index.D2ZqaFuW.js:16
[ 1434383ms] [ERROR] Is Streamlit still running? If you accidentally stopped Streamlit, just restart it in your terminal: @ http://localhost:8765/static/js/index.D2ZqaFuW.js:21
[ 1434407ms] [ERROR] Failed to load resource: net::ERR_CONNECTION_REFUSED @ http://localhost:8765/10_Saved_Analyses/_stcore/health:0
[ 1436388ms] [ERROR] Failed to load resource: net::ERR_CONNECTION_REFUSED @ http://localhost:8765/_stcore/health:0
[ 1436389ms] [ERROR] Client Error in reaching server endpoint - No response received when attempting to reach /_stcore/health @ http://localhost:8765/static/js/index.D2ZqaFuW.js:16
[ 1436389ms] [ERROR] Is Streamlit still running? If you accidentally stopped Streamlit, just restart it in your terminal: @ http://localhost:8765/static/js/index.D2ZqaFuW.js:21
[ 1436411ms] [ERROR] Failed to load resource: net::ERR_CONNECTION_REFUSED @ http://localhost:8765/_stcore/host-config:0
[ 1438396ms] [ERROR] Failed to load resource: net::ERR_CONNECTION_REFUSED @ http://localhost:8765/10_Saved_Analyses/_stcore/health:0
[ 1438396ms] [ERROR] Client Error in reaching server endpoint - No response received when attempting to reach /10_Saved_Analyses/_stcore/health @ http://localhost:8765/static/js/index.D2ZqaFuW.js:16
[ 1438396ms] [ERROR] Is Streamlit still running? If you accidentally stopped Streamlit, just restart it in your terminal: @ http://localhost:8765/static/js/index.D2ZqaFuW.js:21
[ 1438422ms] [ERROR] Failed to load resource: net::ERR_CONNECTION_REFUSED @ http://localhost:8765/10_Saved_Analyses/_stcore/host-config:0
[ 1440403ms] [ERROR] Failed to load resource: net::ERR_CONNECTION_REFUSED @ http://localhost:8765/_stcore/health:0
[ 1440404ms] [ERROR] Client Error in reaching server endpoint - No response received when attempting to reach /_stcore/health @ http://localhost:8765/static/js/index.D2ZqaFuW.js:16
[ 1440404ms] [ERROR] Is Streamlit still running? If you accidentally stopped Streamlit, just restart it in your terminal: @ http://localhost:8765/static/js/index.D2ZqaFuW.js:21
[ 1440428ms] [ERROR] Failed to load resource: net::ERR_CONNECTION_REFUSED @ http://localhost:8765/_stcore/host-config:0
[ 1442413ms] [ERROR] Failed to load resource: net::ERR_CONNECTION_REFUSED @ http://localhost:8765/10_Saved_Analyses/_stcore/health:0
[ 1442413ms] [ERROR] Client Error in reaching server endpoint - No response received when attempting to reach /10_Saved_Analyses/_stcore/health @ http://localhost:8765/static/js/index.D2ZqaFuW.js:16
[ 1442413ms] [ERROR] Is Streamlit still running? If you accidentally stopped Streamlit, just restart it in your terminal: @ http://localhost:8765/static/js/index.D2ZqaFuW.js:21
[ 1442414ms] [ERROR] Failed to load resource: net::ERR_CONNECTION_REFUSED @ http://localhost:8765/10_Saved_Analyses/_stcore/host-config:0
[ 1444418ms] [ERROR] Failed to load resource: net::ERR_CONNECTION_REFUSED @ http://localhost:8765/_stcore/health:0
[ 1444418ms] [ERROR] Client Error in reaching server endpoint - No response received when attempting to reach /_stcore/health @ http://localhost:8765/static/js/index.D2ZqaFuW.js:16
[ 1444418ms] [ERROR] Is Streamlit still running? If you accidentally stopped Streamlit, just restart it in your terminal: @ http://localhost:8765/static/js/index.D2ZqaFuW.js:21
[ 1444447ms] [ERROR] Failed to load resource: net::ERR_CONNECTION_REFUSED @ http://localhost:8765/_stcore/host-config:0
[ 1446423ms] [ERROR] Failed to load resource: net::ERR_CONNECTION_REFUSED @ http://localhost:8765/10_Saved_Analyses/_stcore/health:0
[ 1446423ms] [ERROR] Client Error in reaching server endpoint - No response received when attempting to reach /10_Saved_Analyses/_stcore/health @ http://localhost:8765/static/js/index.D2ZqaFuW.js:16
[ 1446424ms] [ERROR] Is Streamlit still running? If you accidentally stopped Streamlit, just restart it in your terminal: @ http://localhost:8765/static/js/index.D2ZqaFuW.js:21
[ 1446449ms] [ERROR] Failed to load resource: net::ERR_CONNECTION_REFUSED @ http://localhost:8765/10_Saved_Analyses/_stcore/host-config:0
[ 1448430ms] [ERROR] Failed to load resource: net::ERR_CONNECTION_REFUSED @ http://localhost:8765/_stcore/host-config:0
[ 1448430ms] [ERROR] Client Error in reaching server endpoint - No response received when attempting to reach /_stcore/host-config @ http://localhost:8765/static/js/index.D2ZqaFuW.js:16
[ 1448431ms] [ERROR] Is Streamlit still running? If you accidentally stopped Streamlit, just restart it in your terminal: @ http://localhost:8765/static/js/index.D2ZqaFuW.js:21
[ 1448464ms] [ERROR] Failed to load resource: net::ERR_CONNECTION_REFUSED @ http://localhost:8765/_stcore/health:0
[ 1450438ms] [ERROR] Failed to load resource: net::ERR_CONNECTION_REFUSED @ http://localhost:8765/10_Saved_Analyses/_stcore/health:0
[ 1450438ms] [ERROR] Client Error in reaching server endpoint - No response received when attempting to reach /10_Saved_Analyses/_stcore/health @ http://localhost:8765/static/js/index.D2ZqaFuW.js:16
[ 1450438ms] [ERROR] Is Streamlit still running? If you accidentally stopped Streamlit, just restart it in your terminal: @ http://localhost:8765/static/js/index.D2ZqaFuW.js:21
[ 1450467ms] [ERROR] Failed to load resource: net::ERR_CONNECTION_REFUSED @ http://localhost:8765/10_Saved_Analyses/_stcore/host-config:0
[ 1452442ms] [ERROR] Failed to load resource: net::ERR_CONNECTION_REFUSED @ http://localhost:8765/_stcore/health:0
[ 1452442ms] [ERROR] Client Error in reaching server endpoint - No response received when attempting to reach /_stcore/health @ http://localhost:8765/static/js/index.D2ZqaFuW.js:16
[ 1452443ms] [ERROR] Is Streamlit still running? If you accidentally stopped Streamlit, just restart it in your terminal: @ http://localhost:8765/static/js/index.D2ZqaFuW.js:21
[ 1452475ms] [ERROR] Failed to load resource: net::ERR_CONNECTION_REFUSED @ http://localhost:8765/_stcore/host-config:0
[ 1454450ms] [ERROR] Failed to load resource: net::ERR_CONNECTION_REFUSED @ http://localhost:8765/10_Saved_Analyses/_stcore/health:0
[ 1454450ms] [ERROR] Client Error in reaching server endpoint - No response received when attempting to reach /10_Saved_Analyses/_stcore/health @ http://localhost:8765/static/js/index.D2ZqaFuW.js:16
[ 1454451ms] [ERROR] Is Streamlit still running? If you accidentally stopped Streamlit, just restart it in your terminal: @ http://localhost:8765/static/js/index.D2ZqaFuW.js:21
[ 1454472ms] [ERROR] Failed to load resource: net::ERR_CONNECTION_REFUSED @ http://localhost:8765/10_Saved_Analyses/_stcore/host-config:0
[ 1456464ms] [ERROR] Failed to load resource: net::ERR_CONNECTION_REFUSED @ http://localhost:8765/_stcore/health:0
[ 1456465ms] [ERROR] Client Error in reaching server endpoint - No response received when attempting to reach /_stcore/health @ http://localhost:8765/static/js/index.D2ZqaFuW.js:16
[ 1456465ms] [ERROR] Is Streamlit still running? If you accidentally stopped Streamlit, just restart it in your terminal: @ http://localhost:8765/static/js/index.D2ZqaFuW.js:21
[ 1456465ms] [ERROR] Failed to load resource: net::ERR_CONNECTION_REFUSED @ http://localhost:8765/_stcore/host-config:0
[ 1458470ms] [ERROR] Failed to load resource: net::ERR_CONNECTION_REFUSED @ http://localhost:8765/10_Saved_Analyses/_stcore/health:0
[ 1458470ms] [ERROR] Client Error in reaching server endpoint - No response received when attempting to reach /10_Saved_Analyses/_stcore/health @ http://localhost:8765/static/js/index.D2ZqaFuW.js:16
[ 1458470ms] [ERROR] Is Streamlit still running? If you accidentally stopped Streamlit, just restart it in your terminal: @ http://localhost:8765/static/js/index.D2ZqaFuW.js:21
[ 1458507ms] [ERROR] Failed to load resource: net::ERR_CONNECTION_REFUSED @ http://localhost:8765/10_Saved_Analyses/_stcore/host-config:0
[ 1460477ms] [ERROR] Failed to load resource: net::ERR_CONNECTION_REFUSED @ http://localhost:8765/_stcore/health:0
[ 1460477ms] [ERROR] Client Error in reaching server endpoint - No response received when attempting to reach /_stcore/health @ http://localhost:8765/static/js/index.D2ZqaFuW.js:16
[ 1460477ms] [ERROR] Is Streamlit still running? If you accidentally stopped Streamlit, just restart it in your terminal: @ http://localhost:8765/static/js/index.D2ZqaFuW.js:21
[ 1460508ms] [ERROR] Failed to load resource: net::ERR_CONNECTION_REFUSED @ http://localhost:8765/_stcore/host-config:0
[ 1462485ms] [ERROR] Failed to load resource: net::ERR_CONNECTION_REFUSED @ http://localhost:8765/10_Saved_Analyses/_stcore/health:0
[ 1462485ms] [ERROR] Client Error in reaching server endpoint - No response received when attempting to reach /10_Saved_Analyses/_stcore/health @ http://localhost:8765/static/js/index.D2ZqaFuW.js:16
[ 1462485ms] [ERROR] Is Streamlit still running? If you accidentally stopped Streamlit, just restart it in your terminal: @ http://localhost:8765/static/js/index.D2ZqaFuW.js:21
[ 1462487ms] [ERROR] Failed to load resource: net::ERR_CONNECTION_REFUSED @ http://localhost:8765/10_Saved_Analyses/_stcore/host-config:0
[ 1464497ms] [ERROR] Failed to load resource: net::ERR_CONNECTION_REFUSED @ http://localhost:8765/_stcore/health:0
[ 1464497ms] [ERROR] Client Error in reaching server endpoint - No response received when attempting to reach /_stcore/health @ http://localhost:8765/static/js/index.D2ZqaFuW.js:16
[ 1464498ms] [ERROR] Is Streamlit still running? If you accidentally stopped Streamlit, just restart it in your terminal: @ http://localhost:8765/static/js/index.D2ZqaFuW.js:21
[ 1464543ms] [ERROR] Failed to load resource: net::ERR_CONNECTION_REFUSED @ http://localhost:8765/_stcore/host-config:0
[ 1466505ms] [ERROR] Failed to load resource: net::ERR_CONNECTION_REFUSED @ http://localhost:8765/10_Saved_Analyses/_stcore/health:0
[ 1466505ms] [ERROR] Client Error in reaching server endpoint - No response received when attempting to reach /10_Saved_Analyses/_stcore/health @ http://localhost:8765/static/js/index.D2ZqaFuW.js:16
[ 1466505ms] [ERROR] Is Streamlit still running? If you accidentally stopped Streamlit, just restart it in your terminal: @ http://localhost:8765/static/js/index.D2ZqaFuW.js:21
[ 1466536ms] [ERROR] Failed to load resource: net::ERR_CONNECTION_REFUSED @ http://localhost:8765/10_Saved_Analyses/_stcore/host-config:0
[ 1468514ms] [ERROR] Failed to load resource: net::ERR_CONNECTION_REFUSED @ http://localhost:8765/_stcore/health:0
[ 1468514ms] [ERROR] Client Error in reaching server endpoint - No response received when attempting to reach /_stcore/health @ http://localhost:8765/static/js/index.D2ZqaFuW.js:16
[ 1468514ms] [ERROR] Is Streamlit still running? If you accidentally stopped Streamlit, just restart it in your terminal: @ http://localhost:8765/static/js/index.D2ZqaFuW.js:21
[ 1468545ms] [ERROR] Failed to load resource: net::ERR_CONNECTION_REFUSED @ http://localhost:8765/_stcore/host-config:0
[ 1470522ms] [ERROR] Failed to load resource: net::ERR_CONNECTION_REFUSED @ http://localhost:8765/10_Saved_Analyses/_stcore/host-config:0
[ 1470522ms] [ERROR] Client Error in reaching server endpoint - No response received when attempting to reach /10_Saved_Analyses/_stcore/host-config @ http://localhost:8765/static/js/index.D2ZqaFuW.js:16
[ 1470522ms] [ERROR] Is Streamlit still running? If you accidentally stopped Streamlit, just restart it in your terminal: @ http://localhost:8765/static/js/index.D2ZqaFuW.js:21
[ 1470550ms] [ERROR] Failed to load resource: net::ERR_CONNECTION_REFUSED @ http://localhost:8765/10_Saved_Analyses/_stcore/health:0
[ 1472530ms] [ERROR] Failed to load resource: net::ERR_CONNECTION_REFUSED @ http://localhost:8765/_stcore/health:0
[ 1472530ms] [ERROR] Client Error in reaching server endpoint - No response received when attempting to reach /_stcore/health @ http://localhost:8765/static/js/index.D2ZqaFuW.js:16
[ 1472530ms] [ERROR] Is Streamlit still running? If you accidentally stopped Streamlit, just restart it in your terminal: @ http://localhost:8765/static/js/index.D2ZqaFuW.js:21
[ 1472559ms] [ERROR] Failed to load resource: net::ERR_CONNECTION_REFUSED @ http://localhost:8765/_stcore/host-config:0
[ 1474536ms] [ERROR] Failed to load resource: net::ERR_CONNECTION_REFUSED @ http://localhost:8765/10_Saved_Analyses/_stcore/health:0
[ 1474536ms] [ERROR] Client Error in reaching server endpoint - No response received when attempting to reach /10_Saved_Analyses/_stcore/health @ http://localhost:8765/static/js/index.D2ZqaFuW.js:16
[ 1474537ms] [ERROR] Is Streamlit still running? If you accidentally stopped Streamlit, just restart it in your terminal: @ http://localhost:8765/static/js/index.D2ZqaFuW.js:21
[ 1474561ms] [ERROR] Failed to load resource: net::ERR_CONNECTION_REFUSED @ http://localhost:8765/10_Saved_Analyses/_stcore/host-config:0
[ 1476545ms] [ERROR] Failed to load resource: net::ERR_CONNECTION_REFUSED @ http://localhost:8765/_stcore/health:0
[ 1476545ms] [ERROR] Client Error in reaching server endpoint - No response received when attempting to reach /_stcore/health @ http://localhost:8765/static/js/index.D2ZqaFuW.js:16
[ 1476545ms] [ERROR] Is Streamlit still running? If you accidentally stopped Streamlit, just restart it in your terminal: @ http://localhost:8765/static/js/index.D2ZqaFuW.js:21
[ 1476574ms] [ERROR] Failed to load resource: net::ERR_CONNECTION_REFUSED @ http://localhost:8765/_stcore/host-config:0
[ 1478550ms] [ERROR] Failed to load resource: net::ERR_CONNECTION_REFUSED @ http://localhost:8765/10_Saved_Analyses/_stcore/health:0
[ 1478550ms] [ERROR] Client Error in reaching server endpoint - No response received when attempting to reach /10_Saved_Analyses/_stcore/health @ http://localhost:8765/static/js/index.D2ZqaFuW.js:16
[ 1478551ms] [ERROR] Is Streamlit still running? If you accidentally stopped Streamlit, just restart it in your terminal: @ http://localhost:8765/static/js/index.D2ZqaFuW.js:21
[ 1478574ms] [ERROR] Failed to load resource: net::ERR_CONNECTION_REFUSED @ http://localhost:8765/10_Saved_Analyses/_stcore/host-config:0
[ 1480560ms] [ERROR] Failed to load resource: net::ERR_CONNECTION_REFUSED @ http://localhost:8765/_stcore/health:0
[ 1480560ms] [ERROR] Client Error in reaching server endpoint - No response received when attempting to reach /_stcore/health @ http://localhost:8765/static/js/index.D2ZqaFuW.js:16
[ 1480561ms] [ERROR] Is Streamlit still running? If you accidentally stopped Streamlit, just restart it in your terminal: @ http://localhost:8765/static/js/index.D2ZqaFuW.js:21
[ 1480582ms] [ERROR] Failed to load resource: net::ERR_CONNECTION_REFUSED @ http://localhost:8765/_stcore/host-config:0
[ 1482564ms] [ERROR] Failed to load resource: net::ERR_CONNECTION_REFUSED @ http://localhost:8765/10_Saved_Analyses/_stcore/health:0
[ 1482565ms] [ERROR] Client Error in reaching server endpoint - No response received when attempting to reach /10_Saved_Analyses/_stcore/health @ http://localhost:8765/static/js/index.D2ZqaFuW.js:16
[ 1482565ms] [ERROR] Is Streamlit still running? If you accidentally stopped Streamlit, just restart it in your terminal: @ http://localhost:8765/static/js/index.D2ZqaFuW.js:21
[ 1482586ms] [ERROR] Failed to load resource: net::ERR_CONNECTION_REFUSED @ http://localhost:8765/10_Saved_Analyses/_stcore/host-config:0
[ 1484568ms] [ERROR] Failed to load resource: net::ERR_CONNECTION_REFUSED @ http://localhost:8765/_stcore/health:0
[ 1484569ms] [ERROR] Client Error in reaching server endpoint - No response received when attempting to reach /_stcore/health @ http://localhost:8765/static/js/index.D2ZqaFuW.js:16
[ 1484569ms] [ERROR] Is Streamlit still running? If you accidentally stopped Streamlit, just restart it in your terminal: @ http://localhost:8765/static/js/index.D2ZqaFuW.js:21
[ 1484587ms] [ERROR] Failed to load resource: net::ERR_CONNECTION_REFUSED @ http://localhost:8765/_stcore/host-config:0
[ 1486572ms] [ERROR] Failed to load resource: net::ERR_CONNECTION_REFUSED @ http://localhost:8765/10_Saved_Analyses/_stcore/host-config:0
[ 1486573ms] [ERROR] Client Error in reaching server endpoint - No response received when attempting to reach /10_Saved_Analyses/_stcore/host-config @ http://localhost:8765/static/js/index.D2ZqaFuW.js:16
[ 1486573ms] [ERROR] Is Streamlit still running? If you accidentally stopped Streamlit, just restart it in your terminal: @ http://localhost:8765/static/js/index.D2ZqaFuW.js:21
[ 1486595ms] [ERROR] Failed to load resource: net::ERR_CONNECTION_REFUSED @ http://localhost:8765/10_Saved_Analyses/_stcore/health:0
[ 1488577ms] [ERROR] Failed to load resource: net::ERR_CONNECTION_REFUSED @ http://localhost:8765/_stcore/health:0
[ 1488578ms] [ERROR] Client Error in reaching server endpoint - No response received when attempting to reach /_stcore/health @ http://localhost:8765/static/js/index.D2ZqaFuW.js:16
[ 1488578ms] [ERROR] Is Streamlit still running? If you accidentally stopped Streamlit, just restart it in your terminal: @ http://localhost:8765/static/js/index.D2ZqaFuW.js:21
[ 1488598ms] [ERROR] Failed to load resource: net::ERR_CONNECTION_REFUSED @ http://localhost:8765/_stcore/host-config:0
[ 1490584ms] [ERROR] Failed to load resource: net::ERR_CONNECTION_REFUSED @ http://localhost:8765/10_Saved_Analyses/_stcore/health:0
[ 1490585ms] [ERROR] Client Error in reaching server endpoint - No response received when attempting to reach /10_Saved_Analyses/_stcore/health @ http://localhost:8765/static/js/index.D2ZqaFuW.js:16
[ 1490585ms] [ERROR] Is Streamlit still running? If you accidentally stopped Streamlit, just restart it in your terminal: @ http://localhost:8765/static/js/index.D2ZqaFuW.js:21
[ 1490605ms] [ERROR] Failed to load resource: net::ERR_CONNECTION_REFUSED @ http://localhost:8765/10_Saved_Analyses/_stcore/host-config:0
[ 1492622ms] [ERROR] Failed to load resource: net::ERR_CONNECTION_REFUSED @ http://localhost:8765/_stcore/health:0
[ 1492622ms] [ERROR] Client Error in reaching server endpoint - No response received when attempting to reach /_stcore/health @ http://localhost:8765/static/js/index.D2ZqaFuW.js:16
[ 1492622ms] [ERROR] Is Streamlit still running? If you accidentally stopped Streamlit, just restart it in your terminal: @ http://localhost:8765/static/js/index.D2ZqaFuW.js:21
[ 1492622ms] [ERROR] Failed to load resource: net::ERR_CONNECTION_REFUSED @ http://localhost:8765/_stcore/host-config:0
[ 1494628ms] [ERROR] Failed to load resource: net::ERR_CONNECTION_REFUSED @ http://localhost:8765/10_Saved_Analyses/_stcore/health:0
[ 1494629ms] [ERROR] Client Error in reaching server endpoint - No response received when attempting to reach /10_Saved_Analyses/_stcore/health @ http://localhost:8765/static/js/index.D2ZqaFuW.js:16
[ 1494629ms] [ERROR] Is Streamlit still running? If you accidentally stopped Streamlit, just restart it in your terminal: @ http://localhost:8765/static/js/index.D2ZqaFuW.js:21
[ 1494652ms] [ERROR] Failed to load resource: net::ERR_CONNECTION_REFUSED @ http://localhost:8765/10_Saved_Analyses/_stcore/host-config:0
[ 1496636ms] [ERROR] Failed to load resource: net::ERR_CONNECTION_REFUSED @ http://localhost:8765/_stcore/health:0
[ 1496636ms] [ERROR] Client Error in reaching server endpoint - No response received when attempting to reach /_stcore/health @ http://localhost:8765/static/js/index.D2ZqaFuW.js:16
[ 1496636ms] [ERROR] Is Streamlit still running? If you accidentally stopped Streamlit, just restart it in your terminal: @ http://localhost:8765/static/js/index.D2ZqaFuW.js:21
[ 1496656ms] [ERROR] Failed to load resource: net::ERR_CONNECTION_REFUSED @ http://localhost:8765/_stcore/host-config:0
[ 1498643ms] [ERROR] Failed to load resource: net::ERR_CONNECTION_REFUSED @ http://localhost:8765/10_Saved_Analyses/_stcore/health:0
[ 1498644ms] [ERROR] Client Error in reaching server endpoint - No response received when attempting to reach /10_Saved_Analyses/_stcore/health @ http://localhost:8765/static/js/index.D2ZqaFuW.js:16
[ 1498644ms] [ERROR] Is Streamlit still running? If you accidentally stopped Streamlit, just restart it in your terminal: @ http://localhost:8765/static/js/index.D2ZqaFuW.js:21
[ 1498667ms] [ERROR] Failed to load resource: net::ERR_CONNECTION_REFUSED @ http://localhost:8765/10_Saved_Analyses/_stcore/host-config:0
[ 1500650ms] [ERROR] Failed to load resource: net::ERR_CONNECTION_REFUSED @ http://localhost:8765/_stcore/health:0
[ 1500650ms] [ERROR] Client Error in reaching server endpoint - No response received when attempting to reach /_stcore/health @ http://localhost:8765/static/js/index.D2ZqaFuW.js:16
[ 1500650ms] [ERROR] Is Streamlit still running? If you accidentally stopped Streamlit, just restart it in your terminal: @ http://localhost:8765/static/js/index.D2ZqaFuW.js:21
[ 1500677ms] [ERROR] Failed to load resource: net::ERR_CONNECTION_REFUSED @ http://localhost:8765/_stcore/host-config:0
[ 1502657ms] [ERROR] Failed to load resource: net::ERR_CONNECTION_REFUSED @ http://localhost:8765/10_Saved_Analyses/_stcore/health:0
[ 1502657ms] [ERROR] Client Error in reaching server endpoint - No response received when attempting to reach /10_Saved_Analyses/_stcore/health @ http://localhost:8765/static/js/index.D2ZqaFuW.js:16
[ 1502657ms] [ERROR] Is Streamlit still running? If you accidentally stopped Streamlit, just restart it in your terminal: @ http://localhost:8765/static/js/index.D2ZqaFuW.js:21
[ 1502679ms] [ERROR] Failed to load resource: net::ERR_CONNECTION_REFUSED @ http://localhost:8765/10_Saved_Analyses/_stcore/host-config:0
[ 1504666ms] [ERROR] Failed to load resource: net::ERR_CONNECTION_REFUSED @ http://localhost:8765/_stcore/health:0
[ 1504666ms] [ERROR] Client Error in reaching server endpoint - No response received when attempting to reach /_stcore/health @ http://localhost:8765/static/js/index.D2ZqaFuW.js:16
[ 1504666ms] [ERROR] Is Streamlit still running? If you accidentally stopped Streamlit, just restart it in your terminal: @ http://localhost:8765/static/js/index.D2ZqaFuW.js:21
[ 1504693ms] [ERROR] Failed to load resource: net::ERR_CONNECTION_REFUSED @ http://localhost:8765/_stcore/host-config:0
[ 1506674ms] [ERROR] Failed to load resource: net::ERR_CONNECTION_REFUSED @ http://localhost:8765/10_Saved_Analyses/_stcore/health:0
[ 1506674ms] [ERROR] Client Error in reaching server endpoint - No response received when attempting to reach /10_Saved_Analyses/_stcore/health @ http://localhost:8765/static/js/index.D2ZqaFuW.js:16
[ 1506674ms] [ERROR] Is Streamlit still running? If you accidentally stopped Streamlit, just restart it in your terminal: @ http://localhost:8765/static/js/index.D2ZqaFuW.js:21
[ 1506701ms] [ERROR] Failed to load resource: net::ERR_CONNECTION_REFUSED @ http://localhost:8765/10_Saved_Analyses/_stcore/host-config:0
[ 1508686ms] [ERROR] Failed to load resource: net::ERR_CONNECTION_REFUSED @ http://localhost:8765/_stcore/host-config:0
[ 1508686ms] [ERROR] Client Error in reaching server endpoint - No response received when attempting to reach /_stcore/host-config @ http://localhost:8765/static/js/index.D2ZqaFuW.js:16
[ 1508686ms] [ERROR] Is Streamlit still running? If you accidentally stopped Streamlit, just restart it in your terminal: @ http://localhost:8765/static/js/index.D2ZqaFuW.js:21
[ 1508716ms] [ERROR] Failed to load resource: net::ERR_CONNECTION_REFUSED @ http://localhost:8765/_stcore/health:0
[ 1510693ms] [ERROR] Failed to load resource: net::ERR_CONNECTION_REFUSED @ http://localhost:8765/10_Saved_Analyses/_stcore/host-config:0
[ 1510693ms] [ERROR] Client Error in reaching server endpoint - No response received when attempting to reach /10_Saved_Analyses/_stcore/host-config @ http://localhost:8765/static/js/index.D2ZqaFuW.js:16
[ 1510694ms] [ERROR] Is Streamlit still running? If you accidentally stopped Streamlit, just restart it in your terminal: @ http://localhost:8765/static/js/index.D2ZqaFuW.js:21
[ 1510721ms] [ERROR] Failed to load resource: net::ERR_CONNECTION_REFUSED @ http://localhost:8765/10_Saved_Analyses/_stcore/health:0
[ 1512700ms] [ERROR] Failed to load resource: net::ERR_CONNECTION_REFUSED @ http://localhost:8765/_stcore/host-config:0
[ 1512701ms] [ERROR] Client Error in reaching server endpoint - No response received when attempting to reach /_stcore/host-config @ http://localhost:8765/static/js/index.D2ZqaFuW.js:16
[ 1512701ms] [ERROR] Is Streamlit still running? If you accidentally stopped Streamlit, just restart it in your terminal: @ http://localhost:8765/static/js/index.D2ZqaFuW.js:21
[ 1512724ms] [ERROR] Failed to load resource: net::ERR_CONNECTION_REFUSED @ http://localhost:8765/_stcore/health:0
[ 1514709ms] [ERROR] Failed to load resource: net::ERR_CONNECTION_REFUSED @ http://localhost:8765/10_Saved_Analyses/_stcore/host-config:0
[ 1514709ms] [ERROR] Client Error in reaching server endpoint - No response received when attempting to reach /10_Saved_Analyses/_stcore/host-config @ http://localhost:8765/static/js/index.D2ZqaFuW.js:16
[ 1514709ms] [ERROR] Is Streamlit still running? If you accidentally stopped Streamlit, just restart it in your terminal: @ http://localhost:8765/static/js/index.D2ZqaFuW.js:21
[ 1514732ms] [ERROR] Failed to load resource: net::ERR_CONNECTION_REFUSED @ http://localhost:8765/10_Saved_Analyses/_stcore/health:0
[ 1516717ms] [ERROR] Failed to load resource: net::ERR_CONNECTION_REFUSED @ http://localhost:8765/_stcore/health:0
[ 1516717ms] [ERROR] Client Error in reaching server endpoint - No response received when attempting to reach /_stcore/health @ http://localhost:8765/static/js/index.D2ZqaFuW.js:16
[ 1516717ms] [ERROR] Is Streamlit still running? If you accidentally stopped Streamlit, just restart it in your terminal: @ http://localhost:8765/static/js/index.D2ZqaFuW.js:21
[ 1516741ms] [ERROR] Failed to load resource: net::ERR_CONNECTION_REFUSED @ http://localhost:8765/_stcore/host-config:0
[ 1518728ms] [ERROR] Failed to load resource: net::ERR_CONNECTION_REFUSED @ http://localhost:8765/10_Saved_Analyses/_stcore/health:0
[ 1518728ms] [ERROR] Client Error in reaching server endpoint - No response received when attempting to reach /10_Saved_Analyses/_stcore/health @ http://localhost:8765/static/js/index.D2ZqaFuW.js:16
[ 1518728ms] [ERROR] Is Streamlit still running? If you accidentally stopped Streamlit, just restart it in your terminal: @ http://localhost:8765/static/js/index.D2ZqaFuW.js:21
[ 1518752ms] [ERROR] Failed to load resource: net::ERR_CONNECTION_REFUSED @ http://localhost:8765/10_Saved_Analyses/_stcore/host-config:0
[ 1520736ms] [ERROR] Failed to load resource: net::ERR_CONNECTION_REFUSED @ http://localhost:8765/_stcore/health:0
[ 1520736ms] [ERROR] Client Error in reaching server endpoint - No response received when attempting to reach /_stcore/health @ http://localhost:8765/static/js/index.D2ZqaFuW.js:16
[ 1520736ms] [ERROR] Is Streamlit still running? If you accidentally stopped Streamlit, just restart it in your terminal: @ http://localhost:8765/static/js/index.D2ZqaFuW.js:21
[ 1520778ms] [ERROR] Failed to load resource: net::ERR_CONNECTION_REFUSED @ http://localhost:8765/_stcore/host-config:0
[ 1522743ms] [ERROR] Failed to load resource: net::ERR_CONNECTION_REFUSED @ http://localhost:8765/10_Saved_Analyses/_stcore/health:0
[ 1522744ms] [ERROR] Client Error in reaching server endpoint - No response received when attempting to reach /10_Saved_Analyses/_stcore/health @ http://localhost:8765/static/js/index.D2ZqaFuW.js:16
[ 1522744ms] [ERROR] Is Streamlit still running? If you accidentally stopped Streamlit, just restart it in your terminal: @ http://localhost:8765/static/js/index.D2ZqaFuW.js:21
[ 1522767ms] [ERROR] Failed to load resource: net::ERR_CONNECTION_REFUSED @ http://localhost:8765/10_Saved_Analyses/_stcore/host-config:0
[ 1524752ms] [ERROR] Failed to load resource: net::ERR_CONNECTION_REFUSED @ http://localhost:8765/_stcore/health:0
[ 1524752ms] [ERROR] Client Error in reaching server endpoint - No response received when attempting to reach /_stcore/health @ http://localhost:8765/static/js/index.D2ZqaFuW.js:16
[ 1524752ms] [ERROR] Is Streamlit still running? If you accidentally stopped Streamlit, just restart it in your terminal: @ http://localhost:8765/static/js/index.D2ZqaFuW.js:21
[ 1524784ms] [ERROR] Failed to load resource: net::ERR_CONNECTION_REFUSED @ http://localhost:8765/_stcore/host-config:0
[ 1526759ms] [ERROR] Failed to load resource: net::ERR_CONNECTION_REFUSED @ http://localhost:8765/10_Saved_Analyses/_stcore/host-config:0
[ 1526759ms] [ERROR] Client Error in reaching server endpoint - No response received when attempting to reach /10_Saved_Analyses/_stcore/host-config @ http://localhost:8765/static/js/index.D2ZqaFuW.js:16
[ 1526759ms] [ERROR] Is Streamlit still running? If you accidentally stopped Streamlit, just restart it in your terminal: @ http://localhost:8765/static/js/index.D2ZqaFuW.js:21
[ 1526783ms] [ERROR] Failed to load resource: net::ERR_CONNECTION_REFUSED @ http://localhost:8765/10_Saved_Analyses/_stcore/health:0
[ 1528764ms] [ERROR] Failed to load resource: net::ERR_CONNECTION_REFUSED @ http://localhost:8765/_stcore/health:0
[ 1528764ms] [ERROR] Client Error in reaching server endpoint - No response received when attempting to reach /_stcore/health @ http://localhost:8765/static/js/index.D2ZqaFuW.js:16
[ 1528764ms] [ERROR] Is Streamlit still running? If you accidentally stopped Streamlit, just restart it in your terminal: @ http://localhost:8765/static/js/index.D2ZqaFuW.js:21
[ 1528783ms] [ERROR] Failed to load resource: net::ERR_CONNECTION_REFUSED @ http://localhost:8765/_stcore/host-config:0
[ 1530775ms] [ERROR] Failed to load resource: net::ERR_CONNECTION_REFUSED @ http://localhost:8765/10_Saved_Analyses/_stcore/host-config:0
[ 1530775ms] [ERROR] Client Error in reaching server endpoint - No response received when attempting to reach /10_Saved_Analyses/_stcore/host-config @ http://localhost:8765/static/js/index.D2ZqaFuW.js:16
[ 1530775ms] [ERROR] Is Streamlit still running? If you accidentally stopped Streamlit, just restart it in your terminal: @ http://localhost:8765/static/js/index.D2ZqaFuW.js:21
[ 1530803ms] [ERROR] Failed to load resource: net::ERR_CONNECTION_REFUSED @ http://localhost:8765/10_Saved_Analyses/_stcore/health:0
[ 1532781ms] [ERROR] Failed to load resource: net::ERR_CONNECTION_REFUSED @ http://localhost:8765/_stcore/health:0
[ 1532782ms] [ERROR] Client Error in reaching server endpoint - No response received when attempting to reach /_stcore/health @ http://localhost:8765/static/js/index.D2ZqaFuW.js:16
[ 1532782ms] [ERROR] Is Streamlit still running? If you accidentally stopped Streamlit, just restart it in your terminal: @ http://localhost:8765/static/js/index.D2ZqaFuW.js:21
[ 1532805ms] [ERROR] Failed to load resource: net::ERR_CONNECTION_REFUSED @ http://localhost:8765/_stcore/host-config:0
[ 1534790ms] [ERROR] Failed to load resource: net::ERR_CONNECTION_REFUSED @ http://localhost:8765/10_Saved_Analyses/_stcore/health:0
[ 1534790ms] [ERROR] Client Error in reaching server endpoint - No response received when attempting to reach /10_Saved_Analyses/_stcore/health @ http://localhost:8765/static/js/index.D2ZqaFuW.js:16
[ 1534791ms] [ERROR] Is Streamlit still running? If you accidentally stopped Streamlit, just restart it in your terminal: @ http://localhost:8765/static/js/index.D2ZqaFuW.js:21
[ 1534815ms] [ERROR] Failed to load resource: net::ERR_CONNECTION_REFUSED @ http://localhost:8765/10_Saved_Analyses/_stcore/host-config:0
[ 1536797ms] [ERROR] Failed to load resource: net::ERR_CONNECTION_REFUSED @ http://localhost:8765/_stcore/health:0
[ 1536797ms] [ERROR] Client Error in reaching server endpoint - No response received when attempting to reach /_stcore/health @ http://localhost:8765/static/js/index.D2ZqaFuW.js:16
[ 1536798ms] [ERROR] Is Streamlit still running? If you accidentally stopped Streamlit, just restart it in your terminal: @ http://localhost:8765/static/js/index.D2ZqaFuW.js:21
[ 1536822ms] [ERROR] Failed to load resource: net::ERR_CONNECTION_REFUSED @ http://localhost:8765/_stcore/host-config:0
[ 1538805ms] [ERROR] Failed to load resource: net::ERR_CONNECTION_REFUSED @ http://localhost:8765/10_Saved_Analyses/_stcore/host-config:0
[ 1538805ms] [ERROR] Client Error in reaching server endpoint - No response received when attempting to reach /10_Saved_Analyses/_stcore/host-config @ http://localhost:8765/static/js/index.D2ZqaFuW.js:16
[ 1538806ms] [ERROR] Is Streamlit still running? If you accidentally stopped Streamlit, just restart it in your terminal: @ http://localhost:8765/static/js/index.D2ZqaFuW.js:21
[ 1538825ms] [ERROR] Failed to load resource: net::ERR_CONNECTION_REFUSED @ http://localhost:8765/10_Saved_Analyses/_stcore/health:0
[ 1540814ms] [ERROR] Failed to load resource: net::ERR_CONNECTION_REFUSED @ http://localhost:8765/_stcore/health:0
[ 1540815ms] [ERROR] Client Error in reaching server endpoint - No response received when attempting to reach /_stcore/health @ http://localhost:8765/static/js/index.D2ZqaFuW.js:16
[ 1540815ms] [ERROR] Is Streamlit still running? If you accidentally stopped Streamlit, just restart it in your terminal: @ http://localhost:8765/static/js/index.D2ZqaFuW.js:21
[ 1540838ms] [ERROR] Failed to load resource: net::ERR_CONNECTION_REFUSED @ http://localhost:8765/_stcore/host-config:0
[ 1542822ms] [ERROR] Failed to load resource: net::ERR_CONNECTION_REFUSED @ http://localhost:8765/10_Saved_Analyses/_stcore/health:0
[ 1542822ms] [ERROR] Client Error in reaching server endpoint - No response received when attempting to reach /10_Saved_Analyses/_stcore/health @ http://localhost:8765/static/js/index.D2ZqaFuW.js:16
[ 1542823ms] [ERROR] Is Streamlit still running? If you accidentally stopped Streamlit, just restart it in your terminal: @ http://localhost:8765/static/js/index.D2ZqaFuW.js:21
[ 1542844ms] [ERROR] Failed to load resource: net::ERR_CONNECTION_REFUSED @ http://localhost:8765/10_Saved_Analyses/_stcore/host-config:0
[ 1544831ms] [ERROR] Failed to load resource: net::ERR_CONNECTION_REFUSED @ http://localhost:8765/_stcore/health:0
[ 1544832ms] [ERROR] Client Error in reaching server endpoint - No response received when attempting to reach /_stcore/health @ http://localhost:8765/static/js/index.D2ZqaFuW.js:16
[ 1544832ms] [ERROR] Is Streamlit still running? If you accidentally stopped Streamlit, just restart it in your terminal: @ http://localhost:8765/static/js/index.D2ZqaFuW.js:21
[ 1544853ms] [ERROR] Failed to load resource: net::ERR_CONNECTION_REFUSED @ http://localhost:8765/_stcore/host-config:0
[ 1546840ms] [ERROR] Failed to load resource: net::ERR_CONNECTION_REFUSED @ http://localhost:8765/10_Saved_Analyses/_stcore/host-config:0
[ 1546840ms] [ERROR] Client Error in reaching server endpoint - No response received when attempting to reach /10_Saved_Analyses/_stcore/host-config @ http://localhost:8765/static/js/index.D2ZqaFuW.js:16
[ 1546840ms] [ERROR] Is Streamlit still running? If you accidentally stopped Streamlit, just restart it in your terminal: @ http://localhost:8765/static/js/index.D2ZqaFuW.js:21
[ 1546840ms] [ERROR] Failed to load resource: net::ERR_CONNECTION_REFUSED @ http://localhost:8765/10_Saved_Analyses/_stcore/health:0
[ 1548846ms] [ERROR] Failed to load resource: net::ERR_CONNECTION_REFUSED @ http://localhost:8765/_stcore/health:0
[ 1548846ms] [ERROR] Client Error in reaching server endpoint - No response received when attempting to reach /_stcore/health @ http://localhost:8765/static/js/index.D2ZqaFuW.js:16
[ 1548847ms] [ERROR] Is Streamlit still running? If you accidentally stopped Streamlit, just restart it in your terminal: @ http://localhost:8765/static/js/index.D2ZqaFuW.js:21
[ 1548868ms] [ERROR] Failed to load resource: net::ERR_CONNECTION_REFUSED @ http://localhost:8765/_stcore/host-config:0
[ 1550853ms] [ERROR] Failed to load resource: net::ERR_CONNECTION_REFUSED @ http://localhost:8765/10_Saved_Analyses/_stcore/health:0
[ 1550854ms] [ERROR] Client Error in reaching server endpoint - No response received when attempting to reach /10_Saved_Analyses/_stcore/health @ http://localhost:8765/static/js/index.D2ZqaFuW.js:16
[ 1550854ms] [ERROR] Is Streamlit still running? If you accidentally stopped Streamlit, just restart it in your terminal: @ http://localhost:8765/static/js/index.D2ZqaFuW.js:21
[ 1550875ms] [ERROR] Failed to load resource: net::ERR_CONNECTION_REFUSED @ http://localhost:8765/10_Saved_Analyses/_stcore/host-config:0
[ 1552868ms] [ERROR] Failed to load resource: net::ERR_CONNECTION_REFUSED @ http://localhost:8765/_stcore/health:0
[ 1552868ms] [ERROR] Client Error in reaching server endpoint - No response received when attempting to reach /_stcore/health @ http://localhost:8765/static/js/index.D2ZqaFuW.js:16
[ 1552868ms] [ERROR] Is Streamlit still running? If you accidentally stopped Streamlit, just restart it in your terminal: @ http://localhost:8765/static/js/index.D2ZqaFuW.js:21
[ 1552895ms] [ERROR] Failed to load resource: net::ERR_CONNECTION_REFUSED @ http://localhost:8765/_stcore/host-config:0
[ 1554874ms] [ERROR] Failed to load resource: net::ERR_CONNECTION_REFUSED @ http://localhost:8765/10_Saved_Analyses/_stcore/health:0
[ 1554875ms] [ERROR] Client Error in reaching server endpoint - No response received when attempting to reach /10_Saved_Analyses/_stcore/health @ http://localhost:8765/static/js/index.D2ZqaFuW.js:16
[ 1554875ms] [ERROR] Is Streamlit still running? If you accidentally stopped Streamlit, just restart it in your terminal: @ http://localhost:8765/static/js/index.D2ZqaFuW.js:21
[ 1554900ms] [ERROR] Failed to load resource: net::ERR_CONNECTION_REFUSED @ http://localhost:8765/10_Saved_Analyses/_stcore/host-config:0
[ 1556880ms] [ERROR] Failed to load resource: net::ERR_CONNECTION_REFUSED @ http://localhost:8765/_stcore/health:0
[ 1556880ms] [ERROR] Client Error in reaching server endpoint - No response received when attempting to reach /_stcore/health @ http://localhost:8765/static/js/index.D2ZqaFuW.js:16
[ 1556880ms] [ERROR] Is Streamlit still running? If you accidentally stopped Streamlit, just restart it in your terminal: @ http://localhost:8765/static/js/index.D2ZqaFuW.js:21
[ 1556901ms] [ERROR] Failed to load resource: net::ERR_CONNECTION_REFUSED @ http://localhost:8765/_stcore/host-config:0
[ 1558887ms] [ERROR] Failed to load resource: net::ERR_CONNECTION_REFUSED @ http://localhost:8765/10_Saved_Analyses/_stcore/health:0
[ 1558887ms] [ERROR] Client Error in reaching server endpoint - No response received when attempting to reach /10_Saved_Analyses/_stcore/health @ http://localhost:8765/static/js/index.D2ZqaFuW.js:16
[ 1558888ms] [ERROR] Is Streamlit still running? If you accidentally stopped Streamlit, just restart it in your terminal: @ http://localhost:8765/static/js/index.D2ZqaFuW.js:21
[ 1558906ms] [ERROR] Failed to load resource: net::ERR_CONNECTION_REFUSED @ http://localhost:8765/10_Saved_Analyses/_stcore/host-config:0
[ 1560893ms] [ERROR] Failed to load resource: net::ERR_CONNECTION_REFUSED @ http://localhost:8765/_stcore/host-config:0
[ 1560893ms] [ERROR] Client Error in reaching server endpoint - No response received when attempting to reach /_stcore/host-config @ http://localhost:8765/static/js/index.D2ZqaFuW.js:16
[ 1560896ms] [ERROR] Failed to load resource: net::ERR_CONNECTION_REFUSED @ http://localhost:8765/_stcore/health:0
[ 1562901ms] [ERROR] Failed to load resource: net::ERR_CONNECTION_REFUSED @ http://localhost:8765/10_Saved_Analyses/_stcore/health:0
[ 1562901ms] [ERROR] Client Error in reaching server endpoint - No response received when attempting to reach /10_Saved_Analyses/_stcore/health @ http://localhost:8765/static/js/index.D2ZqaFuW.js:16
[ 1562905ms] [ERROR] Failed to load resource: net::ERR_CONNECTION_REFUSED @ http://localhost:8765/10_Saved_Analyses/_stcore/host-config:0
[ 1564907ms] [ERROR] Failed to load resource: net::ERR_CONNECTION_REFUSED @ http://localhost:8765/_stcore/health:0
[ 1564907ms] [ERROR] Client Error in reaching server endpoint - No response received when attempting to reach /_stcore/health @ http://localhost:8765/static/js/index.D2ZqaFuW.js:16
[ 1564909ms] [ERROR] Failed to load resource: net::ERR_CONNECTION_REFUSED @ http://localhost:8765/_stcore/host-config:0
[ 1566916ms] [ERROR] Failed to load resource: net::ERR_CONNECTION_REFUSED @ http://localhost:8765/10_Saved_Analyses/_stcore/health:0
[ 1566916ms] [ERROR] Client Error in reaching server endpoint - No response received when attempting to reach /10_Saved_Analyses/_stcore/health @ http://localhost:8765/static/js/index.D2ZqaFuW.js:16
[ 1566920ms] [ERROR] Failed to load resource: net::ERR_CONNECTION_REFUSED @ http://localhost:8765/10_Saved_Analyses/_stcore/host-config:0
[ 1568939ms] [ERROR] Failed to load resource: net::ERR_CONNECTION_REFUSED @ http://localhost:8765/_stcore/health:0
[ 1568939ms] [ERROR] Client Error in reaching server endpoint - No response received when attempting to reach /_stcore/health @ http://localhost:8765/static/js/index.D2ZqaFuW.js:16
[ 1568944ms] [ERROR] Failed to load resource: net::ERR_CONNECTION_REFUSED @ http://localhost:8765/_stcore/host-config:0
[ 1570946ms] [ERROR] Failed to load resource: net::ERR_CONNECTION_REFUSED @ http://localhost:8765/10_Saved_Analyses/_stcore/health:0
[ 1570947ms] [ERROR] Client Error in reaching server endpoint - No response received when attempting to reach /10_Saved_Analyses/_stcore/health @ http://localhost:8765/static/js/index.D2ZqaFuW.js:16
[ 1570949ms] [ERROR] Failed to load resource: net::ERR_CONNECTION_REFUSED @ http://localhost:8765/10_Saved_Analyses/_stcore/host-config:0
[ 1572954ms] [ERROR] Failed to load resource: net::ERR_CONNECTION_REFUSED @ http://localhost:8765/_stcore/health:0
[ 1572954ms] [ERROR] Client Error in reaching server endpoint - No response received when attempting to reach /_stcore/health @ http://localhost:8765/static/js/index.D2ZqaFuW.js:16
[ 1572956ms] [ERROR] Failed to load resource: net::ERR_CONNECTION_REFUSED @ http://localhost:8765/_stcore/host-config:0
[ 1574961ms] [ERROR] Failed to load resource: net::ERR_CONNECTION_REFUSED @ http://localhost:8765/10_Saved_Analyses/_stcore/host-config:0
[ 1574961ms] [ERROR] Client Error in reaching server endpoint - No response received when attempting to reach /10_Saved_Analyses/_stcore/host-config @ http://localhost:8765/static/js/index.D2ZqaFuW.js:16
[ 1574964ms] [ERROR] Failed to load resource: net::ERR_CONNECTION_REFUSED @ http://localhost:8765/10_Saved_Analyses/_stcore/health:0
[ 1576968ms] [ERROR] Failed to load resource: net::ERR_CONNECTION_REFUSED @ http://localhost:8765/_stcore/health:0
[ 1576968ms] [ERROR] Client Error in reaching server endpoint - No response received when attempting to reach /_stcore/health @ http://localhost:8765/static/js/index.D2ZqaFuW.js:16
[ 1576970ms] [ERROR] Failed to load resource: net::ERR_CONNECTION_REFUSED @ http://localhost:8765/_stcore/host-config:0
[ 1578974ms] [ERROR] Failed to load resource: net::ERR_CONNECTION_REFUSED @ http://localhost:8765/10_Saved_Analyses/_stcore/health:0
[ 1578975ms] [ERROR] Client Error in reaching server endpoint - No response received when attempting to reach /10_Saved_Analyses/_stcore/health @ http://localhost:8765/static/js/index.D2ZqaFuW.js:16
[ 1578977ms] [ERROR] Failed to load resource: net::ERR_CONNECTION_REFUSED @ http://localhost:8765/10_Saved_Analyses/_stcore/host-config:0
[ 1580981ms] [ERROR] Failed to load resource: net::ERR_CONNECTION_REFUSED @ http://localhost:8765/_stcore/host-config:0
[ 1580982ms] [ERROR] Client Error in reaching server endpoint - No response received when attempting to reach /_stcore/host-config @ http://localhost:8765/static/js/index.D2ZqaFuW.js:16
[ 1580984ms] [ERROR] Failed to load resource: net::ERR_CONNECTION_REFUSED @ http://localhost:8765/_stcore/health:0
[ 1582989ms] [ERROR] Failed to load resource: net::ERR_CONNECTION_REFUSED @ http://localhost:8765/10_Saved_Analyses/_stcore/health:0
[ 1582990ms] [ERROR] Client Error in reaching server endpoint - No response received when attempting to reach /10_Saved_Analyses/_stcore/health @ http://localhost:8765/static/js/index.D2ZqaFuW.js:16
[ 1582992ms] [ERROR] Failed to load resource: net::ERR_CONNECTION_REFUSED @ http://localhost:8765/10_Saved_Analyses/_stcore/host-config:0
[ 1584995ms] [ERROR] Failed to load resource: net::ERR_CONNECTION_REFUSED @ http://localhost:8765/_stcore/health:0
[ 1584995ms] [ERROR] Client Error in reaching server endpoint - No response received when attempting to reach /_stcore/health @ http://localhost:8765/static/js/index.D2ZqaFuW.js:16
[ 1584997ms] [ERROR] Failed to load resource: net::ERR_CONNECTION_REFUSED @ http://localhost:8765/_stcore/host-config:0
[ 1587001ms] [ERROR] Failed to load resource: net::ERR_CONNECTION_REFUSED @ http://localhost:8765/10_Saved_Analyses/_stcore/host-config:0
[ 1587001ms] [ERROR] Client Error in reaching server endpoint - No response received when attempting to reach /10_Saved_Analyses/_stcore/host-config @ http://localhost:8765/static/js/index.D2ZqaFuW.js:16
[ 1587003ms] [ERROR] Failed to load resource: net::ERR_CONNECTION_REFUSED @ http://localhost:8765/10_Saved_Analyses/_stcore/health:0
[ 1589008ms] [ERROR] Failed to load resource: net::ERR_CONNECTION_REFUSED @ http://localhost:8765/_stcore/health:0
[ 1589008ms] [ERROR] Client Error in reaching server endpoint - No response received when attempting to reach /_stcore/health @ http://localhost:8765/static/js/index.D2ZqaFuW.js:16
[ 1589010ms] [ERROR] Failed to load resource: net::ERR_CONNECTION_REFUSED @ http://localhost:8765/_stcore/host-config:0
[ 1591017ms] [ERROR] Failed to load resource: net::ERR_CONNECTION_REFUSED @ http://localhost:8765/10_Saved_Analyses/_stcore/health:0
[ 1591017ms] [ERROR] Client Error in reaching server endpoint - No response received when attempting to reach /10_Saved_Analyses/_stcore/health @ http://localhost:8765/static/js/index.D2ZqaFuW.js:16
[ 1591021ms] [ERROR] Failed to load resource: net::ERR_CONNECTION_REFUSED @ http://localhost:8765/10_Saved_Analyses/_stcore/host-config:0
[ 1593024ms] [ERROR] Failed to load resource: net::ERR_CONNECTION_REFUSED @ http://localhost:8765/_stcore/health:0
[ 1593024ms] [ERROR] Client Error in reaching server endpoint - No response received when attempting to reach /_stcore/health @ http://localhost:8765/static/js/index.D2ZqaFuW.js:16
[ 1593026ms] [ERROR] Failed to load resource: net::ERR_CONNECTION_REFUSED @ http://localhost:8765/_stcore/host-config:0
[ 1595031ms] [ERROR] Failed to load resource: net::ERR_CONNECTION_REFUSED @ http://localhost:8765/10_Saved_Analyses/_stcore/health:0
[ 1595031ms] [ERROR] Client Error in reaching server endpoint - No response received when attempting to reach /10_Saved_Analyses/_stcore/health @ http://localhost:8765/static/js/index.D2ZqaFuW.js:16
[ 1595032ms] [ERROR] Failed to load resource: net::ERR_CONNECTION_REFUSED @ http://localhost:8765/10_Saved_Analyses/_stcore/host-config:0
[ 1597039ms] [ERROR] Failed to load resource: net::ERR_CONNECTION_REFUSED @ http://localhost:8765/_stcore/host-config:0
[ 1597039ms] [ERROR] Client Error in reaching server endpoint - No response received when attempting to reach /_stcore/host-config @ http://localhost:8765/static/js/index.D2ZqaFuW.js:16
[ 1597041ms] [ERROR] Failed to load resource: net::ERR_CONNECTION_REFUSED @ http://localhost:8765/_stcore/health:0
[ 1599045ms] [ERROR] Failed to load resource: net::ERR_CONNECTION_REFUSED @ http://localhost:8765/10_Saved_Analyses/_stcore/health:0
[ 1599045ms] [ERROR] Client Error in reaching server endpoint - No response received when attempting to reach /10_Saved_Analyses/_stcore/health @ http://localhost:8765/static/js/index.D2ZqaFuW.js:16
[ 1599048ms] [ERROR] Failed to load resource: net::ERR_CONNECTION_REFUSED @ http://localhost:8765/10_Saved_Analyses/_stcore/host-config:0
[ 1601147ms] [ERROR] Failed to load resource: net::ERR_CONNECTION_REFUSED @ http://localhost:8765/_stcore/health:0
[ 1601147ms] [ERROR] Client Error in reaching server endpoint - No response received when attempting to reach /_stcore/health @ http://localhost:8765/static/js/index.D2ZqaFuW.js:16
[ 1601149ms] [ERROR] Failed to load resource: net::ERR_CONNECTION_REFUSED @ http://localhost:8765/_stcore/host-config:0
[ 1603155ms] [ERROR] Failed to load resource: net::ERR_CONNECTION_REFUSED @ http://localhost:8765/10_Saved_Analyses/_stcore/health:0
[ 1603155ms] [ERROR] Client Error in reaching server endpoint - No response received when attempting to reach /10_Saved_Analyses/_stcore/health @ http://localhost:8765/static/js/index.D2ZqaFuW.js:16
[ 1603157ms] [ERROR] Failed to load resource: net::ERR_CONNECTION_REFUSED @ http://localhost:8765/10_Saved_Analyses/_stcore/host-config:0
[ 1605161ms] [ERROR] Failed to load resource: net::ERR_CONNECTION_REFUSED @ http://localhost:8765/_stcore/health:0
[ 1605161ms] [ERROR] Client Error in reaching server endpoint - No response received when attempting to reach /_stcore/health @ http://localhost:8765/static/js/index.D2ZqaFuW.js:16
[ 1605162ms] [ERROR] Failed to load resource: net::ERR_CONNECTION_REFUSED @ http://localhost:8765/_stcore/host-config:0
[ 1607167ms] [ERROR] Failed to load resource: net::ERR_CONNECTION_REFUSED @ http://localhost:8765/10_Saved_Analyses/_stcore/health:0
[ 1607167ms] [ERROR] Client Error in reaching server endpoint - No response received when attempting to reach /10_Saved_Analyses/_stcore/health @ http://localhost:8765/static/js/index.D2ZqaFuW.js:16
[ 1607169ms] [ERROR] Failed to load resource: net::ERR_CONNECTION_REFUSED @ http://localhost:8765/10_Saved_Analyses/_stcore/host-config:0
[ 1609174ms] [ERROR] Failed to load resource: net::ERR_CONNECTION_REFUSED @ http://localhost:8765/_stcore/host-config:0
[ 1609174ms] [ERROR] Client Error in reaching server endpoint - No response received when attempting to reach /_stcore/host-config @ http://localhost:8765/static/js/index.D2ZqaFuW.js:16
[ 1609176ms] [ERROR] Failed to load resource: net::ERR_CONNECTION_REFUSED @ http://localhost:8765/_stcore/health:0
[ 1611182ms] [ERROR] Failed to load resource: net::ERR_CONNECTION_REFUSED @ http://localhost:8765/10_Saved_Analyses/_stcore/host-config:0
[ 1611182ms] [ERROR] Client Error in reaching server endpoint - No response received when attempting to reach /10_Saved_Analyses/_stcore/host-config @ http://localhost:8765/static/js/index.D2ZqaFuW.js:16
[ 1611184ms] [ERROR] Failed to load resource: net::ERR_CONNECTION_REFUSED @ http://localhost:8765/10_Saved_Analyses/_stcore/health:0
[ 1613189ms] [ERROR] Failed to load resource: net::ERR_CONNECTION_REFUSED @ http://localhost:8765/_stcore/health:0
[ 1613189ms] [ERROR] Client Error in reaching server endpoint - No response received when attempting to reach /_stcore/health @ http://localhost:8765/static/js/index.D2ZqaFuW.js:16
[ 1613191ms] [ERROR] Failed to load resource: net::ERR_CONNECTION_REFUSED @ http://localhost:8765/_stcore/host-config:0
[ 1615196ms] [ERROR] Failed to load resource: net::ERR_CONNECTION_REFUSED @ http://localhost:8765/10_Saved_Analyses/_stcore/health:0
[ 1615196ms] [ERROR] Client Error in reaching server endpoint - No response received when attempting to reach /10_Saved_Analyses/_stcore/health @ http://localhost:8765/static/js/index.D2ZqaFuW.js:16
[ 1615199ms] [ERROR] Failed to load resource: net::ERR_CONNECTION_REFUSED @ http://localhost:8765/10_Saved_Analyses/_stcore/host-config:0
[ 1617204ms] [ERROR] Failed to load resource: net::ERR_CONNECTION_REFUSED @ http://localhost:8765/_stcore/health:0
[ 1617204ms] [ERROR] Client Error in reaching server endpoint - No response received when attempting to reach /_stcore/health @ http://localhost:8765/static/js/index.D2ZqaFuW.js:16
[ 1617206ms] [ERROR] Failed to load resource: net::ERR_CONNECTION_REFUSED @ http://localhost:8765/_stcore/host-config:0
[ 1619212ms] [ERROR] Failed to load resource: net::ERR_CONNECTION_REFUSED @ http://localhost:8765/10_Saved_Analyses/_stcore/host-config:0
[ 1619212ms] [ERROR] Client Error in reaching server endpoint - No response received when attempting to reach /10_Saved_Analyses/_stcore/host-config @ http://localhost:8765/static/js/index.D2ZqaFuW.js:16
[ 1619216ms] [ERROR] Failed to load resource: net::ERR_CONNECTION_REFUSED @ http://localhost:8765/10_Saved_Analyses/_stcore/health:0
[ 1621216ms] [ERROR] Failed to load resource: net::ERR_CONNECTION_REFUSED @ http://localhost:8765/_stcore/health:0
[ 1621216ms] [ERROR] Client Error in reaching server endpoint - No response received when attempting to reach /_stcore/health @ http://localhost:8765/static/js/index.D2ZqaFuW.js:16
[ 1621218ms] [ERROR] Failed to load resource: net::ERR_CONNECTION_REFUSED @ http://localhost:8765/_stcore/host-config:0
[ 1623221ms] [ERROR] Failed to load resource: net::ERR_CONNECTION_REFUSED @ http://localhost:8765/10_Saved_Analyses/_stcore/health:0
[ 1623221ms] [ERROR] Client Error in reaching server endpoint - No response received when attempting to reach /10_Saved_Analyses/_stcore/health @ http://localhost:8765/static/js/index.D2ZqaFuW.js:16
[ 1623223ms] [ERROR] Failed to load resource: net::ERR_CONNECTION_REFUSED @ http://localhost:8765/10_Saved_Analyses/_stcore/host-config:0
[ 1625229ms] [ERROR] Failed to load resource: net::ERR_CONNECTION_REFUSED @ http://localhost:8765/_stcore/health:0
[ 1625230ms] [ERROR] Client Error in reaching server endpoint - No response received when attempting to reach /_stcore/health @ http://localhost:8765/static/js/index.D2ZqaFuW.js:16
[ 1625231ms] [ERROR] Failed to load resource: net::ERR_CONNECTION_REFUSED @ http://localhost:8765/_stcore/host-config:0
[ 1627237ms] [ERROR] Failed to load resource: net::ERR_CONNECTION_REFUSED @ http://localhost:8765/10_Saved_Analyses/_stcore/health:0
[ 1627237ms] [ERROR] Client Error in reaching server endpoint - No response received when attempting to reach /10_Saved_Analyses/_stcore/health @ http://localhost:8765/static/js/index.D2ZqaFuW.js:16
[ 1627239ms] [ERROR] Failed to load resource: net::ERR_CONNECTION_REFUSED @ http://localhost:8765/10_Saved_Analyses/_stcore/host-config:0
[ 1629243ms] [ERROR] Failed to load resource: net::ERR_CONNECTION_REFUSED @ http://localhost:8765/_stcore/health:0
[ 1629244ms] [ERROR] Client Error in reaching server endpoint - No response received when attempting to reach /_stcore/health @ http://localhost:8765/static/js/index.D2ZqaFuW.js:16
[ 1629246ms] [ERROR] Failed to load resource: net::ERR_CONNECTION_REFUSED @ http://localhost:8765/_stcore/host-config:0
[ 1631251ms] [ERROR] Failed to load resource: net::ERR_CONNECTION_REFUSED @ http://localhost:8765/10_Saved_Analyses/_stcore/health:0
[ 1631252ms] [ERROR] Client Error in reaching server endpoint - No response received when attempting to reach /10_Saved_Analyses/_stcore/health @ http://localhost:8765/static/js/index.D2ZqaFuW.js:16
[ 1631253ms] [ERROR] Failed to load resource: net::ERR_CONNECTION_REFUSED @ http://localhost:8765/10_Saved_Analyses/_stcore/host-config:0
[ 1633260ms] [ERROR] Failed to load resource: net::ERR_CONNECTION_REFUSED @ http://localhost:8765/_stcore/host-config:0
[ 1633260ms] [ERROR] Client Error in reaching server endpoint - No response received when attempting to reach /_stcore/host-config @ http://localhost:8765/static/js/index.D2ZqaFuW.js:16
[ 1633262ms] [ERROR] Failed to load resource: net::ERR_CONNECTION_REFUSED @ http://localhost:8765/_stcore/health:0
[ 1635268ms] [ERROR] Failed to load resource: net::ERR_CONNECTION_REFUSED @ http://localhost:8765/10_Saved_Analyses/_stcore/health:0
[ 1635268ms] [ERROR] Client Error in reaching server endpoint - No response received when attempting to reach /10_Saved_Analyses/_stcore/health @ http://localhost:8765/static/js/index.D2ZqaFuW.js:16
[ 1635270ms] [ERROR] Failed to load resource: net::ERR_CONNECTION_REFUSED @ http://localhost:8765/10_Saved_Analyses/_stcore/host-config:0
[ 1637275ms] [ERROR] Failed to load resource: net::ERR_CONNECTION_REFUSED @ http://localhost:8765/_stcore/health:0
[ 1637275ms] [ERROR] Client Error in reaching server endpoint - No response received when attempting to reach /_stcore/health @ http://localhost:8765/static/js/index.D2ZqaFuW.js:16
[ 1637277ms] [ERROR] Failed to load resource: net::ERR_CONNECTION_REFUSED @ http://localhost:8765/_stcore/host-config:0
[ 1639281ms] [ERROR] Failed to load resource: net::ERR_CONNECTION_REFUSED @ http://localhost:8765/10_Saved_Analyses/_stcore/health:0
[ 1639281ms] [ERROR] Client Error in reaching server endpoint - No response received when attempting to reach /10_Saved_Analyses/_stcore/health @ http://localhost:8765/static/js/index.D2ZqaFuW.js:16
[ 1639284ms] [ERROR] Failed to load resource: net::ERR_CONNECTION_REFUSED @ http://localhost:8765/10_Saved_Analyses/_stcore/host-config:0
[ 1641288ms] [ERROR] Failed to load resource: net::ERR_CONNECTION_REFUSED @ http://localhost:8765/_stcore/health:0
[ 1641288ms] [ERROR] Client Error in reaching server endpoint - No response received when attempting to reach /_stcore/health @ http://localhost:8765/static/js/index.D2ZqaFuW.js:16
[ 1641291ms] [ERROR] Failed to load resource: net::ERR_CONNECTION_REFUSED @ http://localhost:8765/_stcore/host-config:0
[ 1643294ms] [ERROR] Failed to load resource: net::ERR_CONNECTION_REFUSED @ http://localhost:8765/10_Saved_Analyses/_stcore/health:0
[ 1643294ms] [ERROR] Client Error in reaching server endpoint - No response received when attempting to reach /10_Saved_Analyses/_stcore/health @ http://localhost:8765/static/js/index.D2ZqaFuW.js:16
[ 1643296ms] [ERROR] Failed to load resource: net::ERR_CONNECTION_REFUSED @ http://localhost:8765/10_Saved_Analyses/_stcore/host-config:0
[ 1645299ms] [ERROR] Failed to load resource: net::ERR_CONNECTION_REFUSED @ http://localhost:8765/_stcore/health:0
[ 1645299ms] [ERROR] Client Error in reaching server endpoint - No response received when attempting to reach /_stcore/health @ http://localhost:8765/static/js/index.D2ZqaFuW.js:16
[ 1645300ms] [ERROR] Failed to load resource: net::ERR_CONNECTION_REFUSED @ http://localhost:8765/_stcore/host-config:0
[ 1647306ms] [ERROR] Failed to load resource: net::ERR_CONNECTION_REFUSED @ http://localhost:8765/10_Saved_Analyses/_stcore/health:0
[ 1647306ms] [ERROR] Client Error in reaching server endpoint - No response received when attempting to reach /10_Saved_Analyses/_stcore/health @ http://localhost:8765/static/js/index.D2ZqaFuW.js:16
[ 1647308ms] [ERROR] Failed to load resource: net::ERR_CONNECTION_REFUSED @ http://localhost:8765/10_Saved_Analyses/_stcore/host-config:0
[ 1649314ms] [ERROR] Failed to load resource: net::ERR_CONNECTION_REFUSED @ http://localhost:8765/_stcore/health:0
[ 1649314ms] [ERROR] Client Error in reaching server endpoint - No response received when attempting to reach /_stcore/health @ http://localhost:8765/static/js/index.D2ZqaFuW.js:16
[ 1649316ms] [ERROR] Failed to load resource: net::ERR_CONNECTION_REFUSED @ http://localhost:8765/_stcore/host-config:0
[ 1651322ms] [ERROR] Failed to load resource: net::ERR_CONNECTION_REFUSED @ http://localhost:8765/10_Saved_Analyses/_stcore/health:0
[ 1651322ms] [ERROR] Client Error in reaching server endpoint - No response received when attempting to reach /10_Saved_Analyses/_stcore/health @ http://localhost:8765/static/js/index.D2ZqaFuW.js:16
[ 1651326ms] [ERROR] Failed to load resource: net::ERR_CONNECTION_REFUSED @ http://localhost:8765/10_Saved_Analyses/_stcore/host-config:0
[ 1653329ms] [ERROR] Failed to load resource: net::ERR_CONNECTION_REFUSED @ http://localhost:8765/_stcore/health:0
[ 1653329ms] [ERROR] Client Error in reaching server endpoint - No response received when attempting to reach /_stcore/health @ http://localhost:8765/static/js/index.D2ZqaFuW.js:16
[ 1653331ms] [ERROR] Failed to load resource: net::ERR_CONNECTION_REFUSED @ http://localhost:8765/_stcore/host-config:0
[ 1655336ms] [ERROR] Failed to load resource: net::ERR_CONNECTION_REFUSED @ http://localhost:8765/10_Saved_Analyses/_stcore/health:0
[ 1655337ms] [ERROR] Client Error in reaching server endpoint - No response received when attempting to reach /10_Saved_Analyses/_stcore/health @ http://localhost:8765/static/js/index.D2ZqaFuW.js:16
[ 1655339ms] [ERROR] Failed to load resource: net::ERR_CONNECTION_REFUSED @ http://localhost:8765/10_Saved_Analyses/_stcore/host-config:0
[ 1657343ms] [ERROR] Failed to load resource: net::ERR_CONNECTION_REFUSED @ http://localhost:8765/_stcore/health:0
[ 1657344ms] [ERROR] Client Error in reaching server endpoint - No response received when attempting to reach /_stcore/health @ http://localhost:8765/static/js/index.D2ZqaFuW.js:16
[ 1657346ms] [ERROR] Failed to load resource: net::ERR_CONNECTION_REFUSED @ http://localhost:8765/_stcore/host-config:0
[ 1659350ms] [ERROR] Failed to load resource: net::ERR_CONNECTION_REFUSED @ http://localhost:8765/10_Saved_Analyses/_stcore/health:0
[ 1659350ms] [ERROR] Client Error in reaching server endpoint - No response received when attempting to reach /10_Saved_Analyses/_stcore/health @ http://localhost:8765/static/js/index.D2ZqaFuW.js:16
[ 1659352ms] [ERROR] Failed to load resource: net::ERR_CONNECTION_REFUSED @ http://localhost:8765/10_Saved_Analyses/_stcore/host-config:0
[ 1661358ms] [ERROR] Failed to load resource: net::ERR_CONNECTION_REFUSED @ http://localhost:8765/_stcore/health:0
[ 1661358ms] [ERROR] Client Error in reaching server endpoint - No response received when attempting to reach /_stcore/health @ http://localhost:8765/static/js/index.D2ZqaFuW.js:16
[ 1661360ms] [ERROR] Failed to load resource: net::ERR_CONNECTION_REFUSED @ http://localhost:8765/_stcore/host-config:0
[ 1663365ms] [ERROR] Failed to load resource: net::ERR_CONNECTION_REFUSED @ http://localhost:8765/10_Saved_Analyses/_stcore/health:0
[ 1663365ms] [ERROR] Client Error in reaching server endpoint - No response received when attempting to reach /10_Saved_Analyses/_stcore/health @ http://localhost:8765/static/js/index.D2ZqaFuW.js:16
[ 1663367ms] [ERROR] Failed to load resource: net::ERR_CONNECTION_REFUSED @ http://localhost:8765/10_Saved_Analyses/_stcore/host-config:0
[ 1665371ms] [ERROR] Failed to load resource: net::ERR_CONNECTION_REFUSED @ http://localhost:8765/_stcore/health:0
[ 1665372ms] [ERROR] Client Error in reaching server endpoint - No response received when attempting to reach /_stcore/health @ http://localhost:8765/static/js/index.D2ZqaFuW.js:16
[ 1665374ms] [ERROR] Failed to load resource: net::ERR_CONNECTION_REFUSED @ http://localhost:8765/_stcore/host-config:0
[ 1667379ms] [ERROR] Failed to load resource: net::ERR_CONNECTION_REFUSED @ http://localhost:8765/10_Saved_Analyses/_stcore/health:0
[ 1667379ms] [ERROR] Client Error in reaching server endpoint - No response received when attempting to reach /10_Saved_Analyses/_stcore/health @ http://localhost:8765/static/js/index.D2ZqaFuW.js:16
[ 1667381ms] [ERROR] Failed to load resource: net::ERR_CONNECTION_REFUSED @ http://localhost:8765/10_Saved_Analyses/_stcore/host-config:0
[ 1669386ms] [ERROR] Failed to load resource: net::ERR_CONNECTION_REFUSED @ http://localhost:8765/_stcore/health:0
[ 1669386ms] [ERROR] Client Error in reaching server endpoint - No response received when attempting to reach /_stcore/health @ http://localhost:8765/static/js/index.D2ZqaFuW.js:16
[ 1669389ms] [ERROR] Failed to load resource: net::ERR_CONNECTION_REFUSED @ http://localhost:8765/_stcore/host-config:0
[ 1671394ms] [ERROR] Failed to load resource: net::ERR_CONNECTION_REFUSED @ http://localhost:8765/10_Saved_Analyses/_stcore/health:0
[ 1671394ms] [ERROR] Client Error in reaching server endpoint - No response received when attempting to reach /10_Saved_Analyses/_stcore/health @ http://localhost:8765/static/js/index.D2ZqaFuW.js:16
[ 1671396ms] [ERROR] Failed to load resource: net::ERR_CONNECTION_REFUSED @ http://localhost:8765/10_Saved_Analyses/_stcore/host-config:0
[ 1673400ms] [ERROR] Failed to load resource: net::ERR_CONNECTION_REFUSED @ http://localhost:8765/_stcore/health:0
[ 1673400ms] [ERROR] Client Error in reaching server endpoint - No response received when attempting to reach /_stcore/health @ http://localhost:8765/static/js/index.D2ZqaFuW.js:16
[ 1673402ms] [ERROR] Failed to load resource: net::ERR_CONNECTION_REFUSED @ http://localhost:8765/_stcore/host-config:0
[ 1675408ms] [ERROR] Failed to load resource: net::ERR_CONNECTION_REFUSED @ http://localhost:8765/10_Saved_Analyses/_stcore/health:0
[ 1675408ms] [ERROR] Client Error in reaching server endpoint - No response received when attempting to reach /10_Saved_Analyses/_stcore/health @ http://localhost:8765/static/js/index.D2ZqaFuW.js:16
[ 1675410ms] [ERROR] Failed to load resource: net::ERR_CONNECTION_REFUSED @ http://localhost:8765/10_Saved_Analyses/_stcore/host-config:0
[ 1677415ms] [ERROR] Failed to load resource: net::ERR_CONNECTION_REFUSED @ http://localhost:8765/_stcore/health:0
[ 1677415ms] [ERROR] Client Error in reaching server endpoint - No response received when attempting to reach /_stcore/health @ http://localhost:8765/static/js/index.D2ZqaFuW.js:16
[ 1677417ms] [ERROR] Failed to load resource: net::ERR_CONNECTION_REFUSED @ http://localhost:8765/_stcore/host-config:0
[ 1679422ms] [ERROR] Failed to load resource: net::ERR_CONNECTION_REFUSED @ http://localhost:8765/10_Saved_Analyses/_stcore/health:0
[ 1679422ms] [ERROR] Client Error in reaching server endpoint - No response received when attempting to reach /10_Saved_Analyses/_stcore/health @ http://localhost:8765/static/js/index.D2ZqaFuW.js:16
[ 1679424ms] [ERROR] Failed to load resource: net::ERR_CONNECTION_REFUSED @ http://localhost:8765/10_Saved_Analyses/_stcore/host-config:0
[ 1681429ms] [ERROR] Failed to load resource: net::ERR_CONNECTION_REFUSED @ http://localhost:8765/_stcore/health:0
[ 1681429ms] [ERROR] Client Error in reaching server endpoint - No response received when attempting to reach /_stcore/health @ http://localhost:8765/static/js/index.D2ZqaFuW.js:16
[ 1681431ms] [ERROR] Failed to load resource: net::ERR_CONNECTION_REFUSED @ http://localhost:8765/_stcore/host-config:0
[ 1683436ms] [ERROR] Failed to load resource: net::ERR_CONNECTION_REFUSED @ http://localhost:8765/10_Saved_Analyses/_stcore/host-config:0
[ 1683437ms] [ERROR] Client Error in reaching server endpoint - No response received when attempting to reach /10_Saved_Analyses/_stcore/host-config @ http://localhost:8765/static/js/index.D2ZqaFuW.js:16
[ 1683439ms] [ERROR] Failed to load resource: net::ERR_CONNECTION_REFUSED @ http://localhost:8765/10_Saved_Analyses/_stcore/health:0
[ 1685444ms] [ERROR] Failed to load resource: net::ERR_CONNECTION_REFUSED @ http://localhost:8765/_stcore/health:0
[ 1685444ms] [ERROR] Client Error in reaching server endpoint - No response received when attempting to reach /_stcore/health @ http://localhost:8765/static/js/index.D2ZqaFuW.js:16
[ 1685446ms] [ERROR] Failed to load resource: net::ERR_CONNECTION_REFUSED @ http://localhost:8765/_stcore/host-config:0
[ 1687450ms] [ERROR] Failed to load resource: net::ERR_CONNECTION_REFUSED @ http://localhost:8765/10_Saved_Analyses/_stcore/health:0
[ 1687450ms] [ERROR] Client Error in reaching server endpoint - No response received when attempting to reach /10_Saved_Analyses/_stcore/health @ http://localhost:8765/static/js/index.D2ZqaFuW.js:16
[ 1687452ms] [ERROR] Failed to load resource: net::ERR_CONNECTION_REFUSED @ http://localhost:8765/10_Saved_Analyses/_stcore/host-config:0
[ 1689457ms] [ERROR] Failed to load resource: net::ERR_CONNECTION_REFUSED @ http://localhost:8765/_stcore/health:0
[ 1689457ms] [ERROR] Client Error in reaching server endpoint - No response received when attempting to reach /_stcore/health @ http://localhost:8765/static/js/index.D2ZqaFuW.js:16
[ 1689460ms] [ERROR] Failed to load resource: net::ERR_CONNECTION_REFUSED @ http://localhost:8765/_stcore/host-config:0
[ 1691465ms] [ERROR] Failed to load resource: net::ERR_CONNECTION_REFUSED @ http://localhost:8765/10_Saved_Analyses/_stcore/health:0
[ 1691465ms] [ERROR] Client Error in reaching server endpoint - No response received when attempting to reach /10_Saved_Analyses/_stcore/health @ http://localhost:8765/static/js/index.D2ZqaFuW.js:16
[ 1691467ms] [ERROR] Failed to load resource: net::ERR_CONNECTION_REFUSED @ http://localhost:8765/10_Saved_Analyses/_stcore/host-config:0
[ 1693471ms] [ERROR] Failed to load resource: net::ERR_CONNECTION_REFUSED @ http://localhost:8765/_stcore/health:0
[ 1693472ms] [ERROR] Client Error in reaching server endpoint - No response received when attempting to reach /_stcore/health @ http://localhost:8765/static/js/index.D2ZqaFuW.js:16
[ 1693474ms] [ERROR] Failed to load resource: net::ERR_CONNECTION_REFUSED @ http://localhost:8765/_stcore/host-config:0
[ 1695479ms] [ERROR] Failed to load resource: net::ERR_CONNECTION_REFUSED @ http://localhost:8765/10_Saved_Analyses/_stcore/host-config:0
[ 1695480ms] [ERROR] Client Error in reaching server endpoint - No response received when attempting to reach /10_Saved_Analyses/_stcore/host-config @ http://localhost:8765/static/js/index.D2ZqaFuW.js:16
[ 1695482ms] [ERROR] Failed to load resource: net::ERR_CONNECTION_REFUSED @ http://localhost:8765/10_Saved_Analyses/_stcore/health:0
[ 1697487ms] [ERROR] Failed to load resource: net::ERR_CONNECTION_REFUSED @ http://localhost:8765/_stcore/health:0
[ 1697487ms] [ERROR] Client Error in reaching server endpoint - No response received when attempting to reach /_stcore/health @ http://localhost:8765/static/js/index.D2ZqaFuW.js:16
[ 1697489ms] [ERROR] Failed to load resource: net::ERR_CONNECTION_REFUSED @ http://localhost:8765/_stcore/host-config:0
[ 1699495ms] [ERROR] Failed to load resource: net::ERR_CONNECTION_REFUSED @ http://localhost:8765/10_Saved_Analyses/_stcore/health:0
[ 1699495ms] [ERROR] Client Error in reaching server endpoint - No response received when attempting to reach /10_Saved_Analyses/_stcore/health @ http://localhost:8765/static/js/index.D2ZqaFuW.js:16
[ 1699497ms] [ERROR] Failed to load resource: net::ERR_CONNECTION_REFUSED @ http://localhost:8765/10_Saved_Analyses/_stcore/host-config:0
[ 1701502ms] [ERROR] Failed to load resource: net::ERR_CONNECTION_REFUSED @ http://localhost:8765/_stcore/health:0
[ 1701502ms] [ERROR] Client Error in reaching server endpoint - No response received when attempting to reach /_stcore/health @ http://localhost:8765/static/js/index.D2ZqaFuW.js:16
[ 1701505ms] [ERROR] Failed to load resource: net::ERR_CONNECTION_REFUSED @ http://localhost:8765/_stcore/host-config:0
[ 1703511ms] [ERROR] Failed to load resource: net::ERR_CONNECTION_REFUSED @ http://localhost:8765/10_Saved_Analyses/_stcore/health:0
[ 1703511ms] [ERROR] Client Error in reaching server endpoint - No response received when attempting to reach /10_Saved_Analyses/_stcore/health @ http://localhost:8765/static/js/index.D2ZqaFuW.js:16
[ 1703513ms] [ERROR] Failed to load resource: net::ERR_CONNECTION_REFUSED @ http://localhost:8765/10_Saved_Analyses/_stcore/host-config:0
[ 1705518ms] [ERROR] Failed to load resource: net::ERR_CONNECTION_REFUSED @ http://localhost:8765/_stcore/health:0
[ 1705518ms] [ERROR] Client Error in reaching server endpoint - No response received when attempting to reach /_stcore/health @ http://localhost:8765/static/js/index.D2ZqaFuW.js:16
[ 1705520ms] [ERROR] Failed to load resource: net::ERR_CONNECTION_REFUSED @ http://localhost:8765/_stcore/host-config:0
[ 1707525ms] [ERROR] Failed to load resource: net::ERR_CONNECTION_REFUSED @ http://localhost:8765/10_Saved_Analyses/_stcore/health:0
[ 1707525ms] [ERROR] Client Error in reaching server endpoint - No response received when attempting to reach /10_Saved_Analyses/_stcore/health @ http://localhost:8765/static/js/index.D2ZqaFuW.js:16
[ 1707527ms] [ERROR] Failed to load resource: net::ERR_CONNECTION_REFUSED @ http://localhost:8765/10_Saved_Analyses/_stcore/host-config:0
[ 1709532ms] [ERROR] Failed to load resource: net::ERR_CONNECTION_REFUSED @ http://localhost:8765/_stcore/health:0
[ 1709532ms] [ERROR] Client Error in reaching server endpoint - No response received when attempting to reach /_stcore/health @ http://localhost:8765/static/js/index.D2ZqaFuW.js:16
[ 1709535ms] [ERROR] Failed to load resource: net::ERR_CONNECTION_REFUSED @ http://localhost:8765/_stcore/host-config:0
[ 1711540ms] [ERROR] Failed to load resource: net::ERR_CONNECTION_REFUSED @ http://localhost:8765/10_Saved_Analyses/_stcore/health:0
[ 1711540ms] [ERROR] Client Error in reaching server endpoint - No response received when attempting to reach /10_Saved_Analyses/_stcore/health @ http://localhost:8765/static/js/index.D2ZqaFuW.js:16
[ 1711542ms] [ERROR] Failed to load resource: net::ERR_CONNECTION_REFUSED @ http://localhost:8765/10_Saved_Analyses/_stcore/host-config:0
[ 1713549ms] [ERROR] Failed to load resource: net::ERR_CONNECTION_REFUSED @ http://localhost:8765/_stcore/health:0
[ 1713549ms] [ERROR] Client Error in reaching server endpoint - No response received when attempting to reach /_stcore/health @ http://localhost:8765/static/js/index.D2ZqaFuW.js:16
[ 1713551ms] [ERROR] Failed to load resource: net::ERR_CONNECTION_REFUSED @ http://localhost:8765/_stcore/host-config:0
[ 1715556ms] [ERROR] Failed to load resource: net::ERR_CONNECTION_REFUSED @ http://localhost:8765/10_Saved_Analyses/_stcore/health:0
[ 1715556ms] [ERROR] Client Error in reaching server endpoint - No response received when attempting to reach /10_Saved_Analyses/_stcore/health @ http://localhost:8765/static/js/index.D2ZqaFuW.js:16
[ 1715559ms] [ERROR] Failed to load resource: net::ERR_CONNECTION_REFUSED @ http://localhost:8765/10_Saved_Analyses/_stcore/host-config:0
[ 1717564ms] [ERROR] Failed to load resource: net::ERR_CONNECTION_REFUSED @ http://localhost:8765/_stcore/host-config:0
[ 1717564ms] [ERROR] Client Error in reaching server endpoint - No response received when attempting to reach /_stcore/host-config @ http://localhost:8765/static/js/index.D2ZqaFuW.js:16
[ 1717566ms] [ERROR] Failed to load resource: net::ERR_CONNECTION_REFUSED @ http://localhost:8765/_stcore/health:0
[ 1719571ms] [ERROR] Failed to load resource: net::ERR_CONNECTION_REFUSED @ http://localhost:8765/10_Saved_Analyses/_stcore/health:0
[ 1719572ms] [ERROR] Client Error in reaching server endpoint - No response received when attempting to reach /10_Saved_Analyses/_stcore/health @ http://localhost:8765/static/js/index.D2ZqaFuW.js:16
[ 1719574ms] [ERROR] Failed to load resource: net::ERR_CONNECTION_REFUSED @ http://localhost:8765/10_Saved_Analyses/_stcore/host-config:0
[ 1721579ms] [ERROR] Failed to load resource: net::ERR_CONNECTION_REFUSED @ http://localhost:8765/_stcore/health:0
[ 1721579ms] [ERROR] Client Error in reaching server endpoint - No response received when attempting to reach /_stcore/health @ http://localhost:8765/static/js/index.D2ZqaFuW.js:16
[ 1721582ms] [ERROR] Failed to load resource: net::ERR_CONNECTION_REFUSED @ http://localhost:8765/_stcore/host-config:0
[ 1723587ms] [ERROR] Failed to load resource: net::ERR_CONNECTION_REFUSED @ http://localhost:8765/10_Saved_Analyses/_stcore/health:0
[ 1723587ms] [ERROR] Client Error in reaching server endpoint - No response received when attempting to reach /10_Saved_Analyses/_stcore/health @ http://localhost:8765/static/js/index.D2ZqaFuW.js:16
[ 1723590ms] [ERROR] Failed to load resource: net::ERR_CONNECTION_REFUSED @ http://localhost:8765/10_Saved_Analyses/_stcore/host-config:0
[ 1725594ms] [ERROR] Failed to load resource: net::ERR_CONNECTION_REFUSED @ http://localhost:8765/_stcore/health:0
[ 1725594ms] [ERROR] Client Error in reaching server endpoint - No response received when attempting to reach /_stcore/health @ http://localhost:8765/static/js/index.D2ZqaFuW.js:16
[ 1725597ms] [ERROR] Failed to load resource: net::ERR_CONNECTION_REFUSED @ http://localhost:8765/_stcore/host-config:0
[ 1727601ms] [ERROR] Failed to load resource: net::ERR_CONNECTION_REFUSED @ http://localhost:8765/10_Saved_Analyses/_stcore/health:0
[ 1727601ms] [ERROR] Client Error in reaching server endpoint - No response received when attempting to reach /10_Saved_Analyses/_stcore/health @ http://localhost:8765/static/js/index.D2ZqaFuW.js:16
[ 1727603ms] [ERROR] Failed to load resource: net::ERR_CONNECTION_REFUSED @ http://localhost:8765/10_Saved_Analyses/_stcore/host-config:0
[ 1729609ms] [ERROR] Failed to load resource: net::ERR_CONNECTION_REFUSED @ http://localhost:8765/_stcore/host-config:0
[ 1729609ms] [ERROR] Client Error in reaching server endpoint - No response received when attempting to reach /_stcore/host-config @ http://localhost:8765/static/js/index.D2ZqaFuW.js:16
[ 1729609ms] [ERROR] Failed to load resource: net::ERR_CONNECTION_REFUSED @ http://localhost:8765/_stcore/health:0
[ 1731639ms] [ERROR] Failed to load resource: net::ERR_CONNECTION_REFUSED @ http://localhost:8765/10_Saved_Analyses/_stcore/health:0
[ 1731639ms] [ERROR] Client Error in reaching server endpoint - No response received when attempting to reach /10_Saved_Analyses/_stcore/health @ http://localhost:8765/static/js/index.D2ZqaFuW.js:16
[ 1731639ms] [ERROR] Failed to load resource: net::ERR_CONNECTION_REFUSED @ http://localhost:8765/10_Saved_Analyses/_stcore/host-config:0
[ 1733649ms] [ERROR] Failed to load resource: net::ERR_CONNECTION_REFUSED @ http://localhost:8765/_stcore/health:0
[ 1733649ms] [ERROR] Client Error in reaching server endpoint - No response received when attempting to reach /_stcore/health @ http://localhost:8765/static/js/index.D2ZqaFuW.js:16
[ 1733651ms] [ERROR] Failed to load resource: net::ERR_CONNECTION_REFUSED @ http://localhost:8765/_stcore/host-config:0
[ 1735656ms] [ERROR] Failed to load resource: net::ERR_CONNECTION_REFUSED @ http://localhost:8765/10_Saved_Analyses/_stcore/health:0
[ 1735657ms] [ERROR] Client Error in reaching server endpoint - No response received when attempting to reach /10_Saved_Analyses/_stcore/health @ http://localhost:8765/static/js/index.D2ZqaFuW.js:16
[ 1735659ms] [ERROR] Failed to load resource: net::ERR_CONNECTION_REFUSED @ http://localhost:8765/10_Saved_Analyses/_stcore/host-config:0
[ 1737664ms] [ERROR] Failed to load resource: net::ERR_CONNECTION_REFUSED @ http://localhost:8765/_stcore/health:0
[ 1737664ms] [ERROR] Client Error in reaching server endpoint - No response received when attempting to reach /_stcore/health @ http://localhost:8765/static/js/index.D2ZqaFuW.js:16
[ 1737666ms] [ERROR] Failed to load resource: net::ERR_CONNECTION_REFUSED @ http://localhost:8765/_stcore/host-config:0
[ 1739671ms] [ERROR] Failed to load resource: net::ERR_CONNECTION_REFUSED @ http://localhost:8765/10_Saved_Analyses/_stcore/health:0
[ 1739671ms] [ERROR] Client Error in reaching server endpoint - No response received when attempting to reach /10_Saved_Analyses/_stcore/health @ http://localhost:8765/static/js/index.D2ZqaFuW.js:16
[ 1739673ms] [ERROR] Failed to load resource: net::ERR_CONNECTION_REFUSED @ http://localhost:8765/10_Saved_Analyses/_stcore/host-config:0
[ 1741678ms] [ERROR] Failed to load resource: net::ERR_CONNECTION_REFUSED @ http://localhost:8765/_stcore/health:0
[ 1741679ms] [ERROR] Client Error in reaching server endpoint - No response received when attempting to reach /_stcore/health @ http://localhost:8765/static/js/index.D2ZqaFuW.js:16
[ 1741681ms] [ERROR] Failed to load resource: net::ERR_CONNECTION_REFUSED @ http://localhost:8765/_stcore/host-config:0
[ 1743686ms] [ERROR] Failed to load resource: net::ERR_CONNECTION_REFUSED @ http://localhost:8765/10_Saved_Analyses/_stcore/health:0
[ 1743686ms] [ERROR] Client Error in reaching server endpoint - No response received when attempting to reach /10_Saved_Analyses/_stcore/health @ http://localhost:8765/static/js/index.D2ZqaFuW.js:16
[ 1743688ms] [ERROR] Failed to load resource: net::ERR_CONNECTION_REFUSED @ http://localhost:8765/10_Saved_Analyses/_stcore/host-config:0
[ 1745692ms] [ERROR] Failed to load resource: net::ERR_CONNECTION_REFUSED @ http://localhost:8765/_stcore/health:0
[ 1745693ms] [ERROR] Client Error in reaching server endpoint - No response received when attempting to reach /_stcore/health @ http://localhost:8765/static/js/index.D2ZqaFuW.js:16
[ 1745695ms] [ERROR] Failed to load resource: net::ERR_CONNECTION_REFUSED @ http://localhost:8765/_stcore/host-config:0
[ 1747700ms] [ERROR] Failed to load resource: net::ERR_CONNECTION_REFUSED @ http://localhost:8765/10_Saved_Analyses/_stcore/health:0
[ 1747700ms] [ERROR] Client Error in reaching server endpoint - No response received when attempting to reach /10_Saved_Analyses/_stcore/health @ http://localhost:8765/static/js/index.D2ZqaFuW.js:16
[ 1747702ms] [ERROR] Failed to load resource: net::ERR_CONNECTION_REFUSED @ http://localhost:8765/10_Saved_Analyses/_stcore/host-config:0
[ 1749708ms] [ERROR] Failed to load resource: net::ERR_CONNECTION_REFUSED @ http://localhost:8765/_stcore/health:0
[ 1749708ms] [ERROR] Client Error in reaching server endpoint - No response received when attempting to reach /_stcore/health @ http://localhost:8765/static/js/index.D2ZqaFuW.js:16
[ 1749710ms] [ERROR] Failed to load resource: net::ERR_CONNECTION_REFUSED @ http://localhost:8765/_stcore/host-config:0
[ 1751718ms] [ERROR] Failed to load resource: net::ERR_CONNECTION_REFUSED @ http://localhost:8765/10_Saved_Analyses/_stcore/health:0
[ 1751718ms] [ERROR] Client Error in reaching server endpoint - No response received when attempting to reach /10_Saved_Analyses/_stcore/health @ http://localhost:8765/static/js/index.D2ZqaFuW.js:16
[ 1751724ms] [ERROR] Failed to load resource: net::ERR_CONNECTION_REFUSED @ http://localhost:8765/10_Saved_Analyses/_stcore/host-config:0
[ 1753723ms] [ERROR] Failed to load resource: net::ERR_CONNECTION_REFUSED @ http://localhost:8765/_stcore/health:0
[ 1753723ms] [ERROR] Client Error in reaching server endpoint - No response received when attempting to reach /_stcore/health @ http://localhost:8765/static/js/index.D2ZqaFuW.js:16
[ 1753724ms] [ERROR] Failed to load resource: net::ERR_CONNECTION_REFUSED @ http://localhost:8765/_stcore/host-config:0
[ 1755730ms] [ERROR] Failed to load resource: net::ERR_CONNECTION_REFUSED @ http://localhost:8765/10_Saved_Analyses/_stcore/health:0
[ 1755730ms] [ERROR] Client Error in reaching server endpoint - No response received when attempting to reach /10_Saved_Analyses/_stcore/health @ http://localhost:8765/static/js/index.D2ZqaFuW.js:16
[ 1755732ms] [ERROR] Failed to load resource: net::ERR_CONNECTION_REFUSED @ http://localhost:8765/10_Saved_Analyses/_stcore/host-config:0
[ 1757737ms] [ERROR] Failed to load resource: net::ERR_CONNECTION_REFUSED @ http://localhost:8765/_stcore/health:0
[ 1757737ms] [ERROR] Client Error in reaching server endpoint - No response received when attempting to reach /_stcore/health @ http://localhost:8765/static/js/index.D2ZqaFuW.js:16
[ 1757739ms] [ERROR] Failed to load resource: net::ERR_CONNECTION_REFUSED @ http://localhost:8765/_stcore/host-config:0
[ 1759744ms] [ERROR] Failed to load resource: net::ERR_CONNECTION_REFUSED @ http://localhost:8765/10_Saved_Analyses/_stcore/health:0
[ 1759745ms] [ERROR] Client Error in reaching server endpoint - No response received when attempting to reach /10_Saved_Analyses/_stcore/health @ http://localhost:8765/static/js/index.D2ZqaFuW.js:16
[ 1759747ms] [ERROR] Failed to load resource: net::ERR_CONNECTION_REFUSED @ http://localhost:8765/10_Saved_Analyses/_stcore/host-config:0
[ 1761751ms] [ERROR] Failed to load resource: net::ERR_CONNECTION_REFUSED @ http://localhost:8765/_stcore/health:0
[ 1761751ms] [ERROR] Client Error in reaching server endpoint - No response received when attempting to reach /_stcore/health @ http://localhost:8765/static/js/index.D2ZqaFuW.js:16
[ 1761753ms] [ERROR] Failed to load resource: net::ERR_CONNECTION_REFUSED @ http://localhost:8765/_stcore/host-config:0
[ 1763758ms] [ERROR] Failed to load resource: net::ERR_CONNECTION_REFUSED @ http://localhost:8765/10_Saved_Analyses/_stcore/health:0
[ 1763759ms] [ERROR] Client Error in reaching server endpoint - No response received when attempting to reach /10_Saved_Analyses/_stcore/health @ http://localhost:8765/static/js/index.D2ZqaFuW.js:16
[ 1763761ms] [ERROR] Failed to load resource: net::ERR_CONNECTION_REFUSED @ http://localhost:8765/10_Saved_Analyses/_stcore/host-config:0
[ 1765766ms] [ERROR] Failed to load resource: net::ERR_CONNECTION_REFUSED @ http://localhost:8765/_stcore/host-config:0
[ 1765766ms] [ERROR] Client Error in reaching server endpoint - No response received when attempting to reach /_stcore/host-config @ http://localhost:8765/static/js/index.D2ZqaFuW.js:16
[ 1765768ms] [ERROR] Failed to load resource: net::ERR_CONNECTION_REFUSED @ http://localhost:8765/_stcore/health:0
[ 1767774ms] [ERROR] Failed to load resource: net::ERR_CONNECTION_REFUSED @ http://localhost:8765/10_Saved_Analyses/_stcore/health:0
[ 1767774ms] [ERROR] Client Error in reaching server endpoint - No response received when attempting to reach /10_Saved_Analyses/_stcore/health @ http://localhost:8765/static/js/index.D2ZqaFuW.js:16
[ 1767776ms] [ERROR] Failed to load resource: net::ERR_CONNECTION_REFUSED @ http://localhost:8765/10_Saved_Analyses/_stcore/host-config:0
[ 1769782ms] [ERROR] Failed to load resource: net::ERR_CONNECTION_REFUSED @ http://localhost:8765/_stcore/health:0
[ 1769782ms] [ERROR] Client Error in reaching server endpoint - No response received when attempting to reach /_stcore/health @ http://localhost:8765/static/js/index.D2ZqaFuW.js:16
[ 1769784ms] [ERROR] Failed to load resource: net::ERR_CONNECTION_REFUSED @ http://localhost:8765/_stcore/host-config:0
[ 1771789ms] [ERROR] Failed to load resource: net::ERR_CONNECTION_REFUSED @ http://localhost:8765/10_Saved_Analyses/_stcore/health:0
[ 1771789ms] [ERROR] Client Error in reaching server endpoint - No response received when attempting to reach /10_Saved_Analyses/_stcore/health @ http://localhost:8765/static/js/index.D2ZqaFuW.js:16
[ 1771791ms] [ERROR] Failed to load resource: net::ERR_CONNECTION_REFUSED @ http://localhost:8765/10_Saved_Analyses/_stcore/host-config:0
[ 1773797ms] [ERROR] Failed to load resource: net::ERR_CONNECTION_REFUSED @ http://localhost:8765/_stcore/host-config:0
[ 1773797ms] [ERROR] Client Error in reaching server endpoint - No response received when attempting to reach /_stcore/host-config @ http://localhost:8765/static/js/index.D2ZqaFuW.js:16
[ 1773799ms] [ERROR] Failed to load resource: net::ERR_CONNECTION_REFUSED @ http://localhost:8765/_stcore/health:0
[ 1775804ms] [ERROR] Failed to load resource: net::ERR_CONNECTION_REFUSED @ http://localhost:8765/10_Saved_Analyses/_stcore/health:0
[ 1775804ms] [ERROR] Client Error in reaching server endpoint - No response received when attempting to reach /10_Saved_Analyses/_stcore/health @ http://localhost:8765/static/js/index.D2ZqaFuW.js:16
[ 1775806ms] [ERROR] Failed to load resource: net::ERR_CONNECTION_REFUSED @ http://localhost:8765/10_Saved_Analyses/_stcore/host-config:0
[ 1777814ms] [ERROR] Failed to load resource: net::ERR_CONNECTION_REFUSED @ http://localhost:8765/_stcore/host-config:0
[ 1777814ms] [ERROR] Client Error in reaching server endpoint - No response received when attempting to reach /_stcore/host-config @ http://localhost:8765/static/js/index.D2ZqaFuW.js:16
[ 1777814ms] [ERROR] Failed to load resource: net::ERR_CONNECTION_REFUSED @ http://localhost:8765/_stcore/health:0
[ 1779818ms] [ERROR] Failed to load resource: net::ERR_CONNECTION_REFUSED @ http://localhost:8765/10_Saved_Analyses/_stcore/health:0
[ 1779818ms] [ERROR] Client Error in reaching server endpoint - No response received when attempting to reach /10_Saved_Analyses/_stcore/health @ http://localhost:8765/static/js/index.D2ZqaFuW.js:16
[ 1779819ms] [ERROR] Failed to load resource: net::ERR_CONNECTION_REFUSED @ http://localhost:8765/10_Saved_Analyses/_stcore/host-config:0
[ 1781825ms] [ERROR] Failed to load resource: net::ERR_CONNECTION_REFUSED @ http://localhost:8765/_stcore/health:0
[ 1781825ms] [ERROR] Client Error in reaching server endpoint - No response received when attempting to reach /_stcore/health @ http://localhost:8765/static/js/index.D2ZqaFuW.js:16
[ 1781827ms] [ERROR] Failed to load resource: net::ERR_CONNECTION_REFUSED @ http://localhost:8765/_stcore/host-config:0
[ 1783833ms] [ERROR] Failed to load resource: net::ERR_CONNECTION_REFUSED @ http://localhost:8765/10_Saved_Analyses/_stcore/health:0
[ 1783833ms] [ERROR] Client Error in reaching server endpoint - No response received when attempting to reach /10_Saved_Analyses/_stcore/health @ http://localhost:8765/static/js/index.D2ZqaFuW.js:16
[ 1783835ms] [ERROR] Failed to load resource: net::ERR_CONNECTION_REFUSED @ http://localhost:8765/10_Saved_Analyses/_stcore/host-config:0
[ 1785842ms] [ERROR] Failed to load resource: net::ERR_CONNECTION_REFUSED @ http://localhost:8765/_stcore/health:0
[ 1785842ms] [ERROR] Client Error in reaching server endpoint - No response received when attempting to reach /_stcore/health @ http://localhost:8765/static/js/index.D2ZqaFuW.js:16
[ 1785845ms] [ERROR] Failed to load resource: net::ERR_CONNECTION_REFUSED @ http://localhost:8765/_stcore/host-config:0
[ 1788271ms] [ERROR] Failed to load resource: the server responded with a status of 404 (Not Found) @ http://localhost:8765/10_Saved_Analyses/_stcore/host-config:0
[ 1788272ms] [ERROR] Failed to load resource: the server responded with a status of 404 (Not Found) @ http://localhost:8765/10_Saved_Analyses/_stcore/health:0
[ 1788274ms] [ERROR] Client Error: response received with status 404 when attempting to reach /10_Saved_Analyses/_stcore/host-config @ http://localhost:8765/static/js/index.D2ZqaFuW.js:16
