[   28007ms] [WARNING] Unrecognized feature: 'ambient-light-sensor'. @ http://localhost:8511/static/js/isLength.DwwZub7z.js:0
[   28008ms] [WARNING] Unrecognized feature: 'battery'. @ http://localhost:8511/static/js/isLength.DwwZub7z.js:0
[   28008ms] [WARNING] Unrecognized feature: 'document-domain'. @ http://localhost:8511/static/js/isLength.DwwZub7z.js:0
[   28008ms] [WARNING] Unrecognized feature: 'layout-animations'. @ http://localhost:8511/static/js/isLength.DwwZub7z.js:0
[   28008ms] [WARNING] Unrecognized feature: 'legacy-image-formats'. @ http://localhost:8511/static/js/isLength.DwwZub7z.js:0
[   28008ms] [WARNING] Unrecognized feature: 'oversized-images'. @ http://localhost:8511/static/js/isLength.DwwZub7z.js:0
[   28008ms] [WARNING] Unrecognized feature: 'vr'. @ http://localhost:8511/static/js/isLength.DwwZub7z.js:0
[   28008ms] [WARNING] Unrecognized feature: 'wake-lock'. @ http://localhost:8511/static/js/isLength.DwwZub7z.js:0
[   29221ms] [WARNING] An iframe which has both allow-scripts and allow-same-origin for its sandbox attribute can escape its sandboxing. @ about:srcdoc:0
[  443892ms] [WARNING] WebSocket onclose @ http://localhost:8511/static/js/index.D2ZqaFuW.js:17
[ 3905411ms] [WARNING] WebSocket onclose @ http://localhost:8511/static/js/index.D2ZqaFuW.js:17
[ 3906059ms] [ERROR] Failed to load resource: net::ERR_CONNECTION_REFUSED @ http://localhost:8511/_stcore/host-config:0
[ 3906062ms] [ERROR] Failed to load resource: net::ERR_CONNECTION_REFUSED @ http://localhost:8511/_stcore/health:0
[ 3906345ms] [ERROR] Failed to load resource: net::ERR_CONNECTION_REFUSED @ http://localhost:8511/_stcore/health:0
[ 3906631ms] [ERROR] Failed to load resource: net::ERR_CONNECTION_REFUSED @ http://localhost:8511/_stcore/host-config:0
[ 3906685ms] [ERROR] Failed to load resource: net::ERR_CONNECTION_REFUSED @ http://localhost:8511/_stcore/health:0
[ 3906687ms] [ERROR] Failed to load resource: net::ERR_CONNECTION_REFUSED @ http://localhost:8511/_stcore/host-config:0
[ 3907024ms] [ERROR] Failed to load resource: net::ERR_CONNECTION_REFUSED @ http://localhost:8511/_stcore/health:0
[ 3907033ms] [ERROR] Failed to load resource: net::ERR_CONNECTION_REFUSED @ http://localhost:8511/_stcore/host-config:0
[ 3907907ms] [ERROR] Failed to load resource: net::ERR_CONNECTION_REFUSED @ http://localhost:8511/_stcore/host-config:0
[ 3907907ms] [ERROR] Failed to load resource: net::ERR_CONNECTION_REFUSED @ http://localhost:8511/_stcore/health:0
[ 3909724ms] [ERROR] Failed to load resource: net::ERR_CONNECTION_REFUSED @ http://localhost:8511/_stcore/health:0
[ 3909724ms] [ERROR] Client Error in reaching server endpoint - No response received when attempting to reach /_stcore/health @ http://localhost:8511/static/js/index.D2ZqaFuW.js:16
[ 3909725ms] [ERROR] Is Streamlit still running? If you accidentally stopped Streamlit, just restart it in your terminal: @ http://localhost:8511/static/js/index.D2ZqaFuW.js:21
[ 3909727ms] [ERROR] Failed to load resource: net::ERR_CONNECTION_REFUSED @ http://localhost:8511/_stcore/host-config:0
[ 3911731ms] [ERROR] Failed to load resource: net::ERR_CONNECTION_REFUSED @ http://localhost:8511/_stcore/health:0
[ 3911731ms] [ERROR] Client Error in reaching server endpoint - No response received when attempting to reach /_stcore/health @ http://localhost:8511/static/js/index.D2ZqaFuW.js:16
[ 3911731ms] [ERROR] Is Streamlit still running? If you accidentally stopped Streamlit, just restart it in your terminal: @ http://localhost:8511/static/js/index.D2ZqaFuW.js:21
[ 3911908ms] [ERROR] Failed to load resource: net::ERR_CONNECTION_REFUSED @ http://localhost:8511/_stcore/host-config:0
[ 3913738ms] [ERROR] Failed to load resource: net::ERR_CONNECTION_REFUSED @ http://localhost:8511/_stcore/host-config:0
[ 3913739ms] [ERROR] Client Error in reaching server endpoint - No response received when attempting to reach /_stcore/host-config @ http://localhost:8511/static/js/index.D2ZqaFuW.js:16
[ 3913739ms] [ERROR] Is Streamlit still running? If you accidentally stopped Streamlit, just restart it in your terminal: @ http://localhost:8511/static/js/index.D2ZqaFuW.js:21
[ 3913884ms] [ERROR] Failed to load resource: net::ERR_CONNECTION_REFUSED @ http://localhost:8511/_stcore/health:0
[ 3915746ms] [ERROR] Failed to load resource: net::ERR_CONNECTION_REFUSED @ http://localhost:8511/_stcore/health:0
[ 3915747ms] [ERROR] Client Error in reaching server endpoint - No response received when attempting to reach /_stcore/health @ http://localhost:8511/static/js/index.D2ZqaFuW.js:16
[ 3915747ms] [ERROR] Is Streamlit still running? If you accidentally stopped Streamlit, just restart it in your terminal: @ http://localhost:8511/static/js/index.D2ZqaFuW.js:21
[ 3915866ms] [ERROR] Failed to load resource: net::ERR_CONNECTION_REFUSED @ http://localhost:8511/_stcore/host-config:0
[ 3917755ms] [ERROR] Failed to load resource: net::ERR_CONNECTION_REFUSED @ http://localhost:8511/_stcore/health:0
[ 3917755ms] [ERROR] Client Error in reaching server endpoint - No response received when attempting to reach /_stcore/health @ http://localhost:8511/static/js/index.D2ZqaFuW.js:16
[ 3917755ms] [ERROR] Is Streamlit still running? If you accidentally stopped Streamlit, just restart it in your terminal: @ http://localhost:8511/static/js/index.D2ZqaFuW.js:21
[ 3917923ms] [ERROR] Failed to load resource: net::ERR_CONNECTION_REFUSED @ http://localhost:8511/_stcore/host-config:0
[ 3919763ms] [ERROR] Failed to load resource: net::ERR_CONNECTION_REFUSED @ http://localhost:8511/_stcore/health:0
[ 3919763ms] [ERROR] Client Error in reaching server endpoint - No response received when attempting to reach /_stcore/health @ http://localhost:8511/static/js/index.D2ZqaFuW.js:16
[ 3919763ms] [ERROR] Is Streamlit still running? If you accidentally stopped Streamlit, just restart it in your terminal: @ http://localhost:8511/static/js/index.D2ZqaFuW.js:21
[ 3919923ms] [ERROR] Failed to load resource: net::ERR_CONNECTION_REFUSED @ http://localhost:8511/_stcore/host-config:0
[ 3921769ms] [ERROR] Failed to load resource: net::ERR_CONNECTION_REFUSED @ http://localhost:8511/_stcore/health:0
[ 3921770ms] [ERROR] Client Error in reaching server endpoint - No response received when attempting to reach /_stcore/health @ http://localhost:8511/static/js/index.D2ZqaFuW.js:16
[ 3921770ms] [ERROR] Is Streamlit still running? If you accidentally stopped Streamlit, just restart it in your terminal: @ http://localhost:8511/static/js/index.D2ZqaFuW.js:21
[ 3921936ms] [ERROR] Failed to load resource: net::ERR_CONNECTION_REFUSED @ http://localhost:8511/_stcore/host-config:0
[ 3923777ms] [ERROR] Failed to load resource: net::ERR_CONNECTION_REFUSED @ http://localhost:8511/_stcore/health:0
[ 3923777ms] [ERROR] Client Error in reaching server endpoint - No response received when attempting to reach /_stcore/health @ http://localhost:8511/static/js/index.D2ZqaFuW.js:16
[ 3923777ms] [ERROR] Is Streamlit still running? If you accidentally stopped Streamlit, just restart it in your terminal: @ http://localhost:8511/static/js/index.D2ZqaFuW.js:21
[ 3923892ms] [ERROR] Failed to load resource: net::ERR_CONNECTION_REFUSED @ http://localhost:8511/_stcore/host-config:0
[ 3925785ms] [ERROR] Failed to load resource: net::ERR_CONNECTION_REFUSED @ http://localhost:8511/_stcore/health:0
[ 3925785ms] [ERROR] Client Error in reaching server endpoint - No response received when attempting to reach /_stcore/health @ http://localhost:8511/static/js/index.D2ZqaFuW.js:16
[ 3925785ms] [ERROR] Is Streamlit still running? If you accidentally stopped Streamlit, just restart it in your terminal: @ http://localhost:8511/static/js/index.D2ZqaFuW.js:21
[ 3925903ms] [ERROR] Failed to load resource: net::ERR_CONNECTION_REFUSED @ http://localhost:8511/_stcore/host-config:0
[ 3927790ms] [ERROR] Failed to load resource: net::ERR_CONNECTION_REFUSED @ http://localhost:8511/_stcore/health:0
[ 3927790ms] [ERROR] Client Error in reaching server endpoint - No response received when attempting to reach /_stcore/health @ http://localhost:8511/static/js/index.D2ZqaFuW.js:16
[ 3927790ms] [ERROR] Is Streamlit still running? If you accidentally stopped Streamlit, just restart it in your terminal: @ http://localhost:8511/static/js/index.D2ZqaFuW.js:21
[ 3928019ms] [ERROR] Failed to load resource: net::ERR_CONNECTION_REFUSED @ http://localhost:8511/_stcore/host-config:0
[ 3929795ms] [ERROR] Failed to load resource: net::ERR_CONNECTION_REFUSED @ http://localhost:8511/_stcore/health:0
[ 3929795ms] [ERROR] Client Error in reaching server endpoint - No response received when attempting to reach /_stcore/health @ http://localhost:8511/static/js/index.D2ZqaFuW.js:16
[ 3929795ms] [ERROR] Is Streamlit still running? If you accidentally stopped Streamlit, just restart it in your terminal: @ http://localhost:8511/static/js/index.D2ZqaFuW.js:21
[ 3929912ms] [ERROR] Failed to load resource: net::ERR_CONNECTION_REFUSED @ http://localhost:8511/_stcore/host-config:0
[ 3931803ms] [ERROR] Failed to load resource: net::ERR_CONNECTION_REFUSED @ http://localhost:8511/_stcore/health:0
[ 3931803ms] [ERROR] Client Error in reaching server endpoint - No response received when attempting to reach /_stcore/health @ http://localhost:8511/static/js/index.D2ZqaFuW.js:16
[ 3931803ms] [ERROR] Is Streamlit still running? If you accidentally stopped Streamlit, just restart it in your terminal: @ http://localhost:8511/static/js/index.D2ZqaFuW.js:21
[ 3931935ms] [ERROR] Failed to load resource: net::ERR_CONNECTION_REFUSED @ http://localhost:8511/_stcore/host-config:0
[ 3933810ms] [ERROR] Failed to load resource: net::ERR_CONNECTION_REFUSED @ http://localhost:8511/_stcore/health:0
[ 3933810ms] [ERROR] Client Error in reaching server endpoint - No response received when attempting to reach /_stcore/health @ http://localhost:8511/static/js/index.D2ZqaFuW.js:16
[ 3933810ms] [ERROR] Is Streamlit still running? If you accidentally stopped Streamlit, just restart it in your terminal: @ http://localhost:8511/static/js/index.D2ZqaFuW.js:21
[ 3933931ms] [ERROR] Failed to load resource: net::ERR_CONNECTION_REFUSED @ http://localhost:8511/_stcore/host-config:0
[ 3935818ms] [ERROR] Failed to load resource: net::ERR_CONNECTION_REFUSED @ http://localhost:8511/_stcore/health:0
[ 3935818ms] [ERROR] Client Error in reaching server endpoint - No response received when attempting to reach /_stcore/health @ http://localhost:8511/static/js/index.D2ZqaFuW.js:16
[ 3935819ms] [ERROR] Is Streamlit still running? If you accidentally stopped Streamlit, just restart it in your terminal: @ http://localhost:8511/static/js/index.D2ZqaFuW.js:21
[ 3935932ms] [ERROR] Failed to load resource: net::ERR_CONNECTION_REFUSED @ http://localhost:8511/_stcore/host-config:0
[ 3937830ms] [ERROR] Failed to load resource: net::ERR_CONNECTION_REFUSED @ http://localhost:8511/_stcore/health:0
[ 3937830ms] [ERROR] Client Error in reaching server endpoint - No response received when attempting to reach /_stcore/health @ http://localhost:8511/static/js/index.D2ZqaFuW.js:16
[ 3937830ms] [ERROR] Is Streamlit still running? If you accidentally stopped Streamlit, just restart it in your terminal: @ http://localhost:8511/static/js/index.D2ZqaFuW.js:21
[ 3937961ms] [ERROR] Failed to load resource: net::ERR_CONNECTION_REFUSED @ http://localhost:8511/_stcore/host-config:0
[ 3939838ms] [ERROR] Failed to load resource: net::ERR_CONNECTION_REFUSED @ http://localhost:8511/_stcore/health:0
[ 3939838ms] [ERROR] Client Error in reaching server endpoint - No response received when attempting to reach /_stcore/health @ http://localhost:8511/static/js/index.D2ZqaFuW.js:16
[ 3939838ms] [ERROR] Is Streamlit still running? If you accidentally stopped Streamlit, just restart it in your terminal: @ http://localhost:8511/static/js/index.D2ZqaFuW.js:21
[ 3939963ms] [ERROR] Failed to load resource: net::ERR_CONNECTION_REFUSED @ http://localhost:8511/_stcore/host-config:0
[ 3941845ms] [ERROR] Failed to load resource: net::ERR_CONNECTION_REFUSED @ http://localhost:8511/_stcore/host-config:0
[ 3941845ms] [ERROR] Client Error in reaching server endpoint - No response received when attempting to reach /_stcore/host-config @ http://localhost:8511/static/js/index.D2ZqaFuW.js:16
[ 3941845ms] [ERROR] Is Streamlit still running? If you accidentally stopped Streamlit, just restart it in your terminal: @ http://localhost:8511/static/js/index.D2ZqaFuW.js:21
[ 3941969ms] [ERROR] Failed to load resource: net::ERR_CONNECTION_REFUSED @ http://localhost:8511/_stcore/health:0
[ 3943851ms] [ERROR] Failed to load resource: net::ERR_CONNECTION_REFUSED @ http://localhost:8511/_stcore/health:0
[ 3943851ms] [ERROR] Client Error in reaching server endpoint - No response received when attempting to reach /_stcore/health @ http://localhost:8511/static/js/index.D2ZqaFuW.js:16
[ 3943852ms] [ERROR] Is Streamlit still running? If you accidentally stopped Streamlit, just restart it in your terminal: @ http://localhost:8511/static/js/index.D2ZqaFuW.js:21
[ 3943971ms] [ERROR] Failed to load resource: net::ERR_CONNECTION_REFUSED @ http://localhost:8511/_stcore/host-config:0
[ 3945859ms] [ERROR] Failed to load resource: net::ERR_CONNECTION_REFUSED @ http://localhost:8511/_stcore/health:0
[ 3945859ms] [ERROR] Client Error in reaching server endpoint - No response received when attempting to reach /_stcore/health @ http://localhost:8511/static/js/index.D2ZqaFuW.js:16
[ 3945859ms] [ERROR] Is Streamlit still running? If you accidentally stopped Streamlit, just restart it in your terminal: @ http://localhost:8511/static/js/index.D2ZqaFuW.js:21
[ 3945970ms] [ERROR] Failed to load resource: net::ERR_CONNECTION_REFUSED @ http://localhost:8511/_stcore/host-config:0
[ 3947866ms] [ERROR] Failed to load resource: net::ERR_CONNECTION_REFUSED @ http://localhost:8511/_stcore/health:0
[ 3947866ms] [ERROR] Client Error in reaching server endpoint - No response received when attempting to reach /_stcore/health @ http://localhost:8511/static/js/index.D2ZqaFuW.js:16
[ 3947866ms] [ERROR] Is Streamlit still running? If you accidentally stopped Streamlit, just restart it in your terminal: @ http://localhost:8511/static/js/index.D2ZqaFuW.js:21
[ 3947996ms] [ERROR] Failed to load resource: net::ERR_CONNECTION_REFUSED @ http://localhost:8511/_stcore/host-config:0
[ 3949877ms] [ERROR] Failed to load resource: net::ERR_CONNECTION_REFUSED @ http://localhost:8511/_stcore/health:0
[ 3949878ms] [ERROR] Client Error in reaching server endpoint - No response received when attempting to reach /_stcore/health @ http://localhost:8511/static/js/index.D2ZqaFuW.js:16
[ 3949878ms] [ERROR] Is Streamlit still running? If you accidentally stopped Streamlit, just restart it in your terminal: @ http://localhost:8511/static/js/index.D2ZqaFuW.js:21
[ 3950008ms] [ERROR] Failed to load resource: net::ERR_CONNECTION_REFUSED @ http://localhost:8511/_stcore/host-config:0
[ 3951883ms] [ERROR] Failed to load resource: net::ERR_CONNECTION_REFUSED @ http://localhost:8511/_stcore/health:0
[ 3951883ms] [ERROR] Client Error in reaching server endpoint - No response received when attempting to reach /_stcore/health @ http://localhost:8511/static/js/index.D2ZqaFuW.js:16
[ 3951883ms] [ERROR] Is Streamlit still running? If you accidentally stopped Streamlit, just restart it in your terminal: @ http://localhost:8511/static/js/index.D2ZqaFuW.js:21
[ 3952026ms] [ERROR] Failed to load resource: net::ERR_CONNECTION_REFUSED @ http://localhost:8511/_stcore/host-config:0
[ 3953892ms] [ERROR] Failed to load resource: net::ERR_CONNECTION_REFUSED @ http://localhost:8511/_stcore/health:0
[ 3953892ms] [ERROR] Client Error in reaching server endpoint - No response received when attempting to reach /_stcore/health @ http://localhost:8511/static/js/index.D2ZqaFuW.js:16
[ 3953893ms] [ERROR] Is Streamlit still running? If you accidentally stopped Streamlit, just restart it in your terminal: @ http://localhost:8511/static/js/index.D2ZqaFuW.js:21
[ 3954014ms] [ERROR] Failed to load resource: net::ERR_CONNECTION_REFUSED @ http://localhost:8511/_stcore/host-config:0
[ 3955915ms] [ERROR] Failed to load resource: net::ERR_CONNECTION_REFUSED @ http://localhost:8511/_stcore/health:0
[ 3955915ms] [ERROR] Client Error in reaching server endpoint - No response received when attempting to reach /_stcore/health @ http://localhost:8511/static/js/index.D2ZqaFuW.js:16
[ 3955915ms] [ERROR] Is Streamlit still running? If you accidentally stopped Streamlit, just restart it in your terminal: @ http://localhost:8511/static/js/index.D2ZqaFuW.js:21
[ 3956035ms] [ERROR] Failed to load resource: net::ERR_CONNECTION_REFUSED @ http://localhost:8511/_stcore/host-config:0
[ 3957924ms] [ERROR] Failed to load resource: net::ERR_CONNECTION_REFUSED @ http://localhost:8511/_stcore/health:0
[ 3957924ms] [ERROR] Client Error in reaching server endpoint - No response received when attempting to reach /_stcore/health @ http://localhost:8511/static/js/index.D2ZqaFuW.js:16
[ 3957924ms] [ERROR] Is Streamlit still running? If you accidentally stopped Streamlit, just restart it in your terminal: @ http://localhost:8511/static/js/index.D2ZqaFuW.js:21
[ 3958054ms] [ERROR] Failed to load resource: net::ERR_CONNECTION_REFUSED @ http://localhost:8511/_stcore/host-config:0
[ 3959930ms] [ERROR] Failed to load resource: net::ERR_CONNECTION_REFUSED @ http://localhost:8511/_stcore/health:0
[ 3959930ms] [ERROR] Client Error in reaching server endpoint - No response received when attempting to reach /_stcore/health @ http://localhost:8511/static/js/index.D2ZqaFuW.js:16
[ 3959930ms] [ERROR] Is Streamlit still running? If you accidentally stopped Streamlit, just restart it in your terminal: @ http://localhost:8511/static/js/index.D2ZqaFuW.js:21
[ 3960130ms] [ERROR] Failed to load resource: net::ERR_CONNECTION_REFUSED @ http://localhost:8511/_stcore/host-config:0
[ 3961941ms] [ERROR] Failed to load resource: net::ERR_CONNECTION_REFUSED @ http://localhost:8511/_stcore/host-config:0
[ 3961941ms] [ERROR] Client Error in reaching server endpoint - No response received when attempting to reach /_stcore/host-config @ http://localhost:8511/static/js/index.D2ZqaFuW.js:16
[ 3961942ms] [ERROR] Is Streamlit still running? If you accidentally stopped Streamlit, just restart it in your terminal: @ http://localhost:8511/static/js/index.D2ZqaFuW.js:21
[ 3962134ms] [ERROR] Failed to load resource: net::ERR_CONNECTION_REFUSED @ http://localhost:8511/_stcore/health:0
[ 3963948ms] [ERROR] Failed to load resource: net::ERR_CONNECTION_REFUSED @ http://localhost:8511/_stcore/host-config:0
[ 3963949ms] [ERROR] Client Error in reaching server endpoint - No response received when attempting to reach /_stcore/host-config @ http://localhost:8511/static/js/index.D2ZqaFuW.js:16
[ 3963949ms] [ERROR] Is Streamlit still running? If you accidentally stopped Streamlit, just restart it in your terminal: @ http://localhost:8511/static/js/index.D2ZqaFuW.js:21
[ 3964054ms] [ERROR] Failed to load resource: net::ERR_CONNECTION_REFUSED @ http://localhost:8511/_stcore/health:0
[ 3965958ms] [ERROR] Failed to load resource: net::ERR_CONNECTION_REFUSED @ http://localhost:8511/_stcore/health:0
[ 3965958ms] [ERROR] Client Error in reaching server endpoint - No response received when attempting to reach /_stcore/health @ http://localhost:8511/static/js/index.D2ZqaFuW.js:16
[ 3965958ms] [ERROR] Is Streamlit still running? If you accidentally stopped Streamlit, just restart it in your terminal: @ http://localhost:8511/static/js/index.D2ZqaFuW.js:21
[ 3966064ms] [ERROR] Failed to load resource: net::ERR_CONNECTION_REFUSED @ http://localhost:8511/_stcore/host-config:0
[ 3967965ms] [ERROR] Failed to load resource: net::ERR_CONNECTION_REFUSED @ http://localhost:8511/_stcore/host-config:0
[ 3967966ms] [ERROR] Client Error in reaching server endpoint - No response received when attempting to reach /_stcore/host-config @ http://localhost:8511/static/js/index.D2ZqaFuW.js:16
[ 3967966ms] [ERROR] Is Streamlit still running? If you accidentally stopped Streamlit, just restart it in your terminal: @ http://localhost:8511/static/js/index.D2ZqaFuW.js:21
[ 3968095ms] [ERROR] Failed to load resource: net::ERR_CONNECTION_REFUSED @ http://localhost:8511/_stcore/health:0
[ 3969971ms] [ERROR] Failed to load resource: net::ERR_CONNECTION_REFUSED @ http://localhost:8511/_stcore/host-config:0
[ 3969972ms] [ERROR] Client Error in reaching server endpoint - No response received when attempting to reach /_stcore/host-config @ http://localhost:8511/static/js/index.D2ZqaFuW.js:16
[ 3969972ms] [ERROR] Is Streamlit still running? If you accidentally stopped Streamlit, just restart it in your terminal: @ http://localhost:8511/static/js/index.D2ZqaFuW.js:21
[ 3970083ms] [ERROR] Failed to load resource: net::ERR_CONNECTION_REFUSED @ http://localhost:8511/_stcore/health:0
[ 3971979ms] [ERROR] Failed to load resource: net::ERR_CONNECTION_REFUSED @ http://localhost:8511/_stcore/health:0
[ 3971980ms] [ERROR] Client Error in reaching server endpoint - No response received when attempting to reach /_stcore/health @ http://localhost:8511/static/js/index.D2ZqaFuW.js:16
[ 3971980ms] [ERROR] Is Streamlit still running? If you accidentally stopped Streamlit, just restart it in your terminal: @ http://localhost:8511/static/js/index.D2ZqaFuW.js:21
[ 3972233ms] [ERROR] Failed to load resource: net::ERR_CONNECTION_REFUSED @ http://localhost:8511/_stcore/host-config:0
[ 3973987ms] [ERROR] Failed to load resource: net::ERR_CONNECTION_REFUSED @ http://localhost:8511/_stcore/health:0
[ 3973987ms] [ERROR] Client Error in reaching server endpoint - No response received when attempting to reach /_stcore/health @ http://localhost:8511/static/js/index.D2ZqaFuW.js:16
[ 3973988ms] [ERROR] Is Streamlit still running? If you accidentally stopped Streamlit, just restart it in your terminal: @ http://localhost:8511/static/js/index.D2ZqaFuW.js:21
[ 3974102ms] [ERROR] Failed to load resource: net::ERR_CONNECTION_REFUSED @ http://localhost:8511/_stcore/host-config:0
[ 3975996ms] [ERROR] Failed to load resource: net::ERR_CONNECTION_REFUSED @ http://localhost:8511/_stcore/health:0
[ 3975996ms] [ERROR] Client Error in reaching server endpoint - No response received when attempting to reach /_stcore/health @ http://localhost:8511/static/js/index.D2ZqaFuW.js:16
[ 3975996ms] [ERROR] Is Streamlit still running? If you accidentally stopped Streamlit, just restart it in your terminal: @ http://localhost:8511/static/js/index.D2ZqaFuW.js:21
[ 3976112ms] [ERROR] Failed to load resource: net::ERR_CONNECTION_REFUSED @ http://localhost:8511/_stcore/host-config:0
[ 3978005ms] [ERROR] Failed to load resource: net::ERR_CONNECTION_REFUSED @ http://localhost:8511/_stcore/host-config:0
[ 3978005ms] [ERROR] Client Error in reaching server endpoint - No response received when attempting to reach /_stcore/host-config @ http://localhost:8511/static/js/index.D2ZqaFuW.js:16
[ 3978006ms] [ERROR] Is Streamlit still running? If you accidentally stopped Streamlit, just restart it in your terminal: @ http://localhost:8511/static/js/index.D2ZqaFuW.js:21
[ 3978156ms] [ERROR] Failed to load resource: net::ERR_CONNECTION_REFUSED @ http://localhost:8511/_stcore/health:0
[ 3980014ms] [ERROR] Failed to load resource: net::ERR_CONNECTION_REFUSED @ http://localhost:8511/_stcore/health:0
[ 3980014ms] [ERROR] Client Error in reaching server endpoint - No response received when attempting to reach /_stcore/health @ http://localhost:8511/static/js/index.D2ZqaFuW.js:16
[ 3980015ms] [ERROR] Is Streamlit still running? If you accidentally stopped Streamlit, just restart it in your terminal: @ http://localhost:8511/static/js/index.D2ZqaFuW.js:21
[ 3980147ms] [ERROR] Failed to load resource: net::ERR_CONNECTION_REFUSED @ http://localhost:8511/_stcore/host-config:0
[ 3982027ms] [ERROR] Failed to load resource: net::ERR_CONNECTION_REFUSED @ http://localhost:8511/_stcore/health:0
[ 3982027ms] [ERROR] Client Error in reaching server endpoint - No response received when attempting to reach /_stcore/health @ http://localhost:8511/static/js/index.D2ZqaFuW.js:16
[ 3982027ms] [ERROR] Is Streamlit still running? If you accidentally stopped Streamlit, just restart it in your terminal: @ http://localhost:8511/static/js/index.D2ZqaFuW.js:21
[ 3982334ms] [ERROR] Failed to load resource: net::ERR_CONNECTION_REFUSED @ http://localhost:8511/_stcore/host-config:0
[ 3984033ms] [ERROR] Failed to load resource: net::ERR_CONNECTION_REFUSED @ http://localhost:8511/_stcore/health:0
[ 3984034ms] [ERROR] Client Error in reaching server endpoint - No response received when attempting to reach /_stcore/health @ http://localhost:8511/static/js/index.D2ZqaFuW.js:16
[ 3984034ms] [ERROR] Is Streamlit still running? If you accidentally stopped Streamlit, just restart it in your terminal: @ http://localhost:8511/static/js/index.D2ZqaFuW.js:21
[ 3984149ms] [ERROR] Failed to load resource: net::ERR_CONNECTION_REFUSED @ http://localhost:8511/_stcore/host-config:0
[ 3986040ms] [ERROR] Failed to load resource: net::ERR_CONNECTION_REFUSED @ http://localhost:8511/_stcore/health:0
[ 3986040ms] [ERROR] Client Error in reaching server endpoint - No response received when attempting to reach /_stcore/health @ http://localhost:8511/static/js/index.D2ZqaFuW.js:16
[ 3986041ms] [ERROR] Is Streamlit still running? If you accidentally stopped Streamlit, just restart it in your terminal: @ http://localhost:8511/static/js/index.D2ZqaFuW.js:21
[ 3986202ms] [ERROR] Failed to load resource: net::ERR_CONNECTION_REFUSED @ http://localhost:8511/_stcore/host-config:0
[ 3988047ms] [ERROR] Failed to load resource: net::ERR_CONNECTION_REFUSED @ http://localhost:8511/_stcore/health:0
[ 3988047ms] [ERROR] Client Error in reaching server endpoint - No response received when attempting to reach /_stcore/health @ http://localhost:8511/static/js/index.D2ZqaFuW.js:16
[ 3988047ms] [ERROR] Is Streamlit still running? If you accidentally stopped Streamlit, just restart it in your terminal: @ http://localhost:8511/static/js/index.D2ZqaFuW.js:21
[ 3988178ms] [ERROR] Failed to load resource: net::ERR_CONNECTION_REFUSED @ http://localhost:8511/_stcore/host-config:0
[ 3990055ms] [ERROR] Failed to load resource: net::ERR_CONNECTION_REFUSED @ http://localhost:8511/_stcore/health:0
[ 3990055ms] [ERROR] Client Error in reaching server endpoint - No response received when attempting to reach /_stcore/health @ http://localhost:8511/static/js/index.D2ZqaFuW.js:16
[ 3990056ms] [ERROR] Is Streamlit still running? If you accidentally stopped Streamlit, just restart it in your terminal: @ http://localhost:8511/static/js/index.D2ZqaFuW.js:21
[ 3990169ms] [ERROR] Failed to load resource: net::ERR_CONNECTION_REFUSED @ http://localhost:8511/_stcore/host-config:0
[ 3992063ms] [ERROR] Failed to load resource: net::ERR_CONNECTION_REFUSED @ http://localhost:8511/_stcore/health:0
[ 3992063ms] [ERROR] Client Error in reaching server endpoint - No response received when attempting to reach /_stcore/health @ http://localhost:8511/static/js/index.D2ZqaFuW.js:16
[ 3992063ms] [ERROR] Is Streamlit still running? If you accidentally stopped Streamlit, just restart it in your terminal: @ http://localhost:8511/static/js/index.D2ZqaFuW.js:21
[ 3992199ms] [ERROR] Failed to load resource: net::ERR_CONNECTION_REFUSED @ http://localhost:8511/_stcore/host-config:0
[ 3994070ms] [ERROR] Failed to load resource: net::ERR_CONNECTION_REFUSED @ http://localhost:8511/_stcore/health:0
[ 3994070ms] [ERROR] Client Error in reaching server endpoint - No response received when attempting to reach /_stcore/health @ http://localhost:8511/static/js/index.D2ZqaFuW.js:16
[ 3994070ms] [ERROR] Is Streamlit still running? If you accidentally stopped Streamlit, just restart it in your terminal: @ http://localhost:8511/static/js/index.D2ZqaFuW.js:21
[ 3994183ms] [ERROR] Failed to load resource: net::ERR_CONNECTION_REFUSED @ http://localhost:8511/_stcore/host-config:0
[ 3996079ms] [ERROR] Failed to load resource: net::ERR_CONNECTION_REFUSED @ http://localhost:8511/_stcore/host-config:0
[ 3996079ms] [ERROR] Client Error in reaching server endpoint - No response received when attempting to reach /_stcore/host-config @ http://localhost:8511/static/js/index.D2ZqaFuW.js:16
[ 3996079ms] [ERROR] Is Streamlit still running? If you accidentally stopped Streamlit, just restart it in your terminal: @ http://localhost:8511/static/js/index.D2ZqaFuW.js:21
[ 3996079ms] [ERROR] Failed to load resource: net::ERR_CONNECTION_REFUSED @ http://localhost:8511/_stcore/health:0
[ 3998086ms] [ERROR] Failed to load resource: net::ERR_CONNECTION_REFUSED @ http://localhost:8511/_stcore/health:0
[ 3998086ms] [ERROR] Client Error in reaching server endpoint - No response received when attempting to reach /_stcore/health @ http://localhost:8511/static/js/index.D2ZqaFuW.js:16
[ 3998087ms] [ERROR] Is Streamlit still running? If you accidentally stopped Streamlit, just restart it in your terminal: @ http://localhost:8511/static/js/index.D2ZqaFuW.js:21
[ 3998207ms] [ERROR] Failed to load resource: net::ERR_CONNECTION_REFUSED @ http://localhost:8511/_stcore/host-config:0
[ 4000093ms] [ERROR] Failed to load resource: net::ERR_CONNECTION_REFUSED @ http://localhost:8511/_stcore/health:0
[ 4000093ms] [ERROR] Client Error in reaching server endpoint - No response received when attempting to reach /_stcore/health @ http://localhost:8511/static/js/index.D2ZqaFuW.js:16
[ 4000093ms] [ERROR] Is Streamlit still running? If you accidentally stopped Streamlit, just restart it in your terminal: @ http://localhost:8511/static/js/index.D2ZqaFuW.js:21
[ 4000198ms] [ERROR] Failed to load resource: net::ERR_CONNECTION_REFUSED @ http://localhost:8511/_stcore/host-config:0
[ 4002102ms] [ERROR] Failed to load resource: net::ERR_CONNECTION_REFUSED @ http://localhost:8511/_stcore/health:0
[ 4002102ms] [ERROR] Client Error in reaching server endpoint - No response received when attempting to reach /_stcore/health @ http://localhost:8511/static/js/index.D2ZqaFuW.js:16
[ 4002102ms] [ERROR] Is Streamlit still running? If you accidentally stopped Streamlit, just restart it in your terminal: @ http://localhost:8511/static/js/index.D2ZqaFuW.js:21
[ 4002334ms] [ERROR] Failed to load resource: net::ERR_CONNECTION_REFUSED @ http://localhost:8511/_stcore/host-config:0
[ 4004113ms] [ERROR] Failed to load resource: net::ERR_CONNECTION_REFUSED @ http://localhost:8511/_stcore/health:0
[ 4004113ms] [ERROR] Client Error in reaching server endpoint - No response received when attempting to reach /_stcore/health @ http://localhost:8511/static/js/index.D2ZqaFuW.js:16
[ 4004113ms] [ERROR] Is Streamlit still running? If you accidentally stopped Streamlit, just restart it in your terminal: @ http://localhost:8511/static/js/index.D2ZqaFuW.js:21
[ 4004115ms] [ERROR] Failed to load resource: net::ERR_CONNECTION_REFUSED @ http://localhost:8511/_stcore/host-config:0
[ 4006125ms] [ERROR] Failed to load resource: net::ERR_CONNECTION_REFUSED @ http://localhost:8511/_stcore/host-config:0
[ 4006125ms] [ERROR] Client Error in reaching server endpoint - No response received when attempting to reach /_stcore/host-config @ http://localhost:8511/static/js/index.D2ZqaFuW.js:16
[ 4006125ms] [ERROR] Is Streamlit still running? If you accidentally stopped Streamlit, just restart it in your terminal: @ http://localhost:8511/static/js/index.D2ZqaFuW.js:21
[ 4006293ms] [ERROR] Failed to load resource: net::ERR_CONNECTION_REFUSED @ http://localhost:8511/_stcore/health:0
[ 4008133ms] [ERROR] Failed to load resource: net::ERR_CONNECTION_REFUSED @ http://localhost:8511/_stcore/health:0
[ 4008133ms] [ERROR] Client Error in reaching server endpoint - No response received when attempting to reach /_stcore/health @ http://localhost:8511/static/js/index.D2ZqaFuW.js:16
[ 4008133ms] [ERROR] Is Streamlit still running? If you accidentally stopped Streamlit, just restart it in your terminal: @ http://localhost:8511/static/js/index.D2ZqaFuW.js:21
[ 4008253ms] [ERROR] Failed to load resource: net::ERR_CONNECTION_REFUSED @ http://localhost:8511/_stcore/host-config:0
[ 4010143ms] [ERROR] Failed to load resource: net::ERR_CONNECTION_REFUSED @ http://localhost:8511/_stcore/health:0
[ 4010143ms] [ERROR] Client Error in reaching server endpoint - No response received when attempting to reach /_stcore/health @ http://localhost:8511/static/js/index.D2ZqaFuW.js:16
[ 4010144ms] [ERROR] Is Streamlit still running? If you accidentally stopped Streamlit, just restart it in your terminal: @ http://localhost:8511/static/js/index.D2ZqaFuW.js:21
[ 4010332ms] [ERROR] Failed to load resource: net::ERR_CONNECTION_REFUSED @ http://localhost:8511/_stcore/host-config:0
[ 4012156ms] [ERROR] Failed to load resource: net::ERR_CONNECTION_REFUSED @ http://localhost:8511/_stcore/host-config:0
[ 4012156ms] [ERROR] Client Error in reaching server endpoint - No response received when attempting to reach /_stcore/host-config @ http://localhost:8511/static/js/index.D2ZqaFuW.js:16
[ 4012156ms] [ERROR] Is Streamlit still running? If you accidentally stopped Streamlit, just restart it in your terminal: @ http://localhost:8511/static/js/index.D2ZqaFuW.js:21
[ 4012319ms] [ERROR] Failed to load resource: net::ERR_CONNECTION_REFUSED @ http://localhost:8511/_stcore/health:0
[ 4014163ms] [ERROR] Failed to load resource: net::ERR_CONNECTION_REFUSED @ http://localhost:8511/_stcore/health:0
[ 4014163ms] [ERROR] Client Error in reaching server endpoint - No response received when attempting to reach /_stcore/health @ http://localhost:8511/static/js/index.D2ZqaFuW.js:16
[ 4014164ms] [ERROR] Is Streamlit still running? If you accidentally stopped Streamlit, just restart it in your terminal: @ http://localhost:8511/static/js/index.D2ZqaFuW.js:21
[ 4014316ms] [ERROR] Failed to load resource: net::ERR_CONNECTION_REFUSED @ http://localhost:8511/_stcore/host-config:0
[ 4016172ms] [ERROR] Failed to load resource: net::ERR_CONNECTION_REFUSED @ http://localhost:8511/_stcore/health:0
[ 4016172ms] [ERROR] Client Error in reaching server endpoint - No response received when attempting to reach /_stcore/health @ http://localhost:8511/static/js/index.D2ZqaFuW.js:16
[ 4016172ms] [ERROR] Is Streamlit still running? If you accidentally stopped Streamlit, just restart it in your terminal: @ http://localhost:8511/static/js/index.D2ZqaFuW.js:21
[ 4016276ms] [ERROR] Failed to load resource: net::ERR_CONNECTION_REFUSED @ http://localhost:8511/_stcore/host-config:0
[ 4018180ms] [ERROR] Failed to load resource: net::ERR_CONNECTION_REFUSED @ http://localhost:8511/_stcore/health:0
[ 4018180ms] [ERROR] Client Error in reaching server endpoint - No response received when attempting to reach /_stcore/health @ http://localhost:8511/static/js/index.D2ZqaFuW.js:16
[ 4018180ms] [ERROR] Is Streamlit still running? If you accidentally stopped Streamlit, just restart it in your terminal: @ http://localhost:8511/static/js/index.D2ZqaFuW.js:21
[ 4018315ms] [ERROR] Failed to load resource: net::ERR_CONNECTION_REFUSED @ http://localhost:8511/_stcore/host-config:0
[ 4020188ms] [ERROR] Failed to load resource: net::ERR_CONNECTION_REFUSED @ http://localhost:8511/_stcore/health:0
[ 4020188ms] [ERROR] Client Error in reaching server endpoint - No response received when attempting to reach /_stcore/health @ http://localhost:8511/static/js/index.D2ZqaFuW.js:16
[ 4020189ms] [ERROR] Is Streamlit still running? If you accidentally stopped Streamlit, just restart it in your terminal: @ http://localhost:8511/static/js/index.D2ZqaFuW.js:21
[ 4020335ms] [ERROR] Failed to load resource: net::ERR_CONNECTION_REFUSED @ http://localhost:8511/_stcore/host-config:0
[ 4022200ms] [ERROR] Failed to load resource: net::ERR_CONNECTION_REFUSED @ http://localhost:8511/_stcore/health:0
[ 4022201ms] [ERROR] Client Error in reaching server endpoint - No response received when attempting to reach /_stcore/health @ http://localhost:8511/static/js/index.D2ZqaFuW.js:16
[ 4022201ms] [ERROR] Is Streamlit still running? If you accidentally stopped Streamlit, just restart it in your terminal: @ http://localhost:8511/static/js/index.D2ZqaFuW.js:21
[ 4022403ms] [ERROR] Failed to load resource: net::ERR_CONNECTION_REFUSED @ http://localhost:8511/_stcore/host-config:0
[ 4024210ms] [ERROR] Failed to load resource: net::ERR_CONNECTION_REFUSED @ http://localhost:8511/_stcore/host-config:0
[ 4024210ms] [ERROR] Client Error in reaching server endpoint - No response received when attempting to reach /_stcore/host-config @ http://localhost:8511/static/js/index.D2ZqaFuW.js:16
[ 4024211ms] [ERROR] Is Streamlit still running? If you accidentally stopped Streamlit, just restart it in your terminal: @ http://localhost:8511/static/js/index.D2ZqaFuW.js:21
[ 4024476ms] [ERROR] Failed to load resource: net::ERR_CONNECTION_REFUSED @ http://localhost:8511/_stcore/health:0
[ 4026217ms] [ERROR] Failed to load resource: net::ERR_CONNECTION_REFUSED @ http://localhost:8511/_stcore/health:0
[ 4026217ms] [ERROR] Client Error in reaching server endpoint - No response received when attempting to reach /_stcore/health @ http://localhost:8511/static/js/index.D2ZqaFuW.js:16
[ 4026217ms] [ERROR] Is Streamlit still running? If you accidentally stopped Streamlit, just restart it in your terminal: @ http://localhost:8511/static/js/index.D2ZqaFuW.js:21
[ 4026792ms] [ERROR] Failed to load resource: net::ERR_CONNECTION_REFUSED @ http://localhost:8511/_stcore/host-config:0
[ 4028226ms] [ERROR] Failed to load resource: net::ERR_CONNECTION_REFUSED @ http://localhost:8511/_stcore/health:0
[ 4028226ms] [ERROR] Client Error in reaching server endpoint - No response received when attempting to reach /_stcore/health @ http://localhost:8511/static/js/index.D2ZqaFuW.js:16
[ 4028227ms] [ERROR] Is Streamlit still running? If you accidentally stopped Streamlit, just restart it in your terminal: @ http://localhost:8511/static/js/index.D2ZqaFuW.js:21
[ 4028454ms] [ERROR] Failed to load resource: net::ERR_CONNECTION_REFUSED @ http://localhost:8511/_stcore/host-config:0
[ 4030241ms] [ERROR] Failed to load resource: net::ERR_CONNECTION_REFUSED @ http://localhost:8511/_stcore/health:0
[ 4030241ms] [ERROR] Client Error in reaching server endpoint - No response received when attempting to reach /_stcore/health @ http://localhost:8511/static/js/index.D2ZqaFuW.js:16
[ 4030241ms] [ERROR] Is Streamlit still running? If you accidentally stopped Streamlit, just restart it in your terminal: @ http://localhost:8511/static/js/index.D2ZqaFuW.js:21
[ 4030529ms] [ERROR] Failed to load resource: net::ERR_CONNECTION_REFUSED @ http://localhost:8511/_stcore/host-config:0
[ 4032248ms] [ERROR] Failed to load resource: net::ERR_CONNECTION_REFUSED @ http://localhost:8511/_stcore/health:0
[ 4032248ms] [ERROR] Client Error in reaching server endpoint - No response received when attempting to reach /_stcore/health @ http://localhost:8511/static/js/index.D2ZqaFuW.js:16
[ 4032248ms] [ERROR] Is Streamlit still running? If you accidentally stopped Streamlit, just restart it in your terminal: @ http://localhost:8511/static/js/index.D2ZqaFuW.js:21
[ 4032387ms] [ERROR] Failed to load resource: net::ERR_CONNECTION_REFUSED @ http://localhost:8511/_stcore/host-config:0
[ 4034257ms] [ERROR] Failed to load resource: net::ERR_CONNECTION_REFUSED @ http://localhost:8511/_stcore/health:0
[ 4034257ms] [ERROR] Client Error in reaching server endpoint - No response received when attempting to reach /_stcore/health @ http://localhost:8511/static/js/index.D2ZqaFuW.js:16
[ 4034257ms] [ERROR] Is Streamlit still running? If you accidentally stopped Streamlit, just restart it in your terminal: @ http://localhost:8511/static/js/index.D2ZqaFuW.js:21
[ 4034401ms] [ERROR] Failed to load resource: net::ERR_CONNECTION_REFUSED @ http://localhost:8511/_stcore/host-config:0
[ 4036262ms] [ERROR] Failed to load resource: net::ERR_CONNECTION_REFUSED @ http://localhost:8511/_stcore/health:0
[ 4036262ms] [ERROR] Client Error in reaching server endpoint - No response received when attempting to reach /_stcore/health @ http://localhost:8511/static/js/index.D2ZqaFuW.js:16
[ 4036262ms] [ERROR] Is Streamlit still running? If you accidentally stopped Streamlit, just restart it in your terminal: @ http://localhost:8511/static/js/index.D2ZqaFuW.js:21
[ 4036427ms] [ERROR] Failed to load resource: net::ERR_CONNECTION_REFUSED @ http://localhost:8511/_stcore/host-config:0
[ 4038274ms] [ERROR] Failed to load resource: net::ERR_CONNECTION_REFUSED @ http://localhost:8511/_stcore/health:0
[ 4038274ms] [ERROR] Client Error in reaching server endpoint - No response received when attempting to reach /_stcore/health @ http://localhost:8511/static/js/index.D2ZqaFuW.js:16
[ 4038274ms] [ERROR] Is Streamlit still running? If you accidentally stopped Streamlit, just restart it in your terminal: @ http://localhost:8511/static/js/index.D2ZqaFuW.js:21
[ 4038399ms] [ERROR] Failed to load resource: net::ERR_CONNECTION_REFUSED @ http://localhost:8511/_stcore/host-config:0
[ 4040288ms] [ERROR] Failed to load resource: net::ERR_CONNECTION_REFUSED @ http://localhost:8511/_stcore/health:0
[ 4040288ms] [ERROR] Client Error in reaching server endpoint - No response received when attempting to reach /_stcore/health @ http://localhost:8511/static/js/index.D2ZqaFuW.js:16
[ 4040288ms] [ERROR] Is Streamlit still running? If you accidentally stopped Streamlit, just restart it in your terminal: @ http://localhost:8511/static/js/index.D2ZqaFuW.js:21
[ 4040483ms] [ERROR] Failed to load resource: net::ERR_CONNECTION_REFUSED @ http://localhost:8511/_stcore/host-config:0
[ 4042302ms] [ERROR] Failed to load resource: net::ERR_CONNECTION_REFUSED @ http://localhost:8511/_stcore/health:0
[ 4042302ms] [ERROR] Client Error in reaching server endpoint - No response received when attempting to reach /_stcore/health @ http://localhost:8511/static/js/index.D2ZqaFuW.js:16
[ 4042302ms] [ERROR] Is Streamlit still running? If you accidentally stopped Streamlit, just restart it in your terminal: @ http://localhost:8511/static/js/index.D2ZqaFuW.js:21
[ 4042484ms] [ERROR] Failed to load resource: net::ERR_CONNECTION_REFUSED @ http://localhost:8511/_stcore/host-config:0
[ 4044310ms] [ERROR] Failed to load resource: net::ERR_CONNECTION_REFUSED @ http://localhost:8511/_stcore/health:0
[ 4044311ms] [ERROR] Client Error in reaching server endpoint - No response received when attempting to reach /_stcore/health @ http://localhost:8511/static/js/index.D2ZqaFuW.js:16
[ 4044311ms] [ERROR] Is Streamlit still running? If you accidentally stopped Streamlit, just restart it in your terminal: @ http://localhost:8511/static/js/index.D2ZqaFuW.js:21
[ 4044440ms] [ERROR] Failed to load resource: net::ERR_CONNECTION_REFUSED @ http://localhost:8511/_stcore/host-config:0
[ 4046323ms] [ERROR] Failed to load resource: net::ERR_CONNECTION_REFUSED @ http://localhost:8511/_stcore/health:0
[ 4046323ms] [ERROR] Client Error in reaching server endpoint - No response received when attempting to reach /_stcore/health @ http://localhost:8511/static/js/index.D2ZqaFuW.js:16
[ 4046324ms] [ERROR] Is Streamlit still running? If you accidentally stopped Streamlit, just restart it in your terminal: @ http://localhost:8511/static/js/index.D2ZqaFuW.js:21
[ 4046472ms] [ERROR] Failed to load resource: net::ERR_CONNECTION_REFUSED @ http://localhost:8511/_stcore/host-config:0
[ 4048330ms] [ERROR] Failed to load resource: net::ERR_CONNECTION_REFUSED @ http://localhost:8511/_stcore/host-config:0
[ 4048330ms] [ERROR] Client Error in reaching server endpoint - No response received when attempting to reach /_stcore/host-config @ http://localhost:8511/static/js/index.D2ZqaFuW.js:16
[ 4048330ms] [ERROR] Is Streamlit still running? If you accidentally stopped Streamlit, just restart it in your terminal: @ http://localhost:8511/static/js/index.D2ZqaFuW.js:21
[ 4048460ms] [ERROR] Failed to load resource: net::ERR_CONNECTION_REFUSED @ http://localhost:8511/_stcore/health:0
[ 4050337ms] [ERROR] Failed to load resource: net::ERR_CONNECTION_REFUSED @ http://localhost:8511/_stcore/health:0
[ 4050337ms] [ERROR] Client Error in reaching server endpoint - No response received when attempting to reach /_stcore/health @ http://localhost:8511/static/js/index.D2ZqaFuW.js:16
[ 4050337ms] [ERROR] Is Streamlit still running? If you accidentally stopped Streamlit, just restart it in your terminal: @ http://localhost:8511/static/js/index.D2ZqaFuW.js:21
[ 4050571ms] [ERROR] Failed to load resource: net::ERR_CONNECTION_REFUSED @ http://localhost:8511/_stcore/host-config:0
[ 4052347ms] [ERROR] Failed to load resource: net::ERR_CONNECTION_REFUSED @ http://localhost:8511/_stcore/health:0
[ 4052347ms] [ERROR] Client Error in reaching server endpoint - No response received when attempting to reach /_stcore/health @ http://localhost:8511/static/js/index.D2ZqaFuW.js:16
[ 4052347ms] [ERROR] Is Streamlit still running? If you accidentally stopped Streamlit, just restart it in your terminal: @ http://localhost:8511/static/js/index.D2ZqaFuW.js:21
[ 4052576ms] [ERROR] Failed to load resource: net::ERR_CONNECTION_REFUSED @ http://localhost:8511/_stcore/host-config:0
[ 4054354ms] [ERROR] Failed to load resource: net::ERR_CONNECTION_REFUSED @ http://localhost:8511/_stcore/health:0
[ 4054354ms] [ERROR] Client Error in reaching server endpoint - No response received when attempting to reach /_stcore/health @ http://localhost:8511/static/js/index.D2ZqaFuW.js:16
[ 4054354ms] [ERROR] Is Streamlit still running? If you accidentally stopped Streamlit, just restart it in your terminal: @ http://localhost:8511/static/js/index.D2ZqaFuW.js:21
[ 4054464ms] [ERROR] Failed to load resource: net::ERR_CONNECTION_REFUSED @ http://localhost:8511/_stcore/host-config:0
[ 4056376ms] [ERROR] Failed to load resource: net::ERR_CONNECTION_REFUSED @ http://localhost:8511/_stcore/health:0
[ 4056377ms] [ERROR] Client Error in reaching server endpoint - No response received when attempting to reach /_stcore/health @ http://localhost:8511/static/js/index.D2ZqaFuW.js:16
[ 4056377ms] [ERROR] Is Streamlit still running? If you accidentally stopped Streamlit, just restart it in your terminal: @ http://localhost:8511/static/js/index.D2ZqaFuW.js:21
[ 4056377ms] [ERROR] Failed to load resource: net::ERR_CONNECTION_REFUSED @ http://localhost:8511/_stcore/host-config:0
[ 4058383ms] [ERROR] Failed to load resource: net::ERR_CONNECTION_REFUSED @ http://localhost:8511/_stcore/health:0
[ 4058383ms] [ERROR] Client Error in reaching server endpoint - No response received when attempting to reach /_stcore/health @ http://localhost:8511/static/js/index.D2ZqaFuW.js:16
[ 4058384ms] [ERROR] Is Streamlit still running? If you accidentally stopped Streamlit, just restart it in your terminal: @ http://localhost:8511/static/js/index.D2ZqaFuW.js:21
[ 4058503ms] [ERROR] Failed to load resource: net::ERR_CONNECTION_REFUSED @ http://localhost:8511/_stcore/host-config:0
[ 4060391ms] [ERROR] Failed to load resource: net::ERR_CONNECTION_REFUSED @ http://localhost:8511/_stcore/health:0
[ 4060391ms] [ERROR] Client Error in reaching server endpoint - No response received when attempting to reach /_stcore/health @ http://localhost:8511/static/js/index.D2ZqaFuW.js:16
[ 4060392ms] [ERROR] Is Streamlit still running? If you accidentally stopped Streamlit, just restart it in your terminal: @ http://localhost:8511/static/js/index.D2ZqaFuW.js:21
[ 4060524ms] [ERROR] Failed to load resource: net::ERR_CONNECTION_REFUSED @ http://localhost:8511/_stcore/host-config:0
[ 4062399ms] [ERROR] Failed to load resource: net::ERR_CONNECTION_REFUSED @ http://localhost:8511/_stcore/health:0
[ 4062399ms] [ERROR] Client Error in reaching server endpoint - No response received when attempting to reach /_stcore/health @ http://localhost:8511/static/js/index.D2ZqaFuW.js:16
[ 4062399ms] [ERROR] Is Streamlit still running? If you accidentally stopped Streamlit, just restart it in your terminal: @ http://localhost:8511/static/js/index.D2ZqaFuW.js:21
[ 4062550ms] [ERROR] Failed to load resource: net::ERR_CONNECTION_REFUSED @ http://localhost:8511/_stcore/host-config:0
[ 4064407ms] [ERROR] Failed to load resource: net::ERR_CONNECTION_REFUSED @ http://localhost:8511/_stcore/health:0
[ 4064407ms] [ERROR] Client Error in reaching server endpoint - No response received when attempting to reach /_stcore/health @ http://localhost:8511/static/js/index.D2ZqaFuW.js:16
[ 4064408ms] [ERROR] Is Streamlit still running? If you accidentally stopped Streamlit, just restart it in your terminal: @ http://localhost:8511/static/js/index.D2ZqaFuW.js:21
[ 4064541ms] [ERROR] Failed to load resource: net::ERR_CONNECTION_REFUSED @ http://localhost:8511/_stcore/host-config:0
[ 4066413ms] [ERROR] Failed to load resource: net::ERR_CONNECTION_REFUSED @ http://localhost:8511/_stcore/health:0
[ 4066413ms] [ERROR] Client Error in reaching server endpoint - No response received when attempting to reach /_stcore/health @ http://localhost:8511/static/js/index.D2ZqaFuW.js:16
[ 4066414ms] [ERROR] Is Streamlit still running? If you accidentally stopped Streamlit, just restart it in your terminal: @ http://localhost:8511/static/js/index.D2ZqaFuW.js:21
[ 4066541ms] [ERROR] Failed to load resource: net::ERR_CONNECTION_REFUSED @ http://localhost:8511/_stcore/host-config:0
[ 4068421ms] [ERROR] Failed to load resource: net::ERR_CONNECTION_REFUSED @ http://localhost:8511/_stcore/health:0
[ 4068421ms] [ERROR] Client Error in reaching server endpoint - No response received when attempting to reach /_stcore/health @ http://localhost:8511/static/js/index.D2ZqaFuW.js:16
[ 4068421ms] [ERROR] Is Streamlit still running? If you accidentally stopped Streamlit, just restart it in your terminal: @ http://localhost:8511/static/js/index.D2ZqaFuW.js:21
[ 4068553ms] [ERROR] Failed to load resource: net::ERR_CONNECTION_REFUSED @ http://localhost:8511/_stcore/host-config:0
[ 4070428ms] [ERROR] Failed to load resource: net::ERR_CONNECTION_REFUSED @ http://localhost:8511/_stcore/health:0
[ 4070429ms] [ERROR] Client Error in reaching server endpoint - No response received when attempting to reach /_stcore/health @ http://localhost:8511/static/js/index.D2ZqaFuW.js:16
[ 4070429ms] [ERROR] Is Streamlit still running? If you accidentally stopped Streamlit, just restart it in your terminal: @ http://localhost:8511/static/js/index.D2ZqaFuW.js:21
[ 4070545ms] [ERROR] Failed to load resource: net::ERR_CONNECTION_REFUSED @ http://localhost:8511/_stcore/host-config:0
[ 4072440ms] [ERROR] Failed to load resource: net::ERR_CONNECTION_REFUSED @ http://localhost:8511/_stcore/health:0
[ 4072440ms] [ERROR] Client Error in reaching server endpoint - No response received when attempting to reach /_stcore/health @ http://localhost:8511/static/js/index.D2ZqaFuW.js:16
[ 4072441ms] [ERROR] Is Streamlit still running? If you accidentally stopped Streamlit, just restart it in your terminal: @ http://localhost:8511/static/js/index.D2ZqaFuW.js:21
[ 4072722ms] [ERROR] Failed to load resource: net::ERR_CONNECTION_REFUSED @ http://localhost:8511/_stcore/host-config:0
[ 4074448ms] [ERROR] Failed to load resource: net::ERR_CONNECTION_REFUSED @ http://localhost:8511/_stcore/health:0
[ 4074449ms] [ERROR] Client Error in reaching server endpoint - No response received when attempting to reach /_stcore/health @ http://localhost:8511/static/js/index.D2ZqaFuW.js:16
[ 4074449ms] [ERROR] Is Streamlit still running? If you accidentally stopped Streamlit, just restart it in your terminal: @ http://localhost:8511/static/js/index.D2ZqaFuW.js:21
[ 4074554ms] [ERROR] Failed to load resource: net::ERR_CONNECTION_REFUSED @ http://localhost:8511/_stcore/host-config:0
[ 4076455ms] [ERROR] Failed to load resource: net::ERR_CONNECTION_REFUSED @ http://localhost:8511/_stcore/health:0
[ 4076455ms] [ERROR] Client Error in reaching server endpoint - No response received when attempting to reach /_stcore/health @ http://localhost:8511/static/js/index.D2ZqaFuW.js:16
[ 4076456ms] [ERROR] Is Streamlit still running? If you accidentally stopped Streamlit, just restart it in your terminal: @ http://localhost:8511/static/js/index.D2ZqaFuW.js:21
[ 4076599ms] [ERROR] Failed to load resource: net::ERR_CONNECTION_REFUSED @ http://localhost:8511/_stcore/host-config:0
[ 4078462ms] [ERROR] Failed to load resource: net::ERR_CONNECTION_REFUSED @ http://localhost:8511/_stcore/host-config:0
[ 4078462ms] [ERROR] Client Error in reaching server endpoint - No response received when attempting to reach /_stcore/host-config @ http://localhost:8511/static/js/index.D2ZqaFuW.js:16
[ 4078463ms] [ERROR] Is Streamlit still running? If you accidentally stopped Streamlit, just restart it in your terminal: @ http://localhost:8511/static/js/index.D2ZqaFuW.js:21
[ 4078572ms] [ERROR] Failed to load resource: net::ERR_CONNECTION_REFUSED @ http://localhost:8511/_stcore/health:0
[ 4080468ms] [ERROR] Failed to load resource: net::ERR_CONNECTION_REFUSED @ http://localhost:8511/_stcore/health:0
[ 4080469ms] [ERROR] Client Error in reaching server endpoint - No response received when attempting to reach /_stcore/health @ http://localhost:8511/static/js/index.D2ZqaFuW.js:16
[ 4080469ms] [ERROR] Is Streamlit still running? If you accidentally stopped Streamlit, just restart it in your terminal: @ http://localhost:8511/static/js/index.D2ZqaFuW.js:21
[ 4080573ms] [ERROR] Failed to load resource: net::ERR_CONNECTION_REFUSED @ http://localhost:8511/_stcore/host-config:0
[ 4082475ms] [ERROR] Failed to load resource: net::ERR_CONNECTION_REFUSED @ http://localhost:8511/_stcore/health:0
[ 4082475ms] [ERROR] Client Error in reaching server endpoint - No response received when attempting to reach /_stcore/health @ http://localhost:8511/static/js/index.D2ZqaFuW.js:16
[ 4082475ms] [ERROR] Is Streamlit still running? If you accidentally stopped Streamlit, just restart it in your terminal: @ http://localhost:8511/static/js/index.D2ZqaFuW.js:21
[ 4082614ms] [ERROR] Failed to load resource: net::ERR_CONNECTION_REFUSED @ http://localhost:8511/_stcore/host-config:0
[ 4084482ms] [ERROR] Failed to load resource: net::ERR_CONNECTION_REFUSED @ http://localhost:8511/_stcore/health:0
[ 4084482ms] [ERROR] Client Error in reaching server endpoint - No response received when attempting to reach /_stcore/health @ http://localhost:8511/static/js/index.D2ZqaFuW.js:16
[ 4084482ms] [ERROR] Is Streamlit still running? If you accidentally stopped Streamlit, just restart it in your terminal: @ http://localhost:8511/static/js/index.D2ZqaFuW.js:21
[ 4084595ms] [ERROR] Failed to load resource: net::ERR_CONNECTION_REFUSED @ http://localhost:8511/_stcore/host-config:0
[ 4086492ms] [ERROR] Failed to load resource: net::ERR_CONNECTION_REFUSED @ http://localhost:8511/_stcore/host-config:0
[ 4086492ms] [ERROR] Client Error in reaching server endpoint - No response received when attempting to reach /_stcore/host-config @ http://localhost:8511/static/js/index.D2ZqaFuW.js:16
[ 4086493ms] [ERROR] Is Streamlit still running? If you accidentally stopped Streamlit, just restart it in your terminal: @ http://localhost:8511/static/js/index.D2ZqaFuW.js:21
[ 4086773ms] [ERROR] Failed to load resource: net::ERR_CONNECTION_REFUSED @ http://localhost:8511/_stcore/health:0
[ 4088501ms] [ERROR] Failed to load resource: net::ERR_CONNECTION_REFUSED @ http://localhost:8511/_stcore/host-config:0
[ 4088501ms] [ERROR] Client Error in reaching server endpoint - No response received when attempting to reach /_stcore/host-config @ http://localhost:8511/static/js/index.D2ZqaFuW.js:16
[ 4088501ms] [ERROR] Is Streamlit still running? If you accidentally stopped Streamlit, just restart it in your terminal: @ http://localhost:8511/static/js/index.D2ZqaFuW.js:21
[ 4088702ms] [ERROR] Failed to load resource: net::ERR_CONNECTION_REFUSED @ http://localhost:8511/_stcore/health:0
[ 4090507ms] [ERROR] Failed to load resource: net::ERR_CONNECTION_REFUSED @ http://localhost:8511/_stcore/health:0
[ 4090507ms] [ERROR] Client Error in reaching server endpoint - No response received when attempting to reach /_stcore/health @ http://localhost:8511/static/js/index.D2ZqaFuW.js:16
[ 4090507ms] [ERROR] Is Streamlit still running? If you accidentally stopped Streamlit, just restart it in your terminal: @ http://localhost:8511/static/js/index.D2ZqaFuW.js:21
[ 4090666ms] [ERROR] Failed to load resource: net::ERR_CONNECTION_REFUSED @ http://localhost:8511/_stcore/host-config:0
[ 4092513ms] [ERROR] Failed to load resource: net::ERR_CONNECTION_REFUSED @ http://localhost:8511/_stcore/health:0
[ 4092513ms] [ERROR] Client Error in reaching server endpoint - No response received when attempting to reach /_stcore/health @ http://localhost:8511/static/js/index.D2ZqaFuW.js:16
[ 4092514ms] [ERROR] Is Streamlit still running? If you accidentally stopped Streamlit, just restart it in your terminal: @ http://localhost:8511/static/js/index.D2ZqaFuW.js:21
[ 4092838ms] [ERROR] Failed to load resource: net::ERR_CONNECTION_REFUSED @ http://localhost:8511/_stcore/host-config:0
[ 4094529ms] [ERROR] Failed to load resource: net::ERR_CONNECTION_REFUSED @ http://localhost:8511/_stcore/health:0
[ 4094529ms] [ERROR] Client Error in reaching server endpoint - No response received when attempting to reach /_stcore/health @ http://localhost:8511/static/js/index.D2ZqaFuW.js:16
[ 4094529ms] [ERROR] Is Streamlit still running? If you accidentally stopped Streamlit, just restart it in your terminal: @ http://localhost:8511/static/js/index.D2ZqaFuW.js:21
[ 4094723ms] [ERROR] Failed to load resource: net::ERR_CONNECTION_REFUSED @ http://localhost:8511/_stcore/host-config:0
[ 4096536ms] [ERROR] Failed to load resource: net::ERR_CONNECTION_REFUSED @ http://localhost:8511/_stcore/host-config:0
[ 4096536ms] [ERROR] Client Error in reaching server endpoint - No response received when attempting to reach /_stcore/host-config @ http://localhost:8511/static/js/index.D2ZqaFuW.js:16
[ 4096536ms] [ERROR] Is Streamlit still running? If you accidentally stopped Streamlit, just restart it in your terminal: @ http://localhost:8511/static/js/index.D2ZqaFuW.js:21
[ 4097024ms] [ERROR] Failed to load resource: net::ERR_CONNECTION_REFUSED @ http://localhost:8511/_stcore/health:0
[ 4098544ms] [ERROR] Failed to load resource: net::ERR_CONNECTION_REFUSED @ http://localhost:8511/_stcore/health:0
[ 4098544ms] [ERROR] Client Error in reaching server endpoint - No response received when attempting to reach /_stcore/health @ http://localhost:8511/static/js/index.D2ZqaFuW.js:16
[ 4098544ms] [ERROR] Is Streamlit still running? If you accidentally stopped Streamlit, just restart it in your terminal: @ http://localhost:8511/static/js/index.D2ZqaFuW.js:21
[ 4098661ms] [ERROR] Failed to load resource: net::ERR_CONNECTION_REFUSED @ http://localhost:8511/_stcore/host-config:0
[ 4100552ms] [ERROR] Failed to load resource: net::ERR_CONNECTION_REFUSED @ http://localhost:8511/_stcore/health:0
[ 4100552ms] [ERROR] Client Error in reaching server endpoint - No response received when attempting to reach /_stcore/health @ http://localhost:8511/static/js/index.D2ZqaFuW.js:16
[ 4100552ms] [ERROR] Is Streamlit still running? If you accidentally stopped Streamlit, just restart it in your terminal: @ http://localhost:8511/static/js/index.D2ZqaFuW.js:21
[ 4100661ms] [ERROR] Failed to load resource: net::ERR_CONNECTION_REFUSED @ http://localhost:8511/_stcore/host-config:0
[ 4102557ms] [ERROR] Failed to load resource: net::ERR_CONNECTION_REFUSED @ http://localhost:8511/_stcore/health:0
[ 4102557ms] [ERROR] Client Error in reaching server endpoint - No response received when attempting to reach /_stcore/health @ http://localhost:8511/static/js/index.D2ZqaFuW.js:16
[ 4102557ms] [ERROR] Is Streamlit still running? If you accidentally stopped Streamlit, just restart it in your terminal: @ http://localhost:8511/static/js/index.D2ZqaFuW.js:21
[ 4102681ms] [ERROR] Failed to load resource: net::ERR_CONNECTION_REFUSED @ http://localhost:8511/_stcore/host-config:0
[ 4104564ms] [ERROR] Failed to load resource: net::ERR_CONNECTION_REFUSED @ http://localhost:8511/_stcore/health:0
[ 4104565ms] [ERROR] Client Error in reaching server endpoint - No response received when attempting to reach /_stcore/health @ http://localhost:8511/static/js/index.D2ZqaFuW.js:16
[ 4104565ms] [ERROR] Is Streamlit still running? If you accidentally stopped Streamlit, just restart it in your terminal: @ http://localhost:8511/static/js/index.D2ZqaFuW.js:21
[ 4104673ms] [ERROR] Failed to load resource: net::ERR_CONNECTION_REFUSED @ http://localhost:8511/_stcore/host-config:0
[ 4106573ms] [ERROR] Failed to load resource: net::ERR_CONNECTION_REFUSED @ http://localhost:8511/_stcore/health:0
[ 4106573ms] [ERROR] Client Error in reaching server endpoint - No response received when attempting to reach /_stcore/health @ http://localhost:8511/static/js/index.D2ZqaFuW.js:16
[ 4106573ms] [ERROR] Is Streamlit still running? If you accidentally stopped Streamlit, just restart it in your terminal: @ http://localhost:8511/static/js/index.D2ZqaFuW.js:21
[ 4106701ms] [ERROR] Failed to load resource: net::ERR_CONNECTION_REFUSED @ http://localhost:8511/_stcore/host-config:0
[ 4108581ms] [ERROR] Failed to load resource: net::ERR_CONNECTION_REFUSED @ http://localhost:8511/_stcore/health:0
[ 4108581ms] [ERROR] Client Error in reaching server endpoint - No response received when attempting to reach /_stcore/health @ http://localhost:8511/static/js/index.D2ZqaFuW.js:16
[ 4108581ms] [ERROR] Is Streamlit still running? If you accidentally stopped Streamlit, just restart it in your terminal: @ http://localhost:8511/static/js/index.D2ZqaFuW.js:21
[ 4108581ms] [ERROR] Failed to load resource: net::ERR_CONNECTION_REFUSED @ http://localhost:8511/_stcore/host-config:0
[ 4110589ms] [ERROR] Failed to load resource: net::ERR_CONNECTION_REFUSED @ http://localhost:8511/_stcore/health:0
[ 4110589ms] [ERROR] Client Error in reaching server endpoint - No response received when attempting to reach /_stcore/health @ http://localhost:8511/static/js/index.D2ZqaFuW.js:16
[ 4110589ms] [ERROR] Is Streamlit still running? If you accidentally stopped Streamlit, just restart it in your terminal: @ http://localhost:8511/static/js/index.D2ZqaFuW.js:21
[ 4110697ms] [ERROR] Failed to load resource: net::ERR_CONNECTION_REFUSED @ http://localhost:8511/_stcore/host-config:0
[ 4112596ms] [ERROR] Failed to load resource: net::ERR_CONNECTION_REFUSED @ http://localhost:8511/_stcore/health:0
[ 4112597ms] [ERROR] Client Error in reaching server endpoint - No response received when attempting to reach /_stcore/health @ http://localhost:8511/static/js/index.D2ZqaFuW.js:16
[ 4112597ms] [ERROR] Is Streamlit still running? If you accidentally stopped Streamlit, just restart it in your terminal: @ http://localhost:8511/static/js/index.D2ZqaFuW.js:21
[ 4112727ms] [ERROR] Failed to load resource: net::ERR_CONNECTION_REFUSED @ http://localhost:8511/_stcore/host-config:0
[ 4114605ms] [ERROR] Failed to load resource: net::ERR_CONNECTION_REFUSED @ http://localhost:8511/_stcore/health:0
[ 4114605ms] [ERROR] Client Error in reaching server endpoint - No response received when attempting to reach /_stcore/health @ http://localhost:8511/static/js/index.D2ZqaFuW.js:16
[ 4114605ms] [ERROR] Is Streamlit still running? If you accidentally stopped Streamlit, just restart it in your terminal: @ http://localhost:8511/static/js/index.D2ZqaFuW.js:21
[ 4114713ms] [ERROR] Failed to load resource: net::ERR_CONNECTION_REFUSED @ http://localhost:8511/_stcore/host-config:0
[ 4116613ms] [ERROR] Failed to load resource: net::ERR_CONNECTION_REFUSED @ http://localhost:8511/_stcore/host-config:0
[ 4116614ms] [ERROR] Client Error in reaching server endpoint - No response received when attempting to reach /_stcore/host-config @ http://localhost:8511/static/js/index.D2ZqaFuW.js:16
[ 4116614ms] [ERROR] Is Streamlit still running? If you accidentally stopped Streamlit, just restart it in your terminal: @ http://localhost:8511/static/js/index.D2ZqaFuW.js:21
[ 4116741ms] [ERROR] Failed to load resource: net::ERR_CONNECTION_REFUSED @ http://localhost:8511/_stcore/health:0
[ 4118621ms] [ERROR] Failed to load resource: net::ERR_CONNECTION_REFUSED @ http://localhost:8511/_stcore/health:0
[ 4118622ms] [ERROR] Client Error in reaching server endpoint - No response received when attempting to reach /_stcore/health @ http://localhost:8511/static/js/index.D2ZqaFuW.js:16
[ 4118622ms] [ERROR] Is Streamlit still running? If you accidentally stopped Streamlit, just restart it in your terminal: @ http://localhost:8511/static/js/index.D2ZqaFuW.js:21
[ 4118733ms] [ERROR] Failed to load resource: net::ERR_CONNECTION_REFUSED @ http://localhost:8511/_stcore/host-config:0
[ 4120629ms] [ERROR] Failed to load resource: net::ERR_CONNECTION_REFUSED @ http://localhost:8511/_stcore/health:0
[ 4120630ms] [ERROR] Client Error in reaching server endpoint - No response received when attempting to reach /_stcore/health @ http://localhost:8511/static/js/index.D2ZqaFuW.js:16
[ 4120630ms] [ERROR] Is Streamlit still running? If you accidentally stopped Streamlit, just restart it in your terminal: @ http://localhost:8511/static/js/index.D2ZqaFuW.js:21
[ 4120739ms] [ERROR] Failed to load resource: net::ERR_CONNECTION_REFUSED @ http://localhost:8511/_stcore/host-config:0
[ 4122637ms] [ERROR] Failed to load resource: net::ERR_CONNECTION_REFUSED @ http://localhost:8511/_stcore/host-config:0
[ 4122638ms] [ERROR] Client Error in reaching server endpoint - No response received when attempting to reach /_stcore/host-config @ http://localhost:8511/static/js/index.D2ZqaFuW.js:16
[ 4122638ms] [ERROR] Is Streamlit still running? If you accidentally stopped Streamlit, just restart it in your terminal: @ http://localhost:8511/static/js/index.D2ZqaFuW.js:21
[ 4122769ms] [ERROR] Failed to load resource: net::ERR_CONNECTION_REFUSED @ http://localhost:8511/_stcore/health:0
[ 4124646ms] [ERROR] Failed to load resource: net::ERR_CONNECTION_REFUSED @ http://localhost:8511/_stcore/health:0
[ 4124646ms] [ERROR] Client Error in reaching server endpoint - No response received when attempting to reach /_stcore/health @ http://localhost:8511/static/js/index.D2ZqaFuW.js:16
[ 4124646ms] [ERROR] Is Streamlit still running? If you accidentally stopped Streamlit, just restart it in your terminal: @ http://localhost:8511/static/js/index.D2ZqaFuW.js:21
[ 4124781ms] [ERROR] Failed to load resource: net::ERR_CONNECTION_REFUSED @ http://localhost:8511/_stcore/host-config:0
[ 4126652ms] [ERROR] Failed to load resource: net::ERR_CONNECTION_REFUSED @ http://localhost:8511/_stcore/health:0
[ 4126652ms] [ERROR] Client Error in reaching server endpoint - No response received when attempting to reach /_stcore/health @ http://localhost:8511/static/js/index.D2ZqaFuW.js:16
[ 4126652ms] [ERROR] Is Streamlit still running? If you accidentally stopped Streamlit, just restart it in your terminal: @ http://localhost:8511/static/js/index.D2ZqaFuW.js:21
[ 4126825ms] [ERROR] Failed to load resource: net::ERR_CONNECTION_REFUSED @ http://localhost:8511/_stcore/host-config:0
[ 4128659ms] [ERROR] Failed to load resource: net::ERR_CONNECTION_REFUSED @ http://localhost:8511/_stcore/health:0
[ 4128659ms] [ERROR] Client Error in reaching server endpoint - No response received when attempting to reach /_stcore/health @ http://localhost:8511/static/js/index.D2ZqaFuW.js:16
[ 4128660ms] [ERROR] Is Streamlit still running? If you accidentally stopped Streamlit, just restart it in your terminal: @ http://localhost:8511/static/js/index.D2ZqaFuW.js:21
[ 4128794ms] [ERROR] Failed to load resource: net::ERR_CONNECTION_REFUSED @ http://localhost:8511/_stcore/host-config:0
[ 4130667ms] [ERROR] Failed to load resource: net::ERR_CONNECTION_REFUSED @ http://localhost:8511/_stcore/host-config:0
[ 4130667ms] [ERROR] Client Error in reaching server endpoint - No response received when attempting to reach /_stcore/host-config @ http://localhost:8511/static/js/index.D2ZqaFuW.js:16
[ 4130668ms] [ERROR] Is Streamlit still running? If you accidentally stopped Streamlit, just restart it in your terminal: @ http://localhost:8511/static/js/index.D2ZqaFuW.js:21
[ 4130793ms] [ERROR] Failed to load resource: net::ERR_CONNECTION_REFUSED @ http://localhost:8511/_stcore/health:0
[ 4132676ms] [ERROR] Failed to load resource: net::ERR_CONNECTION_REFUSED @ http://localhost:8511/_stcore/host-config:0
[ 4132676ms] [ERROR] Client Error in reaching server endpoint - No response received when attempting to reach /_stcore/host-config @ http://localhost:8511/static/js/index.D2ZqaFuW.js:16
[ 4132676ms] [ERROR] Is Streamlit still running? If you accidentally stopped Streamlit, just restart it in your terminal: @ http://localhost:8511/static/js/index.D2ZqaFuW.js:21
[ 4132844ms] [ERROR] Failed to load resource: net::ERR_CONNECTION_REFUSED @ http://localhost:8511/_stcore/health:0
[ 4134684ms] [ERROR] Failed to load resource: net::ERR_CONNECTION_REFUSED @ http://localhost:8511/_stcore/health:0
[ 4134684ms] [ERROR] Client Error in reaching server endpoint - No response received when attempting to reach /_stcore/health @ http://localhost:8511/static/js/index.D2ZqaFuW.js:16
[ 4134684ms] [ERROR] Is Streamlit still running? If you accidentally stopped Streamlit, just restart it in your terminal: @ http://localhost:8511/static/js/index.D2ZqaFuW.js:21
[ 4134948ms] [ERROR] Failed to load resource: net::ERR_CONNECTION_REFUSED @ http://localhost:8511/_stcore/host-config:0
[ 4136691ms] [ERROR] Failed to load resource: net::ERR_CONNECTION_REFUSED @ http://localhost:8511/_stcore/health:0
[ 4136691ms] [ERROR] Client Error in reaching server endpoint - No response received when attempting to reach /_stcore/health @ http://localhost:8511/static/js/index.D2ZqaFuW.js:16
[ 4136691ms] [ERROR] Is Streamlit still running? If you accidentally stopped Streamlit, just restart it in your terminal: @ http://localhost:8511/static/js/index.D2ZqaFuW.js:21
[ 4136898ms] [ERROR] Failed to load resource: net::ERR_CONNECTION_REFUSED @ http://localhost:8511/_stcore/host-config:0
[ 4138698ms] [ERROR] Failed to load resource: net::ERR_CONNECTION_REFUSED @ http://localhost:8511/_stcore/health:0
[ 4138698ms] [ERROR] Client Error in reaching server endpoint - No response received when attempting to reach /_stcore/health @ http://localhost:8511/static/js/index.D2ZqaFuW.js:16
[ 4138698ms] [ERROR] Is Streamlit still running? If you accidentally stopped Streamlit, just restart it in your terminal: @ http://localhost:8511/static/js/index.D2ZqaFuW.js:21
[ 4138861ms] [ERROR] Failed to load resource: net::ERR_CONNECTION_REFUSED @ http://localhost:8511/_stcore/host-config:0
[ 4140734ms] [ERROR] Failed to load resource: net::ERR_CONNECTION_REFUSED @ http://localhost:8511/_stcore/health:0
[ 4140735ms] [ERROR] Client Error in reaching server endpoint - No response received when attempting to reach /_stcore/health @ http://localhost:8511/static/js/index.D2ZqaFuW.js:16
[ 4140735ms] [ERROR] Is Streamlit still running? If you accidentally stopped Streamlit, just restart it in your terminal: @ http://localhost:8511/static/js/index.D2ZqaFuW.js:21
[ 4141064ms] [ERROR] Failed to load resource: net::ERR_CONNECTION_REFUSED @ http://localhost:8511/_stcore/host-config:0
[ 4142749ms] [ERROR] Failed to load resource: net::ERR_CONNECTION_REFUSED @ http://localhost:8511/_stcore/host-config:0
[ 4142749ms] [ERROR] Client Error in reaching server endpoint - No response received when attempting to reach /_stcore/host-config @ http://localhost:8511/static/js/index.D2ZqaFuW.js:16
[ 4142749ms] [ERROR] Is Streamlit still running? If you accidentally stopped Streamlit, just restart it in your terminal: @ http://localhost:8511/static/js/index.D2ZqaFuW.js:21
[ 4143013ms] [ERROR] Failed to load resource: net::ERR_CONNECTION_REFUSED @ http://localhost:8511/_stcore/health:0
[ 4144756ms] [ERROR] Failed to load resource: net::ERR_CONNECTION_REFUSED @ http://localhost:8511/_stcore/health:0
[ 4144756ms] [ERROR] Client Error in reaching server endpoint - No response received when attempting to reach /_stcore/health @ http://localhost:8511/static/js/index.D2ZqaFuW.js:16
[ 4144756ms] [ERROR] Is Streamlit still running? If you accidentally stopped Streamlit, just restart it in your terminal: @ http://localhost:8511/static/js/index.D2ZqaFuW.js:21
[ 4144967ms] [ERROR] Failed to load resource: net::ERR_CONNECTION_REFUSED @ http://localhost:8511/_stcore/host-config:0
[ 4146772ms] [ERROR] Failed to load resource: net::ERR_CONNECTION_REFUSED @ http://localhost:8511/_stcore/host-config:0
[ 4146772ms] [ERROR] Client Error in reaching server endpoint - No response received when attempting to reach /_stcore/host-config @ http://localhost:8511/static/js/index.D2ZqaFuW.js:16
[ 4146773ms] [ERROR] Is Streamlit still running? If you accidentally stopped Streamlit, just restart it in your terminal: @ http://localhost:8511/static/js/index.D2ZqaFuW.js:21
[ 4146975ms] [ERROR] Failed to load resource: net::ERR_CONNECTION_REFUSED @ http://localhost:8511/_stcore/health:0
[ 4148781ms] [ERROR] Failed to load resource: net::ERR_CONNECTION_REFUSED @ http://localhost:8511/_stcore/health:0
[ 4148781ms] [ERROR] Client Error in reaching server endpoint - No response received when attempting to reach /_stcore/health @ http://localhost:8511/static/js/index.D2ZqaFuW.js:16
[ 4148781ms] [ERROR] Is Streamlit still running? If you accidentally stopped Streamlit, just restart it in your terminal: @ http://localhost:8511/static/js/index.D2ZqaFuW.js:21
[ 4148906ms] [ERROR] Failed to load resource: net::ERR_CONNECTION_REFUSED @ http://localhost:8511/_stcore/host-config:0
[ 4150790ms] [ERROR] Failed to load resource: net::ERR_CONNECTION_REFUSED @ http://localhost:8511/_stcore/host-config:0
[ 4150790ms] [ERROR] Client Error in reaching server endpoint - No response received when attempting to reach /_stcore/host-config @ http://localhost:8511/static/js/index.D2ZqaFuW.js:16
[ 4150790ms] [ERROR] Is Streamlit still running? If you accidentally stopped Streamlit, just restart it in your terminal: @ http://localhost:8511/static/js/index.D2ZqaFuW.js:21
[ 4151043ms] [ERROR] Failed to load resource: net::ERR_CONNECTION_REFUSED @ http://localhost:8511/_stcore/health:0
[ 4152799ms] [ERROR] Failed to load resource: net::ERR_CONNECTION_REFUSED @ http://localhost:8511/_stcore/host-config:0
[ 4152799ms] [ERROR] Client Error in reaching server endpoint - No response received when attempting to reach /_stcore/host-config @ http://localhost:8511/static/js/index.D2ZqaFuW.js:16
[ 4152800ms] [ERROR] Is Streamlit still running? If you accidentally stopped Streamlit, just restart it in your terminal: @ http://localhost:8511/static/js/index.D2ZqaFuW.js:21
[ 4152922ms] [ERROR] Failed to load resource: net::ERR_CONNECTION_REFUSED @ http://localhost:8511/_stcore/health:0
[ 4154810ms] [ERROR] Failed to load resource: net::ERR_CONNECTION_REFUSED @ http://localhost:8511/_stcore/health:0
[ 4154810ms] [ERROR] Client Error in reaching server endpoint - No response received when attempting to reach /_stcore/health @ http://localhost:8511/static/js/index.D2ZqaFuW.js:16
[ 4154811ms] [ERROR] Is Streamlit still running? If you accidentally stopped Streamlit, just restart it in your terminal: @ http://localhost:8511/static/js/index.D2ZqaFuW.js:21
[ 4155009ms] [ERROR] Failed to load resource: net::ERR_CONNECTION_REFUSED @ http://localhost:8511/_stcore/host-config:0
[ 4156816ms] [ERROR] Failed to load resource: net::ERR_CONNECTION_REFUSED @ http://localhost:8511/_stcore/health:0
[ 4156817ms] [ERROR] Client Error in reaching server endpoint - No response received when attempting to reach /_stcore/health @ http://localhost:8511/static/js/index.D2ZqaFuW.js:16
[ 4156817ms] [ERROR] Is Streamlit still running? If you accidentally stopped Streamlit, just restart it in your terminal: @ http://localhost:8511/static/js/index.D2ZqaFuW.js:21
[ 4156968ms] [ERROR] Failed to load resource: net::ERR_CONNECTION_REFUSED @ http://localhost:8511/_stcore/host-config:0
[ 4158823ms] [ERROR] Failed to load resource: net::ERR_CONNECTION_REFUSED @ http://localhost:8511/_stcore/health:0
[ 4158823ms] [ERROR] Client Error in reaching server endpoint - No response received when attempting to reach /_stcore/health @ http://localhost:8511/static/js/index.D2ZqaFuW.js:16
[ 4158823ms] [ERROR] Is Streamlit still running? If you accidentally stopped Streamlit, just restart it in your terminal: @ http://localhost:8511/static/js/index.D2ZqaFuW.js:21
[ 4158823ms] [ERROR] Failed to load resource: net::ERR_CONNECTION_REFUSED @ http://localhost:8511/_stcore/host-config:0
[ 4160831ms] [ERROR] Failed to load resource: net::ERR_CONNECTION_REFUSED @ http://localhost:8511/_stcore/host-config:0
[ 4160831ms] [ERROR] Client Error in reaching server endpoint - No response received when attempting to reach /_stcore/host-config @ http://localhost:8511/static/js/index.D2ZqaFuW.js:16
[ 4160832ms] [ERROR] Is Streamlit still running? If you accidentally stopped Streamlit, just restart it in your terminal: @ http://localhost:8511/static/js/index.D2ZqaFuW.js:21
[ 4161027ms] [ERROR] Failed to load resource: net::ERR_CONNECTION_REFUSED @ http://localhost:8511/_stcore/health:0
[ 4162842ms] [ERROR] Failed to load resource: net::ERR_CONNECTION_REFUSED @ http://localhost:8511/_stcore/health:0
[ 4162842ms] [ERROR] Client Error in reaching server endpoint - No response received when attempting to reach /_stcore/health @ http://localhost:8511/static/js/index.D2ZqaFuW.js:16
[ 4162843ms] [ERROR] Is Streamlit still running? If you accidentally stopped Streamlit, just restart it in your terminal: @ http://localhost:8511/static/js/index.D2ZqaFuW.js:21
[ 4163028ms] [ERROR] Failed to load resource: net::ERR_CONNECTION_REFUSED @ http://localhost:8511/_stcore/host-config:0
[ 4164849ms] [ERROR] Failed to load resource: net::ERR_CONNECTION_REFUSED @ http://localhost:8511/_stcore/health:0
[ 4164849ms] [ERROR] Client Error in reaching server endpoint - No response received when attempting to reach /_stcore/health @ http://localhost:8511/static/js/index.D2ZqaFuW.js:16
[ 4164849ms] [ERROR] Is Streamlit still running? If you accidentally stopped Streamlit, just restart it in your terminal: @ http://localhost:8511/static/js/index.D2ZqaFuW.js:21
[ 4165130ms] [ERROR] Failed to load resource: net::ERR_CONNECTION_REFUSED @ http://localhost:8511/_stcore/host-config:0
[ 4166856ms] [ERROR] Failed to load resource: net::ERR_CONNECTION_REFUSED @ http://localhost:8511/_stcore/health:0
[ 4166856ms] [ERROR] Client Error in reaching server endpoint - No response received when attempting to reach /_stcore/health @ http://localhost:8511/static/js/index.D2ZqaFuW.js:16
[ 4166857ms] [ERROR] Is Streamlit still running? If you accidentally stopped Streamlit, just restart it in your terminal: @ http://localhost:8511/static/js/index.D2ZqaFuW.js:21
[ 4167086ms] [ERROR] Failed to load resource: net::ERR_CONNECTION_REFUSED @ http://localhost:8511/_stcore/host-config:0
[ 4168884ms] [ERROR] Failed to load resource: net::ERR_CONNECTION_REFUSED @ http://localhost:8511/_stcore/health:0
[ 4168885ms] [ERROR] Client Error in reaching server endpoint - No response received when attempting to reach /_stcore/health @ http://localhost:8511/static/js/index.D2ZqaFuW.js:16
[ 4168885ms] [ERROR] Is Streamlit still running? If you accidentally stopped Streamlit, just restart it in your terminal: @ http://localhost:8511/static/js/index.D2ZqaFuW.js:21
[ 4169215ms] [ERROR] Failed to load resource: net::ERR_CONNECTION_REFUSED @ http://localhost:8511/_stcore/host-config:0
[ 4170890ms] [ERROR] Failed to load resource: net::ERR_CONNECTION_REFUSED @ http://localhost:8511/_stcore/health:0
[ 4170890ms] [ERROR] Client Error in reaching server endpoint - No response received when attempting to reach /_stcore/health @ http://localhost:8511/static/js/index.D2ZqaFuW.js:16
[ 4170891ms] [ERROR] Is Streamlit still running? If you accidentally stopped Streamlit, just restart it in your terminal: @ http://localhost:8511/static/js/index.D2ZqaFuW.js:21
[ 4171227ms] [ERROR] Failed to load resource: net::ERR_CONNECTION_REFUSED @ http://localhost:8511/_stcore/host-config:0
[ 4172898ms] [ERROR] Failed to load resource: net::ERR_CONNECTION_REFUSED @ http://localhost:8511/_stcore/host-config:0
[ 4172898ms] [ERROR] Client Error in reaching server endpoint - No response received when attempting to reach /_stcore/host-config @ http://localhost:8511/static/js/index.D2ZqaFuW.js:16
[ 4172899ms] [ERROR] Is Streamlit still running? If you accidentally stopped Streamlit, just restart it in your terminal: @ http://localhost:8511/static/js/index.D2ZqaFuW.js:21
[ 4173004ms] [ERROR] Failed to load resource: net::ERR_CONNECTION_REFUSED @ http://localhost:8511/_stcore/health:0
[ 4174906ms] [ERROR] Failed to load resource: net::ERR_CONNECTION_REFUSED @ http://localhost:8511/_stcore/host-config:0
[ 4174906ms] [ERROR] Client Error in reaching server endpoint - No response received when attempting to reach /_stcore/host-config @ http://localhost:8511/static/js/index.D2ZqaFuW.js:16
[ 4174907ms] [ERROR] Is Streamlit still running? If you accidentally stopped Streamlit, just restart it in your terminal: @ http://localhost:8511/static/js/index.D2ZqaFuW.js:21
[ 4175317ms] [ERROR] Failed to load resource: net::ERR_CONNECTION_REFUSED @ http://localhost:8511/_stcore/health:0
[ 4176912ms] [ERROR] Failed to load resource: net::ERR_CONNECTION_REFUSED @ http://localhost:8511/_stcore/health:0
[ 4176912ms] [ERROR] Client Error in reaching server endpoint - No response received when attempting to reach /_stcore/health @ http://localhost:8511/static/js/index.D2ZqaFuW.js:16
[ 4176912ms] [ERROR] Is Streamlit still running? If you accidentally stopped Streamlit, just restart it in your terminal: @ http://localhost:8511/static/js/index.D2ZqaFuW.js:21
[ 4177371ms] [ERROR] Failed to load resource: net::ERR_CONNECTION_REFUSED @ http://localhost:8511/_stcore/host-config:0
[ 4178919ms] [ERROR] Failed to load resource: net::ERR_CONNECTION_REFUSED @ http://localhost:8511/_stcore/health:0
[ 4178920ms] [ERROR] Client Error in reaching server endpoint - No response received when attempting to reach /_stcore/health @ http://localhost:8511/static/js/index.D2ZqaFuW.js:16
[ 4178920ms] [ERROR] Is Streamlit still running? If you accidentally stopped Streamlit, just restart it in your terminal: @ http://localhost:8511/static/js/index.D2ZqaFuW.js:21
[ 4179281ms] [ERROR] Failed to load resource: net::ERR_CONNECTION_REFUSED @ http://localhost:8511/_stcore/host-config:0
[ 4180925ms] [ERROR] Failed to load resource: net::ERR_CONNECTION_REFUSED @ http://localhost:8511/_stcore/health:0
[ 4180925ms] [ERROR] Client Error in reaching server endpoint - No response received when attempting to reach /_stcore/health @ http://localhost:8511/static/js/index.D2ZqaFuW.js:16
[ 4180925ms] [ERROR] Is Streamlit still running? If you accidentally stopped Streamlit, just restart it in your terminal: @ http://localhost:8511/static/js/index.D2ZqaFuW.js:21
[ 4181115ms] [ERROR] Failed to load resource: net::ERR_CONNECTION_REFUSED @ http://localhost:8511/_stcore/host-config:0
[ 4182933ms] [ERROR] Failed to load resource: net::ERR_CONNECTION_REFUSED @ http://localhost:8511/_stcore/host-config:0
[ 4182933ms] [ERROR] Client Error in reaching server endpoint - No response received when attempting to reach /_stcore/host-config @ http://localhost:8511/static/js/index.D2ZqaFuW.js:16
[ 4182934ms] [ERROR] Is Streamlit still running? If you accidentally stopped Streamlit, just restart it in your terminal: @ http://localhost:8511/static/js/index.D2ZqaFuW.js:21
[ 4183095ms] [ERROR] Failed to load resource: net::ERR_CONNECTION_REFUSED @ http://localhost:8511/_stcore/health:0
[ 4184942ms] [ERROR] Failed to load resource: net::ERR_CONNECTION_REFUSED @ http://localhost:8511/_stcore/health:0
[ 4184942ms] [ERROR] Client Error in reaching server endpoint - No response received when attempting to reach /_stcore/health @ http://localhost:8511/static/js/index.D2ZqaFuW.js:16
[ 4184942ms] [ERROR] Is Streamlit still running? If you accidentally stopped Streamlit, just restart it in your terminal: @ http://localhost:8511/static/js/index.D2ZqaFuW.js:21
[ 4185094ms] [ERROR] Failed to load resource: net::ERR_CONNECTION_REFUSED @ http://localhost:8511/_stcore/host-config:0
[ 4186949ms] [ERROR] Failed to load resource: net::ERR_CONNECTION_REFUSED @ http://localhost:8511/_stcore/health:0
[ 4186949ms] [ERROR] Client Error in reaching server endpoint - No response received when attempting to reach /_stcore/health @ http://localhost:8511/static/js/index.D2ZqaFuW.js:16
[ 4186949ms] [ERROR] Is Streamlit still running? If you accidentally stopped Streamlit, just restart it in your terminal: @ http://localhost:8511/static/js/index.D2ZqaFuW.js:21
[ 4187390ms] [ERROR] Failed to load resource: net::ERR_CONNECTION_REFUSED @ http://localhost:8511/_stcore/host-config:0
[ 4188955ms] [ERROR] Failed to load resource: net::ERR_CONNECTION_REFUSED @ http://localhost:8511/_stcore/health:0
[ 4188955ms] [ERROR] Client Error in reaching server endpoint - No response received when attempting to reach /_stcore/health @ http://localhost:8511/static/js/index.D2ZqaFuW.js:16
[ 4188955ms] [ERROR] Is Streamlit still running? If you accidentally stopped Streamlit, just restart it in your terminal: @ http://localhost:8511/static/js/index.D2ZqaFuW.js:21
[ 4189980ms] [ERROR] Failed to load resource: net::ERR_CONNECTION_REFUSED @ http://localhost:8511/_stcore/host-config:0
[ 4190960ms] [ERROR] Failed to load resource: net::ERR_CONNECTION_REFUSED @ http://localhost:8511/_stcore/health:0
[ 4190960ms] [ERROR] Client Error in reaching server endpoint - No response received when attempting to reach /_stcore/health @ http://localhost:8511/static/js/index.D2ZqaFuW.js:16
[ 4190961ms] [ERROR] Is Streamlit still running? If you accidentally stopped Streamlit, just restart it in your terminal: @ http://localhost:8511/static/js/index.D2ZqaFuW.js:21
[ 4191305ms] [ERROR] Failed to load resource: net::ERR_CONNECTION_REFUSED @ http://localhost:8511/_stcore/host-config:0
[ 4192966ms] [ERROR] Failed to load resource: net::ERR_CONNECTION_REFUSED @ http://localhost:8511/_stcore/health:0
[ 4192966ms] [ERROR] Client Error in reaching server endpoint - No response received when attempting to reach /_stcore/health @ http://localhost:8511/static/js/index.D2ZqaFuW.js:16
[ 4192967ms] [ERROR] Is Streamlit still running? If you accidentally stopped Streamlit, just restart it in your terminal: @ http://localhost:8511/static/js/index.D2ZqaFuW.js:21
[ 4193076ms] [ERROR] Failed to load resource: net::ERR_CONNECTION_REFUSED @ http://localhost:8511/_stcore/host-config:0
[ 4194973ms] [ERROR] Failed to load resource: net::ERR_CONNECTION_REFUSED @ http://localhost:8511/_stcore/health:0
[ 4194973ms] [ERROR] Client Error in reaching server endpoint - No response received when attempting to reach /_stcore/health @ http://localhost:8511/static/js/index.D2ZqaFuW.js:16
[ 4194973ms] [ERROR] Is Streamlit still running? If you accidentally stopped Streamlit, just restart it in your terminal: @ http://localhost:8511/static/js/index.D2ZqaFuW.js:21
[ 4195188ms] [ERROR] Failed to load resource: net::ERR_CONNECTION_REFUSED @ http://localhost:8511/_stcore/host-config:0
[ 4196982ms] [ERROR] Failed to load resource: net::ERR_CONNECTION_REFUSED @ http://localhost:8511/_stcore/health:0
[ 4196982ms] [ERROR] Client Error in reaching server endpoint - No response received when attempting to reach /_stcore/health @ http://localhost:8511/static/js/index.D2ZqaFuW.js:16
[ 4196983ms] [ERROR] Is Streamlit still running? If you accidentally stopped Streamlit, just restart it in your terminal: @ http://localhost:8511/static/js/index.D2ZqaFuW.js:21
[ 4197097ms] [ERROR] Failed to load resource: net::ERR_CONNECTION_REFUSED @ http://localhost:8511/_stcore/host-config:0
[ 4198991ms] [ERROR] Failed to load resource: net::ERR_CONNECTION_REFUSED @ http://localhost:8511/_stcore/health:0
[ 4198991ms] [ERROR] Client Error in reaching server endpoint - No response received when attempting to reach /_stcore/health @ http://localhost:8511/static/js/index.D2ZqaFuW.js:16
[ 4198991ms] [ERROR] Is Streamlit still running? If you accidentally stopped Streamlit, just restart it in your terminal: @ http://localhost:8511/static/js/index.D2ZqaFuW.js:21
[ 4199122ms] [ERROR] Failed to load resource: net::ERR_CONNECTION_REFUSED @ http://localhost:8511/_stcore/host-config:0
[ 4200998ms] [ERROR] Failed to load resource: net::ERR_CONNECTION_REFUSED @ http://localhost:8511/_stcore/health:0
[ 4200998ms] [ERROR] Client Error in reaching server endpoint - No response received when attempting to reach /_stcore/health @ http://localhost:8511/static/js/index.D2ZqaFuW.js:16
[ 4200999ms] [ERROR] Is Streamlit still running? If you accidentally stopped Streamlit, just restart it in your terminal: @ http://localhost:8511/static/js/index.D2ZqaFuW.js:21
[ 4201131ms] [ERROR] Failed to load resource: net::ERR_CONNECTION_REFUSED @ http://localhost:8511/_stcore/host-config:0
[ 4203006ms] [ERROR] Failed to load resource: net::ERR_CONNECTION_REFUSED @ http://localhost:8511/_stcore/host-config:0
[ 4203007ms] [ERROR] Client Error in reaching server endpoint - No response received when attempting to reach /_stcore/host-config @ http://localhost:8511/static/js/index.D2ZqaFuW.js:16
[ 4203007ms] [ERROR] Is Streamlit still running? If you accidentally stopped Streamlit, just restart it in your terminal: @ http://localhost:8511/static/js/index.D2ZqaFuW.js:21
[ 4203127ms] [ERROR] Failed to load resource: net::ERR_CONNECTION_REFUSED @ http://localhost:8511/_stcore/health:0
[ 4205012ms] [ERROR] Failed to load resource: net::ERR_CONNECTION_REFUSED @ http://localhost:8511/_stcore/health:0
[ 4205013ms] [ERROR] Client Error in reaching server endpoint - No response received when attempting to reach /_stcore/health @ http://localhost:8511/static/js/index.D2ZqaFuW.js:16
[ 4205013ms] [ERROR] Is Streamlit still running? If you accidentally stopped Streamlit, just restart it in your terminal: @ http://localhost:8511/static/js/index.D2ZqaFuW.js:21
[ 4205186ms] [ERROR] Failed to load resource: net::ERR_CONNECTION_REFUSED @ http://localhost:8511/_stcore/host-config:0
[ 4207019ms] [ERROR] Failed to load resource: net::ERR_CONNECTION_REFUSED @ http://localhost:8511/_stcore/health:0
[ 4207019ms] [ERROR] Client Error in reaching server endpoint - No response received when attempting to reach /_stcore/health @ http://localhost:8511/static/js/index.D2ZqaFuW.js:16
[ 4207019ms] [ERROR] Is Streamlit still running? If you accidentally stopped Streamlit, just restart it in your terminal: @ http://localhost:8511/static/js/index.D2ZqaFuW.js:21
[ 4207020ms] [ERROR] Failed to load resource: net::ERR_CONNECTION_REFUSED @ http://localhost:8511/_stcore/host-config:0
[ 4209030ms] [ERROR] Failed to load resource: net::ERR_CONNECTION_REFUSED @ http://localhost:8511/_stcore/health:0
[ 4209030ms] [ERROR] Client Error in reaching server endpoint - No response received when attempting to reach /_stcore/health @ http://localhost:8511/static/js/index.D2ZqaFuW.js:16
[ 4209031ms] [ERROR] Is Streamlit still running? If you accidentally stopped Streamlit, just restart it in your terminal: @ http://localhost:8511/static/js/index.D2ZqaFuW.js:21
[ 4209310ms] [ERROR] Failed to load resource: net::ERR_CONNECTION_REFUSED @ http://localhost:8511/_stcore/host-config:0
[ 4211049ms] [ERROR] Failed to load resource: net::ERR_CONNECTION_REFUSED @ http://localhost:8511/_stcore/health:0
[ 4211051ms] [ERROR] Client Error in reaching server endpoint - No response received when attempting to reach /_stcore/health @ http://localhost:8511/static/js/index.D2ZqaFuW.js:16
[ 4211051ms] [ERROR] Is Streamlit still running? If you accidentally stopped Streamlit, just restart it in your terminal: @ http://localhost:8511/static/js/index.D2ZqaFuW.js:21
[ 4211246ms] [ERROR] Failed to load resource: net::ERR_CONNECTION_REFUSED @ http://localhost:8511/_stcore/host-config:0
[ 4213063ms] [ERROR] Failed to load resource: net::ERR_CONNECTION_REFUSED @ http://localhost:8511/_stcore/health:0
[ 4213064ms] [ERROR] Client Error in reaching server endpoint - No response received when attempting to reach /_stcore/health @ http://localhost:8511/static/js/index.D2ZqaFuW.js:16
[ 4213064ms] [ERROR] Is Streamlit still running? If you accidentally stopped Streamlit, just restart it in your terminal: @ http://localhost:8511/static/js/index.D2ZqaFuW.js:21
[ 4213219ms] [ERROR] Failed to load resource: net::ERR_CONNECTION_REFUSED @ http://localhost:8511/_stcore/host-config:0
[ 4215077ms] [ERROR] Failed to load resource: net::ERR_CONNECTION_REFUSED @ http://localhost:8511/_stcore/health:0
[ 4215077ms] [ERROR] Client Error in reaching server endpoint - No response received when attempting to reach /_stcore/health @ http://localhost:8511/static/js/index.D2ZqaFuW.js:16
[ 4215077ms] [ERROR] Is Streamlit still running? If you accidentally stopped Streamlit, just restart it in your terminal: @ http://localhost:8511/static/js/index.D2ZqaFuW.js:21
[ 4215291ms] [ERROR] Failed to load resource: net::ERR_CONNECTION_REFUSED @ http://localhost:8511/_stcore/host-config:0
[ 4217082ms] [ERROR] Failed to load resource: net::ERR_CONNECTION_REFUSED @ http://localhost:8511/_stcore/health:0
[ 4217082ms] [ERROR] Client Error in reaching server endpoint - No response received when attempting to reach /_stcore/health @ http://localhost:8511/static/js/index.D2ZqaFuW.js:16
[ 4217082ms] [ERROR] Is Streamlit still running? If you accidentally stopped Streamlit, just restart it in your terminal: @ http://localhost:8511/static/js/index.D2ZqaFuW.js:21
[ 4217249ms] [ERROR] Failed to load resource: net::ERR_CONNECTION_REFUSED @ http://localhost:8511/_stcore/host-config:0
[ 4219098ms] [ERROR] Failed to load resource: net::ERR_CONNECTION_REFUSED @ http://localhost:8511/_stcore/health:0
[ 4219099ms] [ERROR] Client Error in reaching server endpoint - No response received when attempting to reach /_stcore/health @ http://localhost:8511/static/js/index.D2ZqaFuW.js:16
[ 4219099ms] [ERROR] Is Streamlit still running? If you accidentally stopped Streamlit, just restart it in your terminal: @ http://localhost:8511/static/js/index.D2ZqaFuW.js:21
[ 4219345ms] [ERROR] Failed to load resource: net::ERR_CONNECTION_REFUSED @ http://localhost:8511/_stcore/host-config:0
[ 4221107ms] [ERROR] Failed to load resource: net::ERR_CONNECTION_REFUSED @ http://localhost:8511/_stcore/health:0
[ 4221107ms] [ERROR] Client Error in reaching server endpoint - No response received when attempting to reach /_stcore/health @ http://localhost:8511/static/js/index.D2ZqaFuW.js:16
[ 4221108ms] [ERROR] Is Streamlit still running? If you accidentally stopped Streamlit, just restart it in your terminal: @ http://localhost:8511/static/js/index.D2ZqaFuW.js:21
[ 4221220ms] [ERROR] Failed to load resource: net::ERR_CONNECTION_REFUSED @ http://localhost:8511/_stcore/host-config:0
[ 4223114ms] [ERROR] Failed to load resource: net::ERR_CONNECTION_REFUSED @ http://localhost:8511/_stcore/health:0
[ 4223114ms] [ERROR] Client Error in reaching server endpoint - No response received when attempting to reach /_stcore/health @ http://localhost:8511/static/js/index.D2ZqaFuW.js:16
[ 4223114ms] [ERROR] Is Streamlit still running? If you accidentally stopped Streamlit, just restart it in your terminal: @ http://localhost:8511/static/js/index.D2ZqaFuW.js:21
[ 4223229ms] [ERROR] Failed to load resource: net::ERR_CONNECTION_REFUSED @ http://localhost:8511/_stcore/host-config:0
[ 4225120ms] [ERROR] Failed to load resource: net::ERR_CONNECTION_REFUSED @ http://localhost:8511/_stcore/health:0
[ 4225120ms] [ERROR] Client Error in reaching server endpoint - No response received when attempting to reach /_stcore/health @ http://localhost:8511/static/js/index.D2ZqaFuW.js:16
[ 4225120ms] [ERROR] Is Streamlit still running? If you accidentally stopped Streamlit, just restart it in your terminal: @ http://localhost:8511/static/js/index.D2ZqaFuW.js:21
[ 4225314ms] [ERROR] Failed to load resource: net::ERR_CONNECTION_REFUSED @ http://localhost:8511/_stcore/host-config:0
[ 4227143ms] [ERROR] Failed to load resource: net::ERR_CONNECTION_REFUSED @ http://localhost:8511/_stcore/host-config:0
[ 4227144ms] [ERROR] Client Error in reaching server endpoint - No response received when attempting to reach /_stcore/host-config @ http://localhost:8511/static/js/index.D2ZqaFuW.js:16
[ 4227144ms] [ERROR] Is Streamlit still running? If you accidentally stopped Streamlit, just restart it in your terminal: @ http://localhost:8511/static/js/index.D2ZqaFuW.js:21
[ 4227144ms] [ERROR] Failed to load resource: net::ERR_CONNECTION_REFUSED @ http://localhost:8511/_stcore/health:0
[ 4229148ms] [ERROR] Failed to load resource: net::ERR_CONNECTION_REFUSED @ http://localhost:8511/_stcore/health:0
[ 4229149ms] [ERROR] Client Error in reaching server endpoint - No response received when attempting to reach /_stcore/health @ http://localhost:8511/static/js/index.D2ZqaFuW.js:16
[ 4229149ms] [ERROR] Is Streamlit still running? If you accidentally stopped Streamlit, just restart it in your terminal: @ http://localhost:8511/static/js/index.D2ZqaFuW.js:21
[ 4229274ms] [ERROR] Failed to load resource: net::ERR_CONNECTION_REFUSED @ http://localhost:8511/_stcore/host-config:0
[ 4231156ms] [ERROR] Failed to load resource: net::ERR_CONNECTION_REFUSED @ http://localhost:8511/_stcore/health:0
[ 4231157ms] [ERROR] Client Error in reaching server endpoint - No response received when attempting to reach /_stcore/health @ http://localhost:8511/static/js/index.D2ZqaFuW.js:16
[ 4231157ms] [ERROR] Is Streamlit still running? If you accidentally stopped Streamlit, just restart it in your terminal: @ http://localhost:8511/static/js/index.D2ZqaFuW.js:21
[ 4231284ms] [ERROR] Failed to load resource: net::ERR_CONNECTION_REFUSED @ http://localhost:8511/_stcore/host-config:0
[ 4233164ms] [ERROR] Failed to load resource: net::ERR_CONNECTION_REFUSED @ http://localhost:8511/_stcore/health:0
[ 4233164ms] [ERROR] Client Error in reaching server endpoint - No response received when attempting to reach /_stcore/health @ http://localhost:8511/static/js/index.D2ZqaFuW.js:16
[ 4233165ms] [ERROR] Is Streamlit still running? If you accidentally stopped Streamlit, just restart it in your terminal: @ http://localhost:8511/static/js/index.D2ZqaFuW.js:21
[ 4233277ms] [ERROR] Failed to load resource: net::ERR_CONNECTION_REFUSED @ http://localhost:8511/_stcore/host-config:0
[ 4235221ms] [ERROR] Failed to load resource: net::ERR_CONNECTION_REFUSED @ http://localhost:8511/_stcore/health:0
[ 4235221ms] [ERROR] Client Error in reaching server endpoint - No response received when attempting to reach /_stcore/health @ http://localhost:8511/static/js/index.D2ZqaFuW.js:16
[ 4235221ms] [ERROR] Is Streamlit still running? If you accidentally stopped Streamlit, just restart it in your terminal: @ http://localhost:8511/static/js/index.D2ZqaFuW.js:21
[ 4235488ms] [ERROR] Failed to load resource: net::ERR_CONNECTION_REFUSED @ http://localhost:8511/_stcore/host-config:0
[ 4237228ms] [ERROR] Failed to load resource: net::ERR_CONNECTION_REFUSED @ http://localhost:8511/_stcore/host-config:0
[ 4237229ms] [ERROR] Client Error in reaching server endpoint - No response received when attempting to reach /_stcore/host-config @ http://localhost:8511/static/js/index.D2ZqaFuW.js:16
[ 4237229ms] [ERROR] Is Streamlit still running? If you accidentally stopped Streamlit, just restart it in your terminal: @ http://localhost:8511/static/js/index.D2ZqaFuW.js:21
[ 4237338ms] [ERROR] Failed to load resource: net::ERR_CONNECTION_REFUSED @ http://localhost:8511/_stcore/health:0
[ 4239237ms] [ERROR] Failed to load resource: net::ERR_CONNECTION_REFUSED @ http://localhost:8511/_stcore/health:0
[ 4239237ms] [ERROR] Client Error in reaching server endpoint - No response received when attempting to reach /_stcore/health @ http://localhost:8511/static/js/index.D2ZqaFuW.js:16
[ 4239237ms] [ERROR] Is Streamlit still running? If you accidentally stopped Streamlit, just restart it in your terminal: @ http://localhost:8511/static/js/index.D2ZqaFuW.js:21
[ 4239346ms] [ERROR] Failed to load resource: net::ERR_CONNECTION_REFUSED @ http://localhost:8511/_stcore/host-config:0
[ 4241242ms] [ERROR] Failed to load resource: net::ERR_CONNECTION_REFUSED @ http://localhost:8511/_stcore/health:0
[ 4241243ms] [ERROR] Client Error in reaching server endpoint - No response received when attempting to reach /_stcore/health @ http://localhost:8511/static/js/index.D2ZqaFuW.js:16
[ 4241243ms] [ERROR] Is Streamlit still running? If you accidentally stopped Streamlit, just restart it in your terminal: @ http://localhost:8511/static/js/index.D2ZqaFuW.js:21
[ 4241469ms] [ERROR] Failed to load resource: net::ERR_CONNECTION_REFUSED @ http://localhost:8511/_stcore/host-config:0
[ 4243251ms] [ERROR] Failed to load resource: net::ERR_CONNECTION_REFUSED @ http://localhost:8511/_stcore/health:0
[ 4243251ms] [ERROR] Client Error in reaching server endpoint - No response received when attempting to reach /_stcore/health @ http://localhost:8511/static/js/index.D2ZqaFuW.js:16
[ 4243251ms] [ERROR] Is Streamlit still running? If you accidentally stopped Streamlit, just restart it in your terminal: @ http://localhost:8511/static/js/index.D2ZqaFuW.js:21
[ 4243378ms] [ERROR] Failed to load resource: net::ERR_CONNECTION_REFUSED @ http://localhost:8511/_stcore/host-config:0
[ 4245259ms] [ERROR] Failed to load resource: net::ERR_CONNECTION_REFUSED @ http://localhost:8511/_stcore/host-config:0
[ 4245259ms] [ERROR] Client Error in reaching server endpoint - No response received when attempting to reach /_stcore/host-config @ http://localhost:8511/static/js/index.D2ZqaFuW.js:16
[ 4245259ms] [ERROR] Is Streamlit still running? If you accidentally stopped Streamlit, just restart it in your terminal: @ http://localhost:8511/static/js/index.D2ZqaFuW.js:21
[ 4245485ms] [ERROR] Failed to load resource: net::ERR_CONNECTION_REFUSED @ http://localhost:8511/_stcore/health:0
[ 4247266ms] [ERROR] Failed to load resource: net::ERR_CONNECTION_REFUSED @ http://localhost:8511/_stcore/health:0
[ 4247266ms] [ERROR] Client Error in reaching server endpoint - No response received when attempting to reach /_stcore/health @ http://localhost:8511/static/js/index.D2ZqaFuW.js:16
[ 4247267ms] [ERROR] Is Streamlit still running? If you accidentally stopped Streamlit, just restart it in your terminal: @ http://localhost:8511/static/js/index.D2ZqaFuW.js:21
[ 4247378ms] [ERROR] Failed to load resource: net::ERR_CONNECTION_REFUSED @ http://localhost:8511/_stcore/host-config:0
[ 4249274ms] [ERROR] Failed to load resource: net::ERR_CONNECTION_REFUSED @ http://localhost:8511/_stcore/health:0
[ 4249274ms] [ERROR] Client Error in reaching server endpoint - No response received when attempting to reach /_stcore/health @ http://localhost:8511/static/js/index.D2ZqaFuW.js:16
[ 4249274ms] [ERROR] Is Streamlit still running? If you accidentally stopped Streamlit, just restart it in your terminal: @ http://localhost:8511/static/js/index.D2ZqaFuW.js:21
[ 4249386ms] [ERROR] Failed to load resource: net::ERR_CONNECTION_REFUSED @ http://localhost:8511/_stcore/host-config:0
[ 4251281ms] [ERROR] Failed to load resource: net::ERR_CONNECTION_REFUSED @ http://localhost:8511/_stcore/health:0
[ 4251281ms] [ERROR] Client Error in reaching server endpoint - No response received when attempting to reach /_stcore/health @ http://localhost:8511/static/js/index.D2ZqaFuW.js:16
[ 4251282ms] [ERROR] Is Streamlit still running? If you accidentally stopped Streamlit, just restart it in your terminal: @ http://localhost:8511/static/js/index.D2ZqaFuW.js:21
[ 4251438ms] [ERROR] Failed to load resource: net::ERR_CONNECTION_REFUSED @ http://localhost:8511/_stcore/host-config:0
[ 4253289ms] [ERROR] Failed to load resource: net::ERR_CONNECTION_REFUSED @ http://localhost:8511/_stcore/health:0
[ 4253289ms] [ERROR] Client Error in reaching server endpoint - No response received when attempting to reach /_stcore/health @ http://localhost:8511/static/js/index.D2ZqaFuW.js:16
[ 4253289ms] [ERROR] Is Streamlit still running? If you accidentally stopped Streamlit, just restart it in your terminal: @ http://localhost:8511/static/js/index.D2ZqaFuW.js:21
[ 4253411ms] [ERROR] Failed to load resource: net::ERR_CONNECTION_REFUSED @ http://localhost:8511/_stcore/host-config:0
[ 4255296ms] [ERROR] Failed to load resource: net::ERR_CONNECTION_REFUSED @ http://localhost:8511/_stcore/host-config:0
[ 4255296ms] [ERROR] Client Error in reaching server endpoint - No response received when attempting to reach /_stcore/host-config @ http://localhost:8511/static/js/index.D2ZqaFuW.js:16
[ 4255297ms] [ERROR] Is Streamlit still running? If you accidentally stopped Streamlit, just restart it in your terminal: @ http://localhost:8511/static/js/index.D2ZqaFuW.js:21
[ 4255419ms] [ERROR] Failed to load resource: net::ERR_CONNECTION_REFUSED @ http://localhost:8511/_stcore/health:0
[ 4257305ms] [ERROR] Failed to load resource: net::ERR_CONNECTION_REFUSED @ http://localhost:8511/_stcore/health:0
[ 4257305ms] [ERROR] Client Error in reaching server endpoint - No response received when attempting to reach /_stcore/health @ http://localhost:8511/static/js/index.D2ZqaFuW.js:16
[ 4257305ms] [ERROR] Is Streamlit still running? If you accidentally stopped Streamlit, just restart it in your terminal: @ http://localhost:8511/static/js/index.D2ZqaFuW.js:21
[ 4257412ms] [ERROR] Failed to load resource: net::ERR_CONNECTION_REFUSED @ http://localhost:8511/_stcore/host-config:0
[ 4259312ms] [ERROR] Failed to load resource: net::ERR_CONNECTION_REFUSED @ http://localhost:8511/_stcore/health:0
[ 4259312ms] [ERROR] Client Error in reaching server endpoint - No response received when attempting to reach /_stcore/health @ http://localhost:8511/static/js/index.D2ZqaFuW.js:16
[ 4259313ms] [ERROR] Is Streamlit still running? If you accidentally stopped Streamlit, just restart it in your terminal: @ http://localhost:8511/static/js/index.D2ZqaFuW.js:21
[ 4259433ms] [ERROR] Failed to load resource: net::ERR_CONNECTION_REFUSED @ http://localhost:8511/_stcore/host-config:0
[ 4261392ms] [ERROR] Failed to load resource: net::ERR_CONNECTION_REFUSED @ http://localhost:8511/_stcore/health:0
[ 4261392ms] [ERROR] Client Error in reaching server endpoint - No response received when attempting to reach /_stcore/health @ http://localhost:8511/static/js/index.D2ZqaFuW.js:16
[ 4261392ms] [ERROR] Is Streamlit still running? If you accidentally stopped Streamlit, just restart it in your terminal: @ http://localhost:8511/static/js/index.D2ZqaFuW.js:21
[ 4261584ms] [ERROR] Failed to load resource: net::ERR_CONNECTION_REFUSED @ http://localhost:8511/_stcore/host-config:0
[ 4263401ms] [ERROR] Failed to load resource: net::ERR_CONNECTION_REFUSED @ http://localhost:8511/_stcore/host-config:0
[ 4263401ms] [ERROR] Client Error in reaching server endpoint - No response received when attempting to reach /_stcore/host-config @ http://localhost:8511/static/js/index.D2ZqaFuW.js:16
[ 4263401ms] [ERROR] Is Streamlit still running? If you accidentally stopped Streamlit, just restart it in your terminal: @ http://localhost:8511/static/js/index.D2ZqaFuW.js:21
[ 4263521ms] [ERROR] Failed to load resource: net::ERR_CONNECTION_REFUSED @ http://localhost:8511/_stcore/health:0
[ 4265409ms] [ERROR] Failed to load resource: net::ERR_CONNECTION_REFUSED @ http://localhost:8511/_stcore/health:0
[ 4265409ms] [ERROR] Client Error in reaching server endpoint - No response received when attempting to reach /_stcore/health @ http://localhost:8511/static/js/index.D2ZqaFuW.js:16
[ 4265409ms] [ERROR] Is Streamlit still running? If you accidentally stopped Streamlit, just restart it in your terminal: @ http://localhost:8511/static/js/index.D2ZqaFuW.js:21
[ 4265612ms] [ERROR] Failed to load resource: net::ERR_CONNECTION_REFUSED @ http://localhost:8511/_stcore/host-config:0
[ 4267419ms] [ERROR] Failed to load resource: net::ERR_CONNECTION_REFUSED @ http://localhost:8511/_stcore/health:0
[ 4267419ms] [ERROR] Client Error in reaching server endpoint - No response received when attempting to reach /_stcore/health @ http://localhost:8511/static/js/index.D2ZqaFuW.js:16
[ 4267419ms] [ERROR] Is Streamlit still running? If you accidentally stopped Streamlit, just restart it in your terminal: @ http://localhost:8511/static/js/index.D2ZqaFuW.js:21
[ 4267420ms] [ERROR] Failed to load resource: net::ERR_CONNECTION_REFUSED @ http://localhost:8511/_stcore/host-config:0
[ 4269427ms] [ERROR] Failed to load resource: net::ERR_CONNECTION_REFUSED @ http://localhost:8511/_stcore/host-config:0
[ 4269427ms] [ERROR] Client Error in reaching server endpoint - No response received when attempting to reach /_stcore/host-config @ http://localhost:8511/static/js/index.D2ZqaFuW.js:16
[ 4269427ms] [ERROR] Is Streamlit still running? If you accidentally stopped Streamlit, just restart it in your terminal: @ http://localhost:8511/static/js/index.D2ZqaFuW.js:21
[ 4269557ms] [ERROR] Failed to load resource: net::ERR_CONNECTION_REFUSED @ http://localhost:8511/_stcore/health:0
[ 4271436ms] [ERROR] Failed to load resource: net::ERR_CONNECTION_REFUSED @ http://localhost:8511/_stcore/health:0
[ 4271436ms] [ERROR] Client Error in reaching server endpoint - No response received when attempting to reach /_stcore/health @ http://localhost:8511/static/js/index.D2ZqaFuW.js:16
[ 4271437ms] [ERROR] Is Streamlit still running? If you accidentally stopped Streamlit, just restart it in your terminal: @ http://localhost:8511/static/js/index.D2ZqaFuW.js:21
[ 4271663ms] [ERROR] Failed to load resource: net::ERR_CONNECTION_REFUSED @ http://localhost:8511/_stcore/host-config:0
[ 4273442ms] [ERROR] Failed to load resource: net::ERR_CONNECTION_REFUSED @ http://localhost:8511/_stcore/health:0
[ 4273442ms] [ERROR] Client Error in reaching server endpoint - No response received when attempting to reach /_stcore/health @ http://localhost:8511/static/js/index.D2ZqaFuW.js:16
[ 4273443ms] [ERROR] Is Streamlit still running? If you accidentally stopped Streamlit, just restart it in your terminal: @ http://localhost:8511/static/js/index.D2ZqaFuW.js:21
[ 4273585ms] [ERROR] Failed to load resource: net::ERR_CONNECTION_REFUSED @ http://localhost:8511/_stcore/host-config:0
[ 4275449ms] [ERROR] Failed to load resource: net::ERR_CONNECTION_REFUSED @ http://localhost:8511/_stcore/host-config:0
[ 4275449ms] [ERROR] Client Error in reaching server endpoint - No response received when attempting to reach /_stcore/host-config @ http://localhost:8511/static/js/index.D2ZqaFuW.js:16
[ 4275449ms] [ERROR] Is Streamlit still running? If you accidentally stopped Streamlit, just restart it in your terminal: @ http://localhost:8511/static/js/index.D2ZqaFuW.js:21
[ 4275596ms] [ERROR] Failed to load resource: net::ERR_CONNECTION_REFUSED @ http://localhost:8511/_stcore/health:0
[ 4277457ms] [ERROR] Failed to load resource: net::ERR_CONNECTION_REFUSED @ http://localhost:8511/_stcore/host-config:0
[ 4277457ms] [ERROR] Client Error in reaching server endpoint - No response received when attempting to reach /_stcore/host-config @ http://localhost:8511/static/js/index.D2ZqaFuW.js:16
[ 4277457ms] [ERROR] Is Streamlit still running? If you accidentally stopped Streamlit, just restart it in your terminal: @ http://localhost:8511/static/js/index.D2ZqaFuW.js:21
[ 4277593ms] [ERROR] Failed to load resource: net::ERR_CONNECTION_REFUSED @ http://localhost:8511/_stcore/health:0
[ 4279471ms] [ERROR] Failed to load resource: net::ERR_CONNECTION_REFUSED @ http://localhost:8511/_stcore/health:0
[ 4279471ms] [ERROR] Client Error in reaching server endpoint - No response received when attempting to reach /_stcore/health @ http://localhost:8511/static/js/index.D2ZqaFuW.js:16
[ 4279471ms] [ERROR] Is Streamlit still running? If you accidentally stopped Streamlit, just restart it in your terminal: @ http://localhost:8511/static/js/index.D2ZqaFuW.js:21
[ 4279825ms] [ERROR] Failed to load resource: net::ERR_CONNECTION_REFUSED @ http://localhost:8511/_stcore/host-config:0
[ 4281480ms] [ERROR] Failed to load resource: net::ERR_CONNECTION_REFUSED @ http://localhost:8511/_stcore/health:0
[ 4281480ms] [ERROR] Client Error in reaching server endpoint - No response received when attempting to reach /_stcore/health @ http://localhost:8511/static/js/index.D2ZqaFuW.js:16
[ 4281481ms] [ERROR] Is Streamlit still running? If you accidentally stopped Streamlit, just restart it in your terminal: @ http://localhost:8511/static/js/index.D2ZqaFuW.js:21
[ 4281481ms] [ERROR] Failed to load resource: net::ERR_CONNECTION_REFUSED @ http://localhost:8511/_stcore/host-config:0
[ 4283570ms] [ERROR] Failed to load resource: net::ERR_CONNECTION_REFUSED @ http://localhost:8511/_stcore/health:0
[ 4283571ms] [ERROR] Client Error in reaching server endpoint - No response received when attempting to reach /_stcore/health @ http://localhost:8511/static/js/index.D2ZqaFuW.js:16
[ 4283571ms] [ERROR] Is Streamlit still running? If you accidentally stopped Streamlit, just restart it in your terminal: @ http://localhost:8511/static/js/index.D2ZqaFuW.js:21
[ 4284217ms] [ERROR] Failed to load resource: net::ERR_CONNECTION_REFUSED @ http://localhost:8511/_stcore/host-config:0
[ 4285578ms] [ERROR] Failed to load resource: net::ERR_CONNECTION_REFUSED @ http://localhost:8511/_stcore/health:0
[ 4285578ms] [ERROR] Client Error in reaching server endpoint - No response received when attempting to reach /_stcore/health @ http://localhost:8511/static/js/index.D2ZqaFuW.js:16
[ 4285578ms] [ERROR] Is Streamlit still running? If you accidentally stopped Streamlit, just restart it in your terminal: @ http://localhost:8511/static/js/index.D2ZqaFuW.js:21
[ 4285733ms] [ERROR] Failed to load resource: net::ERR_CONNECTION_REFUSED @ http://localhost:8511/_stcore/host-config:0
[ 4287583ms] [ERROR] Failed to load resource: net::ERR_CONNECTION_REFUSED @ http://localhost:8511/_stcore/health:0
[ 4287584ms] [ERROR] Client Error in reaching server endpoint - No response received when attempting to reach /_stcore/health @ http://localhost:8511/static/js/index.D2ZqaFuW.js:16
[ 4287584ms] [ERROR] Is Streamlit still running? If you accidentally stopped Streamlit, just restart it in your terminal: @ http://localhost:8511/static/js/index.D2ZqaFuW.js:21
[ 4287882ms] [ERROR] Failed to load resource: net::ERR_CONNECTION_REFUSED @ http://localhost:8511/_stcore/host-config:0
[ 4289596ms] [ERROR] Failed to load resource: net::ERR_CONNECTION_REFUSED @ http://localhost:8511/_stcore/health:0
[ 4289597ms] [ERROR] Client Error in reaching server endpoint - No response received when attempting to reach /_stcore/health @ http://localhost:8511/static/js/index.D2ZqaFuW.js:16
[ 4289597ms] [ERROR] Is Streamlit still running? If you accidentally stopped Streamlit, just restart it in your terminal: @ http://localhost:8511/static/js/index.D2ZqaFuW.js:21
[ 4289896ms] [ERROR] Failed to load resource: net::ERR_CONNECTION_REFUSED @ http://localhost:8511/_stcore/host-config:0
[ 4291601ms] [ERROR] Failed to load resource: net::ERR_CONNECTION_REFUSED @ http://localhost:8511/_stcore/health:0
[ 4291601ms] [ERROR] Client Error in reaching server endpoint - No response received when attempting to reach /_stcore/health @ http://localhost:8511/static/js/index.D2ZqaFuW.js:16
[ 4291602ms] [ERROR] Is Streamlit still running? If you accidentally stopped Streamlit, just restart it in your terminal: @ http://localhost:8511/static/js/index.D2ZqaFuW.js:21
[ 4291800ms] [ERROR] Failed to load resource: net::ERR_CONNECTION_REFUSED @ http://localhost:8511/_stcore/host-config:0
[ 4293610ms] [ERROR] Failed to load resource: net::ERR_CONNECTION_REFUSED @ http://localhost:8511/_stcore/health:0
[ 4293610ms] [ERROR] Client Error in reaching server endpoint - No response received when attempting to reach /_stcore/health @ http://localhost:8511/static/js/index.D2ZqaFuW.js:16
[ 4293610ms] [ERROR] Is Streamlit still running? If you accidentally stopped Streamlit, just restart it in your terminal: @ http://localhost:8511/static/js/index.D2ZqaFuW.js:21
[ 4293746ms] [ERROR] Failed to load resource: net::ERR_CONNECTION_REFUSED @ http://localhost:8511/_stcore/host-config:0
[ 4295614ms] [ERROR] Failed to load resource: net::ERR_CONNECTION_REFUSED @ http://localhost:8511/_stcore/health:0
[ 4295615ms] [ERROR] Client Error in reaching server endpoint - No response received when attempting to reach /_stcore/health @ http://localhost:8511/static/js/index.D2ZqaFuW.js:16
[ 4295615ms] [ERROR] Is Streamlit still running? If you accidentally stopped Streamlit, just restart it in your terminal: @ http://localhost:8511/static/js/index.D2ZqaFuW.js:21
[ 4295803ms] [ERROR] Failed to load resource: net::ERR_CONNECTION_REFUSED @ http://localhost:8511/_stcore/host-config:0
[ 4297622ms] [ERROR] Failed to load resource: net::ERR_CONNECTION_REFUSED @ http://localhost:8511/_stcore/health:0
[ 4297622ms] [ERROR] Client Error in reaching server endpoint - No response received when attempting to reach /_stcore/health @ http://localhost:8511/static/js/index.D2ZqaFuW.js:16
[ 4297622ms] [ERROR] Is Streamlit still running? If you accidentally stopped Streamlit, just restart it in your terminal: @ http://localhost:8511/static/js/index.D2ZqaFuW.js:21
[ 4297782ms] [ERROR] Failed to load resource: net::ERR_CONNECTION_REFUSED @ http://localhost:8511/_stcore/host-config:0
[ 4299633ms] [ERROR] Failed to load resource: net::ERR_CONNECTION_REFUSED @ http://localhost:8511/_stcore/health:0
[ 4299633ms] [ERROR] Client Error in reaching server endpoint - No response received when attempting to reach /_stcore/health @ http://localhost:8511/static/js/index.D2ZqaFuW.js:16
[ 4299634ms] [ERROR] Is Streamlit still running? If you accidentally stopped Streamlit, just restart it in your terminal: @ http://localhost:8511/static/js/index.D2ZqaFuW.js:21
[ 4299780ms] [ERROR] Failed to load resource: net::ERR_CONNECTION_REFUSED @ http://localhost:8511/_stcore/host-config:0
[ 4301639ms] [ERROR] Failed to load resource: net::ERR_CONNECTION_REFUSED @ http://localhost:8511/_stcore/health:0
[ 4301639ms] [ERROR] Client Error in reaching server endpoint - No response received when attempting to reach /_stcore/health @ http://localhost:8511/static/js/index.D2ZqaFuW.js:16
[ 4301639ms] [ERROR] Is Streamlit still running? If you accidentally stopped Streamlit, just restart it in your terminal: @ http://localhost:8511/static/js/index.D2ZqaFuW.js:21
[ 4301954ms] [ERROR] Failed to load resource: net::ERR_CONNECTION_REFUSED @ http://localhost:8511/_stcore/host-config:0
[ 4303646ms] [ERROR] Failed to load resource: net::ERR_CONNECTION_REFUSED @ http://localhost:8511/_stcore/health:0
[ 4303647ms] [ERROR] Client Error in reaching server endpoint - No response received when attempting to reach /_stcore/health @ http://localhost:8511/static/js/index.D2ZqaFuW.js:16
[ 4303647ms] [ERROR] Is Streamlit still running? If you accidentally stopped Streamlit, just restart it in your terminal: @ http://localhost:8511/static/js/index.D2ZqaFuW.js:21
[ 4304346ms] [ERROR] Failed to load resource: net::ERR_CONNECTION_REFUSED @ http://localhost:8511/_stcore/host-config:0
[ 4305660ms] [ERROR] Failed to load resource: net::ERR_CONNECTION_REFUSED @ http://localhost:8511/_stcore/health:0
[ 4305660ms] [ERROR] Client Error in reaching server endpoint - No response received when attempting to reach /_stcore/health @ http://localhost:8511/static/js/index.D2ZqaFuW.js:16
[ 4305660ms] [ERROR] Is Streamlit still running? If you accidentally stopped Streamlit, just restart it in your terminal: @ http://localhost:8511/static/js/index.D2ZqaFuW.js:21
[ 4305928ms] [ERROR] Failed to load resource: net::ERR_CONNECTION_REFUSED @ http://localhost:8511/_stcore/host-config:0
[ 4307670ms] [ERROR] Failed to load resource: net::ERR_CONNECTION_REFUSED @ http://localhost:8511/_stcore/health:0
[ 4307670ms] [ERROR] Client Error in reaching server endpoint - No response received when attempting to reach /_stcore/health @ http://localhost:8511/static/js/index.D2ZqaFuW.js:16
[ 4307670ms] [ERROR] Is Streamlit still running? If you accidentally stopped Streamlit, just restart it in your terminal: @ http://localhost:8511/static/js/index.D2ZqaFuW.js:21
[ 4307802ms] [ERROR] Failed to load resource: net::ERR_CONNECTION_REFUSED @ http://localhost:8511/_stcore/host-config:0
[ 4309678ms] [ERROR] Failed to load resource: net::ERR_CONNECTION_REFUSED @ http://localhost:8511/_stcore/health:0
[ 4309678ms] [ERROR] Client Error in reaching server endpoint - No response received when attempting to reach /_stcore/health @ http://localhost:8511/static/js/index.D2ZqaFuW.js:16
[ 4309678ms] [ERROR] Is Streamlit still running? If you accidentally stopped Streamlit, just restart it in your terminal: @ http://localhost:8511/static/js/index.D2ZqaFuW.js:21
[ 4309802ms] [ERROR] Failed to load resource: net::ERR_CONNECTION_REFUSED @ http://localhost:8511/_stcore/host-config:0
[ 4311686ms] [ERROR] Failed to load resource: net::ERR_CONNECTION_REFUSED @ http://localhost:8511/_stcore/host-config:0
[ 4311687ms] [ERROR] Client Error in reaching server endpoint - No response received when attempting to reach /_stcore/host-config @ http://localhost:8511/static/js/index.D2ZqaFuW.js:16
[ 4311687ms] [ERROR] Is Streamlit still running? If you accidentally stopped Streamlit, just restart it in your terminal: @ http://localhost:8511/static/js/index.D2ZqaFuW.js:21
[ 4311822ms] [ERROR] Failed to load resource: net::ERR_CONNECTION_REFUSED @ http://localhost:8511/_stcore/health:0
[ 4313693ms] [ERROR] Failed to load resource: net::ERR_CONNECTION_REFUSED @ http://localhost:8511/_stcore/health:0
[ 4313694ms] [ERROR] Client Error in reaching server endpoint - No response received when attempting to reach /_stcore/health @ http://localhost:8511/static/js/index.D2ZqaFuW.js:16
[ 4313694ms] [ERROR] Is Streamlit still running? If you accidentally stopped Streamlit, just restart it in your terminal: @ http://localhost:8511/static/js/index.D2ZqaFuW.js:21
[ 4313694ms] [ERROR] Failed to load resource: net::ERR_CONNECTION_REFUSED @ http://localhost:8511/_stcore/host-config:0
[ 4315699ms] [ERROR] Failed to load resource: net::ERR_CONNECTION_REFUSED @ http://localhost:8511/_stcore/health:0
[ 4315699ms] [ERROR] Client Error in reaching server endpoint - No response received when attempting to reach /_stcore/health @ http://localhost:8511/static/js/index.D2ZqaFuW.js:16
[ 4315700ms] [ERROR] Is Streamlit still running? If you accidentally stopped Streamlit, just restart it in your terminal: @ http://localhost:8511/static/js/index.D2ZqaFuW.js:21
[ 4315843ms] [ERROR] Failed to load resource: net::ERR_CONNECTION_REFUSED @ http://localhost:8511/_stcore/host-config:0
[ 4317708ms] [ERROR] Failed to load resource: net::ERR_CONNECTION_REFUSED @ http://localhost:8511/_stcore/health:0
[ 4317708ms] [ERROR] Client Error in reaching server endpoint - No response received when attempting to reach /_stcore/health @ http://localhost:8511/static/js/index.D2ZqaFuW.js:16
[ 4317708ms] [ERROR] Is Streamlit still running? If you accidentally stopped Streamlit, just restart it in your terminal: @ http://localhost:8511/static/js/index.D2ZqaFuW.js:21
[ 4317893ms] [ERROR] Failed to load resource: net::ERR_CONNECTION_REFUSED @ http://localhost:8511/_stcore/host-config:0
[ 4319717ms] [ERROR] Failed to load resource: net::ERR_CONNECTION_REFUSED @ http://localhost:8511/_stcore/health:0
[ 4319717ms] [ERROR] Client Error in reaching server endpoint - No response received when attempting to reach /_stcore/health @ http://localhost:8511/static/js/index.D2ZqaFuW.js:16
[ 4319717ms] [ERROR] Is Streamlit still running? If you accidentally stopped Streamlit, just restart it in your terminal: @ http://localhost:8511/static/js/index.D2ZqaFuW.js:21
[ 4319845ms] [ERROR] Failed to load resource: net::ERR_CONNECTION_REFUSED @ http://localhost:8511/_stcore/host-config:0
[ 4321724ms] [ERROR] Failed to load resource: net::ERR_CONNECTION_REFUSED @ http://localhost:8511/_stcore/health:0
[ 4321724ms] [ERROR] Client Error in reaching server endpoint - No response received when attempting to reach /_stcore/health @ http://localhost:8511/static/js/index.D2ZqaFuW.js:16
[ 4321725ms] [ERROR] Is Streamlit still running? If you accidentally stopped Streamlit, just restart it in your terminal: @ http://localhost:8511/static/js/index.D2ZqaFuW.js:21
[ 4321725ms] [ERROR] Failed to load resource: net::ERR_CONNECTION_REFUSED @ http://localhost:8511/_stcore/host-config:0
[ 4323731ms] [ERROR] Failed to load resource: net::ERR_CONNECTION_REFUSED @ http://localhost:8511/_stcore/health:0
[ 4323731ms] [ERROR] Client Error in reaching server endpoint - No response received when attempting to reach /_stcore/health @ http://localhost:8511/static/js/index.D2ZqaFuW.js:16
[ 4323731ms] [ERROR] Is Streamlit still running? If you accidentally stopped Streamlit, just restart it in your terminal: @ http://localhost:8511/static/js/index.D2ZqaFuW.js:21
[ 4323867ms] [ERROR] Failed to load resource: net::ERR_CONNECTION_REFUSED @ http://localhost:8511/_stcore/host-config:0
[ 4325739ms] [ERROR] Failed to load resource: net::ERR_CONNECTION_REFUSED @ http://localhost:8511/_stcore/host-config:0
[ 4325739ms] [ERROR] Client Error in reaching server endpoint - No response received when attempting to reach /_stcore/host-config @ http://localhost:8511/static/js/index.D2ZqaFuW.js:16
[ 4325740ms] [ERROR] Is Streamlit still running? If you accidentally stopped Streamlit, just restart it in your terminal: @ http://localhost:8511/static/js/index.D2ZqaFuW.js:21
[ 4325862ms] [ERROR] Failed to load resource: net::ERR_CONNECTION_REFUSED @ http://localhost:8511/_stcore/health:0
[ 4327747ms] [ERROR] Failed to load resource: net::ERR_CONNECTION_REFUSED @ http://localhost:8511/_stcore/health:0
[ 4327747ms] [ERROR] Client Error in reaching server endpoint - No response received when attempting to reach /_stcore/health @ http://localhost:8511/static/js/index.D2ZqaFuW.js:16
[ 4327747ms] [ERROR] Is Streamlit still running? If you accidentally stopped Streamlit, just restart it in your terminal: @ http://localhost:8511/static/js/index.D2ZqaFuW.js:21
[ 4327863ms] [ERROR] Failed to load resource: net::ERR_CONNECTION_REFUSED @ http://localhost:8511/_stcore/host-config:0
[ 4329760ms] [ERROR] Failed to load resource: net::ERR_CONNECTION_REFUSED @ http://localhost:8511/_stcore/health:0
[ 4329760ms] [ERROR] Client Error in reaching server endpoint - No response received when attempting to reach /_stcore/health @ http://localhost:8511/static/js/index.D2ZqaFuW.js:16
[ 4329760ms] [ERROR] Is Streamlit still running? If you accidentally stopped Streamlit, just restart it in your terminal: @ http://localhost:8511/static/js/index.D2ZqaFuW.js:21
[ 4329761ms] [ERROR] Failed to load resource: net::ERR_CONNECTION_REFUSED @ http://localhost:8511/_stcore/host-config:0
[ 4331770ms] [ERROR] Failed to load resource: net::ERR_CONNECTION_REFUSED @ http://localhost:8511/_stcore/health:0
[ 4331771ms] [ERROR] Client Error in reaching server endpoint - No response received when attempting to reach /_stcore/health @ http://localhost:8511/static/js/index.D2ZqaFuW.js:16
[ 4331771ms] [ERROR] Is Streamlit still running? If you accidentally stopped Streamlit, just restart it in your terminal: @ http://localhost:8511/static/js/index.D2ZqaFuW.js:21
[ 4331982ms] [ERROR] Failed to load resource: net::ERR_CONNECTION_REFUSED @ http://localhost:8511/_stcore/host-config:0
[ 4333779ms] [ERROR] Failed to load resource: net::ERR_CONNECTION_REFUSED @ http://localhost:8511/_stcore/health:0
[ 4333779ms] [ERROR] Client Error in reaching server endpoint - No response received when attempting to reach /_stcore/health @ http://localhost:8511/static/js/index.D2ZqaFuW.js:16
[ 4333779ms] [ERROR] Is Streamlit still running? If you accidentally stopped Streamlit, just restart it in your terminal: @ http://localhost:8511/static/js/index.D2ZqaFuW.js:21
[ 4333883ms] [ERROR] Failed to load resource: net::ERR_CONNECTION_REFUSED @ http://localhost:8511/_stcore/host-config:0
[ 4335787ms] [ERROR] Failed to load resource: net::ERR_CONNECTION_REFUSED @ http://localhost:8511/_stcore/health:0
[ 4335787ms] [ERROR] Client Error in reaching server endpoint - No response received when attempting to reach /_stcore/health @ http://localhost:8511/static/js/index.D2ZqaFuW.js:16
[ 4335787ms] [ERROR] Is Streamlit still running? If you accidentally stopped Streamlit, just restart it in your terminal: @ http://localhost:8511/static/js/index.D2ZqaFuW.js:21
[ 4335909ms] [ERROR] Failed to load resource: net::ERR_CONNECTION_REFUSED @ http://localhost:8511/_stcore/host-config:0
[ 4337794ms] [ERROR] Failed to load resource: net::ERR_CONNECTION_REFUSED @ http://localhost:8511/_stcore/health:0
[ 4337794ms] [ERROR] Client Error in reaching server endpoint - No response received when attempting to reach /_stcore/health @ http://localhost:8511/static/js/index.D2ZqaFuW.js:16
[ 4337794ms] [ERROR] Is Streamlit still running? If you accidentally stopped Streamlit, just restart it in your terminal: @ http://localhost:8511/static/js/index.D2ZqaFuW.js:21
[ 4337905ms] [ERROR] Failed to load resource: net::ERR_CONNECTION_REFUSED @ http://localhost:8511/_stcore/host-config:0
[ 4339801ms] [ERROR] Failed to load resource: net::ERR_CONNECTION_REFUSED @ http://localhost:8511/_stcore/health:0
[ 4339801ms] [ERROR] Client Error in reaching server endpoint - No response received when attempting to reach /_stcore/health @ http://localhost:8511/static/js/index.D2ZqaFuW.js:16
[ 4339801ms] [ERROR] Is Streamlit still running? If you accidentally stopped Streamlit, just restart it in your terminal: @ http://localhost:8511/static/js/index.D2ZqaFuW.js:21
[ 4339963ms] [ERROR] Failed to load resource: net::ERR_CONNECTION_REFUSED @ http://localhost:8511/_stcore/host-config:0
[ 4341809ms] [ERROR] Failed to load resource: net::ERR_CONNECTION_REFUSED @ http://localhost:8511/_stcore/health:0
[ 4341809ms] [ERROR] Client Error in reaching server endpoint - No response received when attempting to reach /_stcore/health @ http://localhost:8511/static/js/index.D2ZqaFuW.js:16
[ 4341810ms] [ERROR] Is Streamlit still running? If you accidentally stopped Streamlit, just restart it in your terminal: @ http://localhost:8511/static/js/index.D2ZqaFuW.js:21
[ 4341920ms] [ERROR] Failed to load resource: net::ERR_CONNECTION_REFUSED @ http://localhost:8511/_stcore/host-config:0
[ 4343817ms] [ERROR] Failed to load resource: net::ERR_CONNECTION_REFUSED @ http://localhost:8511/_stcore/health:0
[ 4343817ms] [ERROR] Client Error in reaching server endpoint - No response received when attempting to reach /_stcore/health @ http://localhost:8511/static/js/index.D2ZqaFuW.js:16
[ 4343817ms] [ERROR] Is Streamlit still running? If you accidentally stopped Streamlit, just restart it in your terminal: @ http://localhost:8511/static/js/index.D2ZqaFuW.js:21
[ 4343926ms] [ERROR] Failed to load resource: net::ERR_CONNECTION_REFUSED @ http://localhost:8511/_stcore/host-config:0
[ 4345825ms] [ERROR] Failed to load resource: net::ERR_CONNECTION_REFUSED @ http://localhost:8511/_stcore/health:0
[ 4345825ms] [ERROR] Client Error in reaching server endpoint - No response received when attempting to reach /_stcore/health @ http://localhost:8511/static/js/index.D2ZqaFuW.js:16
[ 4345825ms] [ERROR] Is Streamlit still running? If you accidentally stopped Streamlit, just restart it in your terminal: @ http://localhost:8511/static/js/index.D2ZqaFuW.js:21
[ 4345962ms] [ERROR] Failed to load resource: net::ERR_CONNECTION_REFUSED @ http://localhost:8511/_stcore/host-config:0
[ 4347833ms] [ERROR] Failed to load resource: net::ERR_CONNECTION_REFUSED @ http://localhost:8511/_stcore/health:0
[ 4347833ms] [ERROR] Client Error in reaching server endpoint - No response received when attempting to reach /_stcore/health @ http://localhost:8511/static/js/index.D2ZqaFuW.js:16
[ 4347833ms] [ERROR] Is Streamlit still running? If you accidentally stopped Streamlit, just restart it in your terminal: @ http://localhost:8511/static/js/index.D2ZqaFuW.js:21
[ 4347943ms] [ERROR] Failed to load resource: net::ERR_CONNECTION_REFUSED @ http://localhost:8511/_stcore/host-config:0
[ 4349840ms] [ERROR] Failed to load resource: net::ERR_CONNECTION_REFUSED @ http://localhost:8511/_stcore/health:0
[ 4349840ms] [ERROR] Client Error in reaching server endpoint - No response received when attempting to reach /_stcore/health @ http://localhost:8511/static/js/index.D2ZqaFuW.js:16
[ 4349841ms] [ERROR] Is Streamlit still running? If you accidentally stopped Streamlit, just restart it in your terminal: @ http://localhost:8511/static/js/index.D2ZqaFuW.js:21
[ 4349951ms] [ERROR] Failed to load resource: net::ERR_CONNECTION_REFUSED @ http://localhost:8511/_stcore/host-config:0
[ 4351848ms] [ERROR] Failed to load resource: net::ERR_CONNECTION_REFUSED @ http://localhost:8511/_stcore/health:0
[ 4351848ms] [ERROR] Client Error in reaching server endpoint - No response received when attempting to reach /_stcore/health @ http://localhost:8511/static/js/index.D2ZqaFuW.js:16
[ 4351848ms] [ERROR] Is Streamlit still running? If you accidentally stopped Streamlit, just restart it in your terminal: @ http://localhost:8511/static/js/index.D2ZqaFuW.js:21
[ 4351975ms] [ERROR] Failed to load resource: net::ERR_CONNECTION_REFUSED @ http://localhost:8511/_stcore/host-config:0
[ 4353857ms] [ERROR] Failed to load resource: net::ERR_CONNECTION_REFUSED @ http://localhost:8511/_stcore/host-config:0
[ 4353858ms] [ERROR] Client Error in reaching server endpoint - No response received when attempting to reach /_stcore/host-config @ http://localhost:8511/static/js/index.D2ZqaFuW.js:16
[ 4353858ms] [ERROR] Is Streamlit still running? If you accidentally stopped Streamlit, just restart it in your terminal: @ http://localhost:8511/static/js/index.D2ZqaFuW.js:21
[ 4353968ms] [ERROR] Failed to load resource: net::ERR_CONNECTION_REFUSED @ http://localhost:8511/_stcore/health:0
[ 4355865ms] [ERROR] Failed to load resource: net::ERR_CONNECTION_REFUSED @ http://localhost:8511/_stcore/health:0
[ 4355865ms] [ERROR] Client Error in reaching server endpoint - No response received when attempting to reach /_stcore/health @ http://localhost:8511/static/js/index.D2ZqaFuW.js:16
[ 4355866ms] [ERROR] Is Streamlit still running? If you accidentally stopped Streamlit, just restart it in your terminal: @ http://localhost:8511/static/js/index.D2ZqaFuW.js:21
[ 4355990ms] [ERROR] Failed to load resource: net::ERR_CONNECTION_REFUSED @ http://localhost:8511/_stcore/host-config:0
[ 4357873ms] [ERROR] Failed to load resource: net::ERR_CONNECTION_REFUSED @ http://localhost:8511/_stcore/health:0
[ 4357874ms] [ERROR] Client Error in reaching server endpoint - No response received when attempting to reach /_stcore/health @ http://localhost:8511/static/js/index.D2ZqaFuW.js:16
[ 4357874ms] [ERROR] Is Streamlit still running? If you accidentally stopped Streamlit, just restart it in your terminal: @ http://localhost:8511/static/js/index.D2ZqaFuW.js:21
[ 4357991ms] [ERROR] Failed to load resource: net::ERR_CONNECTION_REFUSED @ http://localhost:8511/_stcore/host-config:0
[ 4359884ms] [ERROR] Failed to load resource: net::ERR_CONNECTION_REFUSED @ http://localhost:8511/_stcore/health:0
[ 4359885ms] [ERROR] Client Error in reaching server endpoint - No response received when attempting to reach /_stcore/health @ http://localhost:8511/static/js/index.D2ZqaFuW.js:16
[ 4359885ms] [ERROR] Is Streamlit still running? If you accidentally stopped Streamlit, just restart it in your terminal: @ http://localhost:8511/static/js/index.D2ZqaFuW.js:21
[ 4359994ms] [ERROR] Failed to load resource: net::ERR_CONNECTION_REFUSED @ http://localhost:8511/_stcore/host-config:0
[ 4361892ms] [ERROR] Failed to load resource: net::ERR_CONNECTION_REFUSED @ http://localhost:8511/_stcore/host-config:0
[ 4361892ms] [ERROR] Client Error in reaching server endpoint - No response received when attempting to reach /_stcore/host-config @ http://localhost:8511/static/js/index.D2ZqaFuW.js:16
[ 4361892ms] [ERROR] Is Streamlit still running? If you accidentally stopped Streamlit, just restart it in your terminal: @ http://localhost:8511/static/js/index.D2ZqaFuW.js:21
[ 4362026ms] [ERROR] Failed to load resource: net::ERR_CONNECTION_REFUSED @ http://localhost:8511/_stcore/health:0
[ 4363899ms] [ERROR] Failed to load resource: net::ERR_CONNECTION_REFUSED @ http://localhost:8511/_stcore/health:0
[ 4363899ms] [ERROR] Client Error in reaching server endpoint - No response received when attempting to reach /_stcore/health @ http://localhost:8511/static/js/index.D2ZqaFuW.js:16
[ 4363900ms] [ERROR] Is Streamlit still running? If you accidentally stopped Streamlit, just restart it in your terminal: @ http://localhost:8511/static/js/index.D2ZqaFuW.js:21
[ 4364041ms] [ERROR] Failed to load resource: net::ERR_CONNECTION_REFUSED @ http://localhost:8511/_stcore/host-config:0
[ 4365907ms] [ERROR] Failed to load resource: net::ERR_CONNECTION_REFUSED @ http://localhost:8511/_stcore/health:0
[ 4365908ms] [ERROR] Client Error in reaching server endpoint - No response received when attempting to reach /_stcore/health @ http://localhost:8511/static/js/index.D2ZqaFuW.js:16
[ 4365908ms] [ERROR] Is Streamlit still running? If you accidentally stopped Streamlit, just restart it in your terminal: @ http://localhost:8511/static/js/index.D2ZqaFuW.js:21
[ 4366039ms] [ERROR] Failed to load resource: net::ERR_CONNECTION_REFUSED @ http://localhost:8511/_stcore/host-config:0
[ 4367914ms] [ERROR] Failed to load resource: net::ERR_CONNECTION_REFUSED @ http://localhost:8511/_stcore/health:0
[ 4367914ms] [ERROR] Client Error in reaching server endpoint - No response received when attempting to reach /_stcore/health @ http://localhost:8511/static/js/index.D2ZqaFuW.js:16
[ 4367914ms] [ERROR] Is Streamlit still running? If you accidentally stopped Streamlit, just restart it in your terminal: @ http://localhost:8511/static/js/index.D2ZqaFuW.js:21
[ 4368066ms] [ERROR] Failed to load resource: net::ERR_CONNECTION_REFUSED @ http://localhost:8511/_stcore/host-config:0
[ 4369922ms] [ERROR] Failed to load resource: net::ERR_CONNECTION_REFUSED @ http://localhost:8511/_stcore/health:0
[ 4369922ms] [ERROR] Client Error in reaching server endpoint - No response received when attempting to reach /_stcore/health @ http://localhost:8511/static/js/index.D2ZqaFuW.js:16
[ 4369922ms] [ERROR] Is Streamlit still running? If you accidentally stopped Streamlit, just restart it in your terminal: @ http://localhost:8511/static/js/index.D2ZqaFuW.js:21
[ 4369924ms] [ERROR] Failed to load resource: net::ERR_CONNECTION_REFUSED @ http://localhost:8511/_stcore/host-config:0
[ 4371929ms] [ERROR] Failed to load resource: net::ERR_CONNECTION_REFUSED @ http://localhost:8511/_stcore/health:0
[ 4371929ms] [ERROR] Client Error in reaching server endpoint - No response received when attempting to reach /_stcore/health @ http://localhost:8511/static/js/index.D2ZqaFuW.js:16
[ 4371930ms] [ERROR] Is Streamlit still running? If you accidentally stopped Streamlit, just restart it in your terminal: @ http://localhost:8511/static/js/index.D2ZqaFuW.js:21
[ 4372061ms] [ERROR] Failed to load resource: net::ERR_CONNECTION_REFUSED @ http://localhost:8511/_stcore/host-config:0
[ 4373936ms] [ERROR] Failed to load resource: net::ERR_CONNECTION_REFUSED @ http://localhost:8511/_stcore/health:0
[ 4373936ms] [ERROR] Client Error in reaching server endpoint - No response received when attempting to reach /_stcore/health @ http://localhost:8511/static/js/index.D2ZqaFuW.js:16
[ 4373936ms] [ERROR] Is Streamlit still running? If you accidentally stopped Streamlit, just restart it in your terminal: @ http://localhost:8511/static/js/index.D2ZqaFuW.js:21
[ 4374055ms] [ERROR] Failed to load resource: net::ERR_CONNECTION_REFUSED @ http://localhost:8511/_stcore/host-config:0
[ 4375944ms] [ERROR] Failed to load resource: net::ERR_CONNECTION_REFUSED @ http://localhost:8511/_stcore/health:0
[ 4375944ms] [ERROR] Client Error in reaching server endpoint - No response received when attempting to reach /_stcore/health @ http://localhost:8511/static/js/index.D2ZqaFuW.js:16
[ 4375945ms] [ERROR] Is Streamlit still running? If you accidentally stopped Streamlit, just restart it in your terminal: @ http://localhost:8511/static/js/index.D2ZqaFuW.js:21
[ 4376141ms] [ERROR] Failed to load resource: net::ERR_CONNECTION_REFUSED @ http://localhost:8511/_stcore/host-config:0
[ 4377952ms] [ERROR] Failed to load resource: net::ERR_CONNECTION_REFUSED @ http://localhost:8511/_stcore/health:0
[ 4377952ms] [ERROR] Client Error in reaching server endpoint - No response received when attempting to reach /_stcore/health @ http://localhost:8511/static/js/index.D2ZqaFuW.js:16
[ 4377952ms] [ERROR] Is Streamlit still running? If you accidentally stopped Streamlit, just restart it in your terminal: @ http://localhost:8511/static/js/index.D2ZqaFuW.js:21
[ 4378066ms] [ERROR] Failed to load resource: net::ERR_CONNECTION_REFUSED @ http://localhost:8511/_stcore/host-config:0
[ 4379960ms] [ERROR] Failed to load resource: net::ERR_CONNECTION_REFUSED @ http://localhost:8511/_stcore/health:0
[ 4379960ms] [ERROR] Client Error in reaching server endpoint - No response received when attempting to reach /_stcore/health @ http://localhost:8511/static/js/index.D2ZqaFuW.js:16
[ 4379961ms] [ERROR] Is Streamlit still running? If you accidentally stopped Streamlit, just restart it in your terminal: @ http://localhost:8511/static/js/index.D2ZqaFuW.js:21
[ 4380082ms] [ERROR] Failed to load resource: net::ERR_CONNECTION_REFUSED @ http://localhost:8511/_stcore/host-config:0
[ 4381966ms] [ERROR] Failed to load resource: net::ERR_CONNECTION_REFUSED @ http://localhost:8511/_stcore/health:0
[ 4381967ms] [ERROR] Client Error in reaching server endpoint - No response received when attempting to reach /_stcore/health @ http://localhost:8511/static/js/index.D2ZqaFuW.js:16
[ 4381967ms] [ERROR] Is Streamlit still running? If you accidentally stopped Streamlit, just restart it in your terminal: @ http://localhost:8511/static/js/index.D2ZqaFuW.js:21
[ 4382079ms] [ERROR] Failed to load resource: net::ERR_CONNECTION_REFUSED @ http://localhost:8511/_stcore/host-config:0
[ 4383974ms] [ERROR] Failed to load resource: net::ERR_CONNECTION_REFUSED @ http://localhost:8511/_stcore/health:0
[ 4383975ms] [ERROR] Client Error in reaching server endpoint - No response received when attempting to reach /_stcore/health @ http://localhost:8511/static/js/index.D2ZqaFuW.js:16
[ 4383975ms] [ERROR] Is Streamlit still running? If you accidentally stopped Streamlit, just restart it in your terminal: @ http://localhost:8511/static/js/index.D2ZqaFuW.js:21
[ 4384086ms] [ERROR] Failed to load resource: net::ERR_CONNECTION_REFUSED @ http://localhost:8511/_stcore/host-config:0
[ 4385983ms] [ERROR] Failed to load resource: net::ERR_CONNECTION_REFUSED @ http://localhost:8511/_stcore/host-config:0
[ 4385983ms] [ERROR] Client Error in reaching server endpoint - No response received when attempting to reach /_stcore/host-config @ http://localhost:8511/static/js/index.D2ZqaFuW.js:16
[ 4385983ms] [ERROR] Is Streamlit still running? If you accidentally stopped Streamlit, just restart it in your terminal: @ http://localhost:8511/static/js/index.D2ZqaFuW.js:21
[ 4386109ms] [ERROR] Failed to load resource: net::ERR_CONNECTION_REFUSED @ http://localhost:8511/_stcore/health:0
[ 4387990ms] [ERROR] Failed to load resource: net::ERR_CONNECTION_REFUSED @ http://localhost:8511/_stcore/health:0
[ 4387990ms] [ERROR] Client Error in reaching server endpoint - No response received when attempting to reach /_stcore/health @ http://localhost:8511/static/js/index.D2ZqaFuW.js:16
[ 4387991ms] [ERROR] Is Streamlit still running? If you accidentally stopped Streamlit, just restart it in your terminal: @ http://localhost:8511/static/js/index.D2ZqaFuW.js:21
[ 4388100ms] [ERROR] Failed to load resource: net::ERR_CONNECTION_REFUSED @ http://localhost:8511/_stcore/host-config:0
[ 4389998ms] [ERROR] Failed to load resource: net::ERR_CONNECTION_REFUSED @ http://localhost:8511/_stcore/host-config:0
[ 4389998ms] [ERROR] Client Error in reaching server endpoint - No response received when attempting to reach /_stcore/host-config @ http://localhost:8511/static/js/index.D2ZqaFuW.js:16
[ 4389998ms] [ERROR] Is Streamlit still running? If you accidentally stopped Streamlit, just restart it in your terminal: @ http://localhost:8511/static/js/index.D2ZqaFuW.js:21
[ 4390107ms] [ERROR] Failed to load resource: net::ERR_CONNECTION_REFUSED @ http://localhost:8511/_stcore/health:0
[ 4392006ms] [ERROR] Failed to load resource: net::ERR_CONNECTION_REFUSED @ http://localhost:8511/_stcore/health:0
[ 4392007ms] [ERROR] Client Error in reaching server endpoint - No response received when attempting to reach /_stcore/health @ http://localhost:8511/static/js/index.D2ZqaFuW.js:16
[ 4392007ms] [ERROR] Is Streamlit still running? If you accidentally stopped Streamlit, just restart it in your terminal: @ http://localhost:8511/static/js/index.D2ZqaFuW.js:21
[ 4392152ms] [ERROR] Failed to load resource: net::ERR_CONNECTION_REFUSED @ http://localhost:8511/_stcore/host-config:0
[ 4394014ms] [ERROR] Failed to load resource: net::ERR_CONNECTION_REFUSED @ http://localhost:8511/_stcore/health:0
[ 4394014ms] [ERROR] Client Error in reaching server endpoint - No response received when attempting to reach /_stcore/health @ http://localhost:8511/static/js/index.D2ZqaFuW.js:16
[ 4394014ms] [ERROR] Is Streamlit still running? If you accidentally stopped Streamlit, just restart it in your terminal: @ http://localhost:8511/static/js/index.D2ZqaFuW.js:21
[ 4394123ms] [ERROR] Failed to load resource: net::ERR_CONNECTION_REFUSED @ http://localhost:8511/_stcore/host-config:0
[ 4396022ms] [ERROR] Failed to load resource: net::ERR_CONNECTION_REFUSED @ http://localhost:8511/_stcore/health:0
[ 4396022ms] [ERROR] Client Error in reaching server endpoint - No response received when attempting to reach /_stcore/health @ http://localhost:8511/static/js/index.D2ZqaFuW.js:16
[ 4396022ms] [ERROR] Is Streamlit still running? If you accidentally stopped Streamlit, just restart it in your terminal: @ http://localhost:8511/static/js/index.D2ZqaFuW.js:21
[ 4396149ms] [ERROR] Failed to load resource: net::ERR_CONNECTION_REFUSED @ http://localhost:8511/_stcore/host-config:0
[ 4398030ms] [ERROR] Failed to load resource: net::ERR_CONNECTION_REFUSED @ http://localhost:8511/_stcore/health:0
[ 4398030ms] [ERROR] Client Error in reaching server endpoint - No response received when attempting to reach /_stcore/health @ http://localhost:8511/static/js/index.D2ZqaFuW.js:16
[ 4398030ms] [ERROR] Is Streamlit still running? If you accidentally stopped Streamlit, just restart it in your terminal: @ http://localhost:8511/static/js/index.D2ZqaFuW.js:21
[ 4398147ms] [ERROR] Failed to load resource: net::ERR_CONNECTION_REFUSED @ http://localhost:8511/_stcore/host-config:0
[ 4400037ms] [ERROR] Failed to load resource: net::ERR_CONNECTION_REFUSED @ http://localhost:8511/_stcore/health:0
[ 4400037ms] [ERROR] Client Error in reaching server endpoint - No response received when attempting to reach /_stcore/health @ http://localhost:8511/static/js/index.D2ZqaFuW.js:16
[ 4400037ms] [ERROR] Is Streamlit still running? If you accidentally stopped Streamlit, just restart it in your terminal: @ http://localhost:8511/static/js/index.D2ZqaFuW.js:21
[ 4400168ms] [ERROR] Failed to load resource: net::ERR_CONNECTION_REFUSED @ http://localhost:8511/_stcore/host-config:0
[ 4402044ms] [ERROR] Failed to load resource: net::ERR_CONNECTION_REFUSED @ http://localhost:8511/_stcore/health:0
[ 4402044ms] [ERROR] Client Error in reaching server endpoint - No response received when attempting to reach /_stcore/health @ http://localhost:8511/static/js/index.D2ZqaFuW.js:16
[ 4402045ms] [ERROR] Is Streamlit still running? If you accidentally stopped Streamlit, just restart it in your terminal: @ http://localhost:8511/static/js/index.D2ZqaFuW.js:21
[ 4402209ms] [ERROR] Failed to load resource: net::ERR_CONNECTION_REFUSED @ http://localhost:8511/_stcore/host-config:0
[ 4404052ms] [ERROR] Failed to load resource: net::ERR_CONNECTION_REFUSED @ http://localhost:8511/_stcore/health:0
[ 4404052ms] [ERROR] Client Error in reaching server endpoint - No response received when attempting to reach /_stcore/health @ http://localhost:8511/static/js/index.D2ZqaFuW.js:16
[ 4404053ms] [ERROR] Is Streamlit still running? If you accidentally stopped Streamlit, just restart it in your terminal: @ http://localhost:8511/static/js/index.D2ZqaFuW.js:21
[ 4404053ms] [ERROR] Failed to load resource: net::ERR_CONNECTION_REFUSED @ http://localhost:8511/_stcore/host-config:0
[ 4406059ms] [ERROR] Failed to load resource: net::ERR_CONNECTION_REFUSED @ http://localhost:8511/_stcore/health:0
[ 4406060ms] [ERROR] Client Error in reaching server endpoint - No response received when attempting to reach /_stcore/health @ http://localhost:8511/static/js/index.D2ZqaFuW.js:16
[ 4406060ms] [ERROR] Is Streamlit still running? If you accidentally stopped Streamlit, just restart it in your terminal: @ http://localhost:8511/static/js/index.D2ZqaFuW.js:21
[ 4406184ms] [ERROR] Failed to load resource: net::ERR_CONNECTION_REFUSED @ http://localhost:8511/_stcore/host-config:0
[ 4408068ms] [ERROR] Failed to load resource: net::ERR_CONNECTION_REFUSED @ http://localhost:8511/_stcore/health:0
[ 4408069ms] [ERROR] Client Error in reaching server endpoint - No response received when attempting to reach /_stcore/health @ http://localhost:8511/static/js/index.D2ZqaFuW.js:16
[ 4408069ms] [ERROR] Is Streamlit still running? If you accidentally stopped Streamlit, just restart it in your terminal: @ http://localhost:8511/static/js/index.D2ZqaFuW.js:21
[ 4408179ms] [ERROR] Failed to load resource: net::ERR_CONNECTION_REFUSED @ http://localhost:8511/_stcore/host-config:0
[ 4410077ms] [ERROR] Failed to load resource: net::ERR_CONNECTION_REFUSED @ http://localhost:8511/_stcore/health:0
[ 4410077ms] [ERROR] Client Error in reaching server endpoint - No response received when attempting to reach /_stcore/health @ http://localhost:8511/static/js/index.D2ZqaFuW.js:16
[ 4410077ms] [ERROR] Is Streamlit still running? If you accidentally stopped Streamlit, just restart it in your terminal: @ http://localhost:8511/static/js/index.D2ZqaFuW.js:21
[ 4410187ms] [ERROR] Failed to load resource: net::ERR_CONNECTION_REFUSED @ http://localhost:8511/_stcore/host-config:0
[ 4412084ms] [ERROR] Failed to load resource: net::ERR_CONNECTION_REFUSED @ http://localhost:8511/_stcore/health:0
[ 4412084ms] [ERROR] Client Error in reaching server endpoint - No response received when attempting to reach /_stcore/health @ http://localhost:8511/static/js/index.D2ZqaFuW.js:16
[ 4412085ms] [ERROR] Is Streamlit still running? If you accidentally stopped Streamlit, just restart it in your terminal: @ http://localhost:8511/static/js/index.D2ZqaFuW.js:21
[ 4412205ms] [ERROR] Failed to load resource: net::ERR_CONNECTION_REFUSED @ http://localhost:8511/_stcore/host-config:0
[ 4414092ms] [ERROR] Failed to load resource: net::ERR_CONNECTION_REFUSED @ http://localhost:8511/_stcore/health:0
[ 4414092ms] [ERROR] Client Error in reaching server endpoint - No response received when attempting to reach /_stcore/health @ http://localhost:8511/static/js/index.D2ZqaFuW.js:16
[ 4414092ms] [ERROR] Is Streamlit still running? If you accidentally stopped Streamlit, just restart it in your terminal: @ http://localhost:8511/static/js/index.D2ZqaFuW.js:21
[ 4414210ms] [ERROR] Failed to load resource: net::ERR_CONNECTION_REFUSED @ http://localhost:8511/_stcore/host-config:0
[ 4416102ms] [ERROR] Failed to load resource: net::ERR_CONNECTION_REFUSED @ http://localhost:8511/_stcore/health:0
[ 4416102ms] [ERROR] Client Error in reaching server endpoint - No response received when attempting to reach /_stcore/health @ http://localhost:8511/static/js/index.D2ZqaFuW.js:16
[ 4416102ms] [ERROR] Is Streamlit still running? If you accidentally stopped Streamlit, just restart it in your terminal: @ http://localhost:8511/static/js/index.D2ZqaFuW.js:21
[ 4416103ms] [ERROR] Failed to load resource: net::ERR_CONNECTION_REFUSED @ http://localhost:8511/_stcore/host-config:0
[ 4418109ms] [ERROR] Failed to load resource: net::ERR_CONNECTION_REFUSED @ http://localhost:8511/_stcore/health:0
[ 4418109ms] [ERROR] Client Error in reaching server endpoint - No response received when attempting to reach /_stcore/health @ http://localhost:8511/static/js/index.D2ZqaFuW.js:16
[ 4418110ms] [ERROR] Is Streamlit still running? If you accidentally stopped Streamlit, just restart it in your terminal: @ http://localhost:8511/static/js/index.D2ZqaFuW.js:21
[ 4418214ms] [ERROR] Failed to load resource: net::ERR_CONNECTION_REFUSED @ http://localhost:8511/_stcore/host-config:0
[ 4420116ms] [ERROR] Failed to load resource: net::ERR_CONNECTION_REFUSED @ http://localhost:8511/_stcore/host-config:0
[ 4420116ms] [ERROR] Client Error in reaching server endpoint - No response received when attempting to reach /_stcore/host-config @ http://localhost:8511/static/js/index.D2ZqaFuW.js:16
[ 4420116ms] [ERROR] Is Streamlit still running? If you accidentally stopped Streamlit, just restart it in your terminal: @ http://localhost:8511/static/js/index.D2ZqaFuW.js:21
[ 4420248ms] [ERROR] Failed to load resource: net::ERR_CONNECTION_REFUSED @ http://localhost:8511/_stcore/health:0
[ 4422124ms] [ERROR] Failed to load resource: net::ERR_CONNECTION_REFUSED @ http://localhost:8511/_stcore/health:0
[ 4422124ms] [ERROR] Client Error in reaching server endpoint - No response received when attempting to reach /_stcore/health @ http://localhost:8511/static/js/index.D2ZqaFuW.js:16
[ 4422124ms] [ERROR] Is Streamlit still running? If you accidentally stopped Streamlit, just restart it in your terminal: @ http://localhost:8511/static/js/index.D2ZqaFuW.js:21
[ 4422241ms] [ERROR] Failed to load resource: net::ERR_CONNECTION_REFUSED @ http://localhost:8511/_stcore/host-config:0
[ 4424133ms] [ERROR] Failed to load resource: net::ERR_CONNECTION_REFUSED @ http://localhost:8511/_stcore/health:0
[ 4424133ms] [ERROR] Client Error in reaching server endpoint - No response received when attempting to reach /_stcore/health @ http://localhost:8511/static/js/index.D2ZqaFuW.js:16
[ 4424133ms] [ERROR] Is Streamlit still running? If you accidentally stopped Streamlit, just restart it in your terminal: @ http://localhost:8511/static/js/index.D2ZqaFuW.js:21
[ 4424250ms] [ERROR] Failed to load resource: net::ERR_CONNECTION_REFUSED @ http://localhost:8511/_stcore/host-config:0
[ 4426142ms] [ERROR] Failed to load resource: net::ERR_CONNECTION_REFUSED @ http://localhost:8511/_stcore/health:0
[ 4426143ms] [ERROR] Client Error in reaching server endpoint - No response received when attempting to reach /_stcore/health @ http://localhost:8511/static/js/index.D2ZqaFuW.js:16
[ 4426143ms] [ERROR] Is Streamlit still running? If you accidentally stopped Streamlit, just restart it in your terminal: @ http://localhost:8511/static/js/index.D2ZqaFuW.js:21
[ 4426325ms] [ERROR] Failed to load resource: net::ERR_CONNECTION_REFUSED @ http://localhost:8511/_stcore/host-config:0
[ 4428172ms] [ERROR] Failed to load resource: net::ERR_CONNECTION_REFUSED @ http://localhost:8511/_stcore/health:0
[ 4428172ms] [ERROR] Client Error in reaching server endpoint - No response received when attempting to reach /_stcore/health @ http://localhost:8511/static/js/index.D2ZqaFuW.js:16
[ 4428172ms] [ERROR] Is Streamlit still running? If you accidentally stopped Streamlit, just restart it in your terminal: @ http://localhost:8511/static/js/index.D2ZqaFuW.js:21
[ 4428355ms] [ERROR] Failed to load resource: net::ERR_CONNECTION_REFUSED @ http://localhost:8511/_stcore/host-config:0
[ 4430178ms] [ERROR] Failed to load resource: net::ERR_CONNECTION_REFUSED @ http://localhost:8511/_stcore/health:0
[ 4430178ms] [ERROR] Client Error in reaching server endpoint - No response received when attempting to reach /_stcore/health @ http://localhost:8511/static/js/index.D2ZqaFuW.js:16
[ 4430179ms] [ERROR] Is Streamlit still running? If you accidentally stopped Streamlit, just restart it in your terminal: @ http://localhost:8511/static/js/index.D2ZqaFuW.js:21
[ 4430303ms] [ERROR] Failed to load resource: net::ERR_CONNECTION_REFUSED @ http://localhost:8511/_stcore/host-config:0
[ 4432186ms] [ERROR] Failed to load resource: net::ERR_CONNECTION_REFUSED @ http://localhost:8511/_stcore/health:0
[ 4432186ms] [ERROR] Client Error in reaching server endpoint - No response received when attempting to reach /_stcore/health @ http://localhost:8511/static/js/index.D2ZqaFuW.js:16
[ 4432186ms] [ERROR] Is Streamlit still running? If you accidentally stopped Streamlit, just restart it in your terminal: @ http://localhost:8511/static/js/index.D2ZqaFuW.js:21
[ 4432352ms] [ERROR] Failed to load resource: net::ERR_CONNECTION_REFUSED @ http://localhost:8511/_stcore/host-config:0
[ 4434195ms] [ERROR] Failed to load resource: net::ERR_CONNECTION_REFUSED @ http://localhost:8511/_stcore/health:0
[ 4434195ms] [ERROR] Client Error in reaching server endpoint - No response received when attempting to reach /_stcore/health @ http://localhost:8511/static/js/index.D2ZqaFuW.js:16
[ 4434195ms] [ERROR] Is Streamlit still running? If you accidentally stopped Streamlit, just restart it in your terminal: @ http://localhost:8511/static/js/index.D2ZqaFuW.js:21
[ 4434323ms] [ERROR] Failed to load resource: net::ERR_CONNECTION_REFUSED @ http://localhost:8511/_stcore/host-config:0
[ 4436204ms] [ERROR] Failed to load resource: net::ERR_CONNECTION_REFUSED @ http://localhost:8511/_stcore/health:0
[ 4436204ms] [ERROR] Client Error in reaching server endpoint - No response received when attempting to reach /_stcore/health @ http://localhost:8511/static/js/index.D2ZqaFuW.js:16
[ 4436204ms] [ERROR] Is Streamlit still running? If you accidentally stopped Streamlit, just restart it in your terminal: @ http://localhost:8511/static/js/index.D2ZqaFuW.js:21
[ 4436204ms] [ERROR] Failed to load resource: net::ERR_CONNECTION_REFUSED @ http://localhost:8511/_stcore/host-config:0
[ 4438212ms] [ERROR] Failed to load resource: net::ERR_CONNECTION_REFUSED @ http://localhost:8511/_stcore/health:0
[ 4438212ms] [ERROR] Client Error in reaching server endpoint - No response received when attempting to reach /_stcore/health @ http://localhost:8511/static/js/index.D2ZqaFuW.js:16
[ 4438212ms] [ERROR] Is Streamlit still running? If you accidentally stopped Streamlit, just restart it in your terminal: @ http://localhost:8511/static/js/index.D2ZqaFuW.js:21
[ 4438328ms] [ERROR] Failed to load resource: net::ERR_CONNECTION_REFUSED @ http://localhost:8511/_stcore/host-config:0
[ 4440221ms] [ERROR] Failed to load resource: net::ERR_CONNECTION_REFUSED @ http://localhost:8511/_stcore/health:0
[ 4440221ms] [ERROR] Client Error in reaching server endpoint - No response received when attempting to reach /_stcore/health @ http://localhost:8511/static/js/index.D2ZqaFuW.js:16
[ 4440221ms] [ERROR] Is Streamlit still running? If you accidentally stopped Streamlit, just restart it in your terminal: @ http://localhost:8511/static/js/index.D2ZqaFuW.js:21
[ 4440335ms] [ERROR] Failed to load resource: net::ERR_CONNECTION_REFUSED @ http://localhost:8511/_stcore/host-config:0
[ 4442229ms] [ERROR] Failed to load resource: net::ERR_CONNECTION_REFUSED @ http://localhost:8511/_stcore/health:0
[ 4442230ms] [ERROR] Client Error in reaching server endpoint - No response received when attempting to reach /_stcore/health @ http://localhost:8511/static/js/index.D2ZqaFuW.js:16
[ 4442230ms] [ERROR] Is Streamlit still running? If you accidentally stopped Streamlit, just restart it in your terminal: @ http://localhost:8511/static/js/index.D2ZqaFuW.js:21
[ 4442362ms] [ERROR] Failed to load resource: net::ERR_CONNECTION_REFUSED @ http://localhost:8511/_stcore/host-config:0
[ 4444240ms] [ERROR] Failed to load resource: net::ERR_CONNECTION_REFUSED @ http://localhost:8511/_stcore/health:0
[ 4444240ms] [ERROR] Client Error in reaching server endpoint - No response received when attempting to reach /_stcore/health @ http://localhost:8511/static/js/index.D2ZqaFuW.js:16
[ 4444240ms] [ERROR] Is Streamlit still running? If you accidentally stopped Streamlit, just restart it in your terminal: @ http://localhost:8511/static/js/index.D2ZqaFuW.js:21
[ 4444363ms] [ERROR] Failed to load resource: net::ERR_CONNECTION_REFUSED @ http://localhost:8511/_stcore/host-config:0
[ 4446247ms] [ERROR] Failed to load resource: net::ERR_CONNECTION_REFUSED @ http://localhost:8511/_stcore/host-config:0
[ 4446247ms] [ERROR] Client Error in reaching server endpoint - No response received when attempting to reach /_stcore/host-config @ http://localhost:8511/static/js/index.D2ZqaFuW.js:16
[ 4446247ms] [ERROR] Is Streamlit still running? If you accidentally stopped Streamlit, just restart it in your terminal: @ http://localhost:8511/static/js/index.D2ZqaFuW.js:21
[ 4446488ms] [ERROR] Failed to load resource: net::ERR_CONNECTION_REFUSED @ http://localhost:8511/_stcore/health:0
[ 4448252ms] [ERROR] Failed to load resource: net::ERR_CONNECTION_REFUSED @ http://localhost:8511/_stcore/health:0
[ 4448252ms] [ERROR] Client Error in reaching server endpoint - No response received when attempting to reach /_stcore/health @ http://localhost:8511/static/js/index.D2ZqaFuW.js:16
[ 4448252ms] [ERROR] Is Streamlit still running? If you accidentally stopped Streamlit, just restart it in your terminal: @ http://localhost:8511/static/js/index.D2ZqaFuW.js:21
[ 4448397ms] [ERROR] Failed to load resource: net::ERR_CONNECTION_REFUSED @ http://localhost:8511/_stcore/host-config:0
[ 4450257ms] [ERROR] Failed to load resource: net::ERR_CONNECTION_REFUSED @ http://localhost:8511/_stcore/health:0
[ 4450258ms] [ERROR] Client Error in reaching server endpoint - No response received when attempting to reach /_stcore/health @ http://localhost:8511/static/js/index.D2ZqaFuW.js:16
[ 4450258ms] [ERROR] Is Streamlit still running? If you accidentally stopped Streamlit, just restart it in your terminal: @ http://localhost:8511/static/js/index.D2ZqaFuW.js:21
[ 4450520ms] [ERROR] Failed to load resource: net::ERR_CONNECTION_REFUSED @ http://localhost:8511/_stcore/host-config:0
[ 4452265ms] [ERROR] Failed to load resource: net::ERR_CONNECTION_REFUSED @ http://localhost:8511/_stcore/health:0
[ 4452265ms] [ERROR] Client Error in reaching server endpoint - No response received when attempting to reach /_stcore/health @ http://localhost:8511/static/js/index.D2ZqaFuW.js:16
[ 4452265ms] [ERROR] Is Streamlit still running? If you accidentally stopped Streamlit, just restart it in your terminal: @ http://localhost:8511/static/js/index.D2ZqaFuW.js:21
[ 4452405ms] [ERROR] Failed to load resource: net::ERR_CONNECTION_REFUSED @ http://localhost:8511/_stcore/host-config:0
[ 4454273ms] [ERROR] Failed to load resource: net::ERR_CONNECTION_REFUSED @ http://localhost:8511/_stcore/health:0
[ 4454273ms] [ERROR] Client Error in reaching server endpoint - No response received when attempting to reach /_stcore/health @ http://localhost:8511/static/js/index.D2ZqaFuW.js:16
[ 4454274ms] [ERROR] Is Streamlit still running? If you accidentally stopped Streamlit, just restart it in your terminal: @ http://localhost:8511/static/js/index.D2ZqaFuW.js:21
[ 4454400ms] [ERROR] Failed to load resource: net::ERR_CONNECTION_REFUSED @ http://localhost:8511/_stcore/host-config:0
[ 4456281ms] [ERROR] Failed to load resource: net::ERR_CONNECTION_REFUSED @ http://localhost:8511/_stcore/health:0
[ 4456281ms] [ERROR] Client Error in reaching server endpoint - No response received when attempting to reach /_stcore/health @ http://localhost:8511/static/js/index.D2ZqaFuW.js:16
[ 4456282ms] [ERROR] Is Streamlit still running? If you accidentally stopped Streamlit, just restart it in your terminal: @ http://localhost:8511/static/js/index.D2ZqaFuW.js:21
[ 4456438ms] [ERROR] Failed to load resource: net::ERR_CONNECTION_REFUSED @ http://localhost:8511/_stcore/host-config:0
[ 4458287ms] [ERROR] Failed to load resource: net::ERR_CONNECTION_REFUSED @ http://localhost:8511/_stcore/health:0
[ 4458288ms] [ERROR] Client Error in reaching server endpoint - No response received when attempting to reach /_stcore/health @ http://localhost:8511/static/js/index.D2ZqaFuW.js:16
[ 4458288ms] [ERROR] Is Streamlit still running? If you accidentally stopped Streamlit, just restart it in your terminal: @ http://localhost:8511/static/js/index.D2ZqaFuW.js:21
[ 4458403ms] [ERROR] Failed to load resource: net::ERR_CONNECTION_REFUSED @ http://localhost:8511/_stcore/host-config:0
[ 4460296ms] [ERROR] Failed to load resource: net::ERR_CONNECTION_REFUSED @ http://localhost:8511/_stcore/host-config:0
[ 4460296ms] [ERROR] Client Error in reaching server endpoint - No response received when attempting to reach /_stcore/host-config @ http://localhost:8511/static/js/index.D2ZqaFuW.js:16
[ 4460297ms] [ERROR] Is Streamlit still running? If you accidentally stopped Streamlit, just restart it in your terminal: @ http://localhost:8511/static/js/index.D2ZqaFuW.js:21
[ 4460299ms] [ERROR] Failed to load resource: net::ERR_CONNECTION_REFUSED @ http://localhost:8511/_stcore/health:0
[ 4462304ms] [ERROR] Failed to load resource: net::ERR_CONNECTION_REFUSED @ http://localhost:8511/_stcore/health:0
[ 4462304ms] [ERROR] Client Error in reaching server endpoint - No response received when attempting to reach /_stcore/health @ http://localhost:8511/static/js/index.D2ZqaFuW.js:16
[ 4462304ms] [ERROR] Is Streamlit still running? If you accidentally stopped Streamlit, just restart it in your terminal: @ http://localhost:8511/static/js/index.D2ZqaFuW.js:21
[ 4462513ms] [ERROR] Failed to load resource: net::ERR_CONNECTION_REFUSED @ http://localhost:8511/_stcore/host-config:0
[ 4464310ms] [ERROR] Failed to load resource: net::ERR_CONNECTION_REFUSED @ http://localhost:8511/_stcore/health:0
[ 4464310ms] [ERROR] Client Error in reaching server endpoint - No response received when attempting to reach /_stcore/health @ http://localhost:8511/static/js/index.D2ZqaFuW.js:16
[ 4464311ms] [ERROR] Is Streamlit still running? If you accidentally stopped Streamlit, just restart it in your terminal: @ http://localhost:8511/static/js/index.D2ZqaFuW.js:21
[ 4464496ms] [ERROR] Failed to load resource: net::ERR_CONNECTION_REFUSED @ http://localhost:8511/_stcore/host-config:0
[ 4466317ms] [ERROR] Failed to load resource: net::ERR_CONNECTION_REFUSED @ http://localhost:8511/_stcore/health:0
[ 4466317ms] [ERROR] Client Error in reaching server endpoint - No response received when attempting to reach /_stcore/health @ http://localhost:8511/static/js/index.D2ZqaFuW.js:16
[ 4466317ms] [ERROR] Is Streamlit still running? If you accidentally stopped Streamlit, just restart it in your terminal: @ http://localhost:8511/static/js/index.D2ZqaFuW.js:21
[ 4466656ms] [ERROR] Failed to load resource: net::ERR_CONNECTION_REFUSED @ http://localhost:8511/_stcore/host-config:0
[ 4468328ms] [ERROR] Failed to load resource: net::ERR_CONNECTION_REFUSED @ http://localhost:8511/_stcore/health:0
[ 4468328ms] [ERROR] Client Error in reaching server endpoint - No response received when attempting to reach /_stcore/health @ http://localhost:8511/static/js/index.D2ZqaFuW.js:16
[ 4468328ms] [ERROR] Is Streamlit still running? If you accidentally stopped Streamlit, just restart it in your terminal: @ http://localhost:8511/static/js/index.D2ZqaFuW.js:21
[ 4468552ms] [ERROR] Failed to load resource: net::ERR_CONNECTION_REFUSED @ http://localhost:8511/_stcore/host-config:0
[ 4470336ms] [ERROR] Failed to load resource: net::ERR_CONNECTION_REFUSED @ http://localhost:8511/_stcore/health:0
[ 4470336ms] [ERROR] Client Error in reaching server endpoint - No response received when attempting to reach /_stcore/health @ http://localhost:8511/static/js/index.D2ZqaFuW.js:16
[ 4470336ms] [ERROR] Is Streamlit still running? If you accidentally stopped Streamlit, just restart it in your terminal: @ http://localhost:8511/static/js/index.D2ZqaFuW.js:21
[ 4470462ms] [ERROR] Failed to load resource: net::ERR_CONNECTION_REFUSED @ http://localhost:8511/_stcore/host-config:0
[ 4472344ms] [ERROR] Failed to load resource: net::ERR_CONNECTION_REFUSED @ http://localhost:8511/_stcore/health:0
[ 4472344ms] [ERROR] Client Error in reaching server endpoint - No response received when attempting to reach /_stcore/health @ http://localhost:8511/static/js/index.D2ZqaFuW.js:16
[ 4472344ms] [ERROR] Is Streamlit still running? If you accidentally stopped Streamlit, just restart it in your terminal: @ http://localhost:8511/static/js/index.D2ZqaFuW.js:21
[ 4472482ms] [ERROR] Failed to load resource: net::ERR_CONNECTION_REFUSED @ http://localhost:8511/_stcore/host-config:0
[ 4474350ms] [ERROR] Failed to load resource: net::ERR_CONNECTION_REFUSED @ http://localhost:8511/_stcore/health:0
[ 4474350ms] [ERROR] Client Error in reaching server endpoint - No response received when attempting to reach /_stcore/health @ http://localhost:8511/static/js/index.D2ZqaFuW.js:16
[ 4474351ms] [ERROR] Is Streamlit still running? If you accidentally stopped Streamlit, just restart it in your terminal: @ http://localhost:8511/static/js/index.D2ZqaFuW.js:21
[ 4474518ms] [ERROR] Failed to load resource: net::ERR_CONNECTION_REFUSED @ http://localhost:8511/_stcore/host-config:0
[ 4476357ms] [ERROR] Failed to load resource: net::ERR_CONNECTION_REFUSED @ http://localhost:8511/_stcore/health:0
[ 4476358ms] [ERROR] Client Error in reaching server endpoint - No response received when attempting to reach /_stcore/health @ http://localhost:8511/static/js/index.D2ZqaFuW.js:16
[ 4476358ms] [ERROR] Is Streamlit still running? If you accidentally stopped Streamlit, just restart it in your terminal: @ http://localhost:8511/static/js/index.D2ZqaFuW.js:21
[ 4476492ms] [ERROR] Failed to load resource: net::ERR_CONNECTION_REFUSED @ http://localhost:8511/_stcore/host-config:0
[ 4478365ms] [ERROR] Failed to load resource: net::ERR_CONNECTION_REFUSED @ http://localhost:8511/_stcore/health:0
[ 4478365ms] [ERROR] Client Error in reaching server endpoint - No response received when attempting to reach /_stcore/health @ http://localhost:8511/static/js/index.D2ZqaFuW.js:16
[ 4478366ms] [ERROR] Is Streamlit still running? If you accidentally stopped Streamlit, just restart it in your terminal: @ http://localhost:8511/static/js/index.D2ZqaFuW.js:21
[ 4478472ms] [ERROR] Failed to load resource: net::ERR_CONNECTION_REFUSED @ http://localhost:8511/_stcore/host-config:0
[ 4480374ms] [ERROR] Failed to load resource: net::ERR_CONNECTION_REFUSED @ http://localhost:8511/_stcore/health:0
[ 4480374ms] [ERROR] Client Error in reaching server endpoint - No response received when attempting to reach /_stcore/health @ http://localhost:8511/static/js/index.D2ZqaFuW.js:16
[ 4480375ms] [ERROR] Is Streamlit still running? If you accidentally stopped Streamlit, just restart it in your terminal: @ http://localhost:8511/static/js/index.D2ZqaFuW.js:21
[ 4480491ms] [ERROR] Failed to load resource: net::ERR_CONNECTION_REFUSED @ http://localhost:8511/_stcore/host-config:0
[ 4482380ms] [ERROR] Failed to load resource: net::ERR_CONNECTION_REFUSED @ http://localhost:8511/_stcore/health:0
[ 4482381ms] [ERROR] Client Error in reaching server endpoint - No response received when attempting to reach /_stcore/health @ http://localhost:8511/static/js/index.D2ZqaFuW.js:16
[ 4482381ms] [ERROR] Is Streamlit still running? If you accidentally stopped Streamlit, just restart it in your terminal: @ http://localhost:8511/static/js/index.D2ZqaFuW.js:21
[ 4482553ms] [ERROR] Failed to load resource: net::ERR_CONNECTION_REFUSED @ http://localhost:8511/_stcore/host-config:0
[ 4484386ms] [ERROR] Failed to load resource: net::ERR_CONNECTION_REFUSED @ http://localhost:8511/_stcore/health:0
[ 4484386ms] [ERROR] Client Error in reaching server endpoint - No response received when attempting to reach /_stcore/health @ http://localhost:8511/static/js/index.D2ZqaFuW.js:16
[ 4484387ms] [ERROR] Is Streamlit still running? If you accidentally stopped Streamlit, just restart it in your terminal: @ http://localhost:8511/static/js/index.D2ZqaFuW.js:21
[ 4484498ms] [ERROR] Failed to load resource: net::ERR_CONNECTION_REFUSED @ http://localhost:8511/_stcore/host-config:0
[ 4486392ms] [ERROR] Failed to load resource: net::ERR_CONNECTION_REFUSED @ http://localhost:8511/_stcore/health:0
[ 4486392ms] [ERROR] Client Error in reaching server endpoint - No response received when attempting to reach /_stcore/health @ http://localhost:8511/static/js/index.D2ZqaFuW.js:16
[ 4486393ms] [ERROR] Is Streamlit still running? If you accidentally stopped Streamlit, just restart it in your terminal: @ http://localhost:8511/static/js/index.D2ZqaFuW.js:21
[ 4486604ms] [ERROR] Failed to load resource: net::ERR_CONNECTION_REFUSED @ http://localhost:8511/_stcore/host-config:0
[ 4488402ms] [ERROR] Failed to load resource: net::ERR_CONNECTION_REFUSED @ http://localhost:8511/_stcore/host-config:0
[ 4488402ms] [ERROR] Client Error in reaching server endpoint - No response received when attempting to reach /_stcore/host-config @ http://localhost:8511/static/js/index.D2ZqaFuW.js:16
[ 4488402ms] [ERROR] Is Streamlit still running? If you accidentally stopped Streamlit, just restart it in your terminal: @ http://localhost:8511/static/js/index.D2ZqaFuW.js:21
[ 4488643ms] [ERROR] Failed to load resource: net::ERR_CONNECTION_REFUSED @ http://localhost:8511/_stcore/health:0
[ 4490407ms] [ERROR] Failed to load resource: net::ERR_CONNECTION_REFUSED @ http://localhost:8511/_stcore/health:0
[ 4490407ms] [ERROR] Client Error in reaching server endpoint - No response received when attempting to reach /_stcore/health @ http://localhost:8511/static/js/index.D2ZqaFuW.js:16
[ 4490407ms] [ERROR] Is Streamlit still running? If you accidentally stopped Streamlit, just restart it in your terminal: @ http://localhost:8511/static/js/index.D2ZqaFuW.js:21
[ 4490580ms] [ERROR] Failed to load resource: net::ERR_CONNECTION_REFUSED @ http://localhost:8511/_stcore/host-config:0
[ 4492413ms] [ERROR] Failed to load resource: net::ERR_CONNECTION_REFUSED @ http://localhost:8511/_stcore/health:0
[ 4492413ms] [ERROR] Client Error in reaching server endpoint - No response received when attempting to reach /_stcore/health @ http://localhost:8511/static/js/index.D2ZqaFuW.js:16
[ 4492413ms] [ERROR] Is Streamlit still running? If you accidentally stopped Streamlit, just restart it in your terminal: @ http://localhost:8511/static/js/index.D2ZqaFuW.js:21
[ 4492576ms] [ERROR] Failed to load resource: net::ERR_CONNECTION_REFUSED @ http://localhost:8511/_stcore/host-config:0
[ 4494422ms] [ERROR] Failed to load resource: net::ERR_CONNECTION_REFUSED @ http://localhost:8511/_stcore/health:0
[ 4494422ms] [ERROR] Client Error in reaching server endpoint - No response received when attempting to reach /_stcore/health @ http://localhost:8511/static/js/index.D2ZqaFuW.js:16
[ 4494422ms] [ERROR] Is Streamlit still running? If you accidentally stopped Streamlit, just restart it in your terminal: @ http://localhost:8511/static/js/index.D2ZqaFuW.js:21
[ 4494563ms] [ERROR] Failed to load resource: net::ERR_CONNECTION_REFUSED @ http://localhost:8511/_stcore/host-config:0
[ 4496429ms] [ERROR] Failed to load resource: net::ERR_CONNECTION_REFUSED @ http://localhost:8511/_stcore/health:0
[ 4496429ms] [ERROR] Client Error in reaching server endpoint - No response received when attempting to reach /_stcore/health @ http://localhost:8511/static/js/index.D2ZqaFuW.js:16
[ 4496429ms] [ERROR] Is Streamlit still running? If you accidentally stopped Streamlit, just restart it in your terminal: @ http://localhost:8511/static/js/index.D2ZqaFuW.js:21
[ 4496569ms] [ERROR] Failed to load resource: net::ERR_CONNECTION_REFUSED @ http://localhost:8511/_stcore/host-config:0
[ 4498437ms] [ERROR] Failed to load resource: net::ERR_CONNECTION_REFUSED @ http://localhost:8511/_stcore/health:0
[ 4498437ms] [ERROR] Client Error in reaching server endpoint - No response received when attempting to reach /_stcore/health @ http://localhost:8511/static/js/index.D2ZqaFuW.js:16
[ 4498437ms] [ERROR] Is Streamlit still running? If you accidentally stopped Streamlit, just restart it in your terminal: @ http://localhost:8511/static/js/index.D2ZqaFuW.js:21
[ 4498719ms] [ERROR] Failed to load resource: net::ERR_CONNECTION_REFUSED @ http://localhost:8511/_stcore/host-config:0
[ 4500442ms] [ERROR] Failed to load resource: net::ERR_CONNECTION_REFUSED @ http://localhost:8511/_stcore/health:0
[ 4500443ms] [ERROR] Client Error in reaching server endpoint - No response received when attempting to reach /_stcore/health @ http://localhost:8511/static/js/index.D2ZqaFuW.js:16
[ 4500443ms] [ERROR] Is Streamlit still running? If you accidentally stopped Streamlit, just restart it in your terminal: @ http://localhost:8511/static/js/index.D2ZqaFuW.js:21
[ 4500640ms] [ERROR] Failed to load resource: net::ERR_CONNECTION_REFUSED @ http://localhost:8511/_stcore/host-config:0
[ 4502449ms] [ERROR] Failed to load resource: net::ERR_CONNECTION_REFUSED @ http://localhost:8511/_stcore/host-config:0
[ 4502450ms] [ERROR] Client Error in reaching server endpoint - No response received when attempting to reach /_stcore/host-config @ http://localhost:8511/static/js/index.D2ZqaFuW.js:16
[ 4502450ms] [ERROR] Is Streamlit still running? If you accidentally stopped Streamlit, just restart it in your terminal: @ http://localhost:8511/static/js/index.D2ZqaFuW.js:21
[ 4502615ms] [ERROR] Failed to load resource: net::ERR_CONNECTION_REFUSED @ http://localhost:8511/_stcore/health:0
[ 4504455ms] [ERROR] Failed to load resource: net::ERR_CONNECTION_REFUSED @ http://localhost:8511/_stcore/health:0
[ 4504455ms] [ERROR] Client Error in reaching server endpoint - No response received when attempting to reach /_stcore/health @ http://localhost:8511/static/js/index.D2ZqaFuW.js:16
[ 4504455ms] [ERROR] Is Streamlit still running? If you accidentally stopped Streamlit, just restart it in your terminal: @ http://localhost:8511/static/js/index.D2ZqaFuW.js:21
[ 4504601ms] [ERROR] Failed to load resource: net::ERR_CONNECTION_REFUSED @ http://localhost:8511/_stcore/host-config:0
[ 4506462ms] [ERROR] Failed to load resource: net::ERR_CONNECTION_REFUSED @ http://localhost:8511/_stcore/health:0
[ 4506462ms] [ERROR] Client Error in reaching server endpoint - No response received when attempting to reach /_stcore/health @ http://localhost:8511/static/js/index.D2ZqaFuW.js:16
[ 4506462ms] [ERROR] Is Streamlit still running? If you accidentally stopped Streamlit, just restart it in your terminal: @ http://localhost:8511/static/js/index.D2ZqaFuW.js:21
[ 4506462ms] [ERROR] Failed to load resource: net::ERR_CONNECTION_REFUSED @ http://localhost:8511/_stcore/host-config:0
[ 4508479ms] [ERROR] Failed to load resource: net::ERR_CONNECTION_REFUSED @ http://localhost:8511/_stcore/health:0
[ 4508479ms] [ERROR] Client Error in reaching server endpoint - No response received when attempting to reach /_stcore/health @ http://localhost:8511/static/js/index.D2ZqaFuW.js:16
[ 4508480ms] [ERROR] Is Streamlit still running? If you accidentally stopped Streamlit, just restart it in your terminal: @ http://localhost:8511/static/js/index.D2ZqaFuW.js:21
[ 4508761ms] [ERROR] Failed to load resource: net::ERR_CONNECTION_REFUSED @ http://localhost:8511/_stcore/host-config:0
[ 4510485ms] [ERROR] Failed to load resource: net::ERR_CONNECTION_REFUSED @ http://localhost:8511/_stcore/host-config:0
[ 4510485ms] [ERROR] Client Error in reaching server endpoint - No response received when attempting to reach /_stcore/host-config @ http://localhost:8511/static/js/index.D2ZqaFuW.js:16
[ 4510485ms] [ERROR] Is Streamlit still running? If you accidentally stopped Streamlit, just restart it in your terminal: @ http://localhost:8511/static/js/index.D2ZqaFuW.js:21
[ 4510620ms] [ERROR] Failed to load resource: net::ERR_CONNECTION_REFUSED @ http://localhost:8511/_stcore/health:0
[ 4512493ms] [ERROR] Failed to load resource: net::ERR_CONNECTION_REFUSED @ http://localhost:8511/_stcore/health:0
[ 4512493ms] [ERROR] Client Error in reaching server endpoint - No response received when attempting to reach /_stcore/health @ http://localhost:8511/static/js/index.D2ZqaFuW.js:16
[ 4512493ms] [ERROR] Is Streamlit still running? If you accidentally stopped Streamlit, just restart it in your terminal: @ http://localhost:8511/static/js/index.D2ZqaFuW.js:21
[ 4512635ms] [ERROR] Failed to load resource: net::ERR_CONNECTION_REFUSED @ http://localhost:8511/_stcore/host-config:0
[ 4514498ms] [ERROR] Failed to load resource: net::ERR_CONNECTION_REFUSED @ http://localhost:8511/_stcore/health:0
[ 4514498ms] [ERROR] Client Error in reaching server endpoint - No response received when attempting to reach /_stcore/health @ http://localhost:8511/static/js/index.D2ZqaFuW.js:16
[ 4514498ms] [ERROR] Is Streamlit still running? If you accidentally stopped Streamlit, just restart it in your terminal: @ http://localhost:8511/static/js/index.D2ZqaFuW.js:21
[ 4514612ms] [ERROR] Failed to load resource: net::ERR_CONNECTION_REFUSED @ http://localhost:8511/_stcore/host-config:0
[ 4516503ms] [ERROR] Failed to load resource: net::ERR_CONNECTION_REFUSED @ http://localhost:8511/_stcore/host-config:0
[ 4516504ms] [ERROR] Client Error in reaching server endpoint - No response received when attempting to reach /_stcore/host-config @ http://localhost:8511/static/js/index.D2ZqaFuW.js:16
[ 4516504ms] [ERROR] Is Streamlit still running? If you accidentally stopped Streamlit, just restart it in your terminal: @ http://localhost:8511/static/js/index.D2ZqaFuW.js:21
[ 4516637ms] [ERROR] Failed to load resource: net::ERR_CONNECTION_REFUSED @ http://localhost:8511/_stcore/health:0
[ 4518512ms] [ERROR] Failed to load resource: net::ERR_CONNECTION_REFUSED @ http://localhost:8511/_stcore/health:0
[ 4518512ms] [ERROR] Client Error in reaching server endpoint - No response received when attempting to reach /_stcore/health @ http://localhost:8511/static/js/index.D2ZqaFuW.js:16
[ 4518512ms] [ERROR] Is Streamlit still running? If you accidentally stopped Streamlit, just restart it in your terminal: @ http://localhost:8511/static/js/index.D2ZqaFuW.js:21
[ 4518633ms] [ERROR] Failed to load resource: net::ERR_CONNECTION_REFUSED @ http://localhost:8511/_stcore/host-config:0
[ 4520528ms] [ERROR] Failed to load resource: net::ERR_CONNECTION_REFUSED @ http://localhost:8511/_stcore/health:0
[ 4520528ms] [ERROR] Client Error in reaching server endpoint - No response received when attempting to reach /_stcore/health @ http://localhost:8511/static/js/index.D2ZqaFuW.js:16
[ 4520529ms] [ERROR] Is Streamlit still running? If you accidentally stopped Streamlit, just restart it in your terminal: @ http://localhost:8511/static/js/index.D2ZqaFuW.js:21
[ 4520529ms] [ERROR] Failed to load resource: net::ERR_CONNECTION_REFUSED @ http://localhost:8511/_stcore/host-config:0
[ 4522533ms] [ERROR] Failed to load resource: net::ERR_CONNECTION_REFUSED @ http://localhost:8511/_stcore/health:0
[ 4522533ms] [ERROR] Client Error in reaching server endpoint - No response received when attempting to reach /_stcore/health @ http://localhost:8511/static/js/index.D2ZqaFuW.js:16
[ 4522534ms] [ERROR] Is Streamlit still running? If you accidentally stopped Streamlit, just restart it in your terminal: @ http://localhost:8511/static/js/index.D2ZqaFuW.js:21
[ 4522689ms] [ERROR] Failed to load resource: net::ERR_CONNECTION_REFUSED @ http://localhost:8511/_stcore/host-config:0
[ 4524538ms] [ERROR] Failed to load resource: net::ERR_CONNECTION_REFUSED @ http://localhost:8511/_stcore/health:0
[ 4524538ms] [ERROR] Client Error in reaching server endpoint - No response received when attempting to reach /_stcore/health @ http://localhost:8511/static/js/index.D2ZqaFuW.js:16
[ 4524538ms] [ERROR] Is Streamlit still running? If you accidentally stopped Streamlit, just restart it in your terminal: @ http://localhost:8511/static/js/index.D2ZqaFuW.js:21
[ 4524638ms] [ERROR] Failed to load resource: net::ERR_CONNECTION_REFUSED @ http://localhost:8511/_stcore/host-config:0
[ 4526546ms] [ERROR] Failed to load resource: net::ERR_CONNECTION_REFUSED @ http://localhost:8511/_stcore/health:0
[ 4526546ms] [ERROR] Client Error in reaching server endpoint - No response received when attempting to reach /_stcore/health @ http://localhost:8511/static/js/index.D2ZqaFuW.js:16
[ 4526546ms] [ERROR] Is Streamlit still running? If you accidentally stopped Streamlit, just restart it in your terminal: @ http://localhost:8511/static/js/index.D2ZqaFuW.js:21
[ 4526668ms] [ERROR] Failed to load resource: net::ERR_CONNECTION_REFUSED @ http://localhost:8511/_stcore/host-config:0
[ 4528551ms] [ERROR] Failed to load resource: net::ERR_CONNECTION_REFUSED @ http://localhost:8511/_stcore/health:0
[ 4528551ms] [ERROR] Client Error in reaching server endpoint - No response received when attempting to reach /_stcore/health @ http://localhost:8511/static/js/index.D2ZqaFuW.js:16
[ 4528551ms] [ERROR] Is Streamlit still running? If you accidentally stopped Streamlit, just restart it in your terminal: @ http://localhost:8511/static/js/index.D2ZqaFuW.js:21
[ 4528697ms] [ERROR] Failed to load resource: net::ERR_CONNECTION_REFUSED @ http://localhost:8511/_stcore/host-config:0
[ 4530557ms] [ERROR] Failed to load resource: net::ERR_CONNECTION_REFUSED @ http://localhost:8511/_stcore/host-config:0
[ 4530557ms] [ERROR] Client Error in reaching server endpoint - No response received when attempting to reach /_stcore/host-config @ http://localhost:8511/static/js/index.D2ZqaFuW.js:16
[ 4530557ms] [ERROR] Is Streamlit still running? If you accidentally stopped Streamlit, just restart it in your terminal: @ http://localhost:8511/static/js/index.D2ZqaFuW.js:21
[ 4530665ms] [ERROR] Failed to load resource: net::ERR_CONNECTION_REFUSED @ http://localhost:8511/_stcore/health:0
[ 4532566ms] [ERROR] Failed to load resource: net::ERR_CONNECTION_REFUSED @ http://localhost:8511/_stcore/host-config:0
[ 4532566ms] [ERROR] Client Error in reaching server endpoint - No response received when attempting to reach /_stcore/host-config @ http://localhost:8511/static/js/index.D2ZqaFuW.js:16
[ 4532566ms] [ERROR] Is Streamlit still running? If you accidentally stopped Streamlit, just restart it in your terminal: @ http://localhost:8511/static/js/index.D2ZqaFuW.js:21
[ 4532566ms] [ERROR] Failed to load resource: net::ERR_CONNECTION_REFUSED @ http://localhost:8511/_stcore/health:0
[ 4534574ms] [ERROR] Failed to load resource: net::ERR_CONNECTION_REFUSED @ http://localhost:8511/_stcore/host-config:0
[ 4534574ms] [ERROR] Client Error in reaching server endpoint - No response received when attempting to reach /_stcore/host-config @ http://localhost:8511/static/js/index.D2ZqaFuW.js:16
[ 4534574ms] [ERROR] Is Streamlit still running? If you accidentally stopped Streamlit, just restart it in your terminal: @ http://localhost:8511/static/js/index.D2ZqaFuW.js:21
[ 4534693ms] [ERROR] Failed to load resource: net::ERR_CONNECTION_REFUSED @ http://localhost:8511/_stcore/health:0
[ 4536582ms] [ERROR] Failed to load resource: net::ERR_CONNECTION_REFUSED @ http://localhost:8511/_stcore/health:0
[ 4536582ms] [ERROR] Client Error in reaching server endpoint - No response received when attempting to reach /_stcore/health @ http://localhost:8511/static/js/index.D2ZqaFuW.js:16
[ 4536582ms] [ERROR] Is Streamlit still running? If you accidentally stopped Streamlit, just restart it in your terminal: @ http://localhost:8511/static/js/index.D2ZqaFuW.js:21
[ 4536717ms] [ERROR] Failed to load resource: net::ERR_CONNECTION_REFUSED @ http://localhost:8511/_stcore/host-config:0
[ 4538598ms] [ERROR] Failed to load resource: net::ERR_CONNECTION_REFUSED @ http://localhost:8511/_stcore/health:0
[ 4538598ms] [ERROR] Client Error in reaching server endpoint - No response received when attempting to reach /_stcore/health @ http://localhost:8511/static/js/index.D2ZqaFuW.js:16
[ 4538598ms] [ERROR] Is Streamlit still running? If you accidentally stopped Streamlit, just restart it in your terminal: @ http://localhost:8511/static/js/index.D2ZqaFuW.js:21
[ 4538771ms] [ERROR] Failed to load resource: net::ERR_CONNECTION_REFUSED @ http://localhost:8511/_stcore/host-config:0
[ 4540604ms] [ERROR] Failed to load resource: net::ERR_CONNECTION_REFUSED @ http://localhost:8511/_stcore/health:0
[ 4540604ms] [ERROR] Client Error in reaching server endpoint - No response received when attempting to reach /_stcore/health @ http://localhost:8511/static/js/index.D2ZqaFuW.js:16
[ 4540604ms] [ERROR] Is Streamlit still running? If you accidentally stopped Streamlit, just restart it in your terminal: @ http://localhost:8511/static/js/index.D2ZqaFuW.js:21
[ 4540787ms] [ERROR] Failed to load resource: net::ERR_CONNECTION_REFUSED @ http://localhost:8511/_stcore/host-config:0
[ 4542609ms] [ERROR] Failed to load resource: net::ERR_CONNECTION_REFUSED @ http://localhost:8511/_stcore/health:0
[ 4542609ms] [ERROR] Client Error in reaching server endpoint - No response received when attempting to reach /_stcore/health @ http://localhost:8511/static/js/index.D2ZqaFuW.js:16
[ 4542609ms] [ERROR] Is Streamlit still running? If you accidentally stopped Streamlit, just restart it in your terminal: @ http://localhost:8511/static/js/index.D2ZqaFuW.js:21
[ 4542768ms] [ERROR] Failed to load resource: net::ERR_CONNECTION_REFUSED @ http://localhost:8511/_stcore/host-config:0
[ 4544630ms] [ERROR] Failed to load resource: net::ERR_CONNECTION_REFUSED @ http://localhost:8511/_stcore/health:0
[ 4544630ms] [ERROR] Client Error in reaching server endpoint - No response received when attempting to reach /_stcore/health @ http://localhost:8511/static/js/index.D2ZqaFuW.js:16
[ 4544630ms] [ERROR] Is Streamlit still running? If you accidentally stopped Streamlit, just restart it in your terminal: @ http://localhost:8511/static/js/index.D2ZqaFuW.js:21
[ 4544923ms] [ERROR] Failed to load resource: net::ERR_CONNECTION_REFUSED @ http://localhost:8511/_stcore/host-config:0
[ 4546637ms] [ERROR] Failed to load resource: net::ERR_CONNECTION_REFUSED @ http://localhost:8511/_stcore/health:0
[ 4546637ms] [ERROR] Client Error in reaching server endpoint - No response received when attempting to reach /_stcore/health @ http://localhost:8511/static/js/index.D2ZqaFuW.js:16
[ 4546637ms] [ERROR] Is Streamlit still running? If you accidentally stopped Streamlit, just restart it in your terminal: @ http://localhost:8511/static/js/index.D2ZqaFuW.js:21
[ 4546767ms] [ERROR] Failed to load resource: net::ERR_CONNECTION_REFUSED @ http://localhost:8511/_stcore/host-config:0
[ 4548644ms] [ERROR] Failed to load resource: net::ERR_CONNECTION_REFUSED @ http://localhost:8511/_stcore/health:0
[ 4548644ms] [ERROR] Client Error in reaching server endpoint - No response received when attempting to reach /_stcore/health @ http://localhost:8511/static/js/index.D2ZqaFuW.js:16
[ 4548645ms] [ERROR] Is Streamlit still running? If you accidentally stopped Streamlit, just restart it in your terminal: @ http://localhost:8511/static/js/index.D2ZqaFuW.js:21
[ 4548760ms] [ERROR] Failed to load resource: net::ERR_CONNECTION_REFUSED @ http://localhost:8511/_stcore/host-config:0
[ 4550652ms] [ERROR] Failed to load resource: net::ERR_CONNECTION_REFUSED @ http://localhost:8511/_stcore/health:0
[ 4550652ms] [ERROR] Client Error in reaching server endpoint - No response received when attempting to reach /_stcore/health @ http://localhost:8511/static/js/index.D2ZqaFuW.js:16
[ 4550652ms] [ERROR] Is Streamlit still running? If you accidentally stopped Streamlit, just restart it in your terminal: @ http://localhost:8511/static/js/index.D2ZqaFuW.js:21
[ 4550763ms] [ERROR] Failed to load resource: net::ERR_CONNECTION_REFUSED @ http://localhost:8511/_stcore/host-config:0
[ 4552660ms] [ERROR] Failed to load resource: net::ERR_CONNECTION_REFUSED @ http://localhost:8511/_stcore/health:0
[ 4552660ms] [ERROR] Client Error in reaching server endpoint - No response received when attempting to reach /_stcore/health @ http://localhost:8511/static/js/index.D2ZqaFuW.js:16
[ 4552660ms] [ERROR] Is Streamlit still running? If you accidentally stopped Streamlit, just restart it in your terminal: @ http://localhost:8511/static/js/index.D2ZqaFuW.js:21
[ 4552788ms] [ERROR] Failed to load resource: net::ERR_CONNECTION_REFUSED @ http://localhost:8511/_stcore/host-config:0
[ 4554667ms] [ERROR] Failed to load resource: net::ERR_CONNECTION_REFUSED @ http://localhost:8511/_stcore/host-config:0
[ 4554667ms] [ERROR] Client Error in reaching server endpoint - No response received when attempting to reach /_stcore/host-config @ http://localhost:8511/static/js/index.D2ZqaFuW.js:16
[ 4554668ms] [ERROR] Is Streamlit still running? If you accidentally stopped Streamlit, just restart it in your terminal: @ http://localhost:8511/static/js/index.D2ZqaFuW.js:21
[ 4554803ms] [ERROR] Failed to load resource: net::ERR_CONNECTION_REFUSED @ http://localhost:8511/_stcore/health:0
[ 4556673ms] [ERROR] Failed to load resource: net::ERR_CONNECTION_REFUSED @ http://localhost:8511/_stcore/health:0
[ 4556673ms] [ERROR] Client Error in reaching server endpoint - No response received when attempting to reach /_stcore/health @ http://localhost:8511/static/js/index.D2ZqaFuW.js:16
[ 4556674ms] [ERROR] Is Streamlit still running? If you accidentally stopped Streamlit, just restart it in your terminal: @ http://localhost:8511/static/js/index.D2ZqaFuW.js:21
[ 4556805ms] [ERROR] Failed to load resource: net::ERR_CONNECTION_REFUSED @ http://localhost:8511/_stcore/host-config:0
[ 4558681ms] [ERROR] Failed to load resource: net::ERR_CONNECTION_REFUSED @ http://localhost:8511/_stcore/health:0
[ 4558681ms] [ERROR] Client Error in reaching server endpoint - No response received when attempting to reach /_stcore/health @ http://localhost:8511/static/js/index.D2ZqaFuW.js:16
[ 4558681ms] [ERROR] Is Streamlit still running? If you accidentally stopped Streamlit, just restart it in your terminal: @ http://localhost:8511/static/js/index.D2ZqaFuW.js:21
[ 4559662ms] [ERROR] Failed to load resource: net::ERR_CONNECTION_REFUSED @ http://localhost:8511/_stcore/host-config:0
[ 4560687ms] [ERROR] Failed to load resource: net::ERR_CONNECTION_REFUSED @ http://localhost:8511/_stcore/health:0
[ 4560687ms] [ERROR] Client Error in reaching server endpoint - No response received when attempting to reach /_stcore/health @ http://localhost:8511/static/js/index.D2ZqaFuW.js:16
[ 4560688ms] [ERROR] Is Streamlit still running? If you accidentally stopped Streamlit, just restart it in your terminal: @ http://localhost:8511/static/js/index.D2ZqaFuW.js:21
[ 4561532ms] [ERROR] Failed to load resource: net::ERR_CONNECTION_REFUSED @ http://localhost:8511/_stcore/host-config:0
[ 4562693ms] [ERROR] Failed to load resource: net::ERR_CONNECTION_REFUSED @ http://localhost:8511/_stcore/health:0
[ 4562693ms] [ERROR] Client Error in reaching server endpoint - No response received when attempting to reach /_stcore/health @ http://localhost:8511/static/js/index.D2ZqaFuW.js:16
[ 4562693ms] [ERROR] Is Streamlit still running? If you accidentally stopped Streamlit, just restart it in your terminal: @ http://localhost:8511/static/js/index.D2ZqaFuW.js:21
[ 4562693ms] [ERROR] Failed to load resource: net::ERR_CONNECTION_REFUSED @ http://localhost:8511/_stcore/host-config:0
[ 4564699ms] [ERROR] Failed to load resource: net::ERR_CONNECTION_REFUSED @ http://localhost:8511/_stcore/health:0
[ 4564699ms] [ERROR] Client Error in reaching server endpoint - No response received when attempting to reach /_stcore/health @ http://localhost:8511/static/js/index.D2ZqaFuW.js:16
[ 4564699ms] [ERROR] Is Streamlit still running? If you accidentally stopped Streamlit, just restart it in your terminal: @ http://localhost:8511/static/js/index.D2ZqaFuW.js:21
[ 4564700ms] [ERROR] Failed to load resource: net::ERR_CONNECTION_REFUSED @ http://localhost:8511/_stcore/host-config:0
[ 4566705ms] [ERROR] Failed to load resource: net::ERR_CONNECTION_REFUSED @ http://localhost:8511/_stcore/health:0
[ 4566705ms] [ERROR] Client Error in reaching server endpoint - No response received when attempting to reach /_stcore/health @ http://localhost:8511/static/js/index.D2ZqaFuW.js:16
[ 4566706ms] [ERROR] Is Streamlit still running? If you accidentally stopped Streamlit, just restart it in your terminal: @ http://localhost:8511/static/js/index.D2ZqaFuW.js:21
[ 4566841ms] [ERROR] Failed to load resource: net::ERR_CONNECTION_REFUSED @ http://localhost:8511/_stcore/host-config:0
[ 4568713ms] [ERROR] Failed to load resource: net::ERR_CONNECTION_REFUSED @ http://localhost:8511/_stcore/health:0
[ 4568713ms] [ERROR] Client Error in reaching server endpoint - No response received when attempting to reach /_stcore/health @ http://localhost:8511/static/js/index.D2ZqaFuW.js:16
[ 4568713ms] [ERROR] Is Streamlit still running? If you accidentally stopped Streamlit, just restart it in your terminal: @ http://localhost:8511/static/js/index.D2ZqaFuW.js:21
[ 4568827ms] [ERROR] Failed to load resource: net::ERR_CONNECTION_REFUSED @ http://localhost:8511/_stcore/host-config:0
[ 4570723ms] [ERROR] Failed to load resource: net::ERR_CONNECTION_REFUSED @ http://localhost:8511/_stcore/host-config:0
[ 4570723ms] [ERROR] Client Error in reaching server endpoint - No response received when attempting to reach /_stcore/host-config @ http://localhost:8511/static/js/index.D2ZqaFuW.js:16
[ 4570723ms] [ERROR] Is Streamlit still running? If you accidentally stopped Streamlit, just restart it in your terminal: @ http://localhost:8511/static/js/index.D2ZqaFuW.js:21
[ 4570843ms] [ERROR] Failed to load resource: net::ERR_CONNECTION_REFUSED @ http://localhost:8511/_stcore/health:0
[ 4572730ms] [ERROR] Failed to load resource: net::ERR_CONNECTION_REFUSED @ http://localhost:8511/_stcore/health:0
[ 4572730ms] [ERROR] Client Error in reaching server endpoint - No response received when attempting to reach /_stcore/health @ http://localhost:8511/static/js/index.D2ZqaFuW.js:16
[ 4572731ms] [ERROR] Is Streamlit still running? If you accidentally stopped Streamlit, just restart it in your terminal: @ http://localhost:8511/static/js/index.D2ZqaFuW.js:21
[ 4572856ms] [ERROR] Failed to load resource: net::ERR_CONNECTION_REFUSED @ http://localhost:8511/_stcore/host-config:0
[ 4574739ms] [ERROR] Failed to load resource: net::ERR_CONNECTION_REFUSED @ http://localhost:8511/_stcore/health:0
[ 4574739ms] [ERROR] Client Error in reaching server endpoint - No response received when attempting to reach /_stcore/health @ http://localhost:8511/static/js/index.D2ZqaFuW.js:16
[ 4574739ms] [ERROR] Is Streamlit still running? If you accidentally stopped Streamlit, just restart it in your terminal: @ http://localhost:8511/static/js/index.D2ZqaFuW.js:21
[ 4574848ms] [ERROR] Failed to load resource: net::ERR_CONNECTION_REFUSED @ http://localhost:8511/_stcore/host-config:0
[ 4576746ms] [ERROR] Failed to load resource: net::ERR_CONNECTION_REFUSED @ http://localhost:8511/_stcore/health:0
[ 4576747ms] [ERROR] Client Error in reaching server endpoint - No response received when attempting to reach /_stcore/health @ http://localhost:8511/static/js/index.D2ZqaFuW.js:16
[ 4576747ms] [ERROR] Is Streamlit still running? If you accidentally stopped Streamlit, just restart it in your terminal: @ http://localhost:8511/static/js/index.D2ZqaFuW.js:21
[ 4576875ms] [ERROR] Failed to load resource: net::ERR_CONNECTION_REFUSED @ http://localhost:8511/_stcore/host-config:0
[ 4578754ms] [ERROR] Failed to load resource: net::ERR_CONNECTION_REFUSED @ http://localhost:8511/_stcore/health:0
[ 4578754ms] [ERROR] Client Error in reaching server endpoint - No response received when attempting to reach /_stcore/health @ http://localhost:8511/static/js/index.D2ZqaFuW.js:16
[ 4578754ms] [ERROR] Is Streamlit still running? If you accidentally stopped Streamlit, just restart it in your terminal: @ http://localhost:8511/static/js/index.D2ZqaFuW.js:21
[ 4578864ms] [ERROR] Failed to load resource: net::ERR_CONNECTION_REFUSED @ http://localhost:8511/_stcore/host-config:0
[ 4580762ms] [ERROR] Failed to load resource: net::ERR_CONNECTION_REFUSED @ http://localhost:8511/_stcore/health:0
[ 4580762ms] [ERROR] Client Error in reaching server endpoint - No response received when attempting to reach /_stcore/health @ http://localhost:8511/static/js/index.D2ZqaFuW.js:16
[ 4580762ms] [ERROR] Is Streamlit still running? If you accidentally stopped Streamlit, just restart it in your terminal: @ http://localhost:8511/static/js/index.D2ZqaFuW.js:21
[ 4580874ms] [ERROR] Failed to load resource: net::ERR_CONNECTION_REFUSED @ http://localhost:8511/_stcore/host-config:0
[ 4582769ms] [ERROR] Failed to load resource: net::ERR_CONNECTION_REFUSED @ http://localhost:8511/_stcore/health:0
[ 4582769ms] [ERROR] Client Error in reaching server endpoint - No response received when attempting to reach /_stcore/health @ http://localhost:8511/static/js/index.D2ZqaFuW.js:16
[ 4582769ms] [ERROR] Is Streamlit still running? If you accidentally stopped Streamlit, just restart it in your terminal: @ http://localhost:8511/static/js/index.D2ZqaFuW.js:21
[ 4582880ms] [ERROR] Failed to load resource: net::ERR_CONNECTION_REFUSED @ http://localhost:8511/_stcore/host-config:0
[ 4584776ms] [ERROR] Failed to load resource: net::ERR_CONNECTION_REFUSED @ http://localhost:8511/_stcore/health:0
[ 4584776ms] [ERROR] Client Error in reaching server endpoint - No response received when attempting to reach /_stcore/health @ http://localhost:8511/static/js/index.D2ZqaFuW.js:16
[ 4584776ms] [ERROR] Is Streamlit still running? If you accidentally stopped Streamlit, just restart it in your terminal: @ http://localhost:8511/static/js/index.D2ZqaFuW.js:21
[ 4584884ms] [ERROR] Failed to load resource: net::ERR_CONNECTION_REFUSED @ http://localhost:8511/_stcore/host-config:0
[ 4586784ms] [ERROR] Failed to load resource: net::ERR_CONNECTION_REFUSED @ http://localhost:8511/_stcore/health:0
[ 4586785ms] [ERROR] Client Error in reaching server endpoint - No response received when attempting to reach /_stcore/health @ http://localhost:8511/static/js/index.D2ZqaFuW.js:16
[ 4586785ms] [ERROR] Is Streamlit still running? If you accidentally stopped Streamlit, just restart it in your terminal: @ http://localhost:8511/static/js/index.D2ZqaFuW.js:21
[ 4586941ms] [ERROR] Failed to load resource: net::ERR_CONNECTION_REFUSED @ http://localhost:8511/_stcore/host-config:0
[ 4588805ms] [ERROR] Failed to load resource: net::ERR_CONNECTION_REFUSED @ http://localhost:8511/_stcore/health:0
[ 4588805ms] [ERROR] Client Error in reaching server endpoint - No response received when attempting to reach /_stcore/health @ http://localhost:8511/static/js/index.D2ZqaFuW.js:16
[ 4588805ms] [ERROR] Is Streamlit still running? If you accidentally stopped Streamlit, just restart it in your terminal: @ http://localhost:8511/static/js/index.D2ZqaFuW.js:21
[ 4589172ms] [ERROR] Failed to load resource: net::ERR_CONNECTION_REFUSED @ http://localhost:8511/_stcore/host-config:0
[ 4590812ms] [ERROR] Failed to load resource: net::ERR_CONNECTION_REFUSED @ http://localhost:8511/_stcore/health:0
[ 4590812ms] [ERROR] Client Error in reaching server endpoint - No response received when attempting to reach /_stcore/health @ http://localhost:8511/static/js/index.D2ZqaFuW.js:16
[ 4590812ms] [ERROR] Is Streamlit still running? If you accidentally stopped Streamlit, just restart it in your terminal: @ http://localhost:8511/static/js/index.D2ZqaFuW.js:21
[ 4590917ms] [ERROR] Failed to load resource: net::ERR_CONNECTION_REFUSED @ http://localhost:8511/_stcore/host-config:0
[ 4592819ms] [ERROR] Failed to load resource: net::ERR_CONNECTION_REFUSED @ http://localhost:8511/_stcore/health:0
[ 4592819ms] [ERROR] Client Error in reaching server endpoint - No response received when attempting to reach /_stcore/health @ http://localhost:8511/static/js/index.D2ZqaFuW.js:16
[ 4592819ms] [ERROR] Is Streamlit still running? If you accidentally stopped Streamlit, just restart it in your terminal: @ http://localhost:8511/static/js/index.D2ZqaFuW.js:21
[ 4592945ms] [ERROR] Failed to load resource: net::ERR_CONNECTION_REFUSED @ http://localhost:8511/_stcore/host-config:0
[ 4594827ms] [ERROR] Failed to load resource: net::ERR_CONNECTION_REFUSED @ http://localhost:8511/_stcore/health:0
[ 4594828ms] [ERROR] Client Error in reaching server endpoint - No response received when attempting to reach /_stcore/health @ http://localhost:8511/static/js/index.D2ZqaFuW.js:16
[ 4594828ms] [ERROR] Is Streamlit still running? If you accidentally stopped Streamlit, just restart it in your terminal: @ http://localhost:8511/static/js/index.D2ZqaFuW.js:21
[ 4594942ms] [ERROR] Failed to load resource: net::ERR_CONNECTION_REFUSED @ http://localhost:8511/_stcore/host-config:0
[ 4596836ms] [ERROR] Failed to load resource: net::ERR_CONNECTION_REFUSED @ http://localhost:8511/_stcore/health:0
[ 4596836ms] [ERROR] Client Error in reaching server endpoint - No response received when attempting to reach /_stcore/health @ http://localhost:8511/static/js/index.D2ZqaFuW.js:16
[ 4596836ms] [ERROR] Is Streamlit still running? If you accidentally stopped Streamlit, just restart it in your terminal: @ http://localhost:8511/static/js/index.D2ZqaFuW.js:21
[ 4596967ms] [ERROR] Failed to load resource: net::ERR_CONNECTION_REFUSED @ http://localhost:8511/_stcore/host-config:0
[ 4598846ms] [ERROR] Failed to load resource: net::ERR_CONNECTION_REFUSED @ http://localhost:8511/_stcore/host-config:0
[ 4598846ms] [ERROR] Client Error in reaching server endpoint - No response received when attempting to reach /_stcore/host-config @ http://localhost:8511/static/js/index.D2ZqaFuW.js:16
[ 4598846ms] [ERROR] Is Streamlit still running? If you accidentally stopped Streamlit, just restart it in your terminal: @ http://localhost:8511/static/js/index.D2ZqaFuW.js:21
[ 4599022ms] [ERROR] Failed to load resource: net::ERR_CONNECTION_REFUSED @ http://localhost:8511/_stcore/health:0
[ 4600854ms] [ERROR] Failed to load resource: net::ERR_CONNECTION_REFUSED @ http://localhost:8511/_stcore/health:0
[ 4600854ms] [ERROR] Client Error in reaching server endpoint - No response received when attempting to reach /_stcore/health @ http://localhost:8511/static/js/index.D2ZqaFuW.js:16
[ 4600854ms] [ERROR] Is Streamlit still running? If you accidentally stopped Streamlit, just restart it in your terminal: @ http://localhost:8511/static/js/index.D2ZqaFuW.js:21
[ 4600970ms] [ERROR] Failed to load resource: net::ERR_CONNECTION_REFUSED @ http://localhost:8511/_stcore/host-config:0
[ 4602861ms] [ERROR] Failed to load resource: net::ERR_CONNECTION_REFUSED @ http://localhost:8511/_stcore/health:0
[ 4602861ms] [ERROR] Client Error in reaching server endpoint - No response received when attempting to reach /_stcore/health @ http://localhost:8511/static/js/index.D2ZqaFuW.js:16
[ 4602862ms] [ERROR] Is Streamlit still running? If you accidentally stopped Streamlit, just restart it in your terminal: @ http://localhost:8511/static/js/index.D2ZqaFuW.js:21
[ 4602989ms] [ERROR] Failed to load resource: net::ERR_CONNECTION_REFUSED @ http://localhost:8511/_stcore/host-config:0
[ 4604869ms] [ERROR] Failed to load resource: net::ERR_CONNECTION_REFUSED @ http://localhost:8511/_stcore/health:0
[ 4604869ms] [ERROR] Client Error in reaching server endpoint - No response received when attempting to reach /_stcore/health @ http://localhost:8511/static/js/index.D2ZqaFuW.js:16
[ 4604869ms] [ERROR] Is Streamlit still running? If you accidentally stopped Streamlit, just restart it in your terminal: @ http://localhost:8511/static/js/index.D2ZqaFuW.js:21
[ 4604978ms] [ERROR] Failed to load resource: net::ERR_CONNECTION_REFUSED @ http://localhost:8511/_stcore/host-config:0
[ 4606877ms] [ERROR] Failed to load resource: net::ERR_CONNECTION_REFUSED @ http://localhost:8511/_stcore/health:0
[ 4606877ms] [ERROR] Client Error in reaching server endpoint - No response received when attempting to reach /_stcore/health @ http://localhost:8511/static/js/index.D2ZqaFuW.js:16
[ 4606878ms] [ERROR] Is Streamlit still running? If you accidentally stopped Streamlit, just restart it in your terminal: @ http://localhost:8511/static/js/index.D2ZqaFuW.js:21
[ 4607003ms] [ERROR] Failed to load resource: net::ERR_CONNECTION_REFUSED @ http://localhost:8511/_stcore/host-config:0
[ 4608884ms] [ERROR] Failed to load resource: net::ERR_CONNECTION_REFUSED @ http://localhost:8511/_stcore/health:0
[ 4608884ms] [ERROR] Client Error in reaching server endpoint - No response received when attempting to reach /_stcore/health @ http://localhost:8511/static/js/index.D2ZqaFuW.js:16
[ 4608885ms] [ERROR] Is Streamlit still running? If you accidentally stopped Streamlit, just restart it in your terminal: @ http://localhost:8511/static/js/index.D2ZqaFuW.js:21
[ 4608995ms] [ERROR] Failed to load resource: net::ERR_CONNECTION_REFUSED @ http://localhost:8511/_stcore/host-config:0
[ 4610891ms] [ERROR] Failed to load resource: net::ERR_CONNECTION_REFUSED @ http://localhost:8511/_stcore/health:0
[ 4610891ms] [ERROR] Client Error in reaching server endpoint - No response received when attempting to reach /_stcore/health @ http://localhost:8511/static/js/index.D2ZqaFuW.js:16
[ 4610891ms] [ERROR] Is Streamlit still running? If you accidentally stopped Streamlit, just restart it in your terminal: @ http://localhost:8511/static/js/index.D2ZqaFuW.js:21
[ 4611000ms] [ERROR] Failed to load resource: net::ERR_CONNECTION_REFUSED @ http://localhost:8511/_stcore/host-config:0
[ 4612898ms] [ERROR] Failed to load resource: net::ERR_CONNECTION_REFUSED @ http://localhost:8511/_stcore/health:0
[ 4612898ms] [ERROR] Client Error in reaching server endpoint - No response received when attempting to reach /_stcore/health @ http://localhost:8511/static/js/index.D2ZqaFuW.js:16
[ 4612899ms] [ERROR] Is Streamlit still running? If you accidentally stopped Streamlit, just restart it in your terminal: @ http://localhost:8511/static/js/index.D2ZqaFuW.js:21
[ 4613024ms] [ERROR] Failed to load resource: net::ERR_CONNECTION_REFUSED @ http://localhost:8511/_stcore/host-config:0
[ 4614907ms] [ERROR] Failed to load resource: net::ERR_CONNECTION_REFUSED @ http://localhost:8511/_stcore/health:0
[ 4614907ms] [ERROR] Client Error in reaching server endpoint - No response received when attempting to reach /_stcore/health @ http://localhost:8511/static/js/index.D2ZqaFuW.js:16
[ 4614907ms] [ERROR] Is Streamlit still running? If you accidentally stopped Streamlit, just restart it in your terminal: @ http://localhost:8511/static/js/index.D2ZqaFuW.js:21
[ 4615013ms] [ERROR] Failed to load resource: net::ERR_CONNECTION_REFUSED @ http://localhost:8511/_stcore/host-config:0
[ 4616914ms] [ERROR] Failed to load resource: net::ERR_CONNECTION_REFUSED @ http://localhost:8511/_stcore/health:0
[ 4616914ms] [ERROR] Client Error in reaching server endpoint - No response received when attempting to reach /_stcore/health @ http://localhost:8511/static/js/index.D2ZqaFuW.js:16
[ 4616915ms] [ERROR] Is Streamlit still running? If you accidentally stopped Streamlit, just restart it in your terminal: @ http://localhost:8511/static/js/index.D2ZqaFuW.js:21
[ 4617039ms] [ERROR] Failed to load resource: net::ERR_CONNECTION_REFUSED @ http://localhost:8511/_stcore/host-config:0
[ 4618923ms] [ERROR] Failed to load resource: net::ERR_CONNECTION_REFUSED @ http://localhost:8511/_stcore/health:0
[ 4618923ms] [ERROR] Client Error in reaching server endpoint - No response received when attempting to reach /_stcore/health @ http://localhost:8511/static/js/index.D2ZqaFuW.js:16
[ 4618923ms] [ERROR] Is Streamlit still running? If you accidentally stopped Streamlit, just restart it in your terminal: @ http://localhost:8511/static/js/index.D2ZqaFuW.js:21
[ 4619030ms] [ERROR] Failed to load resource: net::ERR_CONNECTION_REFUSED @ http://localhost:8511/_stcore/host-config:0
[ 4620931ms] [ERROR] Failed to load resource: net::ERR_CONNECTION_REFUSED @ http://localhost:8511/_stcore/health:0
[ 4620931ms] [ERROR] Client Error in reaching server endpoint - No response received when attempting to reach /_stcore/health @ http://localhost:8511/static/js/index.D2ZqaFuW.js:16
[ 4620931ms] [ERROR] Is Streamlit still running? If you accidentally stopped Streamlit, just restart it in your terminal: @ http://localhost:8511/static/js/index.D2ZqaFuW.js:21
[ 4621043ms] [ERROR] Failed to load resource: net::ERR_CONNECTION_REFUSED @ http://localhost:8511/_stcore/host-config:0
[ 4622939ms] [ERROR] Failed to load resource: net::ERR_CONNECTION_REFUSED @ http://localhost:8511/_stcore/host-config:0
[ 4622939ms] [ERROR] Client Error in reaching server endpoint - No response received when attempting to reach /_stcore/host-config @ http://localhost:8511/static/js/index.D2ZqaFuW.js:16
[ 4622939ms] [ERROR] Is Streamlit still running? If you accidentally stopped Streamlit, just restart it in your terminal: @ http://localhost:8511/static/js/index.D2ZqaFuW.js:21
[ 4622940ms] [ERROR] Failed to load resource: net::ERR_CONNECTION_REFUSED @ http://localhost:8511/_stcore/health:0
[ 4624947ms] [ERROR] Failed to load resource: net::ERR_CONNECTION_REFUSED @ http://localhost:8511/_stcore/health:0
[ 4624947ms] [ERROR] Client Error in reaching server endpoint - No response received when attempting to reach /_stcore/health @ http://localhost:8511/static/js/index.D2ZqaFuW.js:16
[ 4624948ms] [ERROR] Is Streamlit still running? If you accidentally stopped Streamlit, just restart it in your terminal: @ http://localhost:8511/static/js/index.D2ZqaFuW.js:21
[ 4625058ms] [ERROR] Failed to load resource: net::ERR_CONNECTION_REFUSED @ http://localhost:8511/_stcore/host-config:0
[ 4626954ms] [ERROR] Failed to load resource: net::ERR_CONNECTION_REFUSED @ http://localhost:8511/_stcore/health:0
[ 4626955ms] [ERROR] Client Error in reaching server endpoint - No response received when attempting to reach /_stcore/health @ http://localhost:8511/static/js/index.D2ZqaFuW.js:16
[ 4626955ms] [ERROR] Is Streamlit still running? If you accidentally stopped Streamlit, just restart it in your terminal: @ http://localhost:8511/static/js/index.D2ZqaFuW.js:21
[ 4627084ms] [ERROR] Failed to load resource: net::ERR_CONNECTION_REFUSED @ http://localhost:8511/_stcore/host-config:0
[ 4628960ms] [ERROR] Failed to load resource: net::ERR_CONNECTION_REFUSED @ http://localhost:8511/_stcore/health:0
[ 4628960ms] [ERROR] Client Error in reaching server endpoint - No response received when attempting to reach /_stcore/health @ http://localhost:8511/static/js/index.D2ZqaFuW.js:16
[ 4628960ms] [ERROR] Is Streamlit still running? If you accidentally stopped Streamlit, just restart it in your terminal: @ http://localhost:8511/static/js/index.D2ZqaFuW.js:21
[ 4629067ms] [ERROR] Failed to load resource: net::ERR_CONNECTION_REFUSED @ http://localhost:8511/_stcore/host-config:0
[ 4630967ms] [ERROR] Failed to load resource: net::ERR_CONNECTION_REFUSED @ http://localhost:8511/_stcore/health:0
[ 4630967ms] [ERROR] Client Error in reaching server endpoint - No response received when attempting to reach /_stcore/health @ http://localhost:8511/static/js/index.D2ZqaFuW.js:16
[ 4630967ms] [ERROR] Is Streamlit still running? If you accidentally stopped Streamlit, just restart it in your terminal: @ http://localhost:8511/static/js/index.D2ZqaFuW.js:21
[ 4631073ms] [ERROR] Failed to load resource: net::ERR_CONNECTION_REFUSED @ http://localhost:8511/_stcore/host-config:0
[ 4632974ms] [ERROR] Failed to load resource: net::ERR_CONNECTION_REFUSED @ http://localhost:8511/_stcore/health:0
[ 4632974ms] [ERROR] Client Error in reaching server endpoint - No response received when attempting to reach /_stcore/health @ http://localhost:8511/static/js/index.D2ZqaFuW.js:16
[ 4632974ms] [ERROR] Is Streamlit still running? If you accidentally stopped Streamlit, just restart it in your terminal: @ http://localhost:8511/static/js/index.D2ZqaFuW.js:21
[ 4633098ms] [ERROR] Failed to load resource: net::ERR_CONNECTION_REFUSED @ http://localhost:8511/_stcore/host-config:0
[ 4634982ms] [ERROR] Failed to load resource: net::ERR_CONNECTION_REFUSED @ http://localhost:8511/_stcore/health:0
[ 4634982ms] [ERROR] Client Error in reaching server endpoint - No response received when attempting to reach /_stcore/health @ http://localhost:8511/static/js/index.D2ZqaFuW.js:16
[ 4634982ms] [ERROR] Is Streamlit still running? If you accidentally stopped Streamlit, just restart it in your terminal: @ http://localhost:8511/static/js/index.D2ZqaFuW.js:21
[ 4635090ms] [ERROR] Failed to load resource: net::ERR_CONNECTION_REFUSED @ http://localhost:8511/_stcore/host-config:0
[ 4636989ms] [ERROR] Failed to load resource: net::ERR_CONNECTION_REFUSED @ http://localhost:8511/_stcore/host-config:0
[ 4636990ms] [ERROR] Client Error in reaching server endpoint - No response received when attempting to reach /_stcore/host-config @ http://localhost:8511/static/js/index.D2ZqaFuW.js:16
[ 4636990ms] [ERROR] Is Streamlit still running? If you accidentally stopped Streamlit, just restart it in your terminal: @ http://localhost:8511/static/js/index.D2ZqaFuW.js:21
[ 4637115ms] [ERROR] Failed to load resource: net::ERR_CONNECTION_REFUSED @ http://localhost:8511/_stcore/health:0
[ 4638997ms] [ERROR] Failed to load resource: net::ERR_CONNECTION_REFUSED @ http://localhost:8511/_stcore/health:0
[ 4638997ms] [ERROR] Client Error in reaching server endpoint - No response received when attempting to reach /_stcore/health @ http://localhost:8511/static/js/index.D2ZqaFuW.js:16
[ 4638997ms] [ERROR] Is Streamlit still running? If you accidentally stopped Streamlit, just restart it in your terminal: @ http://localhost:8511/static/js/index.D2ZqaFuW.js:21
[ 4639106ms] [ERROR] Failed to load resource: net::ERR_CONNECTION_REFUSED @ http://localhost:8511/_stcore/host-config:0
[ 4641002ms] [ERROR] Failed to load resource: net::ERR_CONNECTION_REFUSED @ http://localhost:8511/_stcore/health:0
[ 4641003ms] [ERROR] Client Error in reaching server endpoint - No response received when attempting to reach /_stcore/health @ http://localhost:8511/static/js/index.D2ZqaFuW.js:16
[ 4641003ms] [ERROR] Is Streamlit still running? If you accidentally stopped Streamlit, just restart it in your terminal: @ http://localhost:8511/static/js/index.D2ZqaFuW.js:21
[ 4641115ms] [ERROR] Failed to load resource: net::ERR_CONNECTION_REFUSED @ http://localhost:8511/_stcore/host-config:0
[ 4643010ms] [ERROR] Failed to load resource: net::ERR_CONNECTION_REFUSED @ http://localhost:8511/_stcore/host-config:0
[ 4643010ms] [ERROR] Client Error in reaching server endpoint - No response received when attempting to reach /_stcore/host-config @ http://localhost:8511/static/js/index.D2ZqaFuW.js:16
[ 4643010ms] [ERROR] Is Streamlit still running? If you accidentally stopped Streamlit, just restart it in your terminal: @ http://localhost:8511/static/js/index.D2ZqaFuW.js:21
[ 4643136ms] [ERROR] Failed to load resource: net::ERR_CONNECTION_REFUSED @ http://localhost:8511/_stcore/health:0
[ 4645017ms] [ERROR] Failed to load resource: net::ERR_CONNECTION_REFUSED @ http://localhost:8511/_stcore/health:0
[ 4645017ms] [ERROR] Client Error in reaching server endpoint - No response received when attempting to reach /_stcore/health @ http://localhost:8511/static/js/index.D2ZqaFuW.js:16
[ 4645017ms] [ERROR] Is Streamlit still running? If you accidentally stopped Streamlit, just restart it in your terminal: @ http://localhost:8511/static/js/index.D2ZqaFuW.js:21
[ 4645127ms] [ERROR] Failed to load resource: net::ERR_CONNECTION_REFUSED @ http://localhost:8511/_stcore/host-config:0
[ 4647024ms] [ERROR] Failed to load resource: net::ERR_CONNECTION_REFUSED @ http://localhost:8511/_stcore/health:0
[ 4647024ms] [ERROR] Client Error in reaching server endpoint - No response received when attempting to reach /_stcore/health @ http://localhost:8511/static/js/index.D2ZqaFuW.js:16
[ 4647024ms] [ERROR] Is Streamlit still running? If you accidentally stopped Streamlit, just restart it in your terminal: @ http://localhost:8511/static/js/index.D2ZqaFuW.js:21
[ 4647145ms] [ERROR] Failed to load resource: net::ERR_CONNECTION_REFUSED @ http://localhost:8511/_stcore/host-config:0
[ 4649030ms] [ERROR] Failed to load resource: net::ERR_CONNECTION_REFUSED @ http://localhost:8511/_stcore/health:0
[ 4649030ms] [ERROR] Client Error in reaching server endpoint - No response received when attempting to reach /_stcore/health @ http://localhost:8511/static/js/index.D2ZqaFuW.js:16
[ 4649030ms] [ERROR] Is Streamlit still running? If you accidentally stopped Streamlit, just restart it in your terminal: @ http://localhost:8511/static/js/index.D2ZqaFuW.js:21
[ 4649153ms] [ERROR] Failed to load resource: net::ERR_CONNECTION_REFUSED @ http://localhost:8511/_stcore/host-config:0
[ 4651039ms] [ERROR] Failed to load resource: net::ERR_CONNECTION_REFUSED @ http://localhost:8511/_stcore/health:0
[ 4651040ms] [ERROR] Client Error in reaching server endpoint - No response received when attempting to reach /_stcore/health @ http://localhost:8511/static/js/index.D2ZqaFuW.js:16
[ 4651040ms] [ERROR] Is Streamlit still running? If you accidentally stopped Streamlit, just restart it in your terminal: @ http://localhost:8511/static/js/index.D2ZqaFuW.js:21
[ 4651184ms] [ERROR] Failed to load resource: net::ERR_CONNECTION_REFUSED @ http://localhost:8511/_stcore/host-config:0
[ 4653046ms] [ERROR] Failed to load resource: net::ERR_CONNECTION_REFUSED @ http://localhost:8511/_stcore/health:0
[ 4653046ms] [ERROR] Client Error in reaching server endpoint - No response received when attempting to reach /_stcore/health @ http://localhost:8511/static/js/index.D2ZqaFuW.js:16
[ 4653047ms] [ERROR] Is Streamlit still running? If you accidentally stopped Streamlit, just restart it in your terminal: @ http://localhost:8511/static/js/index.D2ZqaFuW.js:21
[ 4653178ms] [ERROR] Failed to load resource: net::ERR_CONNECTION_REFUSED @ http://localhost:8511/_stcore/host-config:0
[ 4655055ms] [ERROR] Failed to load resource: net::ERR_CONNECTION_REFUSED @ http://localhost:8511/_stcore/health:0
[ 4655056ms] [ERROR] Client Error in reaching server endpoint - No response received when attempting to reach /_stcore/health @ http://localhost:8511/static/js/index.D2ZqaFuW.js:16
[ 4655056ms] [ERROR] Is Streamlit still running? If you accidentally stopped Streamlit, just restart it in your terminal: @ http://localhost:8511/static/js/index.D2ZqaFuW.js:21
[ 4655175ms] [ERROR] Failed to load resource: net::ERR_CONNECTION_REFUSED @ http://localhost:8511/_stcore/host-config:0
[ 4657063ms] [ERROR] Failed to load resource: net::ERR_CONNECTION_REFUSED @ http://localhost:8511/_stcore/health:0
[ 4657063ms] [ERROR] Client Error in reaching server endpoint - No response received when attempting to reach /_stcore/health @ http://localhost:8511/static/js/index.D2ZqaFuW.js:16
[ 4657064ms] [ERROR] Is Streamlit still running? If you accidentally stopped Streamlit, just restart it in your terminal: @ http://localhost:8511/static/js/index.D2ZqaFuW.js:21
[ 4657190ms] [ERROR] Failed to load resource: net::ERR_CONNECTION_REFUSED @ http://localhost:8511/_stcore/host-config:0
[ 4659069ms] [ERROR] Failed to load resource: net::ERR_CONNECTION_REFUSED @ http://localhost:8511/_stcore/health:0
[ 4659069ms] [ERROR] Client Error in reaching server endpoint - No response received when attempting to reach /_stcore/health @ http://localhost:8511/static/js/index.D2ZqaFuW.js:16
[ 4659070ms] [ERROR] Is Streamlit still running? If you accidentally stopped Streamlit, just restart it in your terminal: @ http://localhost:8511/static/js/index.D2ZqaFuW.js:21
[ 4659181ms] [ERROR] Failed to load resource: net::ERR_CONNECTION_REFUSED @ http://localhost:8511/_stcore/host-config:0
[ 4661077ms] [ERROR] Failed to load resource: net::ERR_CONNECTION_REFUSED @ http://localhost:8511/_stcore/health:0
[ 4661077ms] [ERROR] Client Error in reaching server endpoint - No response received when attempting to reach /_stcore/health @ http://localhost:8511/static/js/index.D2ZqaFuW.js:16
[ 4661077ms] [ERROR] Is Streamlit still running? If you accidentally stopped Streamlit, just restart it in your terminal: @ http://localhost:8511/static/js/index.D2ZqaFuW.js:21
[ 4661187ms] [ERROR] Failed to load resource: net::ERR_CONNECTION_REFUSED @ http://localhost:8511/_stcore/host-config:0
[ 4663084ms] [ERROR] Failed to load resource: net::ERR_CONNECTION_REFUSED @ http://localhost:8511/_stcore/health:0
[ 4663084ms] [ERROR] Client Error in reaching server endpoint - No response received when attempting to reach /_stcore/health @ http://localhost:8511/static/js/index.D2ZqaFuW.js:16
[ 4663084ms] [ERROR] Is Streamlit still running? If you accidentally stopped Streamlit, just restart it in your terminal: @ http://localhost:8511/static/js/index.D2ZqaFuW.js:21
[ 4663220ms] [ERROR] Failed to load resource: net::ERR_CONNECTION_REFUSED @ http://localhost:8511/_stcore/host-config:0
[ 4665092ms] [ERROR] Failed to load resource: net::ERR_CONNECTION_REFUSED @ http://localhost:8511/_stcore/health:0
[ 4665092ms] [ERROR] Client Error in reaching server endpoint - No response received when attempting to reach /_stcore/health @ http://localhost:8511/static/js/index.D2ZqaFuW.js:16
[ 4665093ms] [ERROR] Is Streamlit still running? If you accidentally stopped Streamlit, just restart it in your terminal: @ http://localhost:8511/static/js/index.D2ZqaFuW.js:21
[ 4665248ms] [ERROR] Failed to load resource: net::ERR_CONNECTION_REFUSED @ http://localhost:8511/_stcore/host-config:0
[ 4667098ms] [ERROR] Failed to load resource: net::ERR_CONNECTION_REFUSED @ http://localhost:8511/_stcore/health:0
[ 4667099ms] [ERROR] Client Error in reaching server endpoint - No response received when attempting to reach /_stcore/health @ http://localhost:8511/static/js/index.D2ZqaFuW.js:16
[ 4667099ms] [ERROR] Is Streamlit still running? If you accidentally stopped Streamlit, just restart it in your terminal: @ http://localhost:8511/static/js/index.D2ZqaFuW.js:21
[ 4667231ms] [ERROR] Failed to load resource: net::ERR_CONNECTION_REFUSED @ http://localhost:8511/_stcore/host-config:0
[ 4669109ms] [ERROR] Failed to load resource: net::ERR_CONNECTION_REFUSED @ http://localhost:8511/_stcore/health:0
[ 4669109ms] [ERROR] Client Error in reaching server endpoint - No response received when attempting to reach /_stcore/health @ http://localhost:8511/static/js/index.D2ZqaFuW.js:16
[ 4669110ms] [ERROR] Is Streamlit still running? If you accidentally stopped Streamlit, just restart it in your terminal: @ http://localhost:8511/static/js/index.D2ZqaFuW.js:21
[ 4669287ms] [ERROR] Failed to load resource: net::ERR_CONNECTION_REFUSED @ http://localhost:8511/_stcore/host-config:0
[ 4671118ms] [ERROR] Failed to load resource: net::ERR_CONNECTION_REFUSED @ http://localhost:8511/_stcore/health:0
[ 4671118ms] [ERROR] Client Error in reaching server endpoint - No response received when attempting to reach /_stcore/health @ http://localhost:8511/static/js/index.D2ZqaFuW.js:16
[ 4671118ms] [ERROR] Is Streamlit still running? If you accidentally stopped Streamlit, just restart it in your terminal: @ http://localhost:8511/static/js/index.D2ZqaFuW.js:21
[ 4671227ms] [ERROR] Failed to load resource: net::ERR_CONNECTION_REFUSED @ http://localhost:8511/_stcore/host-config:0
[ 4673125ms] [ERROR] Failed to load resource: net::ERR_CONNECTION_REFUSED @ http://localhost:8511/_stcore/host-config:0
[ 4673126ms] [ERROR] Client Error in reaching server endpoint - No response received when attempting to reach /_stcore/host-config @ http://localhost:8511/static/js/index.D2ZqaFuW.js:16
[ 4673126ms] [ERROR] Is Streamlit still running? If you accidentally stopped Streamlit, just restart it in your terminal: @ http://localhost:8511/static/js/index.D2ZqaFuW.js:21
[ 4673253ms] [ERROR] Failed to load resource: net::ERR_CONNECTION_REFUSED @ http://localhost:8511/_stcore/health:0
[ 4675132ms] [ERROR] Failed to load resource: net::ERR_CONNECTION_REFUSED @ http://localhost:8511/_stcore/health:0
[ 4675132ms] [ERROR] Client Error in reaching server endpoint - No response received when attempting to reach /_stcore/health @ http://localhost:8511/static/js/index.D2ZqaFuW.js:16
[ 4675132ms] [ERROR] Is Streamlit still running? If you accidentally stopped Streamlit, just restart it in your terminal: @ http://localhost:8511/static/js/index.D2ZqaFuW.js:21
[ 4675240ms] [ERROR] Failed to load resource: net::ERR_CONNECTION_REFUSED @ http://localhost:8511/_stcore/host-config:0
[ 4677140ms] [ERROR] Failed to load resource: net::ERR_CONNECTION_REFUSED @ http://localhost:8511/_stcore/host-config:0
[ 4677140ms] [ERROR] Client Error in reaching server endpoint - No response received when attempting to reach /_stcore/host-config @ http://localhost:8511/static/js/index.D2ZqaFuW.js:16
[ 4677140ms] [ERROR] Is Streamlit still running? If you accidentally stopped Streamlit, just restart it in your terminal: @ http://localhost:8511/static/js/index.D2ZqaFuW.js:21
[ 4677263ms] [ERROR] Failed to load resource: net::ERR_CONNECTION_REFUSED @ http://localhost:8511/_stcore/health:0
[ 4679147ms] [ERROR] Failed to load resource: net::ERR_CONNECTION_REFUSED @ http://localhost:8511/_stcore/health:0
[ 4679147ms] [ERROR] Client Error in reaching server endpoint - No response received when attempting to reach /_stcore/health @ http://localhost:8511/static/js/index.D2ZqaFuW.js:16
[ 4679147ms] [ERROR] Is Streamlit still running? If you accidentally stopped Streamlit, just restart it in your terminal: @ http://localhost:8511/static/js/index.D2ZqaFuW.js:21
[ 4679257ms] [ERROR] Failed to load resource: net::ERR_CONNECTION_REFUSED @ http://localhost:8511/_stcore/host-config:0
[ 4681155ms] [ERROR] Failed to load resource: net::ERR_CONNECTION_REFUSED @ http://localhost:8511/_stcore/host-config:0
[ 4681155ms] [ERROR] Client Error in reaching server endpoint - No response received when attempting to reach /_stcore/host-config @ http://localhost:8511/static/js/index.D2ZqaFuW.js:16
[ 4681156ms] [ERROR] Is Streamlit still running? If you accidentally stopped Streamlit, just restart it in your terminal: @ http://localhost:8511/static/js/index.D2ZqaFuW.js:21
[ 4681264ms] [ERROR] Failed to load resource: net::ERR_CONNECTION_REFUSED @ http://localhost:8511/_stcore/health:0
[ 4683163ms] [ERROR] Failed to load resource: net::ERR_CONNECTION_REFUSED @ http://localhost:8511/_stcore/health:0
[ 4683163ms] [ERROR] Client Error in reaching server endpoint - No response received when attempting to reach /_stcore/health @ http://localhost:8511/static/js/index.D2ZqaFuW.js:16
[ 4683164ms] [ERROR] Is Streamlit still running? If you accidentally stopped Streamlit, just restart it in your terminal: @ http://localhost:8511/static/js/index.D2ZqaFuW.js:21
[ 4683298ms] [ERROR] Failed to load resource: net::ERR_CONNECTION_REFUSED @ http://localhost:8511/_stcore/host-config:0
[ 4685170ms] [ERROR] Failed to load resource: net::ERR_CONNECTION_REFUSED @ http://localhost:8511/_stcore/health:0
[ 4685170ms] [ERROR] Client Error in reaching server endpoint - No response received when attempting to reach /_stcore/health @ http://localhost:8511/static/js/index.D2ZqaFuW.js:16
[ 4685170ms] [ERROR] Is Streamlit still running? If you accidentally stopped Streamlit, just restart it in your terminal: @ http://localhost:8511/static/js/index.D2ZqaFuW.js:21
[ 4685279ms] [ERROR] Failed to load resource: net::ERR_CONNECTION_REFUSED @ http://localhost:8511/_stcore/host-config:0
[ 4687177ms] [ERROR] Failed to load resource: net::ERR_CONNECTION_REFUSED @ http://localhost:8511/_stcore/health:0
[ 4687177ms] [ERROR] Client Error in reaching server endpoint - No response received when attempting to reach /_stcore/health @ http://localhost:8511/static/js/index.D2ZqaFuW.js:16
[ 4687178ms] [ERROR] Is Streamlit still running? If you accidentally stopped Streamlit, just restart it in your terminal: @ http://localhost:8511/static/js/index.D2ZqaFuW.js:21
[ 4687304ms] [ERROR] Failed to load resource: net::ERR_CONNECTION_REFUSED @ http://localhost:8511/_stcore/host-config:0
[ 4689185ms] [ERROR] Failed to load resource: net::ERR_CONNECTION_REFUSED @ http://localhost:8511/_stcore/health:0
[ 4689185ms] [ERROR] Client Error in reaching server endpoint - No response received when attempting to reach /_stcore/health @ http://localhost:8511/static/js/index.D2ZqaFuW.js:16
[ 4689186ms] [ERROR] Is Streamlit still running? If you accidentally stopped Streamlit, just restart it in your terminal: @ http://localhost:8511/static/js/index.D2ZqaFuW.js:21
[ 4689293ms] [ERROR] Failed to load resource: net::ERR_CONNECTION_REFUSED @ http://localhost:8511/_stcore/host-config:0
[ 4691202ms] [ERROR] Failed to load resource: net::ERR_CONNECTION_REFUSED @ http://localhost:8511/_stcore/health:0
[ 4691202ms] [ERROR] Client Error in reaching server endpoint - No response received when attempting to reach /_stcore/health @ http://localhost:8511/static/js/index.D2ZqaFuW.js:16
[ 4691202ms] [ERROR] Is Streamlit still running? If you accidentally stopped Streamlit, just restart it in your terminal: @ http://localhost:8511/static/js/index.D2ZqaFuW.js:21
[ 4691320ms] [ERROR] Failed to load resource: net::ERR_CONNECTION_REFUSED @ http://localhost:8511/_stcore/host-config:0
[ 4693211ms] [ERROR] Failed to load resource: net::ERR_CONNECTION_REFUSED @ http://localhost:8511/_stcore/health:0
[ 4693211ms] [ERROR] Client Error in reaching server endpoint - No response received when attempting to reach /_stcore/health @ http://localhost:8511/static/js/index.D2ZqaFuW.js:16
[ 4693211ms] [ERROR] Is Streamlit still running? If you accidentally stopped Streamlit, just restart it in your terminal: @ http://localhost:8511/static/js/index.D2ZqaFuW.js:21
[ 4693337ms] [ERROR] Failed to load resource: net::ERR_CONNECTION_REFUSED @ http://localhost:8511/_stcore/host-config:0
[ 4695218ms] [ERROR] Failed to load resource: net::ERR_CONNECTION_REFUSED @ http://localhost:8511/_stcore/health:0
[ 4695219ms] [ERROR] Client Error in reaching server endpoint - No response received when attempting to reach /_stcore/health @ http://localhost:8511/static/js/index.D2ZqaFuW.js:16
[ 4695219ms] [ERROR] Is Streamlit still running? If you accidentally stopped Streamlit, just restart it in your terminal: @ http://localhost:8511/static/js/index.D2ZqaFuW.js:21
[ 4695326ms] [ERROR] Failed to load resource: net::ERR_CONNECTION_REFUSED @ http://localhost:8511/_stcore/host-config:0
[ 4697226ms] [ERROR] Failed to load resource: net::ERR_CONNECTION_REFUSED @ http://localhost:8511/_stcore/health:0
[ 4697226ms] [ERROR] Client Error in reaching server endpoint - No response received when attempting to reach /_stcore/health @ http://localhost:8511/static/js/index.D2ZqaFuW.js:16
[ 4697226ms] [ERROR] Is Streamlit still running? If you accidentally stopped Streamlit, just restart it in your terminal: @ http://localhost:8511/static/js/index.D2ZqaFuW.js:21
[ 4697352ms] [ERROR] Failed to load resource: net::ERR_CONNECTION_REFUSED @ http://localhost:8511/_stcore/host-config:0
[ 4699234ms] [ERROR] Failed to load resource: net::ERR_CONNECTION_REFUSED @ http://localhost:8511/_stcore/health:0
[ 4699234ms] [ERROR] Client Error in reaching server endpoint - No response received when attempting to reach /_stcore/health @ http://localhost:8511/static/js/index.D2ZqaFuW.js:16
[ 4699234ms] [ERROR] Is Streamlit still running? If you accidentally stopped Streamlit, just restart it in your terminal: @ http://localhost:8511/static/js/index.D2ZqaFuW.js:21
[ 4699343ms] [ERROR] Failed to load resource: net::ERR_CONNECTION_REFUSED @ http://localhost:8511/_stcore/host-config:0
[ 4701241ms] [ERROR] Failed to load resource: net::ERR_CONNECTION_REFUSED @ http://localhost:8511/_stcore/health:0
[ 4701241ms] [ERROR] Client Error in reaching server endpoint - No response received when attempting to reach /_stcore/health @ http://localhost:8511/static/js/index.D2ZqaFuW.js:16
[ 4701242ms] [ERROR] Is Streamlit still running? If you accidentally stopped Streamlit, just restart it in your terminal: @ http://localhost:8511/static/js/index.D2ZqaFuW.js:21
[ 4701356ms] [ERROR] Failed to load resource: net::ERR_CONNECTION_REFUSED @ http://localhost:8511/_stcore/host-config:0
[ 4703249ms] [ERROR] Failed to load resource: net::ERR_CONNECTION_REFUSED @ http://localhost:8511/_stcore/health:0
[ 4703249ms] [ERROR] Client Error in reaching server endpoint - No response received when attempting to reach /_stcore/health @ http://localhost:8511/static/js/index.D2ZqaFuW.js:16
[ 4703249ms] [ERROR] Is Streamlit still running? If you accidentally stopped Streamlit, just restart it in your terminal: @ http://localhost:8511/static/js/index.D2ZqaFuW.js:21
[ 4703357ms] [ERROR] Failed to load resource: net::ERR_CONNECTION_REFUSED @ http://localhost:8511/_stcore/host-config:0
[ 4705257ms] [ERROR] Failed to load resource: net::ERR_CONNECTION_REFUSED @ http://localhost:8511/_stcore/health:0
[ 4705258ms] [ERROR] Client Error in reaching server endpoint - No response received when attempting to reach /_stcore/health @ http://localhost:8511/static/js/index.D2ZqaFuW.js:16
[ 4705258ms] [ERROR] Is Streamlit still running? If you accidentally stopped Streamlit, just restart it in your terminal: @ http://localhost:8511/static/js/index.D2ZqaFuW.js:21
[ 4705369ms] [ERROR] Failed to load resource: net::ERR_CONNECTION_REFUSED @ http://localhost:8511/_stcore/host-config:0
[ 4707265ms] [ERROR] Failed to load resource: net::ERR_CONNECTION_REFUSED @ http://localhost:8511/_stcore/health:0
[ 4707265ms] [ERROR] Client Error in reaching server endpoint - No response received when attempting to reach /_stcore/health @ http://localhost:8511/static/js/index.D2ZqaFuW.js:16
[ 4707265ms] [ERROR] Is Streamlit still running? If you accidentally stopped Streamlit, just restart it in your terminal: @ http://localhost:8511/static/js/index.D2ZqaFuW.js:21
[ 4707394ms] [ERROR] Failed to load resource: net::ERR_CONNECTION_REFUSED @ http://localhost:8511/_stcore/host-config:0
[ 4709272ms] [ERROR] Failed to load resource: net::ERR_CONNECTION_REFUSED @ http://localhost:8511/_stcore/health:0
[ 4709272ms] [ERROR] Client Error in reaching server endpoint - No response received when attempting to reach /_stcore/health @ http://localhost:8511/static/js/index.D2ZqaFuW.js:16
[ 4709273ms] [ERROR] Is Streamlit still running? If you accidentally stopped Streamlit, just restart it in your terminal: @ http://localhost:8511/static/js/index.D2ZqaFuW.js:21
[ 4709381ms] [ERROR] Failed to load resource: net::ERR_CONNECTION_REFUSED @ http://localhost:8511/_stcore/host-config:0
[ 4711280ms] [ERROR] Failed to load resource: net::ERR_CONNECTION_REFUSED @ http://localhost:8511/_stcore/health:0
[ 4711280ms] [ERROR] Client Error in reaching server endpoint - No response received when attempting to reach /_stcore/health @ http://localhost:8511/static/js/index.D2ZqaFuW.js:16
[ 4711281ms] [ERROR] Is Streamlit still running? If you accidentally stopped Streamlit, just restart it in your terminal: @ http://localhost:8511/static/js/index.D2ZqaFuW.js:21
[ 4711390ms] [ERROR] Failed to load resource: net::ERR_CONNECTION_REFUSED @ http://localhost:8511/_stcore/host-config:0
[ 4713288ms] [ERROR] Failed to load resource: net::ERR_CONNECTION_REFUSED @ http://localhost:8511/_stcore/health:0
[ 4713289ms] [ERROR] Client Error in reaching server endpoint - No response received when attempting to reach /_stcore/health @ http://localhost:8511/static/js/index.D2ZqaFuW.js:16
[ 4713289ms] [ERROR] Is Streamlit still running? If you accidentally stopped Streamlit, just restart it in your terminal: @ http://localhost:8511/static/js/index.D2ZqaFuW.js:21
[ 4713414ms] [ERROR] Failed to load resource: net::ERR_CONNECTION_REFUSED @ http://localhost:8511/_stcore/host-config:0
[ 4715297ms] [ERROR] Failed to load resource: net::ERR_CONNECTION_REFUSED @ http://localhost:8511/_stcore/host-config:0
[ 4715297ms] [ERROR] Client Error in reaching server endpoint - No response received when attempting to reach /_stcore/host-config @ http://localhost:8511/static/js/index.D2ZqaFuW.js:16
[ 4715298ms] [ERROR] Is Streamlit still running? If you accidentally stopped Streamlit, just restart it in your terminal: @ http://localhost:8511/static/js/index.D2ZqaFuW.js:21
[ 4715456ms] [ERROR] Failed to load resource: net::ERR_CONNECTION_REFUSED @ http://localhost:8511/_stcore/health:0
[ 4717305ms] [ERROR] Failed to load resource: net::ERR_CONNECTION_REFUSED @ http://localhost:8511/_stcore/health:0
[ 4717306ms] [ERROR] Client Error in reaching server endpoint - No response received when attempting to reach /_stcore/health @ http://localhost:8511/static/js/index.D2ZqaFuW.js:16
[ 4717306ms] [ERROR] Is Streamlit still running? If you accidentally stopped Streamlit, just restart it in your terminal: @ http://localhost:8511/static/js/index.D2ZqaFuW.js:21
[ 4717437ms] [ERROR] Failed to load resource: net::ERR_CONNECTION_REFUSED @ http://localhost:8511/_stcore/host-config:0
[ 4719313ms] [ERROR] Failed to load resource: net::ERR_CONNECTION_REFUSED @ http://localhost:8511/_stcore/health:0
[ 4719313ms] [ERROR] Client Error in reaching server endpoint - No response received when attempting to reach /_stcore/health @ http://localhost:8511/static/js/index.D2ZqaFuW.js:16
[ 4719313ms] [ERROR] Is Streamlit still running? If you accidentally stopped Streamlit, just restart it in your terminal: @ http://localhost:8511/static/js/index.D2ZqaFuW.js:21
[ 4719432ms] [ERROR] Failed to load resource: net::ERR_CONNECTION_REFUSED @ http://localhost:8511/_stcore/host-config:0
[ 4721320ms] [ERROR] Failed to load resource: net::ERR_CONNECTION_REFUSED @ http://localhost:8511/_stcore/health:0
[ 4721320ms] [ERROR] Client Error in reaching server endpoint - No response received when attempting to reach /_stcore/health @ http://localhost:8511/static/js/index.D2ZqaFuW.js:16
[ 4721320ms] [ERROR] Is Streamlit still running? If you accidentally stopped Streamlit, just restart it in your terminal: @ http://localhost:8511/static/js/index.D2ZqaFuW.js:21
[ 4721433ms] [ERROR] Failed to load resource: net::ERR_CONNECTION_REFUSED @ http://localhost:8511/_stcore/host-config:0
[ 4723326ms] [ERROR] Failed to load resource: net::ERR_CONNECTION_REFUSED @ http://localhost:8511/_stcore/health:0
[ 4723326ms] [ERROR] Client Error in reaching server endpoint - No response received when attempting to reach /_stcore/health @ http://localhost:8511/static/js/index.D2ZqaFuW.js:16
[ 4723327ms] [ERROR] Is Streamlit still running? If you accidentally stopped Streamlit, just restart it in your terminal: @ http://localhost:8511/static/js/index.D2ZqaFuW.js:21
[ 4723453ms] [ERROR] Failed to load resource: net::ERR_CONNECTION_REFUSED @ http://localhost:8511/_stcore/host-config:0
[ 4725334ms] [ERROR] Failed to load resource: net::ERR_CONNECTION_REFUSED @ http://localhost:8511/_stcore/health:0
[ 4725334ms] [ERROR] Client Error in reaching server endpoint - No response received when attempting to reach /_stcore/health @ http://localhost:8511/static/js/index.D2ZqaFuW.js:16
[ 4725334ms] [ERROR] Is Streamlit still running? If you accidentally stopped Streamlit, just restart it in your terminal: @ http://localhost:8511/static/js/index.D2ZqaFuW.js:21
[ 4725449ms] [ERROR] Failed to load resource: net::ERR_CONNECTION_REFUSED @ http://localhost:8511/_stcore/host-config:0
[ 4727341ms] [ERROR] Failed to load resource: net::ERR_CONNECTION_REFUSED @ http://localhost:8511/_stcore/health:0
[ 4727341ms] [ERROR] Client Error in reaching server endpoint - No response received when attempting to reach /_stcore/health @ http://localhost:8511/static/js/index.D2ZqaFuW.js:16
[ 4727341ms] [ERROR] Is Streamlit still running? If you accidentally stopped Streamlit, just restart it in your terminal: @ http://localhost:8511/static/js/index.D2ZqaFuW.js:21
[ 4727469ms] [ERROR] Failed to load resource: net::ERR_CONNECTION_REFUSED @ http://localhost:8511/_stcore/host-config:0
[ 4729348ms] [ERROR] Failed to load resource: net::ERR_CONNECTION_REFUSED @ http://localhost:8511/_stcore/health:0
[ 4729348ms] [ERROR] Client Error in reaching server endpoint - No response received when attempting to reach /_stcore/health @ http://localhost:8511/static/js/index.D2ZqaFuW.js:16
[ 4729348ms] [ERROR] Is Streamlit still running? If you accidentally stopped Streamlit, just restart it in your terminal: @ http://localhost:8511/static/js/index.D2ZqaFuW.js:21
[ 4729463ms] [ERROR] Failed to load resource: net::ERR_CONNECTION_REFUSED @ http://localhost:8511/_stcore/host-config:0
[ 4731355ms] [ERROR] Failed to load resource: net::ERR_CONNECTION_REFUSED @ http://localhost:8511/_stcore/health:0
[ 4731356ms] [ERROR] Client Error in reaching server endpoint - No response received when attempting to reach /_stcore/health @ http://localhost:8511/static/js/index.D2ZqaFuW.js:16
[ 4731356ms] [ERROR] Is Streamlit still running? If you accidentally stopped Streamlit, just restart it in your terminal: @ http://localhost:8511/static/js/index.D2ZqaFuW.js:21
[ 4731356ms] [ERROR] Failed to load resource: net::ERR_CONNECTION_REFUSED @ http://localhost:8511/_stcore/host-config:0
[ 4733364ms] [ERROR] Failed to load resource: net::ERR_CONNECTION_REFUSED @ http://localhost:8511/_stcore/health:0
[ 4733364ms] [ERROR] Client Error in reaching server endpoint - No response received when attempting to reach /_stcore/health @ http://localhost:8511/static/js/index.D2ZqaFuW.js:16
[ 4733364ms] [ERROR] Is Streamlit still running? If you accidentally stopped Streamlit, just restart it in your terminal: @ http://localhost:8511/static/js/index.D2ZqaFuW.js:21
[ 4733499ms] [ERROR] Failed to load resource: net::ERR_CONNECTION_REFUSED @ http://localhost:8511/_stcore/host-config:0
[ 4735372ms] [ERROR] Failed to load resource: net::ERR_CONNECTION_REFUSED @ http://localhost:8511/_stcore/host-config:0
[ 4735372ms] [ERROR] Client Error in reaching server endpoint - No response received when attempting to reach /_stcore/host-config @ http://localhost:8511/static/js/index.D2ZqaFuW.js:16
[ 4735372ms] [ERROR] Is Streamlit still running? If you accidentally stopped Streamlit, just restart it in your terminal: @ http://localhost:8511/static/js/index.D2ZqaFuW.js:21
[ 4735484ms] [ERROR] Failed to load resource: net::ERR_CONNECTION_REFUSED @ http://localhost:8511/_stcore/health:0
[ 4737379ms] [ERROR] Failed to load resource: net::ERR_CONNECTION_REFUSED @ http://localhost:8511/_stcore/health:0
[ 4737380ms] [ERROR] Client Error in reaching server endpoint - No response received when attempting to reach /_stcore/health @ http://localhost:8511/static/js/index.D2ZqaFuW.js:16
[ 4737380ms] [ERROR] Is Streamlit still running? If you accidentally stopped Streamlit, just restart it in your terminal: @ http://localhost:8511/static/js/index.D2ZqaFuW.js:21
[ 4737520ms] [ERROR] Failed to load resource: net::ERR_CONNECTION_REFUSED @ http://localhost:8511/_stcore/host-config:0
[ 4739387ms] [ERROR] Failed to load resource: net::ERR_CONNECTION_REFUSED @ http://localhost:8511/_stcore/health:0
[ 4739387ms] [ERROR] Client Error in reaching server endpoint - No response received when attempting to reach /_stcore/health @ http://localhost:8511/static/js/index.D2ZqaFuW.js:16
[ 4739387ms] [ERROR] Is Streamlit still running? If you accidentally stopped Streamlit, just restart it in your terminal: @ http://localhost:8511/static/js/index.D2ZqaFuW.js:21
[ 4739508ms] [ERROR] Failed to load resource: net::ERR_CONNECTION_REFUSED @ http://localhost:8511/_stcore/host-config:0
[ 4741395ms] [ERROR] Failed to load resource: net::ERR_CONNECTION_REFUSED @ http://localhost:8511/_stcore/health:0
[ 4741395ms] [ERROR] Client Error in reaching server endpoint - No response received when attempting to reach /_stcore/health @ http://localhost:8511/static/js/index.D2ZqaFuW.js:16
[ 4741396ms] [ERROR] Is Streamlit still running? If you accidentally stopped Streamlit, just restart it in your terminal: @ http://localhost:8511/static/js/index.D2ZqaFuW.js:21
[ 4741398ms] [ERROR] Failed to load resource: net::ERR_CONNECTION_REFUSED @ http://localhost:8511/_stcore/host-config:0
[ 4743406ms] [ERROR] Failed to load resource: net::ERR_CONNECTION_REFUSED @ http://localhost:8511/_stcore/health:0
[ 4743407ms] [ERROR] Client Error in reaching server endpoint - No response received when attempting to reach /_stcore/health @ http://localhost:8511/static/js/index.D2ZqaFuW.js:16
[ 4743407ms] [ERROR] Is Streamlit still running? If you accidentally stopped Streamlit, just restart it in your terminal: @ http://localhost:8511/static/js/index.D2ZqaFuW.js:21
[ 4743525ms] [ERROR] Failed to load resource: net::ERR_CONNECTION_REFUSED @ http://localhost:8511/_stcore/host-config:0
[ 4745414ms] [ERROR] Failed to load resource: net::ERR_CONNECTION_REFUSED @ http://localhost:8511/_stcore/health:0
[ 4745414ms] [ERROR] Client Error in reaching server endpoint - No response received when attempting to reach /_stcore/health @ http://localhost:8511/static/js/index.D2ZqaFuW.js:16
[ 4745414ms] [ERROR] Is Streamlit still running? If you accidentally stopped Streamlit, just restart it in your terminal: @ http://localhost:8511/static/js/index.D2ZqaFuW.js:21
[ 4745616ms] [ERROR] Failed to load resource: net::ERR_CONNECTION_REFUSED @ http://localhost:8511/_stcore/host-config:0
[ 4747420ms] [ERROR] Failed to load resource: net::ERR_CONNECTION_REFUSED @ http://localhost:8511/_stcore/health:0
[ 4747420ms] [ERROR] Client Error in reaching server endpoint - No response received when attempting to reach /_stcore/health @ http://localhost:8511/static/js/index.D2ZqaFuW.js:16
[ 4747420ms] [ERROR] Is Streamlit still running? If you accidentally stopped Streamlit, just restart it in your terminal: @ http://localhost:8511/static/js/index.D2ZqaFuW.js:21
[ 4747550ms] [ERROR] Failed to load resource: net::ERR_CONNECTION_REFUSED @ http://localhost:8511/_stcore/host-config:0
[ 4749429ms] [ERROR] Failed to load resource: net::ERR_CONNECTION_REFUSED @ http://localhost:8511/_stcore/health:0
[ 4749429ms] [ERROR] Client Error in reaching server endpoint - No response received when attempting to reach /_stcore/health @ http://localhost:8511/static/js/index.D2ZqaFuW.js:16
[ 4749429ms] [ERROR] Is Streamlit still running? If you accidentally stopped Streamlit, just restart it in your terminal: @ http://localhost:8511/static/js/index.D2ZqaFuW.js:21
[ 4749548ms] [ERROR] Failed to load resource: net::ERR_CONNECTION_REFUSED @ http://localhost:8511/_stcore/host-config:0
[ 4751439ms] [ERROR] Failed to load resource: net::ERR_CONNECTION_REFUSED @ http://localhost:8511/_stcore/health:0
[ 4751439ms] [ERROR] Client Error in reaching server endpoint - No response received when attempting to reach /_stcore/health @ http://localhost:8511/static/js/index.D2ZqaFuW.js:16
[ 4751439ms] [ERROR] Is Streamlit still running? If you accidentally stopped Streamlit, just restart it in your terminal: @ http://localhost:8511/static/js/index.D2ZqaFuW.js:21
[ 4751566ms] [ERROR] Failed to load resource: net::ERR_CONNECTION_REFUSED @ http://localhost:8511/_stcore/host-config:0
[ 4753446ms] [ERROR] Failed to load resource: net::ERR_CONNECTION_REFUSED @ http://localhost:8511/_stcore/health:0
[ 4753446ms] [ERROR] Client Error in reaching server endpoint - No response received when attempting to reach /_stcore/health @ http://localhost:8511/static/js/index.D2ZqaFuW.js:16
[ 4753447ms] [ERROR] Is Streamlit still running? If you accidentally stopped Streamlit, just restart it in your terminal: @ http://localhost:8511/static/js/index.D2ZqaFuW.js:21
[ 4753603ms] [ERROR] Failed to load resource: net::ERR_CONNECTION_REFUSED @ http://localhost:8511/_stcore/host-config:0
[ 4755454ms] [ERROR] Failed to load resource: net::ERR_CONNECTION_REFUSED @ http://localhost:8511/_stcore/health:0
[ 4755454ms] [ERROR] Client Error in reaching server endpoint - No response received when attempting to reach /_stcore/health @ http://localhost:8511/static/js/index.D2ZqaFuW.js:16
[ 4755454ms] [ERROR] Is Streamlit still running? If you accidentally stopped Streamlit, just restart it in your terminal: @ http://localhost:8511/static/js/index.D2ZqaFuW.js:21
[ 4755562ms] [ERROR] Failed to load resource: net::ERR_CONNECTION_REFUSED @ http://localhost:8511/_stcore/host-config:0
[ 4757461ms] [ERROR] Failed to load resource: net::ERR_CONNECTION_REFUSED @ http://localhost:8511/_stcore/health:0
[ 4757462ms] [ERROR] Client Error in reaching server endpoint - No response received when attempting to reach /_stcore/health @ http://localhost:8511/static/js/index.D2ZqaFuW.js:16
[ 4757462ms] [ERROR] Is Streamlit still running? If you accidentally stopped Streamlit, just restart it in your terminal: @ http://localhost:8511/static/js/index.D2ZqaFuW.js:21
[ 4757588ms] [ERROR] Failed to load resource: net::ERR_CONNECTION_REFUSED @ http://localhost:8511/_stcore/host-config:0
[ 4759470ms] [ERROR] Failed to load resource: net::ERR_CONNECTION_REFUSED @ http://localhost:8511/_stcore/health:0
[ 4759470ms] [ERROR] Client Error in reaching server endpoint - No response received when attempting to reach /_stcore/health @ http://localhost:8511/static/js/index.D2ZqaFuW.js:16
[ 4759470ms] [ERROR] Is Streamlit still running? If you accidentally stopped Streamlit, just restart it in your terminal: @ http://localhost:8511/static/js/index.D2ZqaFuW.js:21
[ 4759591ms] [ERROR] Failed to load resource: net::ERR_CONNECTION_REFUSED @ http://localhost:8511/_stcore/host-config:0
[ 4761478ms] [ERROR] Failed to load resource: net::ERR_CONNECTION_REFUSED @ http://localhost:8511/_stcore/host-config:0
[ 4761478ms] [ERROR] Client Error in reaching server endpoint - No response received when attempting to reach /_stcore/host-config @ http://localhost:8511/static/js/index.D2ZqaFuW.js:16
[ 4761478ms] [ERROR] Is Streamlit still running? If you accidentally stopped Streamlit, just restart it in your terminal: @ http://localhost:8511/static/js/index.D2ZqaFuW.js:21
[ 4761606ms] [ERROR] Failed to load resource: net::ERR_CONNECTION_REFUSED @ http://localhost:8511/_stcore/health:0
[ 4763489ms] [ERROR] Failed to load resource: net::ERR_CONNECTION_REFUSED @ http://localhost:8511/_stcore/health:0
[ 4763489ms] [ERROR] Client Error in reaching server endpoint - No response received when attempting to reach /_stcore/health @ http://localhost:8511/static/js/index.D2ZqaFuW.js:16
[ 4763490ms] [ERROR] Is Streamlit still running? If you accidentally stopped Streamlit, just restart it in your terminal: @ http://localhost:8511/static/js/index.D2ZqaFuW.js:21
[ 4763656ms] [ERROR] Failed to load resource: net::ERR_CONNECTION_REFUSED @ http://localhost:8511/_stcore/host-config:0
[ 4765496ms] [ERROR] Failed to load resource: net::ERR_CONNECTION_REFUSED @ http://localhost:8511/_stcore/health:0
[ 4765497ms] [ERROR] Client Error in reaching server endpoint - No response received when attempting to reach /_stcore/health @ http://localhost:8511/static/js/index.D2ZqaFuW.js:16
[ 4765497ms] [ERROR] Is Streamlit still running? If you accidentally stopped Streamlit, just restart it in your terminal: @ http://localhost:8511/static/js/index.D2ZqaFuW.js:21
[ 4765610ms] [ERROR] Failed to load resource: net::ERR_CONNECTION_REFUSED @ http://localhost:8511/_stcore/host-config:0
[ 4767507ms] [ERROR] Failed to load resource: net::ERR_CONNECTION_REFUSED @ http://localhost:8511/_stcore/host-config:0
[ 4767507ms] [ERROR] Client Error in reaching server endpoint - No response received when attempting to reach /_stcore/host-config @ http://localhost:8511/static/js/index.D2ZqaFuW.js:16
[ 4767507ms] [ERROR] Is Streamlit still running? If you accidentally stopped Streamlit, just restart it in your terminal: @ http://localhost:8511/static/js/index.D2ZqaFuW.js:21
[ 4767724ms] [ERROR] Failed to load resource: net::ERR_CONNECTION_REFUSED @ http://localhost:8511/_stcore/health:0
[ 4769516ms] [ERROR] Failed to load resource: net::ERR_CONNECTION_REFUSED @ http://localhost:8511/_stcore/host-config:0
[ 4769516ms] [ERROR] Client Error in reaching server endpoint - No response received when attempting to reach /_stcore/host-config @ http://localhost:8511/static/js/index.D2ZqaFuW.js:16
[ 4769516ms] [ERROR] Is Streamlit still running? If you accidentally stopped Streamlit, just restart it in your terminal: @ http://localhost:8511/static/js/index.D2ZqaFuW.js:21
[ 4769662ms] [ERROR] Failed to load resource: net::ERR_CONNECTION_REFUSED @ http://localhost:8511/_stcore/health:0
[ 4771524ms] [ERROR] Failed to load resource: net::ERR_CONNECTION_REFUSED @ http://localhost:8511/_stcore/health:0
[ 4771524ms] [ERROR] Client Error in reaching server endpoint - No response received when attempting to reach /_stcore/health @ http://localhost:8511/static/js/index.D2ZqaFuW.js:16
[ 4771524ms] [ERROR] Is Streamlit still running? If you accidentally stopped Streamlit, just restart it in your terminal: @ http://localhost:8511/static/js/index.D2ZqaFuW.js:21
[ 4771709ms] [ERROR] Failed to load resource: net::ERR_CONNECTION_REFUSED @ http://localhost:8511/_stcore/host-config:0
[ 4773530ms] [ERROR] Failed to load resource: net::ERR_CONNECTION_REFUSED @ http://localhost:8511/_stcore/host-config:0
[ 4773530ms] [ERROR] Client Error in reaching server endpoint - No response received when attempting to reach /_stcore/host-config @ http://localhost:8511/static/js/index.D2ZqaFuW.js:16
[ 4773530ms] [ERROR] Is Streamlit still running? If you accidentally stopped Streamlit, just restart it in your terminal: @ http://localhost:8511/static/js/index.D2ZqaFuW.js:21
[ 4773677ms] [ERROR] Failed to load resource: net::ERR_CONNECTION_REFUSED @ http://localhost:8511/_stcore/health:0
[ 4775538ms] [ERROR] Failed to load resource: net::ERR_CONNECTION_REFUSED @ http://localhost:8511/_stcore/health:0
[ 4775538ms] [ERROR] Client Error in reaching server endpoint - No response received when attempting to reach /_stcore/health @ http://localhost:8511/static/js/index.D2ZqaFuW.js:16
[ 4775538ms] [ERROR] Is Streamlit still running? If you accidentally stopped Streamlit, just restart it in your terminal: @ http://localhost:8511/static/js/index.D2ZqaFuW.js:21
[ 4775703ms] [ERROR] Failed to load resource: net::ERR_CONNECTION_REFUSED @ http://localhost:8511/_stcore/host-config:0
[ 4777546ms] [ERROR] Failed to load resource: net::ERR_CONNECTION_REFUSED @ http://localhost:8511/_stcore/health:0
[ 4777546ms] [ERROR] Client Error in reaching server endpoint - No response received when attempting to reach /_stcore/health @ http://localhost:8511/static/js/index.D2ZqaFuW.js:16
[ 4777546ms] [ERROR] Is Streamlit still running? If you accidentally stopped Streamlit, just restart it in your terminal: @ http://localhost:8511/static/js/index.D2ZqaFuW.js:21
[ 4777725ms] [ERROR] Failed to load resource: net::ERR_CONNECTION_REFUSED @ http://localhost:8511/_stcore/host-config:0
[ 4779551ms] [ERROR] Failed to load resource: net::ERR_CONNECTION_REFUSED @ http://localhost:8511/_stcore/health:0
[ 4779552ms] [ERROR] Client Error in reaching server endpoint - No response received when attempting to reach /_stcore/health @ http://localhost:8511/static/js/index.D2ZqaFuW.js:16
[ 4779552ms] [ERROR] Is Streamlit still running? If you accidentally stopped Streamlit, just restart it in your terminal: @ http://localhost:8511/static/js/index.D2ZqaFuW.js:21
[ 4779670ms] [ERROR] Failed to load resource: net::ERR_CONNECTION_REFUSED @ http://localhost:8511/_stcore/host-config:0
[ 4781557ms] [ERROR] Failed to load resource: net::ERR_CONNECTION_REFUSED @ http://localhost:8511/_stcore/health:0
[ 4781557ms] [ERROR] Client Error in reaching server endpoint - No response received when attempting to reach /_stcore/health @ http://localhost:8511/static/js/index.D2ZqaFuW.js:16
[ 4781558ms] [ERROR] Is Streamlit still running? If you accidentally stopped Streamlit, just restart it in your terminal: @ http://localhost:8511/static/js/index.D2ZqaFuW.js:21
[ 4781685ms] [ERROR] Failed to load resource: net::ERR_CONNECTION_REFUSED @ http://localhost:8511/_stcore/host-config:0
[ 4783565ms] [ERROR] Failed to load resource: net::ERR_CONNECTION_REFUSED @ http://localhost:8511/_stcore/health:0
[ 4783565ms] [ERROR] Client Error in reaching server endpoint - No response received when attempting to reach /_stcore/health @ http://localhost:8511/static/js/index.D2ZqaFuW.js:16
[ 4783565ms] [ERROR] Is Streamlit still running? If you accidentally stopped Streamlit, just restart it in your terminal: @ http://localhost:8511/static/js/index.D2ZqaFuW.js:21
[ 4783689ms] [ERROR] Failed to load resource: net::ERR_CONNECTION_REFUSED @ http://localhost:8511/_stcore/host-config:0
[ 4785572ms] [ERROR] Failed to load resource: net::ERR_CONNECTION_REFUSED @ http://localhost:8511/_stcore/health:0
[ 4785572ms] [ERROR] Client Error in reaching server endpoint - No response received when attempting to reach /_stcore/health @ http://localhost:8511/static/js/index.D2ZqaFuW.js:16
[ 4785573ms] [ERROR] Is Streamlit still running? If you accidentally stopped Streamlit, just restart it in your terminal: @ http://localhost:8511/static/js/index.D2ZqaFuW.js:21
[ 4785691ms] [ERROR] Failed to load resource: net::ERR_CONNECTION_REFUSED @ http://localhost:8511/_stcore/host-config:0
[ 4787582ms] [ERROR] Failed to load resource: net::ERR_CONNECTION_REFUSED @ http://localhost:8511/_stcore/health:0
[ 4787582ms] [ERROR] Client Error in reaching server endpoint - No response received when attempting to reach /_stcore/health @ http://localhost:8511/static/js/index.D2ZqaFuW.js:16
[ 4787583ms] [ERROR] Is Streamlit still running? If you accidentally stopped Streamlit, just restart it in your terminal: @ http://localhost:8511/static/js/index.D2ZqaFuW.js:21
[ 4787741ms] [ERROR] Failed to load resource: net::ERR_CONNECTION_REFUSED @ http://localhost:8511/_stcore/host-config:0
[ 4789591ms] [ERROR] Failed to load resource: net::ERR_CONNECTION_REFUSED @ http://localhost:8511/_stcore/health:0
[ 4789591ms] [ERROR] Client Error in reaching server endpoint - No response received when attempting to reach /_stcore/health @ http://localhost:8511/static/js/index.D2ZqaFuW.js:16
[ 4789592ms] [ERROR] Is Streamlit still running? If you accidentally stopped Streamlit, just restart it in your terminal: @ http://localhost:8511/static/js/index.D2ZqaFuW.js:21
[ 4789711ms] [ERROR] Failed to load resource: net::ERR_CONNECTION_REFUSED @ http://localhost:8511/_stcore/host-config:0
[ 4791599ms] [ERROR] Failed to load resource: net::ERR_CONNECTION_REFUSED @ http://localhost:8511/_stcore/host-config:0
[ 4791599ms] [ERROR] Client Error in reaching server endpoint - No response received when attempting to reach /_stcore/host-config @ http://localhost:8511/static/js/index.D2ZqaFuW.js:16
[ 4791599ms] [ERROR] Is Streamlit still running? If you accidentally stopped Streamlit, just restart it in your terminal: @ http://localhost:8511/static/js/index.D2ZqaFuW.js:21
[ 4791711ms] [ERROR] Failed to load resource: net::ERR_CONNECTION_REFUSED @ http://localhost:8511/_stcore/health:0
[ 4793609ms] [ERROR] Failed to load resource: net::ERR_CONNECTION_REFUSED @ http://localhost:8511/_stcore/health:0
[ 4793609ms] [ERROR] Client Error in reaching server endpoint - No response received when attempting to reach /_stcore/health @ http://localhost:8511/static/js/index.D2ZqaFuW.js:16
[ 4793609ms] [ERROR] Is Streamlit still running? If you accidentally stopped Streamlit, just restart it in your terminal: @ http://localhost:8511/static/js/index.D2ZqaFuW.js:21
[ 4793744ms] [ERROR] Failed to load resource: net::ERR_CONNECTION_REFUSED @ http://localhost:8511/_stcore/host-config:0
[ 4795614ms] [ERROR] Failed to load resource: net::ERR_CONNECTION_REFUSED @ http://localhost:8511/_stcore/health:0
[ 4795614ms] [ERROR] Client Error in reaching server endpoint - No response received when attempting to reach /_stcore/health @ http://localhost:8511/static/js/index.D2ZqaFuW.js:16
[ 4795614ms] [ERROR] Is Streamlit still running? If you accidentally stopped Streamlit, just restart it in your terminal: @ http://localhost:8511/static/js/index.D2ZqaFuW.js:21
[ 4795738ms] [ERROR] Failed to load resource: net::ERR_CONNECTION_REFUSED @ http://localhost:8511/_stcore/host-config:0
[ 4797619ms] [ERROR] Failed to load resource: net::ERR_CONNECTION_REFUSED @ http://localhost:8511/_stcore/health:0
[ 4797619ms] [ERROR] Client Error in reaching server endpoint - No response received when attempting to reach /_stcore/health @ http://localhost:8511/static/js/index.D2ZqaFuW.js:16
[ 4797619ms] [ERROR] Is Streamlit still running? If you accidentally stopped Streamlit, just restart it in your terminal: @ http://localhost:8511/static/js/index.D2ZqaFuW.js:21
[ 4797751ms] [ERROR] Failed to load resource: net::ERR_CONNECTION_REFUSED @ http://localhost:8511/_stcore/host-config:0
[ 4799702ms] [ERROR] Failed to load resource: net::ERR_CONNECTION_REFUSED @ http://localhost:8511/_stcore/health:0
[ 4799702ms] [ERROR] Client Error in reaching server endpoint - No response received when attempting to reach /_stcore/health @ http://localhost:8511/static/js/index.D2ZqaFuW.js:16
[ 4799703ms] [ERROR] Is Streamlit still running? If you accidentally stopped Streamlit, just restart it in your terminal: @ http://localhost:8511/static/js/index.D2ZqaFuW.js:21
[ 4799925ms] [ERROR] Failed to load resource: net::ERR_CONNECTION_REFUSED @ http://localhost:8511/_stcore/host-config:0
[ 4801711ms] [ERROR] Failed to load resource: net::ERR_CONNECTION_REFUSED @ http://localhost:8511/_stcore/health:0
[ 4801712ms] [ERROR] Client Error in reaching server endpoint - No response received when attempting to reach /_stcore/health @ http://localhost:8511/static/js/index.D2ZqaFuW.js:16
[ 4801712ms] [ERROR] Is Streamlit still running? If you accidentally stopped Streamlit, just restart it in your terminal: @ http://localhost:8511/static/js/index.D2ZqaFuW.js:21
[ 4801865ms] [ERROR] Failed to load resource: net::ERR_CONNECTION_REFUSED @ http://localhost:8511/_stcore/host-config:0
[ 4803720ms] [ERROR] Failed to load resource: net::ERR_CONNECTION_REFUSED @ http://localhost:8511/_stcore/health:0
[ 4803720ms] [ERROR] Client Error in reaching server endpoint - No response received when attempting to reach /_stcore/health @ http://localhost:8511/static/js/index.D2ZqaFuW.js:16
[ 4803720ms] [ERROR] Is Streamlit still running? If you accidentally stopped Streamlit, just restart it in your terminal: @ http://localhost:8511/static/js/index.D2ZqaFuW.js:21
[ 4803848ms] [ERROR] Failed to load resource: net::ERR_CONNECTION_REFUSED @ http://localhost:8511/_stcore/host-config:0
[ 4805726ms] [ERROR] Failed to load resource: net::ERR_CONNECTION_REFUSED @ http://localhost:8511/_stcore/health:0
[ 4805726ms] [ERROR] Client Error in reaching server endpoint - No response received when attempting to reach /_stcore/health @ http://localhost:8511/static/js/index.D2ZqaFuW.js:16
[ 4805726ms] [ERROR] Is Streamlit still running? If you accidentally stopped Streamlit, just restart it in your terminal: @ http://localhost:8511/static/js/index.D2ZqaFuW.js:21
[ 4805838ms] [ERROR] Failed to load resource: net::ERR_CONNECTION_REFUSED @ http://localhost:8511/_stcore/host-config:0
[ 4807745ms] [ERROR] Failed to load resource: net::ERR_CONNECTION_REFUSED @ http://localhost:8511/_stcore/health:0
[ 4807746ms] [ERROR] Client Error in reaching server endpoint - No response received when attempting to reach /_stcore/health @ http://localhost:8511/static/js/index.D2ZqaFuW.js:16
[ 4807746ms] [ERROR] Is Streamlit still running? If you accidentally stopped Streamlit, just restart it in your terminal: @ http://localhost:8511/static/js/index.D2ZqaFuW.js:21
[ 4807993ms] [ERROR] Failed to load resource: net::ERR_CONNECTION_REFUSED @ http://localhost:8511/_stcore/host-config:0
[ 4809758ms] [ERROR] Failed to load resource: net::ERR_CONNECTION_REFUSED @ http://localhost:8511/_stcore/host-config:0
[ 4809758ms] [ERROR] Client Error in reaching server endpoint - No response received when attempting to reach /_stcore/host-config @ http://localhost:8511/static/js/index.D2ZqaFuW.js:16
[ 4809759ms] [ERROR] Is Streamlit still running? If you accidentally stopped Streamlit, just restart it in your terminal: @ http://localhost:8511/static/js/index.D2ZqaFuW.js:21
[ 4809984ms] [ERROR] Failed to load resource: net::ERR_CONNECTION_REFUSED @ http://localhost:8511/_stcore/health:0
[ 4811765ms] [ERROR] Failed to load resource: net::ERR_CONNECTION_REFUSED @ http://localhost:8511/_stcore/host-config:0
[ 4811765ms] [ERROR] Client Error in reaching server endpoint - No response received when attempting to reach /_stcore/host-config @ http://localhost:8511/static/js/index.D2ZqaFuW.js:16
[ 4811766ms] [ERROR] Is Streamlit still running? If you accidentally stopped Streamlit, just restart it in your terminal: @ http://localhost:8511/static/js/index.D2ZqaFuW.js:21
[ 4811872ms] [ERROR] Failed to load resource: net::ERR_CONNECTION_REFUSED @ http://localhost:8511/_stcore/health:0
[ 4813772ms] [ERROR] Failed to load resource: net::ERR_CONNECTION_REFUSED @ http://localhost:8511/_stcore/health:0
[ 4813772ms] [ERROR] Client Error in reaching server endpoint - No response received when attempting to reach /_stcore/health @ http://localhost:8511/static/js/index.D2ZqaFuW.js:16
[ 4813773ms] [ERROR] Is Streamlit still running? If you accidentally stopped Streamlit, just restart it in your terminal: @ http://localhost:8511/static/js/index.D2ZqaFuW.js:21
[ 4813898ms] [ERROR] Failed to load resource: net::ERR_CONNECTION_REFUSED @ http://localhost:8511/_stcore/host-config:0
[ 4815782ms] [ERROR] Failed to load resource: net::ERR_CONNECTION_REFUSED @ http://localhost:8511/_stcore/health:0
[ 4815782ms] [ERROR] Client Error in reaching server endpoint - No response received when attempting to reach /_stcore/health @ http://localhost:8511/static/js/index.D2ZqaFuW.js:16
[ 4815782ms] [ERROR] Is Streamlit still running? If you accidentally stopped Streamlit, just restart it in your terminal: @ http://localhost:8511/static/js/index.D2ZqaFuW.js:21
[ 4815911ms] [ERROR] Failed to load resource: net::ERR_CONNECTION_REFUSED @ http://localhost:8511/_stcore/host-config:0
[ 4817791ms] [ERROR] Failed to load resource: net::ERR_CONNECTION_REFUSED @ http://localhost:8511/_stcore/host-config:0
[ 4817792ms] [ERROR] Client Error in reaching server endpoint - No response received when attempting to reach /_stcore/host-config @ http://localhost:8511/static/js/index.D2ZqaFuW.js:16
[ 4817792ms] [ERROR] Is Streamlit still running? If you accidentally stopped Streamlit, just restart it in your terminal: @ http://localhost:8511/static/js/index.D2ZqaFuW.js:21
[ 4817792ms] [ERROR] Failed to load resource: net::ERR_CONNECTION_REFUSED @ http://localhost:8511/_stcore/health:0
[ 4819803ms] [ERROR] Failed to load resource: net::ERR_CONNECTION_REFUSED @ http://localhost:8511/_stcore/health:0
[ 4819804ms] [ERROR] Client Error in reaching server endpoint - No response received when attempting to reach /_stcore/health @ http://localhost:8511/static/js/index.D2ZqaFuW.js:16
[ 4819804ms] [ERROR] Is Streamlit still running? If you accidentally stopped Streamlit, just restart it in your terminal: @ http://localhost:8511/static/js/index.D2ZqaFuW.js:21
[ 4819917ms] [ERROR] Failed to load resource: net::ERR_CONNECTION_REFUSED @ http://localhost:8511/_stcore/host-config:0
[ 4821811ms] [ERROR] Failed to load resource: net::ERR_CONNECTION_REFUSED @ http://localhost:8511/_stcore/health:0
[ 4821812ms] [ERROR] Client Error in reaching server endpoint - No response received when attempting to reach /_stcore/health @ http://localhost:8511/static/js/index.D2ZqaFuW.js:16
[ 4821812ms] [ERROR] Is Streamlit still running? If you accidentally stopped Streamlit, just restart it in your terminal: @ http://localhost:8511/static/js/index.D2ZqaFuW.js:21
[ 4821921ms] [ERROR] Failed to load resource: net::ERR_CONNECTION_REFUSED @ http://localhost:8511/_stcore/host-config:0
[ 4823844ms] [ERROR] Failed to load resource: net::ERR_CONNECTION_REFUSED @ http://localhost:8511/_stcore/health:0
[ 4823845ms] [ERROR] Client Error in reaching server endpoint - No response received when attempting to reach /_stcore/health @ http://localhost:8511/static/js/index.D2ZqaFuW.js:16
[ 4823845ms] [ERROR] Is Streamlit still running? If you accidentally stopped Streamlit, just restart it in your terminal: @ http://localhost:8511/static/js/index.D2ZqaFuW.js:21
[ 4824083ms] [ERROR] Failed to load resource: net::ERR_CONNECTION_REFUSED @ http://localhost:8511/_stcore/host-config:0
[ 4825852ms] [ERROR] Failed to load resource: net::ERR_CONNECTION_REFUSED @ http://localhost:8511/_stcore/host-config:0
[ 4825852ms] [ERROR] Client Error in reaching server endpoint - No response received when attempting to reach /_stcore/host-config @ http://localhost:8511/static/js/index.D2ZqaFuW.js:16
[ 4825853ms] [ERROR] Is Streamlit still running? If you accidentally stopped Streamlit, just restart it in your terminal: @ http://localhost:8511/static/js/index.D2ZqaFuW.js:21
[ 4825972ms] [ERROR] Failed to load resource: net::ERR_CONNECTION_REFUSED @ http://localhost:8511/_stcore/health:0
[ 4827862ms] [ERROR] Failed to load resource: net::ERR_CONNECTION_REFUSED @ http://localhost:8511/_stcore/health:0
[ 4827862ms] [ERROR] Client Error in reaching server endpoint - No response received when attempting to reach /_stcore/health @ http://localhost:8511/static/js/index.D2ZqaFuW.js:16
[ 4827862ms] [ERROR] Is Streamlit still running? If you accidentally stopped Streamlit, just restart it in your terminal: @ http://localhost:8511/static/js/index.D2ZqaFuW.js:21
[ 4828008ms] [ERROR] Failed to load resource: net::ERR_CONNECTION_REFUSED @ http://localhost:8511/_stcore/host-config:0
[ 4829869ms] [ERROR] Failed to load resource: net::ERR_CONNECTION_REFUSED @ http://localhost:8511/_stcore/health:0
[ 4829869ms] [ERROR] Client Error in reaching server endpoint - No response received when attempting to reach /_stcore/health @ http://localhost:8511/static/js/index.D2ZqaFuW.js:16
[ 4829870ms] [ERROR] Is Streamlit still running? If you accidentally stopped Streamlit, just restart it in your terminal: @ http://localhost:8511/static/js/index.D2ZqaFuW.js:21
[ 4829978ms] [ERROR] Failed to load resource: net::ERR_CONNECTION_REFUSED @ http://localhost:8511/_stcore/host-config:0
[ 4831876ms] [ERROR] Failed to load resource: net::ERR_CONNECTION_REFUSED @ http://localhost:8511/_stcore/health:0
[ 4831876ms] [ERROR] Client Error in reaching server endpoint - No response received when attempting to reach /_stcore/health @ http://localhost:8511/static/js/index.D2ZqaFuW.js:16
[ 4831876ms] [ERROR] Is Streamlit still running? If you accidentally stopped Streamlit, just restart it in your terminal: @ http://localhost:8511/static/js/index.D2ZqaFuW.js:21
[ 4831984ms] [ERROR] Failed to load resource: net::ERR_CONNECTION_REFUSED @ http://localhost:8511/_stcore/host-config:0
[ 4833883ms] [ERROR] Failed to load resource: net::ERR_CONNECTION_REFUSED @ http://localhost:8511/_stcore/health:0
[ 4833884ms] [ERROR] Client Error in reaching server endpoint - No response received when attempting to reach /_stcore/health @ http://localhost:8511/static/js/index.D2ZqaFuW.js:16
[ 4833884ms] [ERROR] Is Streamlit still running? If you accidentally stopped Streamlit, just restart it in your terminal: @ http://localhost:8511/static/js/index.D2ZqaFuW.js:21
[ 4834009ms] [ERROR] Failed to load resource: net::ERR_CONNECTION_REFUSED @ http://localhost:8511/_stcore/host-config:0
[ 4835891ms] [ERROR] Failed to load resource: net::ERR_CONNECTION_REFUSED @ http://localhost:8511/_stcore/health:0
[ 4835891ms] [ERROR] Client Error in reaching server endpoint - No response received when attempting to reach /_stcore/health @ http://localhost:8511/static/js/index.D2ZqaFuW.js:16
[ 4835892ms] [ERROR] Is Streamlit still running? If you accidentally stopped Streamlit, just restart it in your terminal: @ http://localhost:8511/static/js/index.D2ZqaFuW.js:21
[ 4836007ms] [ERROR] Failed to load resource: net::ERR_CONNECTION_REFUSED @ http://localhost:8511/_stcore/host-config:0
[ 4837913ms] [ERROR] Failed to load resource: net::ERR_CONNECTION_REFUSED @ http://localhost:8511/_stcore/host-config:0
[ 4837914ms] [ERROR] Client Error in reaching server endpoint - No response received when attempting to reach /_stcore/host-config @ http://localhost:8511/static/js/index.D2ZqaFuW.js:16
[ 4837914ms] [ERROR] Is Streamlit still running? If you accidentally stopped Streamlit, just restart it in your terminal: @ http://localhost:8511/static/js/index.D2ZqaFuW.js:21
[ 4838427ms] [ERROR] Failed to load resource: net::ERR_CONNECTION_REFUSED @ http://localhost:8511/_stcore/health:0
[ 4839922ms] [ERROR] Failed to load resource: net::ERR_CONNECTION_REFUSED @ http://localhost:8511/_stcore/health:0
[ 4839923ms] [ERROR] Client Error in reaching server endpoint - No response received when attempting to reach /_stcore/health @ http://localhost:8511/static/js/index.D2ZqaFuW.js:16
[ 4839923ms] [ERROR] Is Streamlit still running? If you accidentally stopped Streamlit, just restart it in your terminal: @ http://localhost:8511/static/js/index.D2ZqaFuW.js:21
[ 4840031ms] [ERROR] Failed to load resource: net::ERR_CONNECTION_REFUSED @ http://localhost:8511/_stcore/host-config:0
[ 4841933ms] [ERROR] Failed to load resource: net::ERR_CONNECTION_REFUSED @ http://localhost:8511/_stcore/health:0
[ 4841933ms] [ERROR] Client Error in reaching server endpoint - No response received when attempting to reach /_stcore/health @ http://localhost:8511/static/js/index.D2ZqaFuW.js:16
[ 4841933ms] [ERROR] Is Streamlit still running? If you accidentally stopped Streamlit, just restart it in your terminal: @ http://localhost:8511/static/js/index.D2ZqaFuW.js:21
[ 4842144ms] [ERROR] Failed to load resource: net::ERR_CONNECTION_REFUSED @ http://localhost:8511/_stcore/host-config:0
[ 4843943ms] [ERROR] Failed to load resource: net::ERR_CONNECTION_REFUSED @ http://localhost:8511/_stcore/health:0
[ 4843943ms] [ERROR] Client Error in reaching server endpoint - No response received when attempting to reach /_stcore/health @ http://localhost:8511/static/js/index.D2ZqaFuW.js:16
[ 4843944ms] [ERROR] Is Streamlit still running? If you accidentally stopped Streamlit, just restart it in your terminal: @ http://localhost:8511/static/js/index.D2ZqaFuW.js:21
[ 4844127ms] [ERROR] Failed to load resource: net::ERR_CONNECTION_REFUSED @ http://localhost:8511/_stcore/host-config:0
[ 4845950ms] [ERROR] Failed to load resource: net::ERR_CONNECTION_REFUSED @ http://localhost:8511/_stcore/health:0
[ 4845950ms] [ERROR] Client Error in reaching server endpoint - No response received when attempting to reach /_stcore/health @ http://localhost:8511/static/js/index.D2ZqaFuW.js:16
[ 4845950ms] [ERROR] Is Streamlit still running? If you accidentally stopped Streamlit, just restart it in your terminal: @ http://localhost:8511/static/js/index.D2ZqaFuW.js:21
[ 4846161ms] [ERROR] Failed to load resource: net::ERR_CONNECTION_REFUSED @ http://localhost:8511/_stcore/host-config:0
[ 4847958ms] [ERROR] Failed to load resource: net::ERR_CONNECTION_REFUSED @ http://localhost:8511/_stcore/host-config:0
[ 4847958ms] [ERROR] Client Error in reaching server endpoint - No response received when attempting to reach /_stcore/host-config @ http://localhost:8511/static/js/index.D2ZqaFuW.js:16
[ 4847959ms] [ERROR] Is Streamlit still running? If you accidentally stopped Streamlit, just restart it in your terminal: @ http://localhost:8511/static/js/index.D2ZqaFuW.js:21
[ 4848151ms] [ERROR] Failed to load resource: net::ERR_CONNECTION_REFUSED @ http://localhost:8511/_stcore/health:0
[ 4849964ms] [ERROR] Failed to load resource: net::ERR_CONNECTION_REFUSED @ http://localhost:8511/_stcore/host-config:0
[ 4849964ms] [ERROR] Client Error in reaching server endpoint - No response received when attempting to reach /_stcore/host-config @ http://localhost:8511/static/js/index.D2ZqaFuW.js:16
[ 4849964ms] [ERROR] Is Streamlit still running? If you accidentally stopped Streamlit, just restart it in your terminal: @ http://localhost:8511/static/js/index.D2ZqaFuW.js:21
[ 4850157ms] [ERROR] Failed to load resource: net::ERR_CONNECTION_REFUSED @ http://localhost:8511/_stcore/health:0
[ 4851976ms] [ERROR] Failed to load resource: net::ERR_CONNECTION_REFUSED @ http://localhost:8511/_stcore/health:0
[ 4851976ms] [ERROR] Client Error in reaching server endpoint - No response received when attempting to reach /_stcore/health @ http://localhost:8511/static/js/index.D2ZqaFuW.js:16
[ 4851976ms] [ERROR] Is Streamlit still running? If you accidentally stopped Streamlit, just restart it in your terminal: @ http://localhost:8511/static/js/index.D2ZqaFuW.js:21
[ 4852148ms] [ERROR] Failed to load resource: net::ERR_CONNECTION_REFUSED @ http://localhost:8511/_stcore/host-config:0
[ 4853982ms] [ERROR] Failed to load resource: net::ERR_CONNECTION_REFUSED @ http://localhost:8511/_stcore/health:0
[ 4853982ms] [ERROR] Client Error in reaching server endpoint - No response received when attempting to reach /_stcore/health @ http://localhost:8511/static/js/index.D2ZqaFuW.js:16
[ 4853982ms] [ERROR] Is Streamlit still running? If you accidentally stopped Streamlit, just restart it in your terminal: @ http://localhost:8511/static/js/index.D2ZqaFuW.js:21
[ 4854241ms] [ERROR] Failed to load resource: net::ERR_CONNECTION_REFUSED @ http://localhost:8511/_stcore/host-config:0
[ 4855999ms] [ERROR] Failed to load resource: net::ERR_CONNECTION_REFUSED @ http://localhost:8511/_stcore/health:0
[ 4855999ms] [ERROR] Client Error in reaching server endpoint - No response received when attempting to reach /_stcore/health @ http://localhost:8511/static/js/index.D2ZqaFuW.js:16
[ 4855999ms] [ERROR] Is Streamlit still running? If you accidentally stopped Streamlit, just restart it in your terminal: @ http://localhost:8511/static/js/index.D2ZqaFuW.js:21
[ 4856214ms] [ERROR] Failed to load resource: net::ERR_CONNECTION_REFUSED @ http://localhost:8511/_stcore/host-config:0
[ 4858006ms] [ERROR] Failed to load resource: net::ERR_CONNECTION_REFUSED @ http://localhost:8511/_stcore/health:0
[ 4858006ms] [ERROR] Client Error in reaching server endpoint - No response received when attempting to reach /_stcore/health @ http://localhost:8511/static/js/index.D2ZqaFuW.js:16
[ 4858006ms] [ERROR] Is Streamlit still running? If you accidentally stopped Streamlit, just restart it in your terminal: @ http://localhost:8511/static/js/index.D2ZqaFuW.js:21
[ 4858155ms] [ERROR] Failed to load resource: net::ERR_CONNECTION_REFUSED @ http://localhost:8511/_stcore/host-config:0
[ 4860015ms] [ERROR] Failed to load resource: net::ERR_CONNECTION_REFUSED @ http://localhost:8511/_stcore/health:0
[ 4860015ms] [ERROR] Client Error in reaching server endpoint - No response received when attempting to reach /_stcore/health @ http://localhost:8511/static/js/index.D2ZqaFuW.js:16
[ 4860016ms] [ERROR] Is Streamlit still running? If you accidentally stopped Streamlit, just restart it in your terminal: @ http://localhost:8511/static/js/index.D2ZqaFuW.js:21
[ 4860139ms] [ERROR] Failed to load resource: net::ERR_CONNECTION_REFUSED @ http://localhost:8511/_stcore/host-config:0
[ 4862021ms] [ERROR] Failed to load resource: net::ERR_CONNECTION_REFUSED @ http://localhost:8511/_stcore/health:0
[ 4862022ms] [ERROR] Client Error in reaching server endpoint - No response received when attempting to reach /_stcore/health @ http://localhost:8511/static/js/index.D2ZqaFuW.js:16
[ 4862022ms] [ERROR] Is Streamlit still running? If you accidentally stopped Streamlit, just restart it in your terminal: @ http://localhost:8511/static/js/index.D2ZqaFuW.js:21
[ 4862022ms] [ERROR] Failed to load resource: net::ERR_CONNECTION_REFUSED @ http://localhost:8511/_stcore/host-config:0
[ 4864030ms] [ERROR] Failed to load resource: net::ERR_CONNECTION_REFUSED @ http://localhost:8511/_stcore/host-config:0
[ 4864030ms] [ERROR] Client Error in reaching server endpoint - No response received when attempting to reach /_stcore/host-config @ http://localhost:8511/static/js/index.D2ZqaFuW.js:16
[ 4864030ms] [ERROR] Is Streamlit still running? If you accidentally stopped Streamlit, just restart it in your terminal: @ http://localhost:8511/static/js/index.D2ZqaFuW.js:21
[ 4864142ms] [ERROR] Failed to load resource: net::ERR_CONNECTION_REFUSED @ http://localhost:8511/_stcore/health:0
[ 4866037ms] [ERROR] Failed to load resource: net::ERR_CONNECTION_REFUSED @ http://localhost:8511/_stcore/health:0
[ 4866037ms] [ERROR] Client Error in reaching server endpoint - No response received when attempting to reach /_stcore/health @ http://localhost:8511/static/js/index.D2ZqaFuW.js:16
[ 4866037ms] [ERROR] Is Streamlit still running? If you accidentally stopped Streamlit, just restart it in your terminal: @ http://localhost:8511/static/js/index.D2ZqaFuW.js:21
[ 4866148ms] [ERROR] Failed to load resource: net::ERR_CONNECTION_REFUSED @ http://localhost:8511/_stcore/host-config:0
[ 4868044ms] [ERROR] Failed to load resource: net::ERR_CONNECTION_REFUSED @ http://localhost:8511/_stcore/host-config:0
[ 4868044ms] [ERROR] Client Error in reaching server endpoint - No response received when attempting to reach /_stcore/host-config @ http://localhost:8511/static/js/index.D2ZqaFuW.js:16
[ 4868045ms] [ERROR] Is Streamlit still running? If you accidentally stopped Streamlit, just restart it in your terminal: @ http://localhost:8511/static/js/index.D2ZqaFuW.js:21
[ 4868181ms] [ERROR] Failed to load resource: net::ERR_CONNECTION_REFUSED @ http://localhost:8511/_stcore/health:0
[ 4870051ms] [ERROR] Failed to load resource: net::ERR_CONNECTION_REFUSED @ http://localhost:8511/_stcore/health:0
[ 4870052ms] [ERROR] Client Error in reaching server endpoint - No response received when attempting to reach /_stcore/health @ http://localhost:8511/static/js/index.D2ZqaFuW.js:16
[ 4870052ms] [ERROR] Is Streamlit still running? If you accidentally stopped Streamlit, just restart it in your terminal: @ http://localhost:8511/static/js/index.D2ZqaFuW.js:21
[ 4870214ms] [ERROR] Failed to load resource: net::ERR_CONNECTION_REFUSED @ http://localhost:8511/_stcore/host-config:0
[ 4872057ms] [ERROR] Failed to load resource: net::ERR_CONNECTION_REFUSED @ http://localhost:8511/_stcore/health:0
[ 4872058ms] [ERROR] Client Error in reaching server endpoint - No response received when attempting to reach /_stcore/health @ http://localhost:8511/static/js/index.D2ZqaFuW.js:16
[ 4872058ms] [ERROR] Is Streamlit still running? If you accidentally stopped Streamlit, just restart it in your terminal: @ http://localhost:8511/static/js/index.D2ZqaFuW.js:21
[ 4872174ms] [ERROR] Failed to load resource: net::ERR_CONNECTION_REFUSED @ http://localhost:8511/_stcore/host-config:0
[ 4874063ms] [ERROR] Failed to load resource: net::ERR_CONNECTION_REFUSED @ http://localhost:8511/_stcore/health:0
[ 4874064ms] [ERROR] Client Error in reaching server endpoint - No response received when attempting to reach /_stcore/health @ http://localhost:8511/static/js/index.D2ZqaFuW.js:16
[ 4874064ms] [ERROR] Is Streamlit still running? If you accidentally stopped Streamlit, just restart it in your terminal: @ http://localhost:8511/static/js/index.D2ZqaFuW.js:21
[ 4874203ms] [ERROR] Failed to load resource: net::ERR_CONNECTION_REFUSED @ http://localhost:8511/_stcore/host-config:0
[ 4876072ms] [ERROR] Failed to load resource: net::ERR_CONNECTION_REFUSED @ http://localhost:8511/_stcore/health:0
[ 4876072ms] [ERROR] Client Error in reaching server endpoint - No response received when attempting to reach /_stcore/health @ http://localhost:8511/static/js/index.D2ZqaFuW.js:16
[ 4876072ms] [ERROR] Is Streamlit still running? If you accidentally stopped Streamlit, just restart it in your terminal: @ http://localhost:8511/static/js/index.D2ZqaFuW.js:21
[ 4876184ms] [ERROR] Failed to load resource: net::ERR_CONNECTION_REFUSED @ http://localhost:8511/_stcore/host-config:0
[ 4878078ms] [ERROR] Failed to load resource: net::ERR_CONNECTION_REFUSED @ http://localhost:8511/_stcore/health:0
[ 4878078ms] [ERROR] Client Error in reaching server endpoint - No response received when attempting to reach /_stcore/health @ http://localhost:8511/static/js/index.D2ZqaFuW.js:16
[ 4878078ms] [ERROR] Is Streamlit still running? If you accidentally stopped Streamlit, just restart it in your terminal: @ http://localhost:8511/static/js/index.D2ZqaFuW.js:21
[ 4878229ms] [ERROR] Failed to load resource: net::ERR_CONNECTION_REFUSED @ http://localhost:8511/_stcore/host-config:0
[ 4880088ms] [ERROR] Failed to load resource: net::ERR_CONNECTION_REFUSED @ http://localhost:8511/_stcore/health:0
[ 4880088ms] [ERROR] Client Error in reaching server endpoint - No response received when attempting to reach /_stcore/health @ http://localhost:8511/static/js/index.D2ZqaFuW.js:16
[ 4880088ms] [ERROR] Is Streamlit still running? If you accidentally stopped Streamlit, just restart it in your terminal: @ http://localhost:8511/static/js/index.D2ZqaFuW.js:21
[ 4880207ms] [ERROR] Failed to load resource: net::ERR_CONNECTION_REFUSED @ http://localhost:8511/_stcore/host-config:0
[ 4882096ms] [ERROR] Failed to load resource: net::ERR_CONNECTION_REFUSED @ http://localhost:8511/_stcore/health:0
[ 4882096ms] [ERROR] Client Error in reaching server endpoint - No response received when attempting to reach /_stcore/health @ http://localhost:8511/static/js/index.D2ZqaFuW.js:16
[ 4882096ms] [ERROR] Is Streamlit still running? If you accidentally stopped Streamlit, just restart it in your terminal: @ http://localhost:8511/static/js/index.D2ZqaFuW.js:21
[ 4882209ms] [ERROR] Failed to load resource: net::ERR_CONNECTION_REFUSED @ http://localhost:8511/_stcore/host-config:0
[ 4884103ms] [ERROR] Failed to load resource: net::ERR_CONNECTION_REFUSED @ http://localhost:8511/_stcore/health:0
[ 4884103ms] [ERROR] Client Error in reaching server endpoint - No response received when attempting to reach /_stcore/health @ http://localhost:8511/static/js/index.D2ZqaFuW.js:16
[ 4884104ms] [ERROR] Is Streamlit still running? If you accidentally stopped Streamlit, just restart it in your terminal: @ http://localhost:8511/static/js/index.D2ZqaFuW.js:21
[ 4884233ms] [ERROR] Failed to load resource: net::ERR_CONNECTION_REFUSED @ http://localhost:8511/_stcore/host-config:0
[ 4886108ms] [ERROR] Failed to load resource: net::ERR_CONNECTION_REFUSED @ http://localhost:8511/_stcore/health:0
[ 4886108ms] [ERROR] Client Error in reaching server endpoint - No response received when attempting to reach /_stcore/health @ http://localhost:8511/static/js/index.D2ZqaFuW.js:16
[ 4886109ms] [ERROR] Is Streamlit still running? If you accidentally stopped Streamlit, just restart it in your terminal: @ http://localhost:8511/static/js/index.D2ZqaFuW.js:21
[ 4886219ms] [ERROR] Failed to load resource: net::ERR_CONNECTION_REFUSED @ http://localhost:8511/_stcore/host-config:0
[ 4888116ms] [ERROR] Failed to load resource: net::ERR_CONNECTION_REFUSED @ http://localhost:8511/_stcore/health:0
[ 4888116ms] [ERROR] Client Error in reaching server endpoint - No response received when attempting to reach /_stcore/health @ http://localhost:8511/static/js/index.D2ZqaFuW.js:16
[ 4888116ms] [ERROR] Is Streamlit still running? If you accidentally stopped Streamlit, just restart it in your terminal: @ http://localhost:8511/static/js/index.D2ZqaFuW.js:21
[ 4888250ms] [ERROR] Failed to load resource: net::ERR_CONNECTION_REFUSED @ http://localhost:8511/_stcore/host-config:0
[ 4890121ms] [ERROR] Failed to load resource: net::ERR_CONNECTION_REFUSED @ http://localhost:8511/_stcore/health:0
[ 4890121ms] [ERROR] Client Error in reaching server endpoint - No response received when attempting to reach /_stcore/health @ http://localhost:8511/static/js/index.D2ZqaFuW.js:16
[ 4890121ms] [ERROR] Is Streamlit still running? If you accidentally stopped Streamlit, just restart it in your terminal: @ http://localhost:8511/static/js/index.D2ZqaFuW.js:21
[ 4890231ms] [ERROR] Failed to load resource: net::ERR_CONNECTION_REFUSED @ http://localhost:8511/_stcore/host-config:0
[ 4892127ms] [ERROR] Failed to load resource: net::ERR_CONNECTION_REFUSED @ http://localhost:8511/_stcore/health:0
[ 4892128ms] [ERROR] Client Error in reaching server endpoint - No response received when attempting to reach /_stcore/health @ http://localhost:8511/static/js/index.D2ZqaFuW.js:16
[ 4892128ms] [ERROR] Is Streamlit still running? If you accidentally stopped Streamlit, just restart it in your terminal: @ http://localhost:8511/static/js/index.D2ZqaFuW.js:21
[ 4892238ms] [ERROR] Failed to load resource: net::ERR_CONNECTION_REFUSED @ http://localhost:8511/_stcore/host-config:0
[ 4894138ms] [ERROR] Failed to load resource: net::ERR_CONNECTION_REFUSED @ http://localhost:8511/_stcore/host-config:0
[ 4894138ms] [ERROR] Client Error in reaching server endpoint - No response received when attempting to reach /_stcore/host-config @ http://localhost:8511/static/js/index.D2ZqaFuW.js:16
[ 4894139ms] [ERROR] Is Streamlit still running? If you accidentally stopped Streamlit, just restart it in your terminal: @ http://localhost:8511/static/js/index.D2ZqaFuW.js:21
[ 4894266ms] [ERROR] Failed to load resource: net::ERR_CONNECTION_REFUSED @ http://localhost:8511/_stcore/health:0
[ 4896146ms] [ERROR] Failed to load resource: net::ERR_CONNECTION_REFUSED @ http://localhost:8511/_stcore/health:0
[ 4896146ms] [ERROR] Client Error in reaching server endpoint - No response received when attempting to reach /_stcore/health @ http://localhost:8511/static/js/index.D2ZqaFuW.js:16
[ 4896146ms] [ERROR] Is Streamlit still running? If you accidentally stopped Streamlit, just restart it in your terminal: @ http://localhost:8511/static/js/index.D2ZqaFuW.js:21
[ 4896266ms] [ERROR] Failed to load resource: net::ERR_CONNECTION_REFUSED @ http://localhost:8511/_stcore/host-config:0
[ 4898155ms] [ERROR] Failed to load resource: net::ERR_CONNECTION_REFUSED @ http://localhost:8511/_stcore/host-config:0
[ 4898155ms] [ERROR] Client Error in reaching server endpoint - No response received when attempting to reach /_stcore/host-config @ http://localhost:8511/static/js/index.D2ZqaFuW.js:16
[ 4898156ms] [ERROR] Is Streamlit still running? If you accidentally stopped Streamlit, just restart it in your terminal: @ http://localhost:8511/static/js/index.D2ZqaFuW.js:21
[ 4898285ms] [ERROR] Failed to load resource: net::ERR_CONNECTION_REFUSED @ http://localhost:8511/_stcore/health:0
[ 4900163ms] [ERROR] Failed to load resource: net::ERR_CONNECTION_REFUSED @ http://localhost:8511/_stcore/health:0
[ 4900163ms] [ERROR] Client Error in reaching server endpoint - No response received when attempting to reach /_stcore/health @ http://localhost:8511/static/js/index.D2ZqaFuW.js:16
[ 4900163ms] [ERROR] Is Streamlit still running? If you accidentally stopped Streamlit, just restart it in your terminal: @ http://localhost:8511/static/js/index.D2ZqaFuW.js:21
[ 4900276ms] [ERROR] Failed to load resource: net::ERR_CONNECTION_REFUSED @ http://localhost:8511/_stcore/host-config:0
[ 4902173ms] [ERROR] Failed to load resource: net::ERR_CONNECTION_REFUSED @ http://localhost:8511/_stcore/health:0
[ 4902173ms] [ERROR] Client Error in reaching server endpoint - No response received when attempting to reach /_stcore/health @ http://localhost:8511/static/js/index.D2ZqaFuW.js:16
[ 4902173ms] [ERROR] Is Streamlit still running? If you accidentally stopped Streamlit, just restart it in your terminal: @ http://localhost:8511/static/js/index.D2ZqaFuW.js:21
[ 4902289ms] [ERROR] Failed to load resource: net::ERR_CONNECTION_REFUSED @ http://localhost:8511/_stcore/host-config:0
[ 4904181ms] [ERROR] Failed to load resource: net::ERR_CONNECTION_REFUSED @ http://localhost:8511/_stcore/health:0
[ 4904181ms] [ERROR] Client Error in reaching server endpoint - No response received when attempting to reach /_stcore/health @ http://localhost:8511/static/js/index.D2ZqaFuW.js:16
[ 4904181ms] [ERROR] Is Streamlit still running? If you accidentally stopped Streamlit, just restart it in your terminal: @ http://localhost:8511/static/js/index.D2ZqaFuW.js:21
[ 4904292ms] [ERROR] Failed to load resource: net::ERR_CONNECTION_REFUSED @ http://localhost:8511/_stcore/host-config:0
[ 4906189ms] [ERROR] Failed to load resource: net::ERR_CONNECTION_REFUSED @ http://localhost:8511/_stcore/health:0
[ 4906189ms] [ERROR] Client Error in reaching server endpoint - No response received when attempting to reach /_stcore/health @ http://localhost:8511/static/js/index.D2ZqaFuW.js:16
[ 4906190ms] [ERROR] Is Streamlit still running? If you accidentally stopped Streamlit, just restart it in your terminal: @ http://localhost:8511/static/js/index.D2ZqaFuW.js:21
[ 4906321ms] [ERROR] Failed to load resource: net::ERR_CONNECTION_REFUSED @ http://localhost:8511/_stcore/host-config:0
[ 4908194ms] [ERROR] Failed to load resource: net::ERR_CONNECTION_REFUSED @ http://localhost:8511/_stcore/health:0
[ 4908194ms] [ERROR] Client Error in reaching server endpoint - No response received when attempting to reach /_stcore/health @ http://localhost:8511/static/js/index.D2ZqaFuW.js:16
[ 4908194ms] [ERROR] Is Streamlit still running? If you accidentally stopped Streamlit, just restart it in your terminal: @ http://localhost:8511/static/js/index.D2ZqaFuW.js:21
[ 4908323ms] [ERROR] Failed to load resource: net::ERR_CONNECTION_REFUSED @ http://localhost:8511/_stcore/host-config:0
[ 4910200ms] [ERROR] Failed to load resource: net::ERR_CONNECTION_REFUSED @ http://localhost:8511/_stcore/host-config:0
[ 4910200ms] [ERROR] Client Error in reaching server endpoint - No response received when attempting to reach /_stcore/host-config @ http://localhost:8511/static/js/index.D2ZqaFuW.js:16
[ 4910201ms] [ERROR] Is Streamlit still running? If you accidentally stopped Streamlit, just restart it in your terminal: @ http://localhost:8511/static/js/index.D2ZqaFuW.js:21
[ 4910473ms] [ERROR] Failed to load resource: net::ERR_CONNECTION_REFUSED @ http://localhost:8511/_stcore/health:0
[ 4912242ms] [ERROR] Failed to load resource: net::ERR_CONNECTION_REFUSED @ http://localhost:8511/_stcore/health:0
[ 4912242ms] [ERROR] Client Error in reaching server endpoint - No response received when attempting to reach /_stcore/health @ http://localhost:8511/static/js/index.D2ZqaFuW.js:16
[ 4912242ms] [ERROR] Is Streamlit still running? If you accidentally stopped Streamlit, just restart it in your terminal: @ http://localhost:8511/static/js/index.D2ZqaFuW.js:21
[ 4912691ms] [ERROR] Failed to load resource: net::ERR_CONNECTION_REFUSED @ http://localhost:8511/_stcore/host-config:0
[ 4914251ms] [ERROR] Failed to load resource: net::ERR_CONNECTION_REFUSED @ http://localhost:8511/_stcore/health:0
[ 4914251ms] [ERROR] Client Error in reaching server endpoint - No response received when attempting to reach /_stcore/health @ http://localhost:8511/static/js/index.D2ZqaFuW.js:16
[ 4914251ms] [ERROR] Is Streamlit still running? If you accidentally stopped Streamlit, just restart it in your terminal: @ http://localhost:8511/static/js/index.D2ZqaFuW.js:21
[ 4914430ms] [ERROR] Failed to load resource: net::ERR_CONNECTION_REFUSED @ http://localhost:8511/_stcore/host-config:0
[ 4916258ms] [ERROR] Failed to load resource: net::ERR_CONNECTION_REFUSED @ http://localhost:8511/_stcore/health:0
[ 4916259ms] [ERROR] Client Error in reaching server endpoint - No response received when attempting to reach /_stcore/health @ http://localhost:8511/static/js/index.D2ZqaFuW.js:16
[ 4916259ms] [ERROR] Is Streamlit still running? If you accidentally stopped Streamlit, just restart it in your terminal: @ http://localhost:8511/static/js/index.D2ZqaFuW.js:21
[ 4916387ms] [ERROR] Failed to load resource: net::ERR_CONNECTION_REFUSED @ http://localhost:8511/_stcore/host-config:0
[ 4918267ms] [ERROR] Failed to load resource: net::ERR_CONNECTION_REFUSED @ http://localhost:8511/_stcore/health:0
[ 4918267ms] [ERROR] Client Error in reaching server endpoint - No response received when attempting to reach /_stcore/health @ http://localhost:8511/static/js/index.D2ZqaFuW.js:16
[ 4918267ms] [ERROR] Is Streamlit still running? If you accidentally stopped Streamlit, just restart it in your terminal: @ http://localhost:8511/static/js/index.D2ZqaFuW.js:21
[ 4918438ms] [ERROR] Failed to load resource: net::ERR_CONNECTION_REFUSED @ http://localhost:8511/_stcore/host-config:0
[ 4920278ms] [ERROR] Failed to load resource: net::ERR_CONNECTION_REFUSED @ http://localhost:8511/_stcore/health:0
[ 4920279ms] [ERROR] Client Error in reaching server endpoint - No response received when attempting to reach /_stcore/health @ http://localhost:8511/static/js/index.D2ZqaFuW.js:16
[ 4920279ms] [ERROR] Is Streamlit still running? If you accidentally stopped Streamlit, just restart it in your terminal: @ http://localhost:8511/static/js/index.D2ZqaFuW.js:21
[ 4920453ms] [ERROR] Failed to load resource: net::ERR_CONNECTION_REFUSED @ http://localhost:8511/_stcore/host-config:0
[ 4922283ms] [ERROR] Failed to load resource: net::ERR_CONNECTION_REFUSED @ http://localhost:8511/_stcore/health:0
[ 4922283ms] [ERROR] Client Error in reaching server endpoint - No response received when attempting to reach /_stcore/health @ http://localhost:8511/static/js/index.D2ZqaFuW.js:16
[ 4922284ms] [ERROR] Is Streamlit still running? If you accidentally stopped Streamlit, just restart it in your terminal: @ http://localhost:8511/static/js/index.D2ZqaFuW.js:21
[ 4922698ms] [ERROR] Failed to load resource: net::ERR_CONNECTION_REFUSED @ http://localhost:8511/_stcore/host-config:0
[ 4924290ms] [ERROR] Failed to load resource: net::ERR_CONNECTION_REFUSED @ http://localhost:8511/_stcore/health:0
[ 4924290ms] [ERROR] Client Error in reaching server endpoint - No response received when attempting to reach /_stcore/health @ http://localhost:8511/static/js/index.D2ZqaFuW.js:16
[ 4924290ms] [ERROR] Is Streamlit still running? If you accidentally stopped Streamlit, just restart it in your terminal: @ http://localhost:8511/static/js/index.D2ZqaFuW.js:21
[ 4924790ms] [ERROR] Failed to load resource: net::ERR_CONNECTION_REFUSED @ http://localhost:8511/_stcore/host-config:0
[ 4926301ms] [ERROR] Failed to load resource: net::ERR_CONNECTION_REFUSED @ http://localhost:8511/_stcore/health:0
[ 4926301ms] [ERROR] Client Error in reaching server endpoint - No response received when attempting to reach /_stcore/health @ http://localhost:8511/static/js/index.D2ZqaFuW.js:16
[ 4926302ms] [ERROR] Is Streamlit still running? If you accidentally stopped Streamlit, just restart it in your terminal: @ http://localhost:8511/static/js/index.D2ZqaFuW.js:21
[ 4926453ms] [ERROR] Failed to load resource: net::ERR_CONNECTION_REFUSED @ http://localhost:8511/_stcore/host-config:0
