[   79860ms] [WARNING] Unrecognized feature: 'ambient-light-sensor'. @ http://localhost:8511/static/js/isLength.DwwZub7z.js:0
[   79860ms] [WARNING] Unrecognized feature: 'battery'. @ http://localhost:8511/static/js/isLength.DwwZub7z.js:0
[   79860ms] [WARNING] Unrecognized feature: 'document-domain'. @ http://localhost:8511/static/js/isLength.DwwZub7z.js:0
[   79860ms] [WARNING] Unrecognized feature: 'layout-animations'. @ http://localhost:8511/static/js/isLength.DwwZub7z.js:0
[   79860ms] [WARNING] Unrecognized feature: 'legacy-image-formats'. @ http://localhost:8511/static/js/isLength.DwwZub7z.js:0
[   79860ms] [WARNING] Unrecognized feature: 'oversized-images'. @ http://localhost:8511/static/js/isLength.DwwZub7z.js:0
[   79860ms] [WARNING] Unrecognized feature: 'vr'. @ http://localhost:8511/static/js/isLength.DwwZub7z.js:0
[   79860ms] [WARNING] Unrecognized feature: 'wake-lock'. @ http://localhost:8511/static/js/isLength.DwwZub7z.js:0
[   81637ms] [WARNING] An iframe which has both allow-scripts and allow-same-origin for its sandbox attribute can escape its sandboxing. @ about:srcdoc:0
[  177913ms] [WARNING] WebSocket onclose @ http://localhost:8511/static/js/index.D2ZqaFuW.js:17
[  178631ms] [ERROR] Failed to load resource: net::ERR_CONNECTION_REFUSED @ http://localhost:8511/_stcore/host-config:0
[  178632ms] [ERROR] Failed to load resource: net::ERR_CONNECTION_REFUSED @ http://localhost:8511/_stcore/health:0
[  178746ms] [ERROR] Failed to load resource: net::ERR_CONNECTION_REFUSED @ http://localhost:8511/_stcore/health:0
[  178747ms] [ERROR] Failed to load resource: net::ERR_CONNECTION_REFUSED @ http://localhost:8511/_stcore/host-config:0
[  178975ms] [ERROR] Failed to load resource: net::ERR_CONNECTION_REFUSED @ http://localhost:8511/_stcore/host-config:0
[  178977ms] [ERROR] Failed to load resource: net::ERR_CONNECTION_REFUSED @ http://localhost:8511/_stcore/health:0
[  179332ms] [ERROR] Failed to load resource: net::ERR_CONNECTION_REFUSED @ http://localhost:8511/_stcore/host-config:0
[  179333ms] [ERROR] Failed to load resource: net::ERR_CONNECTION_REFUSED @ http://localhost:8511/_stcore/health:0
[  180178ms] [ERROR] Failed to load resource: net::ERR_CONNECTION_REFUSED @ http://localhost:8511/_stcore/health:0
[  180178ms] [ERROR] Failed to load resource: net::ERR_CONNECTION_REFUSED @ http://localhost:8511/_stcore/host-config:0
[  181642ms] [ERROR] Failed to load resource: net::ERR_CONNECTION_REFUSED @ http://localhost:8511/_stcore/health:0
[  181643ms] [ERROR] Client Error in reaching server endpoint - No response received when attempting to reach /_stcore/health @ http://localhost:8511/static/js/index.D2ZqaFuW.js:16
[  181643ms] [ERROR] Is Streamlit still running? If you accidentally stopped Streamlit, just restart it in your terminal: @ http://localhost:8511/static/js/index.D2ZqaFuW.js:21
[  181949ms] [ERROR] Failed to load resource: net::ERR_CONNECTION_REFUSED @ http://localhost:8511/_stcore/host-config:0
[  183651ms] [ERROR] Failed to load resource: net::ERR_CONNECTION_REFUSED @ http://localhost:8511/_stcore/health:0
[  183652ms] [ERROR] Client Error in reaching server endpoint - No response received when attempting to reach /_stcore/health @ http://localhost:8511/static/js/index.D2ZqaFuW.js:16
[  183652ms] [ERROR] Is Streamlit still running? If you accidentally stopped Streamlit, just restart it in your terminal: @ http://localhost:8511/static/js/index.D2ZqaFuW.js:21
[  183864ms] [ERROR] Failed to load resource: net::ERR_CONNECTION_REFUSED @ http://localhost:8511/_stcore/host-config:0
[  185661ms] [ERROR] Failed to load resource: net::ERR_CONNECTION_REFUSED @ http://localhost:8511/_stcore/health:0
[  185661ms] [ERROR] Client Error in reaching server endpoint - No response received when attempting to reach /_stcore/health @ http://localhost:8511/static/js/index.D2ZqaFuW.js:16
[  185661ms] [ERROR] Is Streamlit still running? If you accidentally stopped Streamlit, just restart it in your terminal: @ http://localhost:8511/static/js/index.D2ZqaFuW.js:21
[  185849ms] [ERROR] Failed to load resource: net::ERR_CONNECTION_REFUSED @ http://localhost:8511/_stcore/host-config:0
[  187669ms] [ERROR] Failed to load resource: net::ERR_CONNECTION_REFUSED @ http://localhost:8511/_stcore/health:0
[  187669ms] [ERROR] Client Error in reaching server endpoint - No response received when attempting to reach /_stcore/health @ http://localhost:8511/static/js/index.D2ZqaFuW.js:16
[  187669ms] [ERROR] Is Streamlit still running? If you accidentally stopped Streamlit, just restart it in your terminal: @ http://localhost:8511/static/js/index.D2ZqaFuW.js:21
[  187880ms] [ERROR] Failed to load resource: net::ERR_CONNECTION_REFUSED @ http://localhost:8511/_stcore/host-config:0
[  189674ms] [ERROR] Failed to load resource: net::ERR_CONNECTION_REFUSED @ http://localhost:8511/_stcore/health:0
[  189674ms] [ERROR] Client Error in reaching server endpoint - No response received when attempting to reach /_stcore/health @ http://localhost:8511/static/js/index.D2ZqaFuW.js:16
[  189674ms] [ERROR] Is Streamlit still running? If you accidentally stopped Streamlit, just restart it in your terminal: @ http://localhost:8511/static/js/index.D2ZqaFuW.js:21
[  189980ms] [ERROR] Failed to load resource: net::ERR_CONNECTION_REFUSED @ http://localhost:8511/_stcore/host-config:0
[  191680ms] [ERROR] Failed to load resource: net::ERR_CONNECTION_REFUSED @ http://localhost:8511/_stcore/health:0
[  191680ms] [ERROR] Client Error in reaching server endpoint - No response received when attempting to reach /_stcore/health @ http://localhost:8511/static/js/index.D2ZqaFuW.js:16
[  191681ms] [ERROR] Is Streamlit still running? If you accidentally stopped Streamlit, just restart it in your terminal: @ http://localhost:8511/static/js/index.D2ZqaFuW.js:21
[  191921ms] [ERROR] Failed to load resource: net::ERR_CONNECTION_REFUSED @ http://localhost:8511/_stcore/host-config:0
[  193687ms] [ERROR] Failed to load resource: net::ERR_CONNECTION_REFUSED @ http://localhost:8511/_stcore/host-config:0
[  193687ms] [ERROR] Client Error in reaching server endpoint - No response received when attempting to reach /_stcore/host-config @ http://localhost:8511/static/js/index.D2ZqaFuW.js:16
[  193687ms] [ERROR] Is Streamlit still running? If you accidentally stopped Streamlit, just restart it in your terminal: @ http://localhost:8511/static/js/index.D2ZqaFuW.js:21
[  193841ms] [ERROR] Failed to load resource: net::ERR_CONNECTION_REFUSED @ http://localhost:8511/_stcore/health:0
[  195695ms] [ERROR] Failed to load resource: net::ERR_CONNECTION_REFUSED @ http://localhost:8511/_stcore/health:0
[  195695ms] [ERROR] Client Error in reaching server endpoint - No response received when attempting to reach /_stcore/health @ http://localhost:8511/static/js/index.D2ZqaFuW.js:16
[  195695ms] [ERROR] Is Streamlit still running? If you accidentally stopped Streamlit, just restart it in your terminal: @ http://localhost:8511/static/js/index.D2ZqaFuW.js:21
[  195866ms] [ERROR] Failed to load resource: net::ERR_CONNECTION_REFUSED @ http://localhost:8511/_stcore/host-config:0
[  197703ms] [ERROR] Failed to load resource: net::ERR_CONNECTION_REFUSED @ http://localhost:8511/_stcore/host-config:0
[  197703ms] [ERROR] Client Error in reaching server endpoint - No response received when attempting to reach /_stcore/host-config @ http://localhost:8511/static/js/index.D2ZqaFuW.js:16
[  197703ms] [ERROR] Is Streamlit still running? If you accidentally stopped Streamlit, just restart it in your terminal: @ http://localhost:8511/static/js/index.D2ZqaFuW.js:21
[  197843ms] [ERROR] Failed to load resource: net::ERR_CONNECTION_REFUSED @ http://localhost:8511/_stcore/health:0
[  199713ms] [ERROR] Failed to load resource: net::ERR_CONNECTION_REFUSED @ http://localhost:8511/_stcore/health:0
[  199713ms] [ERROR] Client Error in reaching server endpoint - No response received when attempting to reach /_stcore/health @ http://localhost:8511/static/js/index.D2ZqaFuW.js:16
[  199714ms] [ERROR] Is Streamlit still running? If you accidentally stopped Streamlit, just restart it in your terminal: @ http://localhost:8511/static/js/index.D2ZqaFuW.js:21
[  199917ms] [ERROR] Failed to load resource: net::ERR_CONNECTION_REFUSED @ http://localhost:8511/_stcore/host-config:0
[  201719ms] [ERROR] Failed to load resource: net::ERR_CONNECTION_REFUSED @ http://localhost:8511/_stcore/health:0
[  201719ms] [ERROR] Client Error in reaching server endpoint - No response received when attempting to reach /_stcore/health @ http://localhost:8511/static/js/index.D2ZqaFuW.js:16
[  201719ms] [ERROR] Is Streamlit still running? If you accidentally stopped Streamlit, just restart it in your terminal: @ http://localhost:8511/static/js/index.D2ZqaFuW.js:21
[  201850ms] [ERROR] Failed to load resource: net::ERR_CONNECTION_REFUSED @ http://localhost:8511/_stcore/host-config:0
[  203729ms] [ERROR] Failed to load resource: net::ERR_CONNECTION_REFUSED @ http://localhost:8511/_stcore/health:0
[  203729ms] [ERROR] Client Error in reaching server endpoint - No response received when attempting to reach /_stcore/health @ http://localhost:8511/static/js/index.D2ZqaFuW.js:16
[  203729ms] [ERROR] Is Streamlit still running? If you accidentally stopped Streamlit, just restart it in your terminal: @ http://localhost:8511/static/js/index.D2ZqaFuW.js:21
[  203906ms] [ERROR] Failed to load resource: net::ERR_CONNECTION_REFUSED @ http://localhost:8511/_stcore/host-config:0
[  205734ms] [ERROR] Failed to load resource: net::ERR_CONNECTION_REFUSED @ http://localhost:8511/_stcore/health:0
[  205734ms] [ERROR] Client Error in reaching server endpoint - No response received when attempting to reach /_stcore/health @ http://localhost:8511/static/js/index.D2ZqaFuW.js:16
[  205735ms] [ERROR] Is Streamlit still running? If you accidentally stopped Streamlit, just restart it in your terminal: @ http://localhost:8511/static/js/index.D2ZqaFuW.js:21
[  205855ms] [ERROR] Failed to load resource: net::ERR_CONNECTION_REFUSED @ http://localhost:8511/_stcore/host-config:0
[  207741ms] [ERROR] Failed to load resource: net::ERR_CONNECTION_REFUSED @ http://localhost:8511/_stcore/health:0
[  207741ms] [ERROR] Client Error in reaching server endpoint - No response received when attempting to reach /_stcore/health @ http://localhost:8511/static/js/index.D2ZqaFuW.js:16
[  207741ms] [ERROR] Is Streamlit still running? If you accidentally stopped Streamlit, just restart it in your terminal: @ http://localhost:8511/static/js/index.D2ZqaFuW.js:21
[  207897ms] [ERROR] Failed to load resource: net::ERR_CONNECTION_REFUSED @ http://localhost:8511/_stcore/host-config:0
[  209749ms] [ERROR] Failed to load resource: net::ERR_CONNECTION_REFUSED @ http://localhost:8511/_stcore/health:0
[  209749ms] [ERROR] Client Error in reaching server endpoint - No response received when attempting to reach /_stcore/health @ http://localhost:8511/static/js/index.D2ZqaFuW.js:16
[  209749ms] [ERROR] Is Streamlit still running? If you accidentally stopped Streamlit, just restart it in your terminal: @ http://localhost:8511/static/js/index.D2ZqaFuW.js:21
[  209897ms] [ERROR] Failed to load resource: net::ERR_CONNECTION_REFUSED @ http://localhost:8511/_stcore/host-config:0
[  211756ms] [ERROR] Failed to load resource: net::ERR_CONNECTION_REFUSED @ http://localhost:8511/_stcore/host-config:0
[  211756ms] [ERROR] Client Error in reaching server endpoint - No response received when attempting to reach /_stcore/host-config @ http://localhost:8511/static/js/index.D2ZqaFuW.js:16
[  211756ms] [ERROR] Is Streamlit still running? If you accidentally stopped Streamlit, just restart it in your terminal: @ http://localhost:8511/static/js/index.D2ZqaFuW.js:21
[  211883ms] [ERROR] Failed to load resource: net::ERR_CONNECTION_REFUSED @ http://localhost:8511/_stcore/health:0
[  213764ms] [ERROR] Failed to load resource: net::ERR_CONNECTION_REFUSED @ http://localhost:8511/_stcore/health:0
[  213764ms] [ERROR] Client Error in reaching server endpoint - No response received when attempting to reach /_stcore/health @ http://localhost:8511/static/js/index.D2ZqaFuW.js:16
[  213764ms] [ERROR] Is Streamlit still running? If you accidentally stopped Streamlit, just restart it in your terminal: @ http://localhost:8511/static/js/index.D2ZqaFuW.js:21
[  213956ms] [ERROR] Failed to load resource: net::ERR_CONNECTION_REFUSED @ http://localhost:8511/_stcore/host-config:0
[  215771ms] [ERROR] Failed to load resource: net::ERR_CONNECTION_REFUSED @ http://localhost:8511/_stcore/host-config:0
[  215771ms] [ERROR] Client Error in reaching server endpoint - No response received when attempting to reach /_stcore/host-config @ http://localhost:8511/static/js/index.D2ZqaFuW.js:16
[  215771ms] [ERROR] Is Streamlit still running? If you accidentally stopped Streamlit, just restart it in your terminal: @ http://localhost:8511/static/js/index.D2ZqaFuW.js:21
[  215898ms] [ERROR] Failed to load resource: net::ERR_CONNECTION_REFUSED @ http://localhost:8511/_stcore/health:0
[  217778ms] [ERROR] Failed to load resource: net::ERR_CONNECTION_REFUSED @ http://localhost:8511/_stcore/health:0
[  217778ms] [ERROR] Client Error in reaching server endpoint - No response received when attempting to reach /_stcore/health @ http://localhost:8511/static/js/index.D2ZqaFuW.js:16
[  217779ms] [ERROR] Is Streamlit still running? If you accidentally stopped Streamlit, just restart it in your terminal: @ http://localhost:8511/static/js/index.D2ZqaFuW.js:21
[  217964ms] [ERROR] Failed to load resource: net::ERR_CONNECTION_REFUSED @ http://localhost:8511/_stcore/host-config:0
[  219783ms] [ERROR] Failed to load resource: net::ERR_CONNECTION_REFUSED @ http://localhost:8511/_stcore/health:0
[  219784ms] [ERROR] Client Error in reaching server endpoint - No response received when attempting to reach /_stcore/health @ http://localhost:8511/static/js/index.D2ZqaFuW.js:16
[  219784ms] [ERROR] Is Streamlit still running? If you accidentally stopped Streamlit, just restart it in your terminal: @ http://localhost:8511/static/js/index.D2ZqaFuW.js:21
[  219937ms] [ERROR] Failed to load resource: net::ERR_CONNECTION_REFUSED @ http://localhost:8511/_stcore/host-config:0
[  221794ms] [ERROR] Failed to load resource: net::ERR_CONNECTION_REFUSED @ http://localhost:8511/_stcore/health:0
[  221794ms] [ERROR] Client Error in reaching server endpoint - No response received when attempting to reach /_stcore/health @ http://localhost:8511/static/js/index.D2ZqaFuW.js:16
[  221794ms] [ERROR] Is Streamlit still running? If you accidentally stopped Streamlit, just restart it in your terminal: @ http://localhost:8511/static/js/index.D2ZqaFuW.js:21
[  221936ms] [ERROR] Failed to load resource: net::ERR_CONNECTION_REFUSED @ http://localhost:8511/_stcore/host-config:0
[  223799ms] [ERROR] Failed to load resource: net::ERR_CONNECTION_REFUSED @ http://localhost:8511/_stcore/health:0
[  223799ms] [ERROR] Client Error in reaching server endpoint - No response received when attempting to reach /_stcore/health @ http://localhost:8511/static/js/index.D2ZqaFuW.js:16
[  223799ms] [ERROR] Is Streamlit still running? If you accidentally stopped Streamlit, just restart it in your terminal: @ http://localhost:8511/static/js/index.D2ZqaFuW.js:21
[  223941ms] [ERROR] Failed to load resource: net::ERR_CONNECTION_REFUSED @ http://localhost:8511/_stcore/host-config:0
[  225804ms] [ERROR] Failed to load resource: net::ERR_CONNECTION_REFUSED @ http://localhost:8511/_stcore/health:0
[  225804ms] [ERROR] Client Error in reaching server endpoint - No response received when attempting to reach /_stcore/health @ http://localhost:8511/static/js/index.D2ZqaFuW.js:16
[  225805ms] [ERROR] Is Streamlit still running? If you accidentally stopped Streamlit, just restart it in your terminal: @ http://localhost:8511/static/js/index.D2ZqaFuW.js:21
[  225943ms] [ERROR] Failed to load resource: net::ERR_CONNECTION_REFUSED @ http://localhost:8511/_stcore/host-config:0
[  227813ms] [ERROR] Failed to load resource: net::ERR_CONNECTION_REFUSED @ http://localhost:8511/_stcore/health:0
[  227813ms] [ERROR] Client Error in reaching server endpoint - No response received when attempting to reach /_stcore/health @ http://localhost:8511/static/js/index.D2ZqaFuW.js:16
[  227814ms] [ERROR] Is Streamlit still running? If you accidentally stopped Streamlit, just restart it in your terminal: @ http://localhost:8511/static/js/index.D2ZqaFuW.js:21
[  228133ms] [ERROR] Failed to load resource: net::ERR_CONNECTION_REFUSED @ http://localhost:8511/_stcore/host-config:0
[  229818ms] [ERROR] Failed to load resource: net::ERR_CONNECTION_REFUSED @ http://localhost:8511/_stcore/health:0
[  229819ms] [ERROR] Client Error in reaching server endpoint - No response received when attempting to reach /_stcore/health @ http://localhost:8511/static/js/index.D2ZqaFuW.js:16
[  229819ms] [ERROR] Is Streamlit still running? If you accidentally stopped Streamlit, just restart it in your terminal: @ http://localhost:8511/static/js/index.D2ZqaFuW.js:21
[  229958ms] [ERROR] Failed to load resource: net::ERR_CONNECTION_REFUSED @ http://localhost:8511/_stcore/host-config:0
[  231828ms] [ERROR] Failed to load resource: net::ERR_CONNECTION_REFUSED @ http://localhost:8511/_stcore/health:0
[  231828ms] [ERROR] Client Error in reaching server endpoint - No response received when attempting to reach /_stcore/health @ http://localhost:8511/static/js/index.D2ZqaFuW.js:16
[  231829ms] [ERROR] Is Streamlit still running? If you accidentally stopped Streamlit, just restart it in your terminal: @ http://localhost:8511/static/js/index.D2ZqaFuW.js:21
[  231966ms] [ERROR] Failed to load resource: net::ERR_CONNECTION_REFUSED @ http://localhost:8511/_stcore/host-config:0
[  233835ms] [ERROR] Failed to load resource: net::ERR_CONNECTION_REFUSED @ http://localhost:8511/_stcore/health:0
[  233835ms] [ERROR] Client Error in reaching server endpoint - No response received when attempting to reach /_stcore/health @ http://localhost:8511/static/js/index.D2ZqaFuW.js:16
[  233835ms] [ERROR] Is Streamlit still running? If you accidentally stopped Streamlit, just restart it in your terminal: @ http://localhost:8511/static/js/index.D2ZqaFuW.js:21
[  233997ms] [ERROR] Failed to load resource: net::ERR_CONNECTION_REFUSED @ http://localhost:8511/_stcore/host-config:0
[  235844ms] [ERROR] Failed to load resource: net::ERR_CONNECTION_REFUSED @ http://localhost:8511/_stcore/health:0
[  235844ms] [ERROR] Client Error in reaching server endpoint - No response received when attempting to reach /_stcore/health @ http://localhost:8511/static/js/index.D2ZqaFuW.js:16
[  235844ms] [ERROR] Is Streamlit still running? If you accidentally stopped Streamlit, just restart it in your terminal: @ http://localhost:8511/static/js/index.D2ZqaFuW.js:21
[  235977ms] [ERROR] Failed to load resource: net::ERR_CONNECTION_REFUSED @ http://localhost:8511/_stcore/host-config:0
[  237850ms] [ERROR] Failed to load resource: net::ERR_CONNECTION_REFUSED @ http://localhost:8511/_stcore/health:0
[  237850ms] [ERROR] Client Error in reaching server endpoint - No response received when attempting to reach /_stcore/health @ http://localhost:8511/static/js/index.D2ZqaFuW.js:16
[  237851ms] [ERROR] Is Streamlit still running? If you accidentally stopped Streamlit, just restart it in your terminal: @ http://localhost:8511/static/js/index.D2ZqaFuW.js:21
[  238016ms] [ERROR] Failed to load resource: net::ERR_CONNECTION_REFUSED @ http://localhost:8511/_stcore/host-config:0
[  239857ms] [ERROR] Failed to load resource: net::ERR_CONNECTION_REFUSED @ http://localhost:8511/_stcore/health:0
[  239857ms] [ERROR] Client Error in reaching server endpoint - No response received when attempting to reach /_stcore/health @ http://localhost:8511/static/js/index.D2ZqaFuW.js:16
[  239857ms] [ERROR] Is Streamlit still running? If you accidentally stopped Streamlit, just restart it in your terminal: @ http://localhost:8511/static/js/index.D2ZqaFuW.js:21
[  240023ms] [ERROR] Failed to load resource: net::ERR_CONNECTION_REFUSED @ http://localhost:8511/_stcore/host-config:0
[  241866ms] [ERROR] Failed to load resource: net::ERR_CONNECTION_REFUSED @ http://localhost:8511/_stcore/health:0
[  241867ms] [ERROR] Client Error in reaching server endpoint - No response received when attempting to reach /_stcore/health @ http://localhost:8511/static/js/index.D2ZqaFuW.js:16
[  241867ms] [ERROR] Is Streamlit still running? If you accidentally stopped Streamlit, just restart it in your terminal: @ http://localhost:8511/static/js/index.D2ZqaFuW.js:21
[  241985ms] [ERROR] Failed to load resource: net::ERR_CONNECTION_REFUSED @ http://localhost:8511/_stcore/host-config:0
[  243878ms] [ERROR] Failed to load resource: net::ERR_CONNECTION_REFUSED @ http://localhost:8511/_stcore/host-config:0
[  243878ms] [ERROR] Client Error in reaching server endpoint - No response received when attempting to reach /_stcore/host-config @ http://localhost:8511/static/js/index.D2ZqaFuW.js:16
[  243878ms] [ERROR] Is Streamlit still running? If you accidentally stopped Streamlit, just restart it in your terminal: @ http://localhost:8511/static/js/index.D2ZqaFuW.js:21
[  244021ms] [ERROR] Failed to load resource: net::ERR_CONNECTION_REFUSED @ http://localhost:8511/_stcore/health:0
[  245886ms] [ERROR] Failed to load resource: net::ERR_CONNECTION_REFUSED @ http://localhost:8511/_stcore/health:0
[  245886ms] [ERROR] Client Error in reaching server endpoint - No response received when attempting to reach /_stcore/health @ http://localhost:8511/static/js/index.D2ZqaFuW.js:16
[  245886ms] [ERROR] Is Streamlit still running? If you accidentally stopped Streamlit, just restart it in your terminal: @ http://localhost:8511/static/js/index.D2ZqaFuW.js:21
[  246002ms] [ERROR] Failed to load resource: net::ERR_CONNECTION_REFUSED @ http://localhost:8511/_stcore/host-config:0
[  247896ms] [ERROR] Failed to load resource: net::ERR_CONNECTION_REFUSED @ http://localhost:8511/_stcore/health:0
[  247896ms] [ERROR] Client Error in reaching server endpoint - No response received when attempting to reach /_stcore/health @ http://localhost:8511/static/js/index.D2ZqaFuW.js:16
[  247896ms] [ERROR] Is Streamlit still running? If you accidentally stopped Streamlit, just restart it in your terminal: @ http://localhost:8511/static/js/index.D2ZqaFuW.js:21
[  248035ms] [ERROR] Failed to load resource: net::ERR_CONNECTION_REFUSED @ http://localhost:8511/_stcore/host-config:0
[  249902ms] [ERROR] Failed to load resource: net::ERR_CONNECTION_REFUSED @ http://localhost:8511/_stcore/health:0
[  249902ms] [ERROR] Client Error in reaching server endpoint - No response received when attempting to reach /_stcore/health @ http://localhost:8511/static/js/index.D2ZqaFuW.js:16
[  249902ms] [ERROR] Is Streamlit still running? If you accidentally stopped Streamlit, just restart it in your terminal: @ http://localhost:8511/static/js/index.D2ZqaFuW.js:21
[  250066ms] [ERROR] Failed to load resource: net::ERR_CONNECTION_REFUSED @ http://localhost:8511/_stcore/host-config:0
[  251910ms] [ERROR] Failed to load resource: net::ERR_CONNECTION_REFUSED @ http://localhost:8511/_stcore/health:0
[  251910ms] [ERROR] Client Error in reaching server endpoint - No response received when attempting to reach /_stcore/health @ http://localhost:8511/static/js/index.D2ZqaFuW.js:16
[  251910ms] [ERROR] Is Streamlit still running? If you accidentally stopped Streamlit, just restart it in your terminal: @ http://localhost:8511/static/js/index.D2ZqaFuW.js:21
[  252031ms] [ERROR] Failed to load resource: net::ERR_CONNECTION_REFUSED @ http://localhost:8511/_stcore/host-config:0
[  253917ms] [ERROR] Failed to load resource: net::ERR_CONNECTION_REFUSED @ http://localhost:8511/_stcore/health:0
[  253917ms] [ERROR] Client Error in reaching server endpoint - No response received when attempting to reach /_stcore/health @ http://localhost:8511/static/js/index.D2ZqaFuW.js:16
[  253918ms] [ERROR] Is Streamlit still running? If you accidentally stopped Streamlit, just restart it in your terminal: @ http://localhost:8511/static/js/index.D2ZqaFuW.js:21
[  254062ms] [ERROR] Failed to load resource: net::ERR_CONNECTION_REFUSED @ http://localhost:8511/_stcore/host-config:0
[  255927ms] [ERROR] Failed to load resource: net::ERR_CONNECTION_REFUSED @ http://localhost:8511/_stcore/host-config:0
[  255928ms] [ERROR] Client Error in reaching server endpoint - No response received when attempting to reach /_stcore/host-config @ http://localhost:8511/static/js/index.D2ZqaFuW.js:16
[  255928ms] [ERROR] Is Streamlit still running? If you accidentally stopped Streamlit, just restart it in your terminal: @ http://localhost:8511/static/js/index.D2ZqaFuW.js:21
[  256063ms] [ERROR] Failed to load resource: net::ERR_CONNECTION_REFUSED @ http://localhost:8511/_stcore/health:0
[  257932ms] [ERROR] Failed to load resource: net::ERR_CONNECTION_REFUSED @ http://localhost:8511/_stcore/health:0
[  257932ms] [ERROR] Client Error in reaching server endpoint - No response received when attempting to reach /_stcore/health @ http://localhost:8511/static/js/index.D2ZqaFuW.js:16
[  257932ms] [ERROR] Is Streamlit still running? If you accidentally stopped Streamlit, just restart it in your terminal: @ http://localhost:8511/static/js/index.D2ZqaFuW.js:21
[  258103ms] [ERROR] Failed to load resource: net::ERR_CONNECTION_REFUSED @ http://localhost:8511/_stcore/host-config:0
[  259939ms] [ERROR] Failed to load resource: net::ERR_CONNECTION_REFUSED @ http://localhost:8511/_stcore/health:0
[  259939ms] [ERROR] Client Error in reaching server endpoint - No response received when attempting to reach /_stcore/health @ http://localhost:8511/static/js/index.D2ZqaFuW.js:16
[  259940ms] [ERROR] Is Streamlit still running? If you accidentally stopped Streamlit, just restart it in your terminal: @ http://localhost:8511/static/js/index.D2ZqaFuW.js:21
[  260099ms] [ERROR] Failed to load resource: net::ERR_CONNECTION_REFUSED @ http://localhost:8511/_stcore/host-config:0
[  261945ms] [ERROR] Failed to load resource: net::ERR_CONNECTION_REFUSED @ http://localhost:8511/_stcore/health:0
[  261945ms] [ERROR] Client Error in reaching server endpoint - No response received when attempting to reach /_stcore/health @ http://localhost:8511/static/js/index.D2ZqaFuW.js:16
[  261946ms] [ERROR] Is Streamlit still running? If you accidentally stopped Streamlit, just restart it in your terminal: @ http://localhost:8511/static/js/index.D2ZqaFuW.js:21
[  262090ms] [ERROR] Failed to load resource: net::ERR_CONNECTION_REFUSED @ http://localhost:8511/_stcore/host-config:0
[  263953ms] [ERROR] Failed to load resource: net::ERR_CONNECTION_REFUSED @ http://localhost:8511/_stcore/health:0
[  263954ms] [ERROR] Client Error in reaching server endpoint - No response received when attempting to reach /_stcore/health @ http://localhost:8511/static/js/index.D2ZqaFuW.js:16
[  263954ms] [ERROR] Is Streamlit still running? If you accidentally stopped Streamlit, just restart it in your terminal: @ http://localhost:8511/static/js/index.D2ZqaFuW.js:21
[  263954ms] [ERROR] Failed to load resource: net::ERR_CONNECTION_REFUSED @ http://localhost:8511/_stcore/host-config:0
[  265964ms] [ERROR] Failed to load resource: net::ERR_CONNECTION_REFUSED @ http://localhost:8511/_stcore/health:0
[  265965ms] [ERROR] Client Error in reaching server endpoint - No response received when attempting to reach /_stcore/health @ http://localhost:8511/static/js/index.D2ZqaFuW.js:16
[  265965ms] [ERROR] Is Streamlit still running? If you accidentally stopped Streamlit, just restart it in your terminal: @ http://localhost:8511/static/js/index.D2ZqaFuW.js:21
[  266086ms] [ERROR] Failed to load resource: net::ERR_CONNECTION_REFUSED @ http://localhost:8511/_stcore/host-config:0
[  267971ms] [ERROR] Failed to load resource: net::ERR_CONNECTION_REFUSED @ http://localhost:8511/_stcore/health:0
[  267971ms] [ERROR] Client Error in reaching server endpoint - No response received when attempting to reach /_stcore/health @ http://localhost:8511/static/js/index.D2ZqaFuW.js:16
[  267972ms] [ERROR] Is Streamlit still running? If you accidentally stopped Streamlit, just restart it in your terminal: @ http://localhost:8511/static/js/index.D2ZqaFuW.js:21
[  268098ms] [ERROR] Failed to load resource: net::ERR_CONNECTION_REFUSED @ http://localhost:8511/_stcore/host-config:0
[  269978ms] [ERROR] Failed to load resource: net::ERR_CONNECTION_REFUSED @ http://localhost:8511/_stcore/health:0
[  269978ms] [ERROR] Client Error in reaching server endpoint - No response received when attempting to reach /_stcore/health @ http://localhost:8511/static/js/index.D2ZqaFuW.js:16
[  269978ms] [ERROR] Is Streamlit still running? If you accidentally stopped Streamlit, just restart it in your terminal: @ http://localhost:8511/static/js/index.D2ZqaFuW.js:21
[  270119ms] [ERROR] Failed to load resource: net::ERR_CONNECTION_REFUSED @ http://localhost:8511/_stcore/host-config:0
[  271984ms] [ERROR] Failed to load resource: net::ERR_CONNECTION_REFUSED @ http://localhost:8511/_stcore/health:0
[  271985ms] [ERROR] Client Error in reaching server endpoint - No response received when attempting to reach /_stcore/health @ http://localhost:8511/static/js/index.D2ZqaFuW.js:16
[  271985ms] [ERROR] Is Streamlit still running? If you accidentally stopped Streamlit, just restart it in your terminal: @ http://localhost:8511/static/js/index.D2ZqaFuW.js:21
[  272125ms] [ERROR] Failed to load resource: net::ERR_CONNECTION_REFUSED @ http://localhost:8511/_stcore/host-config:0
[  274131ms] [ERROR] Failed to load resource: net::ERR_CONNECTION_REFUSED @ http://localhost:8511/_stcore/health:0
[  274131ms] [ERROR] Client Error in reaching server endpoint - No response received when attempting to reach /_stcore/health @ http://localhost:8511/static/js/index.D2ZqaFuW.js:16
[  274132ms] [ERROR] Is Streamlit still running? If you accidentally stopped Streamlit, just restart it in your terminal: @ http://localhost:8511/static/js/index.D2ZqaFuW.js:21
[  274463ms] [ERROR] Failed to load resource: net::ERR_CONNECTION_REFUSED @ http://localhost:8511/_stcore/host-config:0
[  276141ms] [ERROR] Failed to load resource: net::ERR_CONNECTION_REFUSED @ http://localhost:8511/_stcore/health:0
[  276141ms] [ERROR] Client Error in reaching server endpoint - No response received when attempting to reach /_stcore/health @ http://localhost:8511/static/js/index.D2ZqaFuW.js:16
[  276141ms] [ERROR] Is Streamlit still running? If you accidentally stopped Streamlit, just restart it in your terminal: @ http://localhost:8511/static/js/index.D2ZqaFuW.js:21
[  276258ms] [ERROR] Failed to load resource: net::ERR_CONNECTION_REFUSED @ http://localhost:8511/_stcore/host-config:0
[  278147ms] [ERROR] Failed to load resource: net::ERR_CONNECTION_REFUSED @ http://localhost:8511/_stcore/health:0
[  278147ms] [ERROR] Client Error in reaching server endpoint - No response received when attempting to reach /_stcore/health @ http://localhost:8511/static/js/index.D2ZqaFuW.js:16
[  278147ms] [ERROR] Is Streamlit still running? If you accidentally stopped Streamlit, just restart it in your terminal: @ http://localhost:8511/static/js/index.D2ZqaFuW.js:21
[  278275ms] [ERROR] Failed to load resource: net::ERR_CONNECTION_REFUSED @ http://localhost:8511/_stcore/host-config:0
[  280154ms] [ERROR] Failed to load resource: net::ERR_CONNECTION_REFUSED @ http://localhost:8511/_stcore/host-config:0
[  280154ms] [ERROR] Client Error in reaching server endpoint - No response received when attempting to reach /_stcore/host-config @ http://localhost:8511/static/js/index.D2ZqaFuW.js:16
[  280155ms] [ERROR] Is Streamlit still running? If you accidentally stopped Streamlit, just restart it in your terminal: @ http://localhost:8511/static/js/index.D2ZqaFuW.js:21
[  280310ms] [ERROR] Failed to load resource: net::ERR_CONNECTION_REFUSED @ http://localhost:8511/_stcore/health:0
[  282165ms] [ERROR] Failed to load resource: net::ERR_CONNECTION_REFUSED @ http://localhost:8511/_stcore/health:0
[  282165ms] [ERROR] Client Error in reaching server endpoint - No response received when attempting to reach /_stcore/health @ http://localhost:8511/static/js/index.D2ZqaFuW.js:16
[  282165ms] [ERROR] Is Streamlit still running? If you accidentally stopped Streamlit, just restart it in your terminal: @ http://localhost:8511/static/js/index.D2ZqaFuW.js:21
[  282293ms] [ERROR] Failed to load resource: net::ERR_CONNECTION_REFUSED @ http://localhost:8511/_stcore/host-config:0
[  284174ms] [ERROR] Failed to load resource: net::ERR_CONNECTION_REFUSED @ http://localhost:8511/_stcore/health:0
[  284174ms] [ERROR] Client Error in reaching server endpoint - No response received when attempting to reach /_stcore/health @ http://localhost:8511/static/js/index.D2ZqaFuW.js:16
[  284174ms] [ERROR] Is Streamlit still running? If you accidentally stopped Streamlit, just restart it in your terminal: @ http://localhost:8511/static/js/index.D2ZqaFuW.js:21
[  284320ms] [ERROR] Failed to load resource: net::ERR_CONNECTION_REFUSED @ http://localhost:8511/_stcore/host-config:0
[  286183ms] [ERROR] Failed to load resource: net::ERR_CONNECTION_REFUSED @ http://localhost:8511/_stcore/health:0
[  286183ms] [ERROR] Client Error in reaching server endpoint - No response received when attempting to reach /_stcore/health @ http://localhost:8511/static/js/index.D2ZqaFuW.js:16
[  286183ms] [ERROR] Is Streamlit still running? If you accidentally stopped Streamlit, just restart it in your terminal: @ http://localhost:8511/static/js/index.D2ZqaFuW.js:21
[  286313ms] [ERROR] Failed to load resource: net::ERR_CONNECTION_REFUSED @ http://localhost:8511/_stcore/host-config:0
[  288189ms] [ERROR] Failed to load resource: net::ERR_CONNECTION_REFUSED @ http://localhost:8511/_stcore/health:0
[  288189ms] [ERROR] Client Error in reaching server endpoint - No response received when attempting to reach /_stcore/health @ http://localhost:8511/static/js/index.D2ZqaFuW.js:16
[  288189ms] [ERROR] Is Streamlit still running? If you accidentally stopped Streamlit, just restart it in your terminal: @ http://localhost:8511/static/js/index.D2ZqaFuW.js:21
[  288304ms] [ERROR] Failed to load resource: net::ERR_CONNECTION_REFUSED @ http://localhost:8511/_stcore/host-config:0
[  290194ms] [ERROR] Failed to load resource: net::ERR_CONNECTION_REFUSED @ http://localhost:8511/_stcore/health:0
[  290194ms] [ERROR] Client Error in reaching server endpoint - No response received when attempting to reach /_stcore/health @ http://localhost:8511/static/js/index.D2ZqaFuW.js:16
[  290194ms] [ERROR] Is Streamlit still running? If you accidentally stopped Streamlit, just restart it in your terminal: @ http://localhost:8511/static/js/index.D2ZqaFuW.js:21
[  290378ms] [ERROR] Failed to load resource: net::ERR_CONNECTION_REFUSED @ http://localhost:8511/_stcore/host-config:0
[  292201ms] [ERROR] Failed to load resource: net::ERR_CONNECTION_REFUSED @ http://localhost:8511/_stcore/health:0
[  292201ms] [ERROR] Client Error in reaching server endpoint - No response received when attempting to reach /_stcore/health @ http://localhost:8511/static/js/index.D2ZqaFuW.js:16
[  292201ms] [ERROR] Is Streamlit still running? If you accidentally stopped Streamlit, just restart it in your terminal: @ http://localhost:8511/static/js/index.D2ZqaFuW.js:21
[  292361ms] [ERROR] Failed to load resource: net::ERR_CONNECTION_REFUSED @ http://localhost:8511/_stcore/host-config:0
[  294210ms] [ERROR] Failed to load resource: net::ERR_CONNECTION_REFUSED @ http://localhost:8511/_stcore/host-config:0
[  294210ms] [ERROR] Client Error in reaching server endpoint - No response received when attempting to reach /_stcore/host-config @ http://localhost:8511/static/js/index.D2ZqaFuW.js:16
[  294210ms] [ERROR] Is Streamlit still running? If you accidentally stopped Streamlit, just restart it in your terminal: @ http://localhost:8511/static/js/index.D2ZqaFuW.js:21
[  294345ms] [ERROR] Failed to load resource: net::ERR_CONNECTION_REFUSED @ http://localhost:8511/_stcore/health:0
[  296214ms] [ERROR] Failed to load resource: net::ERR_CONNECTION_REFUSED @ http://localhost:8511/_stcore/health:0
[  296215ms] [ERROR] Client Error in reaching server endpoint - No response received when attempting to reach /_stcore/health @ http://localhost:8511/static/js/index.D2ZqaFuW.js:16
[  296215ms] [ERROR] Is Streamlit still running? If you accidentally stopped Streamlit, just restart it in your terminal: @ http://localhost:8511/static/js/index.D2ZqaFuW.js:21
[  296358ms] [ERROR] Failed to load resource: net::ERR_CONNECTION_REFUSED @ http://localhost:8511/_stcore/host-config:0
[  298224ms] [ERROR] Failed to load resource: net::ERR_CONNECTION_REFUSED @ http://localhost:8511/_stcore/health:0
[  298224ms] [ERROR] Client Error in reaching server endpoint - No response received when attempting to reach /_stcore/health @ http://localhost:8511/static/js/index.D2ZqaFuW.js:16
[  298225ms] [ERROR] Is Streamlit still running? If you accidentally stopped Streamlit, just restart it in your terminal: @ http://localhost:8511/static/js/index.D2ZqaFuW.js:21
[  298373ms] [ERROR] Failed to load resource: net::ERR_CONNECTION_REFUSED @ http://localhost:8511/_stcore/host-config:0
[  300233ms] [ERROR] Failed to load resource: net::ERR_CONNECTION_REFUSED @ http://localhost:8511/_stcore/health:0
[  300233ms] [ERROR] Client Error in reaching server endpoint - No response received when attempting to reach /_stcore/health @ http://localhost:8511/static/js/index.D2ZqaFuW.js:16
[  300233ms] [ERROR] Is Streamlit still running? If you accidentally stopped Streamlit, just restart it in your terminal: @ http://localhost:8511/static/js/index.D2ZqaFuW.js:21
[  300234ms] [ERROR] Failed to load resource: net::ERR_CONNECTION_REFUSED @ http://localhost:8511/_stcore/host-config:0
[  302243ms] [ERROR] Failed to load resource: net::ERR_CONNECTION_REFUSED @ http://localhost:8511/_stcore/health:0
[  302243ms] [ERROR] Client Error in reaching server endpoint - No response received when attempting to reach /_stcore/health @ http://localhost:8511/static/js/index.D2ZqaFuW.js:16
[  302243ms] [ERROR] Is Streamlit still running? If you accidentally stopped Streamlit, just restart it in your terminal: @ http://localhost:8511/static/js/index.D2ZqaFuW.js:21
[  302409ms] [ERROR] Failed to load resource: net::ERR_CONNECTION_REFUSED @ http://localhost:8511/_stcore/host-config:0
[  304249ms] [ERROR] Failed to load resource: net::ERR_CONNECTION_REFUSED @ http://localhost:8511/_stcore/health:0
[  304249ms] [ERROR] Client Error in reaching server endpoint - No response received when attempting to reach /_stcore/health @ http://localhost:8511/static/js/index.D2ZqaFuW.js:16
[  304249ms] [ERROR] Is Streamlit still running? If you accidentally stopped Streamlit, just restart it in your terminal: @ http://localhost:8511/static/js/index.D2ZqaFuW.js:21
[  304390ms] [ERROR] Failed to load resource: net::ERR_CONNECTION_REFUSED @ http://localhost:8511/_stcore/host-config:0
[  306260ms] [ERROR] Failed to load resource: net::ERR_CONNECTION_REFUSED @ http://localhost:8511/_stcore/host-config:0
[  306260ms] [ERROR] Client Error in reaching server endpoint - No response received when attempting to reach /_stcore/host-config @ http://localhost:8511/static/js/index.D2ZqaFuW.js:16
[  306260ms] [ERROR] Is Streamlit still running? If you accidentally stopped Streamlit, just restart it in your terminal: @ http://localhost:8511/static/js/index.D2ZqaFuW.js:21
[  306261ms] [ERROR] Failed to load resource: net::ERR_CONNECTION_REFUSED @ http://localhost:8511/_stcore/health:0
[  308267ms] [ERROR] Failed to load resource: net::ERR_CONNECTION_REFUSED @ http://localhost:8511/_stcore/health:0
[  308267ms] [ERROR] Client Error in reaching server endpoint - No response received when attempting to reach /_stcore/health @ http://localhost:8511/static/js/index.D2ZqaFuW.js:16
[  308267ms] [ERROR] Is Streamlit still running? If you accidentally stopped Streamlit, just restart it in your terminal: @ http://localhost:8511/static/js/index.D2ZqaFuW.js:21
[  308425ms] [ERROR] Failed to load resource: net::ERR_CONNECTION_REFUSED @ http://localhost:8511/_stcore/host-config:0
[  310274ms] [ERROR] Failed to load resource: net::ERR_CONNECTION_REFUSED @ http://localhost:8511/_stcore/health:0
[  310274ms] [ERROR] Client Error in reaching server endpoint - No response received when attempting to reach /_stcore/health @ http://localhost:8511/static/js/index.D2ZqaFuW.js:16
[  310274ms] [ERROR] Is Streamlit still running? If you accidentally stopped Streamlit, just restart it in your terminal: @ http://localhost:8511/static/js/index.D2ZqaFuW.js:21
[  310440ms] [ERROR] Failed to load resource: net::ERR_CONNECTION_REFUSED @ http://localhost:8511/_stcore/host-config:0
[  312281ms] [ERROR] Failed to load resource: net::ERR_CONNECTION_REFUSED @ http://localhost:8511/_stcore/host-config:0
[  312281ms] [ERROR] Client Error in reaching server endpoint - No response received when attempting to reach /_stcore/host-config @ http://localhost:8511/static/js/index.D2ZqaFuW.js:16
[  312281ms] [ERROR] Is Streamlit still running? If you accidentally stopped Streamlit, just restart it in your terminal: @ http://localhost:8511/static/js/index.D2ZqaFuW.js:21
[  312439ms] [ERROR] Failed to load resource: net::ERR_CONNECTION_REFUSED @ http://localhost:8511/_stcore/health:0
[  314287ms] [ERROR] Failed to load resource: net::ERR_CONNECTION_REFUSED @ http://localhost:8511/_stcore/health:0
[  314287ms] [ERROR] Client Error in reaching server endpoint - No response received when attempting to reach /_stcore/health @ http://localhost:8511/static/js/index.D2ZqaFuW.js:16
[  314287ms] [ERROR] Is Streamlit still running? If you accidentally stopped Streamlit, just restart it in your terminal: @ http://localhost:8511/static/js/index.D2ZqaFuW.js:21
[  314437ms] [ERROR] Failed to load resource: net::ERR_CONNECTION_REFUSED @ http://localhost:8511/_stcore/host-config:0
[  316300ms] [ERROR] Failed to load resource: net::ERR_CONNECTION_REFUSED @ http://localhost:8511/_stcore/health:0
[  316301ms] [ERROR] Client Error in reaching server endpoint - No response received when attempting to reach /_stcore/health @ http://localhost:8511/static/js/index.D2ZqaFuW.js:16
[  316301ms] [ERROR] Is Streamlit still running? If you accidentally stopped Streamlit, just restart it in your terminal: @ http://localhost:8511/static/js/index.D2ZqaFuW.js:21
[  316541ms] [ERROR] Failed to load resource: net::ERR_CONNECTION_REFUSED @ http://localhost:8511/_stcore/host-config:0
[  318312ms] [ERROR] Failed to load resource: net::ERR_CONNECTION_REFUSED @ http://localhost:8511/_stcore/health:0
[  318312ms] [ERROR] Client Error in reaching server endpoint - No response received when attempting to reach /_stcore/health @ http://localhost:8511/static/js/index.D2ZqaFuW.js:16
[  318312ms] [ERROR] Is Streamlit still running? If you accidentally stopped Streamlit, just restart it in your terminal: @ http://localhost:8511/static/js/index.D2ZqaFuW.js:21
[  318444ms] [ERROR] Failed to load resource: net::ERR_CONNECTION_REFUSED @ http://localhost:8511/_stcore/host-config:0
[  320317ms] [ERROR] Failed to load resource: net::ERR_CONNECTION_REFUSED @ http://localhost:8511/_stcore/host-config:0
[  320317ms] [ERROR] Client Error in reaching server endpoint - No response received when attempting to reach /_stcore/host-config @ http://localhost:8511/static/js/index.D2ZqaFuW.js:16
[  320317ms] [ERROR] Is Streamlit still running? If you accidentally stopped Streamlit, just restart it in your terminal: @ http://localhost:8511/static/js/index.D2ZqaFuW.js:21
[  320552ms] [ERROR] Failed to load resource: net::ERR_CONNECTION_REFUSED @ http://localhost:8511/_stcore/health:0
[  322327ms] [ERROR] Failed to load resource: net::ERR_CONNECTION_REFUSED @ http://localhost:8511/_stcore/health:0
[  322327ms] [ERROR] Client Error in reaching server endpoint - No response received when attempting to reach /_stcore/health @ http://localhost:8511/static/js/index.D2ZqaFuW.js:16
[  322327ms] [ERROR] Is Streamlit still running? If you accidentally stopped Streamlit, just restart it in your terminal: @ http://localhost:8511/static/js/index.D2ZqaFuW.js:21
[  322501ms] [ERROR] Failed to load resource: net::ERR_CONNECTION_REFUSED @ http://localhost:8511/_stcore/host-config:0
[  324333ms] [ERROR] Failed to load resource: net::ERR_CONNECTION_REFUSED @ http://localhost:8511/_stcore/health:0
[  324333ms] [ERROR] Client Error in reaching server endpoint - No response received when attempting to reach /_stcore/health @ http://localhost:8511/static/js/index.D2ZqaFuW.js:16
[  324333ms] [ERROR] Is Streamlit still running? If you accidentally stopped Streamlit, just restart it in your terminal: @ http://localhost:8511/static/js/index.D2ZqaFuW.js:21
[  324514ms] [ERROR] Failed to load resource: net::ERR_CONNECTION_REFUSED @ http://localhost:8511/_stcore/host-config:0
[  326346ms] [ERROR] Failed to load resource: net::ERR_CONNECTION_REFUSED @ http://localhost:8511/_stcore/health:0
[  326346ms] [ERROR] Client Error in reaching server endpoint - No response received when attempting to reach /_stcore/health @ http://localhost:8511/static/js/index.D2ZqaFuW.js:16
[  326346ms] [ERROR] Is Streamlit still running? If you accidentally stopped Streamlit, just restart it in your terminal: @ http://localhost:8511/static/js/index.D2ZqaFuW.js:21
[  326346ms] [ERROR] Failed to load resource: net::ERR_CONNECTION_REFUSED @ http://localhost:8511/_stcore/host-config:0
[  328351ms] [ERROR] Failed to load resource: net::ERR_CONNECTION_REFUSED @ http://localhost:8511/_stcore/health:0
[  328352ms] [ERROR] Client Error in reaching server endpoint - No response received when attempting to reach /_stcore/health @ http://localhost:8511/static/js/index.D2ZqaFuW.js:16
[  328352ms] [ERROR] Is Streamlit still running? If you accidentally stopped Streamlit, just restart it in your terminal: @ http://localhost:8511/static/js/index.D2ZqaFuW.js:21
[  328485ms] [ERROR] Failed to load resource: net::ERR_CONNECTION_REFUSED @ http://localhost:8511/_stcore/host-config:0
[  330362ms] [ERROR] Failed to load resource: net::ERR_CONNECTION_REFUSED @ http://localhost:8511/_stcore/health:0
[  330363ms] [ERROR] Client Error in reaching server endpoint - No response received when attempting to reach /_stcore/health @ http://localhost:8511/static/js/index.D2ZqaFuW.js:16
[  330363ms] [ERROR] Is Streamlit still running? If you accidentally stopped Streamlit, just restart it in your terminal: @ http://localhost:8511/static/js/index.D2ZqaFuW.js:21
[  330492ms] [ERROR] Failed to load resource: net::ERR_CONNECTION_REFUSED @ http://localhost:8511/_stcore/host-config:0
[  332370ms] [ERROR] Failed to load resource: net::ERR_CONNECTION_REFUSED @ http://localhost:8511/_stcore/health:0
[  332370ms] [ERROR] Client Error in reaching server endpoint - No response received when attempting to reach /_stcore/health @ http://localhost:8511/static/js/index.D2ZqaFuW.js:16
[  332370ms] [ERROR] Is Streamlit still running? If you accidentally stopped Streamlit, just restart it in your terminal: @ http://localhost:8511/static/js/index.D2ZqaFuW.js:21
[  332547ms] [ERROR] Failed to load resource: net::ERR_CONNECTION_REFUSED @ http://localhost:8511/_stcore/host-config:0
[  334376ms] [ERROR] Failed to load resource: net::ERR_CONNECTION_REFUSED @ http://localhost:8511/_stcore/health:0
[  334376ms] [ERROR] Client Error in reaching server endpoint - No response received when attempting to reach /_stcore/health @ http://localhost:8511/static/js/index.D2ZqaFuW.js:16
[  334376ms] [ERROR] Is Streamlit still running? If you accidentally stopped Streamlit, just restart it in your terminal: @ http://localhost:8511/static/js/index.D2ZqaFuW.js:21
[  334497ms] [ERROR] Failed to load resource: net::ERR_CONNECTION_REFUSED @ http://localhost:8511/_stcore/host-config:0
[  336383ms] [ERROR] Failed to load resource: net::ERR_CONNECTION_REFUSED @ http://localhost:8511/_stcore/health:0
[  336383ms] [ERROR] Client Error in reaching server endpoint - No response received when attempting to reach /_stcore/health @ http://localhost:8511/static/js/index.D2ZqaFuW.js:16
[  336384ms] [ERROR] Is Streamlit still running? If you accidentally stopped Streamlit, just restart it in your terminal: @ http://localhost:8511/static/js/index.D2ZqaFuW.js:21
[  336528ms] [ERROR] Failed to load resource: net::ERR_CONNECTION_REFUSED @ http://localhost:8511/_stcore/host-config:0
[  338478ms] [ERROR] Failed to load resource: net::ERR_CONNECTION_REFUSED @ http://localhost:8511/_stcore/host-config:0
[  338478ms] [ERROR] Client Error in reaching server endpoint - No response received when attempting to reach /_stcore/host-config @ http://localhost:8511/static/js/index.D2ZqaFuW.js:16
[  338478ms] [ERROR] Is Streamlit still running? If you accidentally stopped Streamlit, just restart it in your terminal: @ http://localhost:8511/static/js/index.D2ZqaFuW.js:21
[  338478ms] [ERROR] Failed to load resource: net::ERR_CONNECTION_REFUSED @ http://localhost:8511/_stcore/health:0
[  340511ms] [ERROR] Failed to load resource: net::ERR_CONNECTION_REFUSED @ http://localhost:8511/_stcore/health:0
[  340512ms] [ERROR] Client Error in reaching server endpoint - No response received when attempting to reach /_stcore/health @ http://localhost:8511/static/js/index.D2ZqaFuW.js:16
[  340512ms] [ERROR] Is Streamlit still running? If you accidentally stopped Streamlit, just restart it in your terminal: @ http://localhost:8511/static/js/index.D2ZqaFuW.js:21
[  340929ms] [ERROR] Failed to load resource: net::ERR_CONNECTION_REFUSED @ http://localhost:8511/_stcore/host-config:0
[  342516ms] [ERROR] Failed to load resource: net::ERR_CONNECTION_REFUSED @ http://localhost:8511/_stcore/health:0
[  342517ms] [ERROR] Client Error in reaching server endpoint - No response received when attempting to reach /_stcore/health @ http://localhost:8511/static/js/index.D2ZqaFuW.js:16
[  342517ms] [ERROR] Is Streamlit still running? If you accidentally stopped Streamlit, just restart it in your terminal: @ http://localhost:8511/static/js/index.D2ZqaFuW.js:21
[  342707ms] [ERROR] Failed to load resource: net::ERR_CONNECTION_REFUSED @ http://localhost:8511/_stcore/host-config:0
[  344523ms] [ERROR] Failed to load resource: net::ERR_CONNECTION_REFUSED @ http://localhost:8511/_stcore/health:0
[  344523ms] [ERROR] Client Error in reaching server endpoint - No response received when attempting to reach /_stcore/health @ http://localhost:8511/static/js/index.D2ZqaFuW.js:16
[  344524ms] [ERROR] Is Streamlit still running? If you accidentally stopped Streamlit, just restart it in your terminal: @ http://localhost:8511/static/js/index.D2ZqaFuW.js:21
[  344772ms] [ERROR] Failed to load resource: net::ERR_CONNECTION_REFUSED @ http://localhost:8511/_stcore/host-config:0
[  346530ms] [ERROR] Failed to load resource: net::ERR_CONNECTION_REFUSED @ http://localhost:8511/_stcore/health:0
[  346530ms] [ERROR] Client Error in reaching server endpoint - No response received when attempting to reach /_stcore/health @ http://localhost:8511/static/js/index.D2ZqaFuW.js:16
[  346530ms] [ERROR] Is Streamlit still running? If you accidentally stopped Streamlit, just restart it in your terminal: @ http://localhost:8511/static/js/index.D2ZqaFuW.js:21
[  346657ms] [ERROR] Failed to load resource: net::ERR_CONNECTION_REFUSED @ http://localhost:8511/_stcore/host-config:0
[  348535ms] [ERROR] Failed to load resource: net::ERR_CONNECTION_REFUSED @ http://localhost:8511/_stcore/host-config:0
[  348536ms] [ERROR] Client Error in reaching server endpoint - No response received when attempting to reach /_stcore/host-config @ http://localhost:8511/static/js/index.D2ZqaFuW.js:16
[  348536ms] [ERROR] Is Streamlit still running? If you accidentally stopped Streamlit, just restart it in your terminal: @ http://localhost:8511/static/js/index.D2ZqaFuW.js:21
[  348837ms] [ERROR] Failed to load resource: net::ERR_CONNECTION_REFUSED @ http://localhost:8511/_stcore/health:0
[  350542ms] [ERROR] Failed to load resource: net::ERR_CONNECTION_REFUSED @ http://localhost:8511/_stcore/health:0
[  350542ms] [ERROR] Client Error in reaching server endpoint - No response received when attempting to reach /_stcore/health @ http://localhost:8511/static/js/index.D2ZqaFuW.js:16
[  350542ms] [ERROR] Is Streamlit still running? If you accidentally stopped Streamlit, just restart it in your terminal: @ http://localhost:8511/static/js/index.D2ZqaFuW.js:21
[  350697ms] [ERROR] Failed to load resource: net::ERR_CONNECTION_REFUSED @ http://localhost:8511/_stcore/host-config:0
[  352548ms] [ERROR] Failed to load resource: net::ERR_CONNECTION_REFUSED @ http://localhost:8511/_stcore/health:0
[  352548ms] [ERROR] Client Error in reaching server endpoint - No response received when attempting to reach /_stcore/health @ http://localhost:8511/static/js/index.D2ZqaFuW.js:16
[  352548ms] [ERROR] Is Streamlit still running? If you accidentally stopped Streamlit, just restart it in your terminal: @ http://localhost:8511/static/js/index.D2ZqaFuW.js:21
[  352715ms] [ERROR] Failed to load resource: net::ERR_CONNECTION_REFUSED @ http://localhost:8511/_stcore/host-config:0
[  354560ms] [ERROR] Failed to load resource: net::ERR_CONNECTION_REFUSED @ http://localhost:8511/_stcore/health:0
[  354560ms] [ERROR] Client Error in reaching server endpoint - No response received when attempting to reach /_stcore/health @ http://localhost:8511/static/js/index.D2ZqaFuW.js:16
[  354560ms] [ERROR] Is Streamlit still running? If you accidentally stopped Streamlit, just restart it in your terminal: @ http://localhost:8511/static/js/index.D2ZqaFuW.js:21
[  354560ms] [ERROR] Failed to load resource: net::ERR_CONNECTION_REFUSED @ http://localhost:8511/_stcore/host-config:0
[  356566ms] [ERROR] Failed to load resource: net::ERR_CONNECTION_REFUSED @ http://localhost:8511/_stcore/health:0
[  356566ms] [ERROR] Client Error in reaching server endpoint - No response received when attempting to reach /_stcore/health @ http://localhost:8511/static/js/index.D2ZqaFuW.js:16
[  356566ms] [ERROR] Is Streamlit still running? If you accidentally stopped Streamlit, just restart it in your terminal: @ http://localhost:8511/static/js/index.D2ZqaFuW.js:21
[  356880ms] [ERROR] Failed to load resource: net::ERR_CONNECTION_REFUSED @ http://localhost:8511/_stcore/host-config:0
[  358571ms] [ERROR] Failed to load resource: net::ERR_CONNECTION_REFUSED @ http://localhost:8511/_stcore/host-config:0
[  358571ms] [ERROR] Client Error in reaching server endpoint - No response received when attempting to reach /_stcore/host-config @ http://localhost:8511/static/js/index.D2ZqaFuW.js:16
[  358571ms] [ERROR] Is Streamlit still running? If you accidentally stopped Streamlit, just restart it in your terminal: @ http://localhost:8511/static/js/index.D2ZqaFuW.js:21
[  358780ms] [ERROR] Failed to load resource: net::ERR_CONNECTION_REFUSED @ http://localhost:8511/_stcore/health:0
[  360578ms] [ERROR] Failed to load resource: net::ERR_CONNECTION_REFUSED @ http://localhost:8511/_stcore/health:0
[  360578ms] [ERROR] Client Error in reaching server endpoint - No response received when attempting to reach /_stcore/health @ http://localhost:8511/static/js/index.D2ZqaFuW.js:16
[  360578ms] [ERROR] Is Streamlit still running? If you accidentally stopped Streamlit, just restart it in your terminal: @ http://localhost:8511/static/js/index.D2ZqaFuW.js:21
[  360749ms] [ERROR] Failed to load resource: net::ERR_CONNECTION_REFUSED @ http://localhost:8511/_stcore/host-config:0
[  362583ms] [ERROR] Failed to load resource: net::ERR_CONNECTION_REFUSED @ http://localhost:8511/_stcore/health:0
[  362583ms] [ERROR] Client Error in reaching server endpoint - No response received when attempting to reach /_stcore/health @ http://localhost:8511/static/js/index.D2ZqaFuW.js:16
[  362584ms] [ERROR] Is Streamlit still running? If you accidentally stopped Streamlit, just restart it in your terminal: @ http://localhost:8511/static/js/index.D2ZqaFuW.js:21
[  362736ms] [ERROR] Failed to load resource: net::ERR_CONNECTION_REFUSED @ http://localhost:8511/_stcore/host-config:0
[  364592ms] [ERROR] Failed to load resource: net::ERR_CONNECTION_REFUSED @ http://localhost:8511/_stcore/health:0
[  364592ms] [ERROR] Client Error in reaching server endpoint - No response received when attempting to reach /_stcore/health @ http://localhost:8511/static/js/index.D2ZqaFuW.js:16
[  364592ms] [ERROR] Is Streamlit still running? If you accidentally stopped Streamlit, just restart it in your terminal: @ http://localhost:8511/static/js/index.D2ZqaFuW.js:21
[  364712ms] [ERROR] Failed to load resource: net::ERR_CONNECTION_REFUSED @ http://localhost:8511/_stcore/host-config:0
[  366601ms] [ERROR] Failed to load resource: net::ERR_CONNECTION_REFUSED @ http://localhost:8511/_stcore/health:0
[  366601ms] [ERROR] Client Error in reaching server endpoint - No response received when attempting to reach /_stcore/health @ http://localhost:8511/static/js/index.D2ZqaFuW.js:16
[  366601ms] [ERROR] Is Streamlit still running? If you accidentally stopped Streamlit, just restart it in your terminal: @ http://localhost:8511/static/js/index.D2ZqaFuW.js:21
[  366772ms] [ERROR] Failed to load resource: net::ERR_CONNECTION_REFUSED @ http://localhost:8511/_stcore/host-config:0
[  368608ms] [ERROR] Failed to load resource: net::ERR_CONNECTION_REFUSED @ http://localhost:8511/_stcore/health:0
[  368608ms] [ERROR] Client Error in reaching server endpoint - No response received when attempting to reach /_stcore/health @ http://localhost:8511/static/js/index.D2ZqaFuW.js:16
[  368608ms] [ERROR] Is Streamlit still running? If you accidentally stopped Streamlit, just restart it in your terminal: @ http://localhost:8511/static/js/index.D2ZqaFuW.js:21
[  368791ms] [ERROR] Failed to load resource: net::ERR_CONNECTION_REFUSED @ http://localhost:8511/_stcore/host-config:0
[  370624ms] [ERROR] Failed to load resource: net::ERR_CONNECTION_REFUSED @ http://localhost:8511/_stcore/health:0
[  370624ms] [ERROR] Client Error in reaching server endpoint - No response received when attempting to reach /_stcore/health @ http://localhost:8511/static/js/index.D2ZqaFuW.js:16
[  370624ms] [ERROR] Is Streamlit still running? If you accidentally stopped Streamlit, just restart it in your terminal: @ http://localhost:8511/static/js/index.D2ZqaFuW.js:21
[  370745ms] [ERROR] Failed to load resource: net::ERR_CONNECTION_REFUSED @ http://localhost:8511/_stcore/host-config:0
[  372631ms] [ERROR] Failed to load resource: net::ERR_CONNECTION_REFUSED @ http://localhost:8511/_stcore/host-config:0
[  372631ms] [ERROR] Client Error in reaching server endpoint - No response received when attempting to reach /_stcore/host-config @ http://localhost:8511/static/js/index.D2ZqaFuW.js:16
[  372632ms] [ERROR] Is Streamlit still running? If you accidentally stopped Streamlit, just restart it in your terminal: @ http://localhost:8511/static/js/index.D2ZqaFuW.js:21
[  372779ms] [ERROR] Failed to load resource: net::ERR_CONNECTION_REFUSED @ http://localhost:8511/_stcore/health:0
[  374641ms] [ERROR] Failed to load resource: net::ERR_CONNECTION_REFUSED @ http://localhost:8511/_stcore/health:0
[  374641ms] [ERROR] Client Error in reaching server endpoint - No response received when attempting to reach /_stcore/health @ http://localhost:8511/static/js/index.D2ZqaFuW.js:16
[  374641ms] [ERROR] Is Streamlit still running? If you accidentally stopped Streamlit, just restart it in your terminal: @ http://localhost:8511/static/js/index.D2ZqaFuW.js:21
[  374818ms] [ERROR] Failed to load resource: net::ERR_CONNECTION_REFUSED @ http://localhost:8511/_stcore/host-config:0
[  376649ms] [ERROR] Failed to load resource: net::ERR_CONNECTION_REFUSED @ http://localhost:8511/_stcore/health:0
[  376649ms] [ERROR] Client Error in reaching server endpoint - No response received when attempting to reach /_stcore/health @ http://localhost:8511/static/js/index.D2ZqaFuW.js:16
[  376649ms] [ERROR] Is Streamlit still running? If you accidentally stopped Streamlit, just restart it in your terminal: @ http://localhost:8511/static/js/index.D2ZqaFuW.js:21
[  376837ms] [ERROR] Failed to load resource: net::ERR_CONNECTION_REFUSED @ http://localhost:8511/_stcore/host-config:0
[  378659ms] [ERROR] Failed to load resource: net::ERR_CONNECTION_REFUSED @ http://localhost:8511/_stcore/health:0
[  378659ms] [ERROR] Client Error in reaching server endpoint - No response received when attempting to reach /_stcore/health @ http://localhost:8511/static/js/index.D2ZqaFuW.js:16
[  378660ms] [ERROR] Is Streamlit still running? If you accidentally stopped Streamlit, just restart it in your terminal: @ http://localhost:8511/static/js/index.D2ZqaFuW.js:21
[  378776ms] [ERROR] Failed to load resource: net::ERR_CONNECTION_REFUSED @ http://localhost:8511/_stcore/host-config:0
[  380669ms] [ERROR] Failed to load resource: net::ERR_CONNECTION_REFUSED @ http://localhost:8511/_stcore/health:0
[  380669ms] [ERROR] Client Error in reaching server endpoint - No response received when attempting to reach /_stcore/health @ http://localhost:8511/static/js/index.D2ZqaFuW.js:16
[  380669ms] [ERROR] Is Streamlit still running? If you accidentally stopped Streamlit, just restart it in your terminal: @ http://localhost:8511/static/js/index.D2ZqaFuW.js:21
[  380818ms] [ERROR] Failed to load resource: net::ERR_CONNECTION_REFUSED @ http://localhost:8511/_stcore/host-config:0
[  382678ms] [ERROR] Failed to load resource: net::ERR_CONNECTION_REFUSED @ http://localhost:8511/_stcore/health:0
[  382678ms] [ERROR] Client Error in reaching server endpoint - No response received when attempting to reach /_stcore/health @ http://localhost:8511/static/js/index.D2ZqaFuW.js:16
[  382678ms] [ERROR] Is Streamlit still running? If you accidentally stopped Streamlit, just restart it in your terminal: @ http://localhost:8511/static/js/index.D2ZqaFuW.js:21
[  382840ms] [ERROR] Failed to load resource: net::ERR_CONNECTION_REFUSED @ http://localhost:8511/_stcore/host-config:0
[  384685ms] [ERROR] Failed to load resource: net::ERR_CONNECTION_REFUSED @ http://localhost:8511/_stcore/health:0
[  384685ms] [ERROR] Client Error in reaching server endpoint - No response received when attempting to reach /_stcore/health @ http://localhost:8511/static/js/index.D2ZqaFuW.js:16
[  384686ms] [ERROR] Is Streamlit still running? If you accidentally stopped Streamlit, just restart it in your terminal: @ http://localhost:8511/static/js/index.D2ZqaFuW.js:21
[  384888ms] [ERROR] Failed to load resource: net::ERR_CONNECTION_REFUSED @ http://localhost:8511/_stcore/host-config:0
[  386693ms] [ERROR] Failed to load resource: net::ERR_CONNECTION_REFUSED @ http://localhost:8511/_stcore/health:0
[  386694ms] [ERROR] Client Error in reaching server endpoint - No response received when attempting to reach /_stcore/health @ http://localhost:8511/static/js/index.D2ZqaFuW.js:16
[  386694ms] [ERROR] Is Streamlit still running? If you accidentally stopped Streamlit, just restart it in your terminal: @ http://localhost:8511/static/js/index.D2ZqaFuW.js:21
[  387010ms] [ERROR] Failed to load resource: net::ERR_CONNECTION_REFUSED @ http://localhost:8511/_stcore/host-config:0
[  388698ms] [ERROR] Failed to load resource: net::ERR_CONNECTION_REFUSED @ http://localhost:8511/_stcore/health:0
[  388698ms] [ERROR] Client Error in reaching server endpoint - No response received when attempting to reach /_stcore/health @ http://localhost:8511/static/js/index.D2ZqaFuW.js:16
[  388698ms] [ERROR] Is Streamlit still running? If you accidentally stopped Streamlit, just restart it in your terminal: @ http://localhost:8511/static/js/index.D2ZqaFuW.js:21
[  388824ms] [ERROR] Failed to load resource: net::ERR_CONNECTION_REFUSED @ http://localhost:8511/_stcore/host-config:0
[  390703ms] [ERROR] Failed to load resource: net::ERR_CONNECTION_REFUSED @ http://localhost:8511/_stcore/host-config:0
[  390703ms] [ERROR] Client Error in reaching server endpoint - No response received when attempting to reach /_stcore/host-config @ http://localhost:8511/static/js/index.D2ZqaFuW.js:16
[  390704ms] [ERROR] Is Streamlit still running? If you accidentally stopped Streamlit, just restart it in your terminal: @ http://localhost:8511/static/js/index.D2ZqaFuW.js:21
[  390881ms] [ERROR] Failed to load resource: net::ERR_CONNECTION_REFUSED @ http://localhost:8511/_stcore/health:0
[  392713ms] [ERROR] Failed to load resource: net::ERR_CONNECTION_REFUSED @ http://localhost:8511/_stcore/health:0
[  392713ms] [ERROR] Client Error in reaching server endpoint - No response received when attempting to reach /_stcore/health @ http://localhost:8511/static/js/index.D2ZqaFuW.js:16
[  392713ms] [ERROR] Is Streamlit still running? If you accidentally stopped Streamlit, just restart it in your terminal: @ http://localhost:8511/static/js/index.D2ZqaFuW.js:21
[  392927ms] [ERROR] Failed to load resource: net::ERR_CONNECTION_REFUSED @ http://localhost:8511/_stcore/host-config:0
[  394721ms] [ERROR] Failed to load resource: net::ERR_CONNECTION_REFUSED @ http://localhost:8511/_stcore/health:0
[  394721ms] [ERROR] Client Error in reaching server endpoint - No response received when attempting to reach /_stcore/health @ http://localhost:8511/static/js/index.D2ZqaFuW.js:16
[  394722ms] [ERROR] Is Streamlit still running? If you accidentally stopped Streamlit, just restart it in your terminal: @ http://localhost:8511/static/js/index.D2ZqaFuW.js:21
[  394895ms] [ERROR] Failed to load resource: net::ERR_CONNECTION_REFUSED @ http://localhost:8511/_stcore/host-config:0
[  396729ms] [ERROR] Failed to load resource: net::ERR_CONNECTION_REFUSED @ http://localhost:8511/_stcore/health:0
[  396730ms] [ERROR] Client Error in reaching server endpoint - No response received when attempting to reach /_stcore/health @ http://localhost:8511/static/js/index.D2ZqaFuW.js:16
[  396730ms] [ERROR] Is Streamlit still running? If you accidentally stopped Streamlit, just restart it in your terminal: @ http://localhost:8511/static/js/index.D2ZqaFuW.js:21
[  396938ms] [ERROR] Failed to load resource: net::ERR_CONNECTION_REFUSED @ http://localhost:8511/_stcore/host-config:0
[  398741ms] [ERROR] Failed to load resource: net::ERR_CONNECTION_REFUSED @ http://localhost:8511/_stcore/health:0
[  398741ms] [ERROR] Client Error in reaching server endpoint - No response received when attempting to reach /_stcore/health @ http://localhost:8511/static/js/index.D2ZqaFuW.js:16
[  398741ms] [ERROR] Is Streamlit still running? If you accidentally stopped Streamlit, just restart it in your terminal: @ http://localhost:8511/static/js/index.D2ZqaFuW.js:21
[  398918ms] [ERROR] Failed to load resource: net::ERR_CONNECTION_REFUSED @ http://localhost:8511/_stcore/host-config:0
[  400748ms] [ERROR] Failed to load resource: net::ERR_CONNECTION_REFUSED @ http://localhost:8511/_stcore/health:0
[  400748ms] [ERROR] Client Error in reaching server endpoint - No response received when attempting to reach /_stcore/health @ http://localhost:8511/static/js/index.D2ZqaFuW.js:16
[  400748ms] [ERROR] Is Streamlit still running? If you accidentally stopped Streamlit, just restart it in your terminal: @ http://localhost:8511/static/js/index.D2ZqaFuW.js:21
[  401068ms] [ERROR] Failed to load resource: net::ERR_CONNECTION_REFUSED @ http://localhost:8511/_stcore/host-config:0
[  402757ms] [ERROR] Failed to load resource: net::ERR_CONNECTION_REFUSED @ http://localhost:8511/_stcore/health:0
[  402757ms] [ERROR] Client Error in reaching server endpoint - No response received when attempting to reach /_stcore/health @ http://localhost:8511/static/js/index.D2ZqaFuW.js:16
[  402757ms] [ERROR] Is Streamlit still running? If you accidentally stopped Streamlit, just restart it in your terminal: @ http://localhost:8511/static/js/index.D2ZqaFuW.js:21
[  402931ms] [ERROR] Failed to load resource: net::ERR_CONNECTION_REFUSED @ http://localhost:8511/_stcore/host-config:0
[  404766ms] [ERROR] Failed to load resource: net::ERR_CONNECTION_REFUSED @ http://localhost:8511/_stcore/health:0
[  404766ms] [ERROR] Client Error in reaching server endpoint - No response received when attempting to reach /_stcore/health @ http://localhost:8511/static/js/index.D2ZqaFuW.js:16
[  404766ms] [ERROR] Is Streamlit still running? If you accidentally stopped Streamlit, just restart it in your terminal: @ http://localhost:8511/static/js/index.D2ZqaFuW.js:21
[  404952ms] [ERROR] Failed to load resource: net::ERR_CONNECTION_REFUSED @ http://localhost:8511/_stcore/host-config:0
[  406774ms] [ERROR] Failed to load resource: net::ERR_CONNECTION_REFUSED @ http://localhost:8511/_stcore/host-config:0
[  406774ms] [ERROR] Client Error in reaching server endpoint - No response received when attempting to reach /_stcore/host-config @ http://localhost:8511/static/js/index.D2ZqaFuW.js:16
[  406774ms] [ERROR] Is Streamlit still running? If you accidentally stopped Streamlit, just restart it in your terminal: @ http://localhost:8511/static/js/index.D2ZqaFuW.js:21
[  406775ms] [ERROR] Failed to load resource: net::ERR_CONNECTION_REFUSED @ http://localhost:8511/_stcore/health:0
[  408779ms] [ERROR] Failed to load resource: net::ERR_CONNECTION_REFUSED @ http://localhost:8511/_stcore/health:0
[  408779ms] [ERROR] Client Error in reaching server endpoint - No response received when attempting to reach /_stcore/health @ http://localhost:8511/static/js/index.D2ZqaFuW.js:16
[  408779ms] [ERROR] Is Streamlit still running? If you accidentally stopped Streamlit, just restart it in your terminal: @ http://localhost:8511/static/js/index.D2ZqaFuW.js:21
[  408957ms] [ERROR] Failed to load resource: net::ERR_CONNECTION_REFUSED @ http://localhost:8511/_stcore/host-config:0
[  410786ms] [ERROR] Failed to load resource: net::ERR_CONNECTION_REFUSED @ http://localhost:8511/_stcore/health:0
[  410786ms] [ERROR] Client Error in reaching server endpoint - No response received when attempting to reach /_stcore/health @ http://localhost:8511/static/js/index.D2ZqaFuW.js:16
[  410786ms] [ERROR] Is Streamlit still running? If you accidentally stopped Streamlit, just restart it in your terminal: @ http://localhost:8511/static/js/index.D2ZqaFuW.js:21
[  410945ms] [ERROR] Failed to load resource: net::ERR_CONNECTION_REFUSED @ http://localhost:8511/_stcore/host-config:0
[  412795ms] [ERROR] Failed to load resource: net::ERR_CONNECTION_REFUSED @ http://localhost:8511/_stcore/health:0
[  412795ms] [ERROR] Client Error in reaching server endpoint - No response received when attempting to reach /_stcore/health @ http://localhost:8511/static/js/index.D2ZqaFuW.js:16
[  412795ms] [ERROR] Is Streamlit still running? If you accidentally stopped Streamlit, just restart it in your terminal: @ http://localhost:8511/static/js/index.D2ZqaFuW.js:21
[  412967ms] [ERROR] Failed to load resource: net::ERR_CONNECTION_REFUSED @ http://localhost:8511/_stcore/host-config:0
[  414801ms] [ERROR] Failed to load resource: net::ERR_CONNECTION_REFUSED @ http://localhost:8511/_stcore/host-config:0
[  414801ms] [ERROR] Client Error in reaching server endpoint - No response received when attempting to reach /_stcore/host-config @ http://localhost:8511/static/js/index.D2ZqaFuW.js:16
[  414802ms] [ERROR] Is Streamlit still running? If you accidentally stopped Streamlit, just restart it in your terminal: @ http://localhost:8511/static/js/index.D2ZqaFuW.js:21
[  414935ms] [ERROR] Failed to load resource: net::ERR_CONNECTION_REFUSED @ http://localhost:8511/_stcore/health:0
[  416808ms] [ERROR] Failed to load resource: net::ERR_CONNECTION_REFUSED @ http://localhost:8511/_stcore/host-config:0
[  416808ms] [ERROR] Client Error in reaching server endpoint - No response received when attempting to reach /_stcore/host-config @ http://localhost:8511/static/js/index.D2ZqaFuW.js:16
[  416808ms] [ERROR] Is Streamlit still running? If you accidentally stopped Streamlit, just restart it in your terminal: @ http://localhost:8511/static/js/index.D2ZqaFuW.js:21
[  416940ms] [ERROR] Failed to load resource: net::ERR_CONNECTION_REFUSED @ http://localhost:8511/_stcore/health:0
[  418818ms] [ERROR] Failed to load resource: net::ERR_CONNECTION_REFUSED @ http://localhost:8511/_stcore/health:0
[  418818ms] [ERROR] Client Error in reaching server endpoint - No response received when attempting to reach /_stcore/health @ http://localhost:8511/static/js/index.D2ZqaFuW.js:16
[  418818ms] [ERROR] Is Streamlit still running? If you accidentally stopped Streamlit, just restart it in your terminal: @ http://localhost:8511/static/js/index.D2ZqaFuW.js:21
[  418963ms] [ERROR] Failed to load resource: net::ERR_CONNECTION_REFUSED @ http://localhost:8511/_stcore/host-config:0
[  420826ms] [ERROR] Failed to load resource: net::ERR_CONNECTION_REFUSED @ http://localhost:8511/_stcore/health:0
[  420826ms] [ERROR] Client Error in reaching server endpoint - No response received when attempting to reach /_stcore/health @ http://localhost:8511/static/js/index.D2ZqaFuW.js:16
[  420826ms] [ERROR] Is Streamlit still running? If you accidentally stopped Streamlit, just restart it in your terminal: @ http://localhost:8511/static/js/index.D2ZqaFuW.js:21
[  420951ms] [ERROR] Failed to load resource: net::ERR_CONNECTION_REFUSED @ http://localhost:8511/_stcore/host-config:0
[  422833ms] [ERROR] Failed to load resource: net::ERR_CONNECTION_REFUSED @ http://localhost:8511/_stcore/host-config:0
[  422833ms] [ERROR] Client Error in reaching server endpoint - No response received when attempting to reach /_stcore/host-config @ http://localhost:8511/static/js/index.D2ZqaFuW.js:16
[  422834ms] [ERROR] Is Streamlit still running? If you accidentally stopped Streamlit, just restart it in your terminal: @ http://localhost:8511/static/js/index.D2ZqaFuW.js:21
[  422834ms] [ERROR] Failed to load resource: net::ERR_CONNECTION_REFUSED @ http://localhost:8511/_stcore/health:0
[  424844ms] [ERROR] Failed to load resource: net::ERR_CONNECTION_REFUSED @ http://localhost:8511/_stcore/health:0
[  424844ms] [ERROR] Client Error in reaching server endpoint - No response received when attempting to reach /_stcore/health @ http://localhost:8511/static/js/index.D2ZqaFuW.js:16
[  424844ms] [ERROR] Is Streamlit still running? If you accidentally stopped Streamlit, just restart it in your terminal: @ http://localhost:8511/static/js/index.D2ZqaFuW.js:21
[  424969ms] [ERROR] Failed to load resource: net::ERR_CONNECTION_REFUSED @ http://localhost:8511/_stcore/host-config:0
[  426853ms] [ERROR] Failed to load resource: net::ERR_CONNECTION_REFUSED @ http://localhost:8511/_stcore/health:0
[  426853ms] [ERROR] Client Error in reaching server endpoint - No response received when attempting to reach /_stcore/health @ http://localhost:8511/static/js/index.D2ZqaFuW.js:16
[  426854ms] [ERROR] Is Streamlit still running? If you accidentally stopped Streamlit, just restart it in your terminal: @ http://localhost:8511/static/js/index.D2ZqaFuW.js:21
[  426987ms] [ERROR] Failed to load resource: net::ERR_CONNECTION_REFUSED @ http://localhost:8511/_stcore/host-config:0
[  428861ms] [ERROR] Failed to load resource: net::ERR_CONNECTION_REFUSED @ http://localhost:8511/_stcore/health:0
[  428861ms] [ERROR] Client Error in reaching server endpoint - No response received when attempting to reach /_stcore/health @ http://localhost:8511/static/js/index.D2ZqaFuW.js:16
[  428861ms] [ERROR] Is Streamlit still running? If you accidentally stopped Streamlit, just restart it in your terminal: @ http://localhost:8511/static/js/index.D2ZqaFuW.js:21
[  429006ms] [ERROR] Failed to load resource: net::ERR_CONNECTION_REFUSED @ http://localhost:8511/_stcore/host-config:0
[  430867ms] [ERROR] Failed to load resource: net::ERR_CONNECTION_REFUSED @ http://localhost:8511/_stcore/health:0
[  430867ms] [ERROR] Client Error in reaching server endpoint - No response received when attempting to reach /_stcore/health @ http://localhost:8511/static/js/index.D2ZqaFuW.js:16
[  430867ms] [ERROR] Is Streamlit still running? If you accidentally stopped Streamlit, just restart it in your terminal: @ http://localhost:8511/static/js/index.D2ZqaFuW.js:21
[  431056ms] [ERROR] Failed to load resource: net::ERR_CONNECTION_REFUSED @ http://localhost:8511/_stcore/host-config:0
[  432922ms] [ERROR] Failed to load resource: net::ERR_CONNECTION_REFUSED @ http://localhost:8511/_stcore/host-config:0
[  432922ms] [ERROR] Client Error in reaching server endpoint - No response received when attempting to reach /_stcore/host-config @ http://localhost:8511/static/js/index.D2ZqaFuW.js:16
[  432923ms] [ERROR] Is Streamlit still running? If you accidentally stopped Streamlit, just restart it in your terminal: @ http://localhost:8511/static/js/index.D2ZqaFuW.js:21
[  432923ms] [ERROR] Failed to load resource: net::ERR_CONNECTION_REFUSED @ http://localhost:8511/_stcore/health:0
[  434978ms] [ERROR] Failed to load resource: net::ERR_CONNECTION_REFUSED @ http://localhost:8511/_stcore/health:0
[  434979ms] [ERROR] Client Error in reaching server endpoint - No response received when attempting to reach /_stcore/health @ http://localhost:8511/static/js/index.D2ZqaFuW.js:16
[  434979ms] [ERROR] Is Streamlit still running? If you accidentally stopped Streamlit, just restart it in your terminal: @ http://localhost:8511/static/js/index.D2ZqaFuW.js:21
[  435550ms] [ERROR] Failed to load resource: net::ERR_CONNECTION_REFUSED @ http://localhost:8511/_stcore/host-config:0
[  437006ms] [ERROR] Failed to load resource: net::ERR_CONNECTION_REFUSED @ http://localhost:8511/_stcore/health:0
[  437006ms] [ERROR] Client Error in reaching server endpoint - No response received when attempting to reach /_stcore/health @ http://localhost:8511/static/js/index.D2ZqaFuW.js:16
[  437007ms] [ERROR] Is Streamlit still running? If you accidentally stopped Streamlit, just restart it in your terminal: @ http://localhost:8511/static/js/index.D2ZqaFuW.js:21
[  437008ms] [ERROR] Failed to load resource: net::ERR_CONNECTION_REFUSED @ http://localhost:8511/_stcore/host-config:0
[  439013ms] [ERROR] Failed to load resource: net::ERR_CONNECTION_REFUSED @ http://localhost:8511/_stcore/health:0
[  439013ms] [ERROR] Client Error in reaching server endpoint - No response received when attempting to reach /_stcore/health @ http://localhost:8511/static/js/index.D2ZqaFuW.js:16
[  439013ms] [ERROR] Is Streamlit still running? If you accidentally stopped Streamlit, just restart it in your terminal: @ http://localhost:8511/static/js/index.D2ZqaFuW.js:21
[  439403ms] [ERROR] Failed to load resource: net::ERR_CONNECTION_REFUSED @ http://localhost:8511/_stcore/host-config:0
[  441031ms] [ERROR] Failed to load resource: net::ERR_CONNECTION_REFUSED @ http://localhost:8511/_stcore/health:0
[  441031ms] [ERROR] Client Error in reaching server endpoint - No response received when attempting to reach /_stcore/health @ http://localhost:8511/static/js/index.D2ZqaFuW.js:16
[  441031ms] [ERROR] Is Streamlit still running? If you accidentally stopped Streamlit, just restart it in your terminal: @ http://localhost:8511/static/js/index.D2ZqaFuW.js:21
[  441262ms] [ERROR] Failed to load resource: net::ERR_CONNECTION_REFUSED @ http://localhost:8511/_stcore/host-config:0
[  443036ms] [ERROR] Failed to load resource: net::ERR_CONNECTION_REFUSED @ http://localhost:8511/_stcore/health:0
[  443036ms] [ERROR] Client Error in reaching server endpoint - No response received when attempting to reach /_stcore/health @ http://localhost:8511/static/js/index.D2ZqaFuW.js:16
[  443037ms] [ERROR] Is Streamlit still running? If you accidentally stopped Streamlit, just restart it in your terminal: @ http://localhost:8511/static/js/index.D2ZqaFuW.js:21
[  443399ms] [ERROR] Failed to load resource: net::ERR_CONNECTION_REFUSED @ http://localhost:8511/_stcore/host-config:0
[  445049ms] [ERROR] Failed to load resource: net::ERR_CONNECTION_REFUSED @ http://localhost:8511/_stcore/health:0
[  445049ms] [ERROR] Client Error in reaching server endpoint - No response received when attempting to reach /_stcore/health @ http://localhost:8511/static/js/index.D2ZqaFuW.js:16
[  445049ms] [ERROR] Is Streamlit still running? If you accidentally stopped Streamlit, just restart it in your terminal: @ http://localhost:8511/static/js/index.D2ZqaFuW.js:21
[  445662ms] [ERROR] Failed to load resource: net::ERR_CONNECTION_REFUSED @ http://localhost:8511/_stcore/host-config:0
[  447059ms] [ERROR] Failed to load resource: net::ERR_CONNECTION_REFUSED @ http://localhost:8511/_stcore/health:0
[  447059ms] [ERROR] Client Error in reaching server endpoint - No response received when attempting to reach /_stcore/health @ http://localhost:8511/static/js/index.D2ZqaFuW.js:16
[  447059ms] [ERROR] Is Streamlit still running? If you accidentally stopped Streamlit, just restart it in your terminal: @ http://localhost:8511/static/js/index.D2ZqaFuW.js:21
[  447247ms] [ERROR] Failed to load resource: net::ERR_CONNECTION_REFUSED @ http://localhost:8511/_stcore/host-config:0
[  449067ms] [ERROR] Failed to load resource: net::ERR_CONNECTION_REFUSED @ http://localhost:8511/_stcore/health:0
[  449068ms] [ERROR] Client Error in reaching server endpoint - No response received when attempting to reach /_stcore/health @ http://localhost:8511/static/js/index.D2ZqaFuW.js:16
[  449068ms] [ERROR] Is Streamlit still running? If you accidentally stopped Streamlit, just restart it in your terminal: @ http://localhost:8511/static/js/index.D2ZqaFuW.js:21
[  449180ms] [ERROR] Failed to load resource: net::ERR_CONNECTION_REFUSED @ http://localhost:8511/_stcore/host-config:0
[  451075ms] [ERROR] Failed to load resource: net::ERR_CONNECTION_REFUSED @ http://localhost:8511/_stcore/health:0
[  451075ms] [ERROR] Client Error in reaching server endpoint - No response received when attempting to reach /_stcore/health @ http://localhost:8511/static/js/index.D2ZqaFuW.js:16
[  451075ms] [ERROR] Is Streamlit still running? If you accidentally stopped Streamlit, just restart it in your terminal: @ http://localhost:8511/static/js/index.D2ZqaFuW.js:21
[  451188ms] [ERROR] Failed to load resource: net::ERR_CONNECTION_REFUSED @ http://localhost:8511/_stcore/host-config:0
[  453082ms] [ERROR] Failed to load resource: net::ERR_CONNECTION_REFUSED @ http://localhost:8511/_stcore/health:0
[  453082ms] [ERROR] Client Error in reaching server endpoint - No response received when attempting to reach /_stcore/health @ http://localhost:8511/static/js/index.D2ZqaFuW.js:16
[  453083ms] [ERROR] Is Streamlit still running? If you accidentally stopped Streamlit, just restart it in your terminal: @ http://localhost:8511/static/js/index.D2ZqaFuW.js:21
[  453213ms] [ERROR] Failed to load resource: net::ERR_CONNECTION_REFUSED @ http://localhost:8511/_stcore/host-config:0
[  455091ms] [ERROR] Failed to load resource: net::ERR_CONNECTION_REFUSED @ http://localhost:8511/_stcore/health:0
[  455091ms] [ERROR] Client Error in reaching server endpoint - No response received when attempting to reach /_stcore/health @ http://localhost:8511/static/js/index.D2ZqaFuW.js:16
[  455091ms] [ERROR] Is Streamlit still running? If you accidentally stopped Streamlit, just restart it in your terminal: @ http://localhost:8511/static/js/index.D2ZqaFuW.js:21
[  455203ms] [ERROR] Failed to load resource: net::ERR_CONNECTION_REFUSED @ http://localhost:8511/_stcore/host-config:0
[  457099ms] [ERROR] Failed to load resource: net::ERR_CONNECTION_REFUSED @ http://localhost:8511/_stcore/host-config:0
[  457099ms] [ERROR] Client Error in reaching server endpoint - No response received when attempting to reach /_stcore/host-config @ http://localhost:8511/static/js/index.D2ZqaFuW.js:16
[  457099ms] [ERROR] Is Streamlit still running? If you accidentally stopped Streamlit, just restart it in your terminal: @ http://localhost:8511/static/js/index.D2ZqaFuW.js:21
[  457281ms] [ERROR] Failed to load resource: net::ERR_CONNECTION_REFUSED @ http://localhost:8511/_stcore/health:0
[  459105ms] [ERROR] Failed to load resource: net::ERR_CONNECTION_REFUSED @ http://localhost:8511/_stcore/health:0
[  459105ms] [ERROR] Client Error in reaching server endpoint - No response received when attempting to reach /_stcore/health @ http://localhost:8511/static/js/index.D2ZqaFuW.js:16
[  459105ms] [ERROR] Is Streamlit still running? If you accidentally stopped Streamlit, just restart it in your terminal: @ http://localhost:8511/static/js/index.D2ZqaFuW.js:21
[  459233ms] [ERROR] Failed to load resource: net::ERR_CONNECTION_REFUSED @ http://localhost:8511/_stcore/host-config:0
[  461112ms] [ERROR] Failed to load resource: net::ERR_CONNECTION_REFUSED @ http://localhost:8511/_stcore/health:0
[  461113ms] [ERROR] Client Error in reaching server endpoint - No response received when attempting to reach /_stcore/health @ http://localhost:8511/static/js/index.D2ZqaFuW.js:16
[  461113ms] [ERROR] Is Streamlit still running? If you accidentally stopped Streamlit, just restart it in your terminal: @ http://localhost:8511/static/js/index.D2ZqaFuW.js:21
[  461233ms] [ERROR] Failed to load resource: net::ERR_CONNECTION_REFUSED @ http://localhost:8511/_stcore/host-config:0
[  463120ms] [ERROR] Failed to load resource: net::ERR_CONNECTION_REFUSED @ http://localhost:8511/_stcore/health:0
[  463120ms] [ERROR] Client Error in reaching server endpoint - No response received when attempting to reach /_stcore/health @ http://localhost:8511/static/js/index.D2ZqaFuW.js:16
[  463121ms] [ERROR] Is Streamlit still running? If you accidentally stopped Streamlit, just restart it in your terminal: @ http://localhost:8511/static/js/index.D2ZqaFuW.js:21
[  463315ms] [ERROR] Failed to load resource: net::ERR_CONNECTION_REFUSED @ http://localhost:8511/_stcore/host-config:0
[  465129ms] [ERROR] Failed to load resource: net::ERR_CONNECTION_REFUSED @ http://localhost:8511/_stcore/health:0
[  465129ms] [ERROR] Client Error in reaching server endpoint - No response received when attempting to reach /_stcore/health @ http://localhost:8511/static/js/index.D2ZqaFuW.js:16
[  465130ms] [ERROR] Is Streamlit still running? If you accidentally stopped Streamlit, just restart it in your terminal: @ http://localhost:8511/static/js/index.D2ZqaFuW.js:21
[  465130ms] [ERROR] Failed to load resource: net::ERR_CONNECTION_REFUSED @ http://localhost:8511/_stcore/host-config:0
[  467138ms] [ERROR] Failed to load resource: net::ERR_CONNECTION_REFUSED @ http://localhost:8511/_stcore/host-config:0
[  467138ms] [ERROR] Client Error in reaching server endpoint - No response received when attempting to reach /_stcore/host-config @ http://localhost:8511/static/js/index.D2ZqaFuW.js:16
[  467138ms] [ERROR] Is Streamlit still running? If you accidentally stopped Streamlit, just restart it in your terminal: @ http://localhost:8511/static/js/index.D2ZqaFuW.js:21
[  467281ms] [ERROR] Failed to load resource: net::ERR_CONNECTION_REFUSED @ http://localhost:8511/_stcore/health:0
[  469145ms] [ERROR] Failed to load resource: net::ERR_CONNECTION_REFUSED @ http://localhost:8511/_stcore/health:0
[  469145ms] [ERROR] Client Error in reaching server endpoint - No response received when attempting to reach /_stcore/health @ http://localhost:8511/static/js/index.D2ZqaFuW.js:16
[  469146ms] [ERROR] Is Streamlit still running? If you accidentally stopped Streamlit, just restart it in your terminal: @ http://localhost:8511/static/js/index.D2ZqaFuW.js:21
[  469296ms] [ERROR] Failed to load resource: net::ERR_CONNECTION_REFUSED @ http://localhost:8511/_stcore/host-config:0
[  471154ms] [ERROR] Failed to load resource: net::ERR_CONNECTION_REFUSED @ http://localhost:8511/_stcore/health:0
[  471155ms] [ERROR] Client Error in reaching server endpoint - No response received when attempting to reach /_stcore/health @ http://localhost:8511/static/js/index.D2ZqaFuW.js:16
[  471155ms] [ERROR] Is Streamlit still running? If you accidentally stopped Streamlit, just restart it in your terminal: @ http://localhost:8511/static/js/index.D2ZqaFuW.js:21
[  471268ms] [ERROR] Failed to load resource: net::ERR_CONNECTION_REFUSED @ http://localhost:8511/_stcore/host-config:0
[  473164ms] [ERROR] Failed to load resource: net::ERR_CONNECTION_REFUSED @ http://localhost:8511/_stcore/health:0
[  473165ms] [ERROR] Client Error in reaching server endpoint - No response received when attempting to reach /_stcore/health @ http://localhost:8511/static/js/index.D2ZqaFuW.js:16
[  473165ms] [ERROR] Is Streamlit still running? If you accidentally stopped Streamlit, just restart it in your terminal: @ http://localhost:8511/static/js/index.D2ZqaFuW.js:21
[  473298ms] [ERROR] Failed to load resource: net::ERR_CONNECTION_REFUSED @ http://localhost:8511/_stcore/host-config:0
[  475170ms] [ERROR] Failed to load resource: net::ERR_CONNECTION_REFUSED @ http://localhost:8511/_stcore/health:0
[  475170ms] [ERROR] Client Error in reaching server endpoint - No response received when attempting to reach /_stcore/health @ http://localhost:8511/static/js/index.D2ZqaFuW.js:16
[  475171ms] [ERROR] Is Streamlit still running? If you accidentally stopped Streamlit, just restart it in your terminal: @ http://localhost:8511/static/js/index.D2ZqaFuW.js:21
[  475324ms] [ERROR] Failed to load resource: net::ERR_CONNECTION_REFUSED @ http://localhost:8511/_stcore/host-config:0
[  477178ms] [ERROR] Failed to load resource: net::ERR_CONNECTION_REFUSED @ http://localhost:8511/_stcore/health:0
[  477179ms] [ERROR] Client Error in reaching server endpoint - No response received when attempting to reach /_stcore/health @ http://localhost:8511/static/js/index.D2ZqaFuW.js:16
[  477179ms] [ERROR] Is Streamlit still running? If you accidentally stopped Streamlit, just restart it in your terminal: @ http://localhost:8511/static/js/index.D2ZqaFuW.js:21
[  477342ms] [ERROR] Failed to load resource: net::ERR_CONNECTION_REFUSED @ http://localhost:8511/_stcore/host-config:0
[  479185ms] [ERROR] Failed to load resource: net::ERR_CONNECTION_REFUSED @ http://localhost:8511/_stcore/health:0
[  479186ms] [ERROR] Client Error in reaching server endpoint - No response received when attempting to reach /_stcore/health @ http://localhost:8511/static/js/index.D2ZqaFuW.js:16
[  479186ms] [ERROR] Is Streamlit still running? If you accidentally stopped Streamlit, just restart it in your terminal: @ http://localhost:8511/static/js/index.D2ZqaFuW.js:21
[  479378ms] [ERROR] Failed to load resource: net::ERR_CONNECTION_REFUSED @ http://localhost:8511/_stcore/host-config:0
[  481192ms] [ERROR] Failed to load resource: net::ERR_CONNECTION_REFUSED @ http://localhost:8511/_stcore/health:0
[  481192ms] [ERROR] Client Error in reaching server endpoint - No response received when attempting to reach /_stcore/health @ http://localhost:8511/static/js/index.D2ZqaFuW.js:16
[  481192ms] [ERROR] Is Streamlit still running? If you accidentally stopped Streamlit, just restart it in your terminal: @ http://localhost:8511/static/js/index.D2ZqaFuW.js:21
[  481316ms] [ERROR] Failed to load resource: net::ERR_CONNECTION_REFUSED @ http://localhost:8511/_stcore/host-config:0
[  483205ms] [ERROR] Failed to load resource: net::ERR_CONNECTION_REFUSED @ http://localhost:8511/_stcore/health:0
[  483206ms] [ERROR] Client Error in reaching server endpoint - No response received when attempting to reach /_stcore/health @ http://localhost:8511/static/js/index.D2ZqaFuW.js:16
[  483206ms] [ERROR] Is Streamlit still running? If you accidentally stopped Streamlit, just restart it in your terminal: @ http://localhost:8511/static/js/index.D2ZqaFuW.js:21
[  483344ms] [ERROR] Failed to load resource: net::ERR_CONNECTION_REFUSED @ http://localhost:8511/_stcore/host-config:0
[  485290ms] [ERROR] Failed to load resource: net::ERR_CONNECTION_REFUSED @ http://localhost:8511/_stcore/host-config:0
[  485290ms] [ERROR] Client Error in reaching server endpoint - No response received when attempting to reach /_stcore/host-config @ http://localhost:8511/static/js/index.D2ZqaFuW.js:16
[  485290ms] [ERROR] Is Streamlit still running? If you accidentally stopped Streamlit, just restart it in your terminal: @ http://localhost:8511/static/js/index.D2ZqaFuW.js:21
[  485405ms] [ERROR] Failed to load resource: net::ERR_CONNECTION_REFUSED @ http://localhost:8511/_stcore/health:0
[  487298ms] [ERROR] Failed to load resource: net::ERR_CONNECTION_REFUSED @ http://localhost:8511/_stcore/host-config:0
[  487298ms] [ERROR] Client Error in reaching server endpoint - No response received when attempting to reach /_stcore/host-config @ http://localhost:8511/static/js/index.D2ZqaFuW.js:16
[  487299ms] [ERROR] Is Streamlit still running? If you accidentally stopped Streamlit, just restart it in your terminal: @ http://localhost:8511/static/js/index.D2ZqaFuW.js:21
[  487415ms] [ERROR] Failed to load resource: net::ERR_CONNECTION_REFUSED @ http://localhost:8511/_stcore/health:0
[  489312ms] [ERROR] Failed to load resource: net::ERR_CONNECTION_REFUSED @ http://localhost:8511/_stcore/health:0
[  489312ms] [ERROR] Client Error in reaching server endpoint - No response received when attempting to reach /_stcore/health @ http://localhost:8511/static/js/index.D2ZqaFuW.js:16
[  489312ms] [ERROR] Is Streamlit still running? If you accidentally stopped Streamlit, just restart it in your terminal: @ http://localhost:8511/static/js/index.D2ZqaFuW.js:21
[  489476ms] [ERROR] Failed to load resource: net::ERR_CONNECTION_REFUSED @ http://localhost:8511/_stcore/host-config:0
[  491319ms] [ERROR] Failed to load resource: net::ERR_CONNECTION_REFUSED @ http://localhost:8511/_stcore/health:0
[  491319ms] [ERROR] Client Error in reaching server endpoint - No response received when attempting to reach /_stcore/health @ http://localhost:8511/static/js/index.D2ZqaFuW.js:16
[  491319ms] [ERROR] Is Streamlit still running? If you accidentally stopped Streamlit, just restart it in your terminal: @ http://localhost:8511/static/js/index.D2ZqaFuW.js:21
[  491434ms] [ERROR] Failed to load resource: net::ERR_CONNECTION_REFUSED @ http://localhost:8511/_stcore/host-config:0
[  493326ms] [ERROR] Failed to load resource: net::ERR_CONNECTION_REFUSED @ http://localhost:8511/_stcore/health:0
[  493326ms] [ERROR] Client Error in reaching server endpoint - No response received when attempting to reach /_stcore/health @ http://localhost:8511/static/js/index.D2ZqaFuW.js:16
[  493326ms] [ERROR] Is Streamlit still running? If you accidentally stopped Streamlit, just restart it in your terminal: @ http://localhost:8511/static/js/index.D2ZqaFuW.js:21
[  493460ms] [ERROR] Failed to load resource: net::ERR_CONNECTION_REFUSED @ http://localhost:8511/_stcore/host-config:0
[  495334ms] [ERROR] Failed to load resource: net::ERR_CONNECTION_REFUSED @ http://localhost:8511/_stcore/health:0
[  495334ms] [ERROR] Client Error in reaching server endpoint - No response received when attempting to reach /_stcore/health @ http://localhost:8511/static/js/index.D2ZqaFuW.js:16
[  495335ms] [ERROR] Is Streamlit still running? If you accidentally stopped Streamlit, just restart it in your terminal: @ http://localhost:8511/static/js/index.D2ZqaFuW.js:21
[  495446ms] [ERROR] Failed to load resource: net::ERR_CONNECTION_REFUSED @ http://localhost:8511/_stcore/host-config:0
[  497340ms] [ERROR] Failed to load resource: net::ERR_CONNECTION_REFUSED @ http://localhost:8511/_stcore/health:0
[  497340ms] [ERROR] Client Error in reaching server endpoint - No response received when attempting to reach /_stcore/health @ http://localhost:8511/static/js/index.D2ZqaFuW.js:16
[  497340ms] [ERROR] Is Streamlit still running? If you accidentally stopped Streamlit, just restart it in your terminal: @ http://localhost:8511/static/js/index.D2ZqaFuW.js:21
[  497493ms] [ERROR] Failed to load resource: net::ERR_CONNECTION_REFUSED @ http://localhost:8511/_stcore/host-config:0
[  499351ms] [ERROR] Failed to load resource: net::ERR_CONNECTION_REFUSED @ http://localhost:8511/_stcore/health:0
[  499351ms] [ERROR] Client Error in reaching server endpoint - No response received when attempting to reach /_stcore/health @ http://localhost:8511/static/js/index.D2ZqaFuW.js:16
[  499351ms] [ERROR] Is Streamlit still running? If you accidentally stopped Streamlit, just restart it in your terminal: @ http://localhost:8511/static/js/index.D2ZqaFuW.js:21
[  499649ms] [ERROR] Failed to load resource: net::ERR_CONNECTION_REFUSED @ http://localhost:8511/_stcore/host-config:0
[  501358ms] [ERROR] Failed to load resource: net::ERR_CONNECTION_REFUSED @ http://localhost:8511/_stcore/health:0
[  501358ms] [ERROR] Client Error in reaching server endpoint - No response received when attempting to reach /_stcore/health @ http://localhost:8511/static/js/index.D2ZqaFuW.js:16
[  501359ms] [ERROR] Is Streamlit still running? If you accidentally stopped Streamlit, just restart it in your terminal: @ http://localhost:8511/static/js/index.D2ZqaFuW.js:21
[  501474ms] [ERROR] Failed to load resource: net::ERR_CONNECTION_REFUSED @ http://localhost:8511/_stcore/host-config:0
[  503366ms] [ERROR] Failed to load resource: net::ERR_CONNECTION_REFUSED @ http://localhost:8511/_stcore/health:0
[  503366ms] [ERROR] Client Error in reaching server endpoint - No response received when attempting to reach /_stcore/health @ http://localhost:8511/static/js/index.D2ZqaFuW.js:16
[  503367ms] [ERROR] Is Streamlit still running? If you accidentally stopped Streamlit, just restart it in your terminal: @ http://localhost:8511/static/js/index.D2ZqaFuW.js:21
[  503537ms] [ERROR] Failed to load resource: net::ERR_CONNECTION_REFUSED @ http://localhost:8511/_stcore/host-config:0
[  505380ms] [ERROR] Failed to load resource: net::ERR_CONNECTION_REFUSED @ http://localhost:8511/_stcore/health:0
[  505381ms] [ERROR] Client Error in reaching server endpoint - No response received when attempting to reach /_stcore/health @ http://localhost:8511/static/js/index.D2ZqaFuW.js:16
[  505381ms] [ERROR] Is Streamlit still running? If you accidentally stopped Streamlit, just restart it in your terminal: @ http://localhost:8511/static/js/index.D2ZqaFuW.js:21
[  505558ms] [ERROR] Failed to load resource: net::ERR_CONNECTION_REFUSED @ http://localhost:8511/_stcore/host-config:0
[  507391ms] [ERROR] Failed to load resource: net::ERR_CONNECTION_REFUSED @ http://localhost:8511/_stcore/host-config:0
[  507391ms] [ERROR] Client Error in reaching server endpoint - No response received when attempting to reach /_stcore/host-config @ http://localhost:8511/static/js/index.D2ZqaFuW.js:16
[  507392ms] [ERROR] Is Streamlit still running? If you accidentally stopped Streamlit, just restart it in your terminal: @ http://localhost:8511/static/js/index.D2ZqaFuW.js:21
[  507539ms] [ERROR] Failed to load resource: net::ERR_CONNECTION_REFUSED @ http://localhost:8511/_stcore/health:0
[  509399ms] [ERROR] Failed to load resource: net::ERR_CONNECTION_REFUSED @ http://localhost:8511/_stcore/host-config:0
[  509399ms] [ERROR] Client Error in reaching server endpoint - No response received when attempting to reach /_stcore/host-config @ http://localhost:8511/static/js/index.D2ZqaFuW.js:16
[  509399ms] [ERROR] Is Streamlit still running? If you accidentally stopped Streamlit, just restart it in your terminal: @ http://localhost:8511/static/js/index.D2ZqaFuW.js:21
[  509712ms] [ERROR] Failed to load resource: net::ERR_CONNECTION_REFUSED @ http://localhost:8511/_stcore/health:0
[  511409ms] [ERROR] Failed to load resource: net::ERR_CONNECTION_REFUSED @ http://localhost:8511/_stcore/health:0
[  511409ms] [ERROR] Client Error in reaching server endpoint - No response received when attempting to reach /_stcore/health @ http://localhost:8511/static/js/index.D2ZqaFuW.js:16
[  511409ms] [ERROR] Is Streamlit still running? If you accidentally stopped Streamlit, just restart it in your terminal: @ http://localhost:8511/static/js/index.D2ZqaFuW.js:21
[  511578ms] [ERROR] Failed to load resource: net::ERR_CONNECTION_REFUSED @ http://localhost:8511/_stcore/host-config:0
[  513415ms] [ERROR] Failed to load resource: net::ERR_CONNECTION_REFUSED @ http://localhost:8511/_stcore/health:0
[  513415ms] [ERROR] Client Error in reaching server endpoint - No response received when attempting to reach /_stcore/health @ http://localhost:8511/static/js/index.D2ZqaFuW.js:16
[  513415ms] [ERROR] Is Streamlit still running? If you accidentally stopped Streamlit, just restart it in your terminal: @ http://localhost:8511/static/js/index.D2ZqaFuW.js:21
[  513619ms] [ERROR] Failed to load resource: net::ERR_CONNECTION_REFUSED @ http://localhost:8511/_stcore/host-config:0
[  515424ms] [ERROR] Failed to load resource: net::ERR_CONNECTION_REFUSED @ http://localhost:8511/_stcore/health:0
[  515424ms] [ERROR] Client Error in reaching server endpoint - No response received when attempting to reach /_stcore/health @ http://localhost:8511/static/js/index.D2ZqaFuW.js:16
[  515424ms] [ERROR] Is Streamlit still running? If you accidentally stopped Streamlit, just restart it in your terminal: @ http://localhost:8511/static/js/index.D2ZqaFuW.js:21
[  515553ms] [ERROR] Failed to load resource: net::ERR_CONNECTION_REFUSED @ http://localhost:8511/_stcore/host-config:0
[  517431ms] [ERROR] Failed to load resource: net::ERR_CONNECTION_REFUSED @ http://localhost:8511/_stcore/health:0
[  517431ms] [ERROR] Client Error in reaching server endpoint - No response received when attempting to reach /_stcore/health @ http://localhost:8511/static/js/index.D2ZqaFuW.js:16
[  517431ms] [ERROR] Is Streamlit still running? If you accidentally stopped Streamlit, just restart it in your terminal: @ http://localhost:8511/static/js/index.D2ZqaFuW.js:21
[  517541ms] [ERROR] Failed to load resource: net::ERR_CONNECTION_REFUSED @ http://localhost:8511/_stcore/host-config:0
[  519438ms] [ERROR] Failed to load resource: net::ERR_CONNECTION_REFUSED @ http://localhost:8511/_stcore/health:0
[  519438ms] [ERROR] Client Error in reaching server endpoint - No response received when attempting to reach /_stcore/health @ http://localhost:8511/static/js/index.D2ZqaFuW.js:16
[  519438ms] [ERROR] Is Streamlit still running? If you accidentally stopped Streamlit, just restart it in your terminal: @ http://localhost:8511/static/js/index.D2ZqaFuW.js:21
[  519566ms] [ERROR] Failed to load resource: net::ERR_CONNECTION_REFUSED @ http://localhost:8511/_stcore/host-config:0
[  521445ms] [ERROR] Failed to load resource: net::ERR_CONNECTION_REFUSED @ http://localhost:8511/_stcore/health:0
[  521445ms] [ERROR] Client Error in reaching server endpoint - No response received when attempting to reach /_stcore/health @ http://localhost:8511/static/js/index.D2ZqaFuW.js:16
[  521445ms] [ERROR] Is Streamlit still running? If you accidentally stopped Streamlit, just restart it in your terminal: @ http://localhost:8511/static/js/index.D2ZqaFuW.js:21
[  521557ms] [ERROR] Failed to load resource: net::ERR_CONNECTION_REFUSED @ http://localhost:8511/_stcore/host-config:0
[  523453ms] [ERROR] Failed to load resource: net::ERR_CONNECTION_REFUSED @ http://localhost:8511/_stcore/health:0
[  523453ms] [ERROR] Client Error in reaching server endpoint - No response received when attempting to reach /_stcore/health @ http://localhost:8511/static/js/index.D2ZqaFuW.js:16
[  523453ms] [ERROR] Is Streamlit still running? If you accidentally stopped Streamlit, just restart it in your terminal: @ http://localhost:8511/static/js/index.D2ZqaFuW.js:21
[  523585ms] [ERROR] Failed to load resource: net::ERR_CONNECTION_REFUSED @ http://localhost:8511/_stcore/host-config:0
[  525461ms] [ERROR] Failed to load resource: net::ERR_CONNECTION_REFUSED @ http://localhost:8511/_stcore/health:0
[  525461ms] [ERROR] Client Error in reaching server endpoint - No response received when attempting to reach /_stcore/health @ http://localhost:8511/static/js/index.D2ZqaFuW.js:16
[  525462ms] [ERROR] Is Streamlit still running? If you accidentally stopped Streamlit, just restart it in your terminal: @ http://localhost:8511/static/js/index.D2ZqaFuW.js:21
[  525574ms] [ERROR] Failed to load resource: net::ERR_CONNECTION_REFUSED @ http://localhost:8511/_stcore/host-config:0
[  527472ms] [ERROR] Failed to load resource: net::ERR_CONNECTION_REFUSED @ http://localhost:8511/_stcore/health:0
[  527473ms] [ERROR] Client Error in reaching server endpoint - No response received when attempting to reach /_stcore/health @ http://localhost:8511/static/js/index.D2ZqaFuW.js:16
[  527473ms] [ERROR] Is Streamlit still running? If you accidentally stopped Streamlit, just restart it in your terminal: @ http://localhost:8511/static/js/index.D2ZqaFuW.js:21
[  527611ms] [ERROR] Failed to load resource: net::ERR_CONNECTION_REFUSED @ http://localhost:8511/_stcore/host-config:0
[  529481ms] [ERROR] Failed to load resource: net::ERR_CONNECTION_REFUSED @ http://localhost:8511/_stcore/health:0
[  529481ms] [ERROR] Client Error in reaching server endpoint - No response received when attempting to reach /_stcore/health @ http://localhost:8511/static/js/index.D2ZqaFuW.js:16
[  529482ms] [ERROR] Is Streamlit still running? If you accidentally stopped Streamlit, just restart it in your terminal: @ http://localhost:8511/static/js/index.D2ZqaFuW.js:21
[  529635ms] [ERROR] Failed to load resource: net::ERR_CONNECTION_REFUSED @ http://localhost:8511/_stcore/host-config:0
[  531493ms] [ERROR] Failed to load resource: net::ERR_CONNECTION_REFUSED @ http://localhost:8511/_stcore/health:0
[  531493ms] [ERROR] Client Error in reaching server endpoint - No response received when attempting to reach /_stcore/health @ http://localhost:8511/static/js/index.D2ZqaFuW.js:16
[  531493ms] [ERROR] Is Streamlit still running? If you accidentally stopped Streamlit, just restart it in your terminal: @ http://localhost:8511/static/js/index.D2ZqaFuW.js:21
[  531616ms] [ERROR] Failed to load resource: net::ERR_CONNECTION_REFUSED @ http://localhost:8511/_stcore/host-config:0
[  533498ms] [ERROR] Failed to load resource: net::ERR_CONNECTION_REFUSED @ http://localhost:8511/_stcore/health:0
[  533498ms] [ERROR] Client Error in reaching server endpoint - No response received when attempting to reach /_stcore/health @ http://localhost:8511/static/js/index.D2ZqaFuW.js:16
[  533499ms] [ERROR] Is Streamlit still running? If you accidentally stopped Streamlit, just restart it in your terminal: @ http://localhost:8511/static/js/index.D2ZqaFuW.js:21
[  533646ms] [ERROR] Failed to load resource: net::ERR_CONNECTION_REFUSED @ http://localhost:8511/_stcore/host-config:0
[  535506ms] [ERROR] Failed to load resource: net::ERR_CONNECTION_REFUSED @ http://localhost:8511/_stcore/health:0
[  535506ms] [ERROR] Client Error in reaching server endpoint - No response received when attempting to reach /_stcore/health @ http://localhost:8511/static/js/index.D2ZqaFuW.js:16
[  535507ms] [ERROR] Is Streamlit still running? If you accidentally stopped Streamlit, just restart it in your terminal: @ http://localhost:8511/static/js/index.D2ZqaFuW.js:21
[  535629ms] [ERROR] Failed to load resource: net::ERR_CONNECTION_REFUSED @ http://localhost:8511/_stcore/host-config:0
[  537513ms] [ERROR] Failed to load resource: net::ERR_CONNECTION_REFUSED @ http://localhost:8511/_stcore/health:0
[  537513ms] [ERROR] Client Error in reaching server endpoint - No response received when attempting to reach /_stcore/health @ http://localhost:8511/static/js/index.D2ZqaFuW.js:16
[  537513ms] [ERROR] Is Streamlit still running? If you accidentally stopped Streamlit, just restart it in your terminal: @ http://localhost:8511/static/js/index.D2ZqaFuW.js:21
[  537633ms] [ERROR] Failed to load resource: net::ERR_CONNECTION_REFUSED @ http://localhost:8511/_stcore/host-config:0
[  539517ms] [ERROR] Failed to load resource: net::ERR_CONNECTION_REFUSED @ http://localhost:8511/_stcore/health:0
[  539517ms] [ERROR] Client Error in reaching server endpoint - No response received when attempting to reach /_stcore/health @ http://localhost:8511/static/js/index.D2ZqaFuW.js:16
[  539518ms] [ERROR] Is Streamlit still running? If you accidentally stopped Streamlit, just restart it in your terminal: @ http://localhost:8511/static/js/index.D2ZqaFuW.js:21
[  539635ms] [ERROR] Failed to load resource: net::ERR_CONNECTION_REFUSED @ http://localhost:8511/_stcore/host-config:0
[  541525ms] [ERROR] Failed to load resource: net::ERR_CONNECTION_REFUSED @ http://localhost:8511/_stcore/health:0
[  541525ms] [ERROR] Client Error in reaching server endpoint - No response received when attempting to reach /_stcore/health @ http://localhost:8511/static/js/index.D2ZqaFuW.js:16
[  541525ms] [ERROR] Is Streamlit still running? If you accidentally stopped Streamlit, just restart it in your terminal: @ http://localhost:8511/static/js/index.D2ZqaFuW.js:21
[  541642ms] [ERROR] Failed to load resource: net::ERR_CONNECTION_REFUSED @ http://localhost:8511/_stcore/host-config:0
[  543531ms] [ERROR] Failed to load resource: net::ERR_CONNECTION_REFUSED @ http://localhost:8511/_stcore/health:0
[  543531ms] [ERROR] Client Error in reaching server endpoint - No response received when attempting to reach /_stcore/health @ http://localhost:8511/static/js/index.D2ZqaFuW.js:16
[  543531ms] [ERROR] Is Streamlit still running? If you accidentally stopped Streamlit, just restart it in your terminal: @ http://localhost:8511/static/js/index.D2ZqaFuW.js:21
[  543695ms] [ERROR] Failed to load resource: net::ERR_CONNECTION_REFUSED @ http://localhost:8511/_stcore/host-config:0
[  545539ms] [ERROR] Failed to load resource: net::ERR_CONNECTION_REFUSED @ http://localhost:8511/_stcore/health:0
[  545539ms] [ERROR] Client Error in reaching server endpoint - No response received when attempting to reach /_stcore/health @ http://localhost:8511/static/js/index.D2ZqaFuW.js:16
[  545539ms] [ERROR] Is Streamlit still running? If you accidentally stopped Streamlit, just restart it in your terminal: @ http://localhost:8511/static/js/index.D2ZqaFuW.js:21
[  545653ms] [ERROR] Failed to load resource: net::ERR_CONNECTION_REFUSED @ http://localhost:8511/_stcore/host-config:0
[  547546ms] [ERROR] Failed to load resource: net::ERR_CONNECTION_REFUSED @ http://localhost:8511/_stcore/health:0
[  547546ms] [ERROR] Client Error in reaching server endpoint - No response received when attempting to reach /_stcore/health @ http://localhost:8511/static/js/index.D2ZqaFuW.js:16
[  547546ms] [ERROR] Is Streamlit still running? If you accidentally stopped Streamlit, just restart it in your terminal: @ http://localhost:8511/static/js/index.D2ZqaFuW.js:21
[  547670ms] [ERROR] Failed to load resource: net::ERR_CONNECTION_REFUSED @ http://localhost:8511/_stcore/host-config:0
[  549555ms] [ERROR] Failed to load resource: net::ERR_CONNECTION_REFUSED @ http://localhost:8511/_stcore/health:0
[  549555ms] [ERROR] Client Error in reaching server endpoint - No response received when attempting to reach /_stcore/health @ http://localhost:8511/static/js/index.D2ZqaFuW.js:16
[  549555ms] [ERROR] Is Streamlit still running? If you accidentally stopped Streamlit, just restart it in your terminal: @ http://localhost:8511/static/js/index.D2ZqaFuW.js:21
[  549693ms] [ERROR] Failed to load resource: net::ERR_CONNECTION_REFUSED @ http://localhost:8511/_stcore/host-config:0
[  551562ms] [ERROR] Failed to load resource: net::ERR_CONNECTION_REFUSED @ http://localhost:8511/_stcore/health:0
[  551562ms] [ERROR] Client Error in reaching server endpoint - No response received when attempting to reach /_stcore/health @ http://localhost:8511/static/js/index.D2ZqaFuW.js:16
[  551562ms] [ERROR] Is Streamlit still running? If you accidentally stopped Streamlit, just restart it in your terminal: @ http://localhost:8511/static/js/index.D2ZqaFuW.js:21
[  551677ms] [ERROR] Failed to load resource: net::ERR_CONNECTION_REFUSED @ http://localhost:8511/_stcore/host-config:0
[  553573ms] [ERROR] Failed to load resource: net::ERR_CONNECTION_REFUSED @ http://localhost:8511/_stcore/health:0
[  553573ms] [ERROR] Client Error in reaching server endpoint - No response received when attempting to reach /_stcore/health @ http://localhost:8511/static/js/index.D2ZqaFuW.js:16
[  553573ms] [ERROR] Is Streamlit still running? If you accidentally stopped Streamlit, just restart it in your terminal: @ http://localhost:8511/static/js/index.D2ZqaFuW.js:21
[  553781ms] [ERROR] Failed to load resource: net::ERR_CONNECTION_REFUSED @ http://localhost:8511/_stcore/host-config:0
[  555581ms] [ERROR] Failed to load resource: net::ERR_CONNECTION_REFUSED @ http://localhost:8511/_stcore/health:0
[  555581ms] [ERROR] Client Error in reaching server endpoint - No response received when attempting to reach /_stcore/health @ http://localhost:8511/static/js/index.D2ZqaFuW.js:16
[  555581ms] [ERROR] Is Streamlit still running? If you accidentally stopped Streamlit, just restart it in your terminal: @ http://localhost:8511/static/js/index.D2ZqaFuW.js:21
[  555722ms] [ERROR] Failed to load resource: net::ERR_CONNECTION_REFUSED @ http://localhost:8511/_stcore/host-config:0
[  557588ms] [ERROR] Failed to load resource: net::ERR_CONNECTION_REFUSED @ http://localhost:8511/_stcore/health:0
[  557588ms] [ERROR] Client Error in reaching server endpoint - No response received when attempting to reach /_stcore/health @ http://localhost:8511/static/js/index.D2ZqaFuW.js:16
[  557588ms] [ERROR] Is Streamlit still running? If you accidentally stopped Streamlit, just restart it in your terminal: @ http://localhost:8511/static/js/index.D2ZqaFuW.js:21
[  557813ms] [ERROR] Failed to load resource: net::ERR_CONNECTION_REFUSED @ http://localhost:8511/_stcore/host-config:0
[  559617ms] [ERROR] Failed to load resource: net::ERR_CONNECTION_REFUSED @ http://localhost:8511/_stcore/health:0
[  559617ms] [ERROR] Client Error in reaching server endpoint - No response received when attempting to reach /_stcore/health @ http://localhost:8511/static/js/index.D2ZqaFuW.js:16
[  559617ms] [ERROR] Is Streamlit still running? If you accidentally stopped Streamlit, just restart it in your terminal: @ http://localhost:8511/static/js/index.D2ZqaFuW.js:21
[  559810ms] [ERROR] Failed to load resource: net::ERR_CONNECTION_REFUSED @ http://localhost:8511/_stcore/host-config:0
[  561622ms] [ERROR] Failed to load resource: net::ERR_CONNECTION_REFUSED @ http://localhost:8511/_stcore/health:0
[  561622ms] [ERROR] Client Error in reaching server endpoint - No response received when attempting to reach /_stcore/health @ http://localhost:8511/static/js/index.D2ZqaFuW.js:16
[  561623ms] [ERROR] Is Streamlit still running? If you accidentally stopped Streamlit, just restart it in your terminal: @ http://localhost:8511/static/js/index.D2ZqaFuW.js:21
[  561750ms] [ERROR] Failed to load resource: net::ERR_CONNECTION_REFUSED @ http://localhost:8511/_stcore/host-config:0
[  563628ms] [ERROR] Failed to load resource: net::ERR_CONNECTION_REFUSED @ http://localhost:8511/_stcore/health:0
[  563628ms] [ERROR] Client Error in reaching server endpoint - No response received when attempting to reach /_stcore/health @ http://localhost:8511/static/js/index.D2ZqaFuW.js:16
[  563628ms] [ERROR] Is Streamlit still running? If you accidentally stopped Streamlit, just restart it in your terminal: @ http://localhost:8511/static/js/index.D2ZqaFuW.js:21
[  563784ms] [ERROR] Failed to load resource: net::ERR_CONNECTION_REFUSED @ http://localhost:8511/_stcore/host-config:0
[  565636ms] [ERROR] Failed to load resource: net::ERR_CONNECTION_REFUSED @ http://localhost:8511/_stcore/health:0
[  565636ms] [ERROR] Client Error in reaching server endpoint - No response received when attempting to reach /_stcore/health @ http://localhost:8511/static/js/index.D2ZqaFuW.js:16
[  565636ms] [ERROR] Is Streamlit still running? If you accidentally stopped Streamlit, just restart it in your terminal: @ http://localhost:8511/static/js/index.D2ZqaFuW.js:21
[  565755ms] [ERROR] Failed to load resource: net::ERR_CONNECTION_REFUSED @ http://localhost:8511/_stcore/host-config:0
[  567643ms] [ERROR] Failed to load resource: net::ERR_CONNECTION_REFUSED @ http://localhost:8511/_stcore/health:0
[  567643ms] [ERROR] Client Error in reaching server endpoint - No response received when attempting to reach /_stcore/health @ http://localhost:8511/static/js/index.D2ZqaFuW.js:16
[  567643ms] [ERROR] Is Streamlit still running? If you accidentally stopped Streamlit, just restart it in your terminal: @ http://localhost:8511/static/js/index.D2ZqaFuW.js:21
[  567781ms] [ERROR] Failed to load resource: net::ERR_CONNECTION_REFUSED @ http://localhost:8511/_stcore/host-config:0
[  569698ms] [ERROR] Failed to load resource: net::ERR_CONNECTION_REFUSED @ http://localhost:8511/_stcore/health:0
[  569698ms] [ERROR] Client Error in reaching server endpoint - No response received when attempting to reach /_stcore/health @ http://localhost:8511/static/js/index.D2ZqaFuW.js:16
[  569698ms] [ERROR] Is Streamlit still running? If you accidentally stopped Streamlit, just restart it in your terminal: @ http://localhost:8511/static/js/index.D2ZqaFuW.js:21
[  569699ms] [ERROR] Failed to load resource: net::ERR_CONNECTION_REFUSED @ http://localhost:8511/_stcore/host-config:0
[  571706ms] [ERROR] Failed to load resource: net::ERR_CONNECTION_REFUSED @ http://localhost:8511/_stcore/health:0
[  571706ms] [ERROR] Client Error in reaching server endpoint - No response received when attempting to reach /_stcore/health @ http://localhost:8511/static/js/index.D2ZqaFuW.js:16
[  571706ms] [ERROR] Is Streamlit still running? If you accidentally stopped Streamlit, just restart it in your terminal: @ http://localhost:8511/static/js/index.D2ZqaFuW.js:21
[  571848ms] [ERROR] Failed to load resource: net::ERR_CONNECTION_REFUSED @ http://localhost:8511/_stcore/host-config:0
[  573721ms] [ERROR] Failed to load resource: net::ERR_CONNECTION_REFUSED @ http://localhost:8511/_stcore/health:0
[  573721ms] [ERROR] Client Error in reaching server endpoint - No response received when attempting to reach /_stcore/health @ http://localhost:8511/static/js/index.D2ZqaFuW.js:16
[  573722ms] [ERROR] Is Streamlit still running? If you accidentally stopped Streamlit, just restart it in your terminal: @ http://localhost:8511/static/js/index.D2ZqaFuW.js:21
[  574240ms] [ERROR] Failed to load resource: net::ERR_CONNECTION_REFUSED @ http://localhost:8511/_stcore/host-config:0
[  575728ms] [ERROR] Failed to load resource: net::ERR_CONNECTION_REFUSED @ http://localhost:8511/_stcore/health:0
[  575729ms] [ERROR] Client Error in reaching server endpoint - No response received when attempting to reach /_stcore/health @ http://localhost:8511/static/js/index.D2ZqaFuW.js:16
[  575729ms] [ERROR] Is Streamlit still running? If you accidentally stopped Streamlit, just restart it in your terminal: @ http://localhost:8511/static/js/index.D2ZqaFuW.js:21
[  575845ms] [ERROR] Failed to load resource: net::ERR_CONNECTION_REFUSED @ http://localhost:8511/_stcore/host-config:0
[  577738ms] [ERROR] Failed to load resource: net::ERR_CONNECTION_REFUSED @ http://localhost:8511/_stcore/health:0
[  577738ms] [ERROR] Client Error in reaching server endpoint - No response received when attempting to reach /_stcore/health @ http://localhost:8511/static/js/index.D2ZqaFuW.js:16
[  577738ms] [ERROR] Is Streamlit still running? If you accidentally stopped Streamlit, just restart it in your terminal: @ http://localhost:8511/static/js/index.D2ZqaFuW.js:21
[  577876ms] [ERROR] Failed to load resource: net::ERR_CONNECTION_REFUSED @ http://localhost:8511/_stcore/host-config:0
[  579744ms] [ERROR] Failed to load resource: net::ERR_CONNECTION_REFUSED @ http://localhost:8511/_stcore/health:0
[  579744ms] [ERROR] Client Error in reaching server endpoint - No response received when attempting to reach /_stcore/health @ http://localhost:8511/static/js/index.D2ZqaFuW.js:16
[  579744ms] [ERROR] Is Streamlit still running? If you accidentally stopped Streamlit, just restart it in your terminal: @ http://localhost:8511/static/js/index.D2ZqaFuW.js:21
[  580040ms] [ERROR] Failed to load resource: net::ERR_CONNECTION_REFUSED @ http://localhost:8511/_stcore/host-config:0
[  581748ms] [ERROR] Failed to load resource: net::ERR_CONNECTION_REFUSED @ http://localhost:8511/_stcore/health:0
[  581748ms] [ERROR] Client Error in reaching server endpoint - No response received when attempting to reach /_stcore/health @ http://localhost:8511/static/js/index.D2ZqaFuW.js:16
[  581748ms] [ERROR] Is Streamlit still running? If you accidentally stopped Streamlit, just restart it in your terminal: @ http://localhost:8511/static/js/index.D2ZqaFuW.js:21
[  581891ms] [ERROR] Failed to load resource: net::ERR_CONNECTION_REFUSED @ http://localhost:8511/_stcore/host-config:0
[  583756ms] [ERROR] Failed to load resource: net::ERR_CONNECTION_REFUSED @ http://localhost:8511/_stcore/health:0
[  583757ms] [ERROR] Client Error in reaching server endpoint - No response received when attempting to reach /_stcore/health @ http://localhost:8511/static/js/index.D2ZqaFuW.js:16
[  583757ms] [ERROR] Is Streamlit still running? If you accidentally stopped Streamlit, just restart it in your terminal: @ http://localhost:8511/static/js/index.D2ZqaFuW.js:21
[  583907ms] [ERROR] Failed to load resource: net::ERR_CONNECTION_REFUSED @ http://localhost:8511/_stcore/host-config:0
[  585764ms] [ERROR] Failed to load resource: net::ERR_CONNECTION_REFUSED @ http://localhost:8511/_stcore/health:0
[  585764ms] [ERROR] Client Error in reaching server endpoint - No response received when attempting to reach /_stcore/health @ http://localhost:8511/static/js/index.D2ZqaFuW.js:16
[  585764ms] [ERROR] Is Streamlit still running? If you accidentally stopped Streamlit, just restart it in your terminal: @ http://localhost:8511/static/js/index.D2ZqaFuW.js:21
[  585882ms] [ERROR] Failed to load resource: net::ERR_CONNECTION_REFUSED @ http://localhost:8511/_stcore/host-config:0
[  587771ms] [ERROR] Failed to load resource: net::ERR_CONNECTION_REFUSED @ http://localhost:8511/_stcore/health:0
[  587771ms] [ERROR] Client Error in reaching server endpoint - No response received when attempting to reach /_stcore/health @ http://localhost:8511/static/js/index.D2ZqaFuW.js:16
[  587771ms] [ERROR] Is Streamlit still running? If you accidentally stopped Streamlit, just restart it in your terminal: @ http://localhost:8511/static/js/index.D2ZqaFuW.js:21
[  587891ms] [ERROR] Failed to load resource: net::ERR_CONNECTION_REFUSED @ http://localhost:8511/_stcore/host-config:0
[  589780ms] [ERROR] Failed to load resource: net::ERR_CONNECTION_REFUSED @ http://localhost:8511/_stcore/health:0
[  589780ms] [ERROR] Client Error in reaching server endpoint - No response received when attempting to reach /_stcore/health @ http://localhost:8511/static/js/index.D2ZqaFuW.js:16
[  589781ms] [ERROR] Is Streamlit still running? If you accidentally stopped Streamlit, just restart it in your terminal: @ http://localhost:8511/static/js/index.D2ZqaFuW.js:21
[  589947ms] [ERROR] Failed to load resource: net::ERR_CONNECTION_REFUSED @ http://localhost:8511/_stcore/host-config:0
[  591789ms] [ERROR] Failed to load resource: net::ERR_CONNECTION_REFUSED @ http://localhost:8511/_stcore/health:0
[  591789ms] [ERROR] Client Error in reaching server endpoint - No response received when attempting to reach /_stcore/health @ http://localhost:8511/static/js/index.D2ZqaFuW.js:16
[  591789ms] [ERROR] Is Streamlit still running? If you accidentally stopped Streamlit, just restart it in your terminal: @ http://localhost:8511/static/js/index.D2ZqaFuW.js:21
[  591913ms] [ERROR] Failed to load resource: net::ERR_CONNECTION_REFUSED @ http://localhost:8511/_stcore/host-config:0
[  593795ms] [ERROR] Failed to load resource: net::ERR_CONNECTION_REFUSED @ http://localhost:8511/_stcore/health:0
[  593795ms] [ERROR] Client Error in reaching server endpoint - No response received when attempting to reach /_stcore/health @ http://localhost:8511/static/js/index.D2ZqaFuW.js:16
[  593795ms] [ERROR] Is Streamlit still running? If you accidentally stopped Streamlit, just restart it in your terminal: @ http://localhost:8511/static/js/index.D2ZqaFuW.js:21
[  594044ms] [ERROR] Failed to load resource: net::ERR_CONNECTION_REFUSED @ http://localhost:8511/_stcore/host-config:0
[  595804ms] [ERROR] Failed to load resource: net::ERR_CONNECTION_REFUSED @ http://localhost:8511/_stcore/health:0
[  595804ms] [ERROR] Client Error in reaching server endpoint - No response received when attempting to reach /_stcore/health @ http://localhost:8511/static/js/index.D2ZqaFuW.js:16
[  595805ms] [ERROR] Is Streamlit still running? If you accidentally stopped Streamlit, just restart it in your terminal: @ http://localhost:8511/static/js/index.D2ZqaFuW.js:21
[  595924ms] [ERROR] Failed to load resource: net::ERR_CONNECTION_REFUSED @ http://localhost:8511/_stcore/host-config:0
[  597814ms] [ERROR] Failed to load resource: net::ERR_CONNECTION_REFUSED @ http://localhost:8511/_stcore/host-config:0
[  597814ms] [ERROR] Client Error in reaching server endpoint - No response received when attempting to reach /_stcore/host-config @ http://localhost:8511/static/js/index.D2ZqaFuW.js:16
[  597814ms] [ERROR] Is Streamlit still running? If you accidentally stopped Streamlit, just restart it in your terminal: @ http://localhost:8511/static/js/index.D2ZqaFuW.js:21
[  597934ms] [ERROR] Failed to load resource: net::ERR_CONNECTION_REFUSED @ http://localhost:8511/_stcore/health:0
[  599820ms] [ERROR] Failed to load resource: net::ERR_CONNECTION_REFUSED @ http://localhost:8511/_stcore/health:0
[  599820ms] [ERROR] Client Error in reaching server endpoint - No response received when attempting to reach /_stcore/health @ http://localhost:8511/static/js/index.D2ZqaFuW.js:16
[  599821ms] [ERROR] Is Streamlit still running? If you accidentally stopped Streamlit, just restart it in your terminal: @ http://localhost:8511/static/js/index.D2ZqaFuW.js:21
[  600017ms] [ERROR] Failed to load resource: net::ERR_CONNECTION_REFUSED @ http://localhost:8511/_stcore/host-config:0
[  601827ms] [ERROR] Failed to load resource: net::ERR_CONNECTION_REFUSED @ http://localhost:8511/_stcore/health:0
[  601828ms] [ERROR] Client Error in reaching server endpoint - No response received when attempting to reach /_stcore/health @ http://localhost:8511/static/js/index.D2ZqaFuW.js:16
[  601828ms] [ERROR] Is Streamlit still running? If you accidentally stopped Streamlit, just restart it in your terminal: @ http://localhost:8511/static/js/index.D2ZqaFuW.js:21
[  601948ms] [ERROR] Failed to load resource: net::ERR_CONNECTION_REFUSED @ http://localhost:8511/_stcore/host-config:0
[  603835ms] [ERROR] Failed to load resource: net::ERR_CONNECTION_REFUSED @ http://localhost:8511/_stcore/health:0
[  603836ms] [ERROR] Client Error in reaching server endpoint - No response received when attempting to reach /_stcore/health @ http://localhost:8511/static/js/index.D2ZqaFuW.js:16
[  603836ms] [ERROR] Is Streamlit still running? If you accidentally stopped Streamlit, just restart it in your terminal: @ http://localhost:8511/static/js/index.D2ZqaFuW.js:21
[  603982ms] [ERROR] Failed to load resource: net::ERR_CONNECTION_REFUSED @ http://localhost:8511/_stcore/host-config:0
[  605845ms] [ERROR] Failed to load resource: net::ERR_CONNECTION_REFUSED @ http://localhost:8511/_stcore/health:0
[  605845ms] [ERROR] Client Error in reaching server endpoint - No response received when attempting to reach /_stcore/health @ http://localhost:8511/static/js/index.D2ZqaFuW.js:16
[  605845ms] [ERROR] Is Streamlit still running? If you accidentally stopped Streamlit, just restart it in your terminal: @ http://localhost:8511/static/js/index.D2ZqaFuW.js:21
[  605964ms] [ERROR] Failed to load resource: net::ERR_CONNECTION_REFUSED @ http://localhost:8511/_stcore/host-config:0
[  607855ms] [ERROR] Failed to load resource: net::ERR_CONNECTION_REFUSED @ http://localhost:8511/_stcore/health:0
[  607855ms] [ERROR] Client Error in reaching server endpoint - No response received when attempting to reach /_stcore/health @ http://localhost:8511/static/js/index.D2ZqaFuW.js:16
[  607855ms] [ERROR] Is Streamlit still running? If you accidentally stopped Streamlit, just restart it in your terminal: @ http://localhost:8511/static/js/index.D2ZqaFuW.js:21
[  607993ms] [ERROR] Failed to load resource: net::ERR_CONNECTION_REFUSED @ http://localhost:8511/_stcore/host-config:0
[  609862ms] [ERROR] Failed to load resource: net::ERR_CONNECTION_REFUSED @ http://localhost:8511/_stcore/health:0
[  609862ms] [ERROR] Client Error in reaching server endpoint - No response received when attempting to reach /_stcore/health @ http://localhost:8511/static/js/index.D2ZqaFuW.js:16
[  609862ms] [ERROR] Is Streamlit still running? If you accidentally stopped Streamlit, just restart it in your terminal: @ http://localhost:8511/static/js/index.D2ZqaFuW.js:21
[  610002ms] [ERROR] Failed to load resource: net::ERR_CONNECTION_REFUSED @ http://localhost:8511/_stcore/host-config:0
[  611869ms] [ERROR] Failed to load resource: net::ERR_CONNECTION_REFUSED @ http://localhost:8511/_stcore/host-config:0
[  611869ms] [ERROR] Client Error in reaching server endpoint - No response received when attempting to reach /_stcore/host-config @ http://localhost:8511/static/js/index.D2ZqaFuW.js:16
[  611869ms] [ERROR] Is Streamlit still running? If you accidentally stopped Streamlit, just restart it in your terminal: @ http://localhost:8511/static/js/index.D2ZqaFuW.js:21
[  611989ms] [ERROR] Failed to load resource: net::ERR_CONNECTION_REFUSED @ http://localhost:8511/_stcore/health:0
[  613877ms] [ERROR] Failed to load resource: net::ERR_CONNECTION_REFUSED @ http://localhost:8511/_stcore/health:0
[  613877ms] [ERROR] Client Error in reaching server endpoint - No response received when attempting to reach /_stcore/health @ http://localhost:8511/static/js/index.D2ZqaFuW.js:16
[  613878ms] [ERROR] Is Streamlit still running? If you accidentally stopped Streamlit, just restart it in your terminal: @ http://localhost:8511/static/js/index.D2ZqaFuW.js:21
[  614023ms] [ERROR] Failed to load resource: net::ERR_CONNECTION_REFUSED @ http://localhost:8511/_stcore/host-config:0
[  615883ms] [ERROR] Failed to load resource: net::ERR_CONNECTION_REFUSED @ http://localhost:8511/_stcore/health:0
[  615883ms] [ERROR] Client Error in reaching server endpoint - No response received when attempting to reach /_stcore/health @ http://localhost:8511/static/js/index.D2ZqaFuW.js:16
[  615883ms] [ERROR] Is Streamlit still running? If you accidentally stopped Streamlit, just restart it in your terminal: @ http://localhost:8511/static/js/index.D2ZqaFuW.js:21
[  615990ms] [ERROR] Failed to load resource: net::ERR_CONNECTION_REFUSED @ http://localhost:8511/_stcore/host-config:0
[  617888ms] [ERROR] Failed to load resource: net::ERR_CONNECTION_REFUSED @ http://localhost:8511/_stcore/health:0
[  617888ms] [ERROR] Client Error in reaching server endpoint - No response received when attempting to reach /_stcore/health @ http://localhost:8511/static/js/index.D2ZqaFuW.js:16
[  617888ms] [ERROR] Is Streamlit still running? If you accidentally stopped Streamlit, just restart it in your terminal: @ http://localhost:8511/static/js/index.D2ZqaFuW.js:21
[  618006ms] [ERROR] Failed to load resource: net::ERR_CONNECTION_REFUSED @ http://localhost:8511/_stcore/host-config:0
[  619899ms] [ERROR] Failed to load resource: net::ERR_CONNECTION_REFUSED @ http://localhost:8511/_stcore/host-config:0
[  619899ms] [ERROR] Client Error in reaching server endpoint - No response received when attempting to reach /_stcore/host-config @ http://localhost:8511/static/js/index.D2ZqaFuW.js:16
[  619899ms] [ERROR] Is Streamlit still running? If you accidentally stopped Streamlit, just restart it in your terminal: @ http://localhost:8511/static/js/index.D2ZqaFuW.js:21
[  620036ms] [ERROR] Failed to load resource: net::ERR_CONNECTION_REFUSED @ http://localhost:8511/_stcore/health:0
[  621906ms] [ERROR] Failed to load resource: net::ERR_CONNECTION_REFUSED @ http://localhost:8511/_stcore/health:0
[  621906ms] [ERROR] Client Error in reaching server endpoint - No response received when attempting to reach /_stcore/health @ http://localhost:8511/static/js/index.D2ZqaFuW.js:16
[  621906ms] [ERROR] Is Streamlit still running? If you accidentally stopped Streamlit, just restart it in your terminal: @ http://localhost:8511/static/js/index.D2ZqaFuW.js:21
[  622031ms] [ERROR] Failed to load resource: net::ERR_CONNECTION_REFUSED @ http://localhost:8511/_stcore/host-config:0
[  623913ms] [ERROR] Failed to load resource: net::ERR_CONNECTION_REFUSED @ http://localhost:8511/_stcore/health:0
[  623913ms] [ERROR] Client Error in reaching server endpoint - No response received when attempting to reach /_stcore/health @ http://localhost:8511/static/js/index.D2ZqaFuW.js:16
[  623914ms] [ERROR] Is Streamlit still running? If you accidentally stopped Streamlit, just restart it in your terminal: @ http://localhost:8511/static/js/index.D2ZqaFuW.js:21
[  624048ms] [ERROR] Failed to load resource: net::ERR_CONNECTION_REFUSED @ http://localhost:8511/_stcore/host-config:0
[  625919ms] [ERROR] Failed to load resource: net::ERR_CONNECTION_REFUSED @ http://localhost:8511/_stcore/health:0
[  625919ms] [ERROR] Client Error in reaching server endpoint - No response received when attempting to reach /_stcore/health @ http://localhost:8511/static/js/index.D2ZqaFuW.js:16
[  625919ms] [ERROR] Is Streamlit still running? If you accidentally stopped Streamlit, just restart it in your terminal: @ http://localhost:8511/static/js/index.D2ZqaFuW.js:21
[  626041ms] [ERROR] Failed to load resource: net::ERR_CONNECTION_REFUSED @ http://localhost:8511/_stcore/host-config:0
[  627927ms] [ERROR] Failed to load resource: net::ERR_CONNECTION_REFUSED @ http://localhost:8511/_stcore/health:0
[  627927ms] [ERROR] Client Error in reaching server endpoint - No response received when attempting to reach /_stcore/health @ http://localhost:8511/static/js/index.D2ZqaFuW.js:16
[  627927ms] [ERROR] Is Streamlit still running? If you accidentally stopped Streamlit, just restart it in your terminal: @ http://localhost:8511/static/js/index.D2ZqaFuW.js:21
[  628045ms] [ERROR] Failed to load resource: net::ERR_CONNECTION_REFUSED @ http://localhost:8511/_stcore/host-config:0
[  629932ms] [ERROR] Failed to load resource: net::ERR_CONNECTION_REFUSED @ http://localhost:8511/_stcore/health:0
[  629932ms] [ERROR] Client Error in reaching server endpoint - No response received when attempting to reach /_stcore/health @ http://localhost:8511/static/js/index.D2ZqaFuW.js:16
[  629932ms] [ERROR] Is Streamlit still running? If you accidentally stopped Streamlit, just restart it in your terminal: @ http://localhost:8511/static/js/index.D2ZqaFuW.js:21
[  630079ms] [ERROR] Failed to load resource: net::ERR_CONNECTION_REFUSED @ http://localhost:8511/_stcore/host-config:0
[  631939ms] [ERROR] Failed to load resource: net::ERR_CONNECTION_REFUSED @ http://localhost:8511/_stcore/health:0
[  631939ms] [ERROR] Client Error in reaching server endpoint - No response received when attempting to reach /_stcore/health @ http://localhost:8511/static/js/index.D2ZqaFuW.js:16
[  631939ms] [ERROR] Is Streamlit still running? If you accidentally stopped Streamlit, just restart it in your terminal: @ http://localhost:8511/static/js/index.D2ZqaFuW.js:21
[  632057ms] [ERROR] Failed to load resource: net::ERR_CONNECTION_REFUSED @ http://localhost:8511/_stcore/host-config:0
[  633946ms] [ERROR] Failed to load resource: net::ERR_CONNECTION_REFUSED @ http://localhost:8511/_stcore/health:0
[  633946ms] [ERROR] Client Error in reaching server endpoint - No response received when attempting to reach /_stcore/health @ http://localhost:8511/static/js/index.D2ZqaFuW.js:16
[  633947ms] [ERROR] Is Streamlit still running? If you accidentally stopped Streamlit, just restart it in your terminal: @ http://localhost:8511/static/js/index.D2ZqaFuW.js:21
[  634540ms] [ERROR] Failed to load resource: net::ERR_CONNECTION_REFUSED @ http://localhost:8511/_stcore/host-config:0
[  635957ms] [ERROR] Failed to load resource: net::ERR_CONNECTION_REFUSED @ http://localhost:8511/_stcore/health:0
[  635957ms] [ERROR] Client Error in reaching server endpoint - No response received when attempting to reach /_stcore/health @ http://localhost:8511/static/js/index.D2ZqaFuW.js:16
[  635957ms] [ERROR] Is Streamlit still running? If you accidentally stopped Streamlit, just restart it in your terminal: @ http://localhost:8511/static/js/index.D2ZqaFuW.js:21
[  636150ms] [ERROR] Failed to load resource: net::ERR_CONNECTION_REFUSED @ http://localhost:8511/_stcore/host-config:0
[  637962ms] [ERROR] Failed to load resource: net::ERR_CONNECTION_REFUSED @ http://localhost:8511/_stcore/health:0
[  637963ms] [ERROR] Client Error in reaching server endpoint - No response received when attempting to reach /_stcore/health @ http://localhost:8511/static/js/index.D2ZqaFuW.js:16
[  637963ms] [ERROR] Is Streamlit still running? If you accidentally stopped Streamlit, just restart it in your terminal: @ http://localhost:8511/static/js/index.D2ZqaFuW.js:21
[  638467ms] [ERROR] Failed to load resource: net::ERR_CONNECTION_REFUSED @ http://localhost:8511/_stcore/host-config:0
[  639967ms] [ERROR] Failed to load resource: net::ERR_CONNECTION_REFUSED @ http://localhost:8511/_stcore/health:0
[  639967ms] [ERROR] Client Error in reaching server endpoint - No response received when attempting to reach /_stcore/health @ http://localhost:8511/static/js/index.D2ZqaFuW.js:16
[  639967ms] [ERROR] Is Streamlit still running? If you accidentally stopped Streamlit, just restart it in your terminal: @ http://localhost:8511/static/js/index.D2ZqaFuW.js:21
[  640099ms] [ERROR] Failed to load resource: net::ERR_CONNECTION_REFUSED @ http://localhost:8511/_stcore/host-config:0
[  641976ms] [ERROR] Failed to load resource: net::ERR_CONNECTION_REFUSED @ http://localhost:8511/_stcore/host-config:0
[  641976ms] [ERROR] Client Error in reaching server endpoint - No response received when attempting to reach /_stcore/host-config @ http://localhost:8511/static/js/index.D2ZqaFuW.js:16
[  641976ms] [ERROR] Is Streamlit still running? If you accidentally stopped Streamlit, just restart it in your terminal: @ http://localhost:8511/static/js/index.D2ZqaFuW.js:21
[  641977ms] [ERROR] Failed to load resource: net::ERR_CONNECTION_REFUSED @ http://localhost:8511/_stcore/health:0
[  643981ms] [ERROR] Failed to load resource: net::ERR_CONNECTION_REFUSED @ http://localhost:8511/_stcore/host-config:0
[  643981ms] [ERROR] Client Error in reaching server endpoint - No response received when attempting to reach /_stcore/host-config @ http://localhost:8511/static/js/index.D2ZqaFuW.js:16
[  643982ms] [ERROR] Is Streamlit still running? If you accidentally stopped Streamlit, just restart it in your terminal: @ http://localhost:8511/static/js/index.D2ZqaFuW.js:21
[  644109ms] [ERROR] Failed to load resource: net::ERR_CONNECTION_REFUSED @ http://localhost:8511/_stcore/health:0
[  645990ms] [ERROR] Failed to load resource: net::ERR_CONNECTION_REFUSED @ http://localhost:8511/_stcore/health:0
[  645990ms] [ERROR] Client Error in reaching server endpoint - No response received when attempting to reach /_stcore/health @ http://localhost:8511/static/js/index.D2ZqaFuW.js:16
[  645990ms] [ERROR] Is Streamlit still running? If you accidentally stopped Streamlit, just restart it in your terminal: @ http://localhost:8511/static/js/index.D2ZqaFuW.js:21
[  646102ms] [ERROR] Failed to load resource: net::ERR_CONNECTION_REFUSED @ http://localhost:8511/_stcore/host-config:0
[  647997ms] [ERROR] Failed to load resource: net::ERR_CONNECTION_REFUSED @ http://localhost:8511/_stcore/health:0
[  647997ms] [ERROR] Client Error in reaching server endpoint - No response received when attempting to reach /_stcore/health @ http://localhost:8511/static/js/index.D2ZqaFuW.js:16
[  647997ms] [ERROR] Is Streamlit still running? If you accidentally stopped Streamlit, just restart it in your terminal: @ http://localhost:8511/static/js/index.D2ZqaFuW.js:21
[  648112ms] [ERROR] Failed to load resource: net::ERR_CONNECTION_REFUSED @ http://localhost:8511/_stcore/host-config:0
[  650004ms] [ERROR] Failed to load resource: net::ERR_CONNECTION_REFUSED @ http://localhost:8511/_stcore/health:0
[  650004ms] [ERROR] Client Error in reaching server endpoint - No response received when attempting to reach /_stcore/health @ http://localhost:8511/static/js/index.D2ZqaFuW.js:16
[  650004ms] [ERROR] Is Streamlit still running? If you accidentally stopped Streamlit, just restart it in your terminal: @ http://localhost:8511/static/js/index.D2ZqaFuW.js:21
[  650130ms] [ERROR] Failed to load resource: net::ERR_CONNECTION_REFUSED @ http://localhost:8511/_stcore/host-config:0
[  652012ms] [ERROR] Failed to load resource: net::ERR_CONNECTION_REFUSED @ http://localhost:8511/_stcore/health:0
[  652012ms] [ERROR] Client Error in reaching server endpoint - No response received when attempting to reach /_stcore/health @ http://localhost:8511/static/js/index.D2ZqaFuW.js:16
[  652012ms] [ERROR] Is Streamlit still running? If you accidentally stopped Streamlit, just restart it in your terminal: @ http://localhost:8511/static/js/index.D2ZqaFuW.js:21
[  652135ms] [ERROR] Failed to load resource: net::ERR_CONNECTION_REFUSED @ http://localhost:8511/_stcore/host-config:0
[  654020ms] [ERROR] Failed to load resource: net::ERR_CONNECTION_REFUSED @ http://localhost:8511/_stcore/health:0
[  654020ms] [ERROR] Client Error in reaching server endpoint - No response received when attempting to reach /_stcore/health @ http://localhost:8511/static/js/index.D2ZqaFuW.js:16
[  654020ms] [ERROR] Is Streamlit still running? If you accidentally stopped Streamlit, just restart it in your terminal: @ http://localhost:8511/static/js/index.D2ZqaFuW.js:21
[  654150ms] [ERROR] Failed to load resource: net::ERR_CONNECTION_REFUSED @ http://localhost:8511/_stcore/host-config:0
[  656038ms] [ERROR] Failed to load resource: net::ERR_CONNECTION_REFUSED @ http://localhost:8511/_stcore/health:0
[  656038ms] [ERROR] Client Error in reaching server endpoint - No response received when attempting to reach /_stcore/health @ http://localhost:8511/static/js/index.D2ZqaFuW.js:16
[  656038ms] [ERROR] Is Streamlit still running? If you accidentally stopped Streamlit, just restart it in your terminal: @ http://localhost:8511/static/js/index.D2ZqaFuW.js:21
[  656197ms] [ERROR] Failed to load resource: net::ERR_CONNECTION_REFUSED @ http://localhost:8511/_stcore/host-config:0
[  658047ms] [ERROR] Failed to load resource: net::ERR_CONNECTION_REFUSED @ http://localhost:8511/_stcore/health:0
[  658047ms] [ERROR] Client Error in reaching server endpoint - No response received when attempting to reach /_stcore/health @ http://localhost:8511/static/js/index.D2ZqaFuW.js:16
[  658047ms] [ERROR] Is Streamlit still running? If you accidentally stopped Streamlit, just restart it in your terminal: @ http://localhost:8511/static/js/index.D2ZqaFuW.js:21
[  658160ms] [ERROR] Failed to load resource: net::ERR_CONNECTION_REFUSED @ http://localhost:8511/_stcore/host-config:0
[  660055ms] [ERROR] Failed to load resource: net::ERR_CONNECTION_REFUSED @ http://localhost:8511/_stcore/health:0
[  660055ms] [ERROR] Client Error in reaching server endpoint - No response received when attempting to reach /_stcore/health @ http://localhost:8511/static/js/index.D2ZqaFuW.js:16
[  660055ms] [ERROR] Is Streamlit still running? If you accidentally stopped Streamlit, just restart it in your terminal: @ http://localhost:8511/static/js/index.D2ZqaFuW.js:21
[  660236ms] [ERROR] Failed to load resource: net::ERR_CONNECTION_REFUSED @ http://localhost:8511/_stcore/host-config:0
[  662062ms] [ERROR] Failed to load resource: net::ERR_CONNECTION_REFUSED @ http://localhost:8511/_stcore/health:0
[  662062ms] [ERROR] Client Error in reaching server endpoint - No response received when attempting to reach /_stcore/health @ http://localhost:8511/static/js/index.D2ZqaFuW.js:16
[  662063ms] [ERROR] Is Streamlit still running? If you accidentally stopped Streamlit, just restart it in your terminal: @ http://localhost:8511/static/js/index.D2ZqaFuW.js:21
[  662185ms] [ERROR] Failed to load resource: net::ERR_CONNECTION_REFUSED @ http://localhost:8511/_stcore/host-config:0
[  664073ms] [ERROR] Failed to load resource: net::ERR_CONNECTION_REFUSED @ http://localhost:8511/_stcore/health:0
[  664073ms] [ERROR] Client Error in reaching server endpoint - No response received when attempting to reach /_stcore/health @ http://localhost:8511/static/js/index.D2ZqaFuW.js:16
[  664073ms] [ERROR] Is Streamlit still running? If you accidentally stopped Streamlit, just restart it in your terminal: @ http://localhost:8511/static/js/index.D2ZqaFuW.js:21
[  664219ms] [ERROR] Failed to load resource: net::ERR_CONNECTION_REFUSED @ http://localhost:8511/_stcore/host-config:0
[  666078ms] [ERROR] Failed to load resource: net::ERR_CONNECTION_REFUSED @ http://localhost:8511/_stcore/health:0
[  666079ms] [ERROR] Client Error in reaching server endpoint - No response received when attempting to reach /_stcore/health @ http://localhost:8511/static/js/index.D2ZqaFuW.js:16
[  666079ms] [ERROR] Is Streamlit still running? If you accidentally stopped Streamlit, just restart it in your terminal: @ http://localhost:8511/static/js/index.D2ZqaFuW.js:21
[  666192ms] [ERROR] Failed to load resource: net::ERR_CONNECTION_REFUSED @ http://localhost:8511/_stcore/host-config:0
[  668085ms] [ERROR] Failed to load resource: net::ERR_CONNECTION_REFUSED @ http://localhost:8511/_stcore/health:0
[  668085ms] [ERROR] Client Error in reaching server endpoint - No response received when attempting to reach /_stcore/health @ http://localhost:8511/static/js/index.D2ZqaFuW.js:16
[  668085ms] [ERROR] Is Streamlit still running? If you accidentally stopped Streamlit, just restart it in your terminal: @ http://localhost:8511/static/js/index.D2ZqaFuW.js:21
[  668201ms] [ERROR] Failed to load resource: net::ERR_CONNECTION_REFUSED @ http://localhost:8511/_stcore/host-config:0
[  670093ms] [ERROR] Failed to load resource: net::ERR_CONNECTION_REFUSED @ http://localhost:8511/_stcore/health:0
[  670093ms] [ERROR] Client Error in reaching server endpoint - No response received when attempting to reach /_stcore/health @ http://localhost:8511/static/js/index.D2ZqaFuW.js:16
[  670094ms] [ERROR] Is Streamlit still running? If you accidentally stopped Streamlit, just restart it in your terminal: @ http://localhost:8511/static/js/index.D2ZqaFuW.js:21
[  670224ms] [ERROR] Failed to load resource: net::ERR_CONNECTION_REFUSED @ http://localhost:8511/_stcore/host-config:0
[  672100ms] [ERROR] Failed to load resource: net::ERR_CONNECTION_REFUSED @ http://localhost:8511/_stcore/health:0
[  672100ms] [ERROR] Client Error in reaching server endpoint - No response received when attempting to reach /_stcore/health @ http://localhost:8511/static/js/index.D2ZqaFuW.js:16
[  672101ms] [ERROR] Is Streamlit still running? If you accidentally stopped Streamlit, just restart it in your terminal: @ http://localhost:8511/static/js/index.D2ZqaFuW.js:21
[  672214ms] [ERROR] Failed to load resource: net::ERR_CONNECTION_REFUSED @ http://localhost:8511/_stcore/host-config:0
[  674108ms] [ERROR] Failed to load resource: net::ERR_CONNECTION_REFUSED @ http://localhost:8511/_stcore/host-config:0
[  674108ms] [ERROR] Client Error in reaching server endpoint - No response received when attempting to reach /_stcore/host-config @ http://localhost:8511/static/js/index.D2ZqaFuW.js:16
[  674108ms] [ERROR] Is Streamlit still running? If you accidentally stopped Streamlit, just restart it in your terminal: @ http://localhost:8511/static/js/index.D2ZqaFuW.js:21
[  674233ms] [ERROR] Failed to load resource: net::ERR_CONNECTION_REFUSED @ http://localhost:8511/_stcore/health:0
[  676114ms] [ERROR] Failed to load resource: net::ERR_CONNECTION_REFUSED @ http://localhost:8511/_stcore/health:0
[  676115ms] [ERROR] Client Error in reaching server endpoint - No response received when attempting to reach /_stcore/health @ http://localhost:8511/static/js/index.D2ZqaFuW.js:16
[  676115ms] [ERROR] Is Streamlit still running? If you accidentally stopped Streamlit, just restart it in your terminal: @ http://localhost:8511/static/js/index.D2ZqaFuW.js:21
[  676223ms] [ERROR] Failed to load resource: net::ERR_CONNECTION_REFUSED @ http://localhost:8511/_stcore/host-config:0
[  678121ms] [ERROR] Failed to load resource: net::ERR_CONNECTION_REFUSED @ http://localhost:8511/_stcore/health:0
[  678121ms] [ERROR] Client Error in reaching server endpoint - No response received when attempting to reach /_stcore/health @ http://localhost:8511/static/js/index.D2ZqaFuW.js:16
[  678122ms] [ERROR] Is Streamlit still running? If you accidentally stopped Streamlit, just restart it in your terminal: @ http://localhost:8511/static/js/index.D2ZqaFuW.js:21
[  678229ms] [ERROR] Failed to load resource: net::ERR_CONNECTION_REFUSED @ http://localhost:8511/_stcore/host-config:0
[  680129ms] [ERROR] Failed to load resource: net::ERR_CONNECTION_REFUSED @ http://localhost:8511/_stcore/health:0
[  680129ms] [ERROR] Client Error in reaching server endpoint - No response received when attempting to reach /_stcore/health @ http://localhost:8511/static/js/index.D2ZqaFuW.js:16
[  680129ms] [ERROR] Is Streamlit still running? If you accidentally stopped Streamlit, just restart it in your terminal: @ http://localhost:8511/static/js/index.D2ZqaFuW.js:21
[  680252ms] [ERROR] Failed to load resource: net::ERR_CONNECTION_REFUSED @ http://localhost:8511/_stcore/host-config:0
[  682137ms] [ERROR] Failed to load resource: net::ERR_CONNECTION_REFUSED @ http://localhost:8511/_stcore/health:0
[  682138ms] [ERROR] Client Error in reaching server endpoint - No response received when attempting to reach /_stcore/health @ http://localhost:8511/static/js/index.D2ZqaFuW.js:16
[  682138ms] [ERROR] Is Streamlit still running? If you accidentally stopped Streamlit, just restart it in your terminal: @ http://localhost:8511/static/js/index.D2ZqaFuW.js:21
[  682251ms] [ERROR] Failed to load resource: net::ERR_CONNECTION_REFUSED @ http://localhost:8511/_stcore/host-config:0
[  684145ms] [ERROR] Failed to load resource: net::ERR_CONNECTION_REFUSED @ http://localhost:8511/_stcore/health:0
[  684146ms] [ERROR] Client Error in reaching server endpoint - No response received when attempting to reach /_stcore/health @ http://localhost:8511/static/js/index.D2ZqaFuW.js:16
[  684146ms] [ERROR] Is Streamlit still running? If you accidentally stopped Streamlit, just restart it in your terminal: @ http://localhost:8511/static/js/index.D2ZqaFuW.js:21
[  684278ms] [ERROR] Failed to load resource: net::ERR_CONNECTION_REFUSED @ http://localhost:8511/_stcore/host-config:0
[  686153ms] [ERROR] Failed to load resource: net::ERR_CONNECTION_REFUSED @ http://localhost:8511/_stcore/health:0
[  686153ms] [ERROR] Client Error in reaching server endpoint - No response received when attempting to reach /_stcore/health @ http://localhost:8511/static/js/index.D2ZqaFuW.js:16
[  686153ms] [ERROR] Is Streamlit still running? If you accidentally stopped Streamlit, just restart it in your terminal: @ http://localhost:8511/static/js/index.D2ZqaFuW.js:21
[  686261ms] [ERROR] Failed to load resource: net::ERR_CONNECTION_REFUSED @ http://localhost:8511/_stcore/host-config:0
[  688160ms] [ERROR] Failed to load resource: net::ERR_CONNECTION_REFUSED @ http://localhost:8511/_stcore/health:0
[  688160ms] [ERROR] Client Error in reaching server endpoint - No response received when attempting to reach /_stcore/health @ http://localhost:8511/static/js/index.D2ZqaFuW.js:16
[  688160ms] [ERROR] Is Streamlit still running? If you accidentally stopped Streamlit, just restart it in your terminal: @ http://localhost:8511/static/js/index.D2ZqaFuW.js:21
[  688284ms] [ERROR] Failed to load resource: net::ERR_CONNECTION_REFUSED @ http://localhost:8511/_stcore/host-config:0
[  690168ms] [ERROR] Failed to load resource: net::ERR_CONNECTION_REFUSED @ http://localhost:8511/_stcore/health:0
[  690168ms] [ERROR] Client Error in reaching server endpoint - No response received when attempting to reach /_stcore/health @ http://localhost:8511/static/js/index.D2ZqaFuW.js:16
[  690168ms] [ERROR] Is Streamlit still running? If you accidentally stopped Streamlit, just restart it in your terminal: @ http://localhost:8511/static/js/index.D2ZqaFuW.js:21
[  690287ms] [ERROR] Failed to load resource: net::ERR_CONNECTION_REFUSED @ http://localhost:8511/_stcore/host-config:0
[  692175ms] [ERROR] Failed to load resource: net::ERR_CONNECTION_REFUSED @ http://localhost:8511/_stcore/health:0
[  692175ms] [ERROR] Client Error in reaching server endpoint - No response received when attempting to reach /_stcore/health @ http://localhost:8511/static/js/index.D2ZqaFuW.js:16
[  692175ms] [ERROR] Is Streamlit still running? If you accidentally stopped Streamlit, just restart it in your terminal: @ http://localhost:8511/static/js/index.D2ZqaFuW.js:21
[  692286ms] [ERROR] Failed to load resource: net::ERR_CONNECTION_REFUSED @ http://localhost:8511/_stcore/host-config:0
[  694183ms] [ERROR] Failed to load resource: net::ERR_CONNECTION_REFUSED @ http://localhost:8511/_stcore/health:0
[  694183ms] [ERROR] Client Error in reaching server endpoint - No response received when attempting to reach /_stcore/health @ http://localhost:8511/static/js/index.D2ZqaFuW.js:16
[  694183ms] [ERROR] Is Streamlit still running? If you accidentally stopped Streamlit, just restart it in your terminal: @ http://localhost:8511/static/js/index.D2ZqaFuW.js:21
[  694316ms] [ERROR] Failed to load resource: net::ERR_CONNECTION_REFUSED @ http://localhost:8511/_stcore/host-config:0
[  696193ms] [ERROR] Failed to load resource: net::ERR_CONNECTION_REFUSED @ http://localhost:8511/_stcore/host-config:0
[  696193ms] [ERROR] Client Error in reaching server endpoint - No response received when attempting to reach /_stcore/host-config @ http://localhost:8511/static/js/index.D2ZqaFuW.js:16
[  696193ms] [ERROR] Is Streamlit still running? If you accidentally stopped Streamlit, just restart it in your terminal: @ http://localhost:8511/static/js/index.D2ZqaFuW.js:21
[  696305ms] [ERROR] Failed to load resource: net::ERR_CONNECTION_REFUSED @ http://localhost:8511/_stcore/health:0
[  698202ms] [ERROR] Failed to load resource: net::ERR_CONNECTION_REFUSED @ http://localhost:8511/_stcore/host-config:0
[  698203ms] [ERROR] Client Error in reaching server endpoint - No response received when attempting to reach /_stcore/host-config @ http://localhost:8511/static/js/index.D2ZqaFuW.js:16
[  698203ms] [ERROR] Is Streamlit still running? If you accidentally stopped Streamlit, just restart it in your terminal: @ http://localhost:8511/static/js/index.D2ZqaFuW.js:21
[  698324ms] [ERROR] Failed to load resource: net::ERR_CONNECTION_REFUSED @ http://localhost:8511/_stcore/health:0
[  700208ms] [ERROR] Failed to load resource: net::ERR_CONNECTION_REFUSED @ http://localhost:8511/_stcore/health:0
[  700208ms] [ERROR] Client Error in reaching server endpoint - No response received when attempting to reach /_stcore/health @ http://localhost:8511/static/js/index.D2ZqaFuW.js:16
[  700208ms] [ERROR] Is Streamlit still running? If you accidentally stopped Streamlit, just restart it in your terminal: @ http://localhost:8511/static/js/index.D2ZqaFuW.js:21
[  700346ms] [ERROR] Failed to load resource: net::ERR_CONNECTION_REFUSED @ http://localhost:8511/_stcore/host-config:0
[  702215ms] [ERROR] Failed to load resource: net::ERR_CONNECTION_REFUSED @ http://localhost:8511/_stcore/health:0
[  702216ms] [ERROR] Client Error in reaching server endpoint - No response received when attempting to reach /_stcore/health @ http://localhost:8511/static/js/index.D2ZqaFuW.js:16
[  702216ms] [ERROR] Is Streamlit still running? If you accidentally stopped Streamlit, just restart it in your terminal: @ http://localhost:8511/static/js/index.D2ZqaFuW.js:21
[  702325ms] [ERROR] Failed to load resource: net::ERR_CONNECTION_REFUSED @ http://localhost:8511/_stcore/host-config:0
[  704223ms] [ERROR] Failed to load resource: net::ERR_CONNECTION_REFUSED @ http://localhost:8511/_stcore/health:0
[  704223ms] [ERROR] Client Error in reaching server endpoint - No response received when attempting to reach /_stcore/health @ http://localhost:8511/static/js/index.D2ZqaFuW.js:16
[  704223ms] [ERROR] Is Streamlit still running? If you accidentally stopped Streamlit, just restart it in your terminal: @ http://localhost:8511/static/js/index.D2ZqaFuW.js:21
[  704343ms] [ERROR] Failed to load resource: net::ERR_CONNECTION_REFUSED @ http://localhost:8511/_stcore/host-config:0
[  706231ms] [ERROR] Failed to load resource: net::ERR_CONNECTION_REFUSED @ http://localhost:8511/_stcore/health:0
[  706231ms] [ERROR] Client Error in reaching server endpoint - No response received when attempting to reach /_stcore/health @ http://localhost:8511/static/js/index.D2ZqaFuW.js:16
[  706232ms] [ERROR] Is Streamlit still running? If you accidentally stopped Streamlit, just restart it in your terminal: @ http://localhost:8511/static/js/index.D2ZqaFuW.js:21
[  706344ms] [ERROR] Failed to load resource: net::ERR_CONNECTION_REFUSED @ http://localhost:8511/_stcore/host-config:0
[  708237ms] [ERROR] Failed to load resource: net::ERR_CONNECTION_REFUSED @ http://localhost:8511/_stcore/health:0
[  708237ms] [ERROR] Client Error in reaching server endpoint - No response received when attempting to reach /_stcore/health @ http://localhost:8511/static/js/index.D2ZqaFuW.js:16
[  708237ms] [ERROR] Is Streamlit still running? If you accidentally stopped Streamlit, just restart it in your terminal: @ http://localhost:8511/static/js/index.D2ZqaFuW.js:21
[  708358ms] [ERROR] Failed to load resource: net::ERR_CONNECTION_REFUSED @ http://localhost:8511/_stcore/host-config:0
[  710244ms] [ERROR] Failed to load resource: net::ERR_CONNECTION_REFUSED @ http://localhost:8511/_stcore/health:0
[  710244ms] [ERROR] Client Error in reaching server endpoint - No response received when attempting to reach /_stcore/health @ http://localhost:8511/static/js/index.D2ZqaFuW.js:16
[  710244ms] [ERROR] Is Streamlit still running? If you accidentally stopped Streamlit, just restart it in your terminal: @ http://localhost:8511/static/js/index.D2ZqaFuW.js:21
[  710374ms] [ERROR] Failed to load resource: net::ERR_CONNECTION_REFUSED @ http://localhost:8511/_stcore/host-config:0
[  712252ms] [ERROR] Failed to load resource: net::ERR_CONNECTION_REFUSED @ http://localhost:8511/_stcore/host-config:0
[  712252ms] [ERROR] Client Error in reaching server endpoint - No response received when attempting to reach /_stcore/host-config @ http://localhost:8511/static/js/index.D2ZqaFuW.js:16
[  712253ms] [ERROR] Is Streamlit still running? If you accidentally stopped Streamlit, just restart it in your terminal: @ http://localhost:8511/static/js/index.D2ZqaFuW.js:21
[  712363ms] [ERROR] Failed to load resource: net::ERR_CONNECTION_REFUSED @ http://localhost:8511/_stcore/health:0
[  714258ms] [ERROR] Failed to load resource: net::ERR_CONNECTION_REFUSED @ http://localhost:8511/_stcore/health:0
[  714258ms] [ERROR] Client Error in reaching server endpoint - No response received when attempting to reach /_stcore/health @ http://localhost:8511/static/js/index.D2ZqaFuW.js:16
[  714258ms] [ERROR] Is Streamlit still running? If you accidentally stopped Streamlit, just restart it in your terminal: @ http://localhost:8511/static/js/index.D2ZqaFuW.js:21
[  714505ms] [ERROR] Failed to load resource: net::ERR_CONNECTION_REFUSED @ http://localhost:8511/_stcore/host-config:0
[  716265ms] [ERROR] Failed to load resource: net::ERR_CONNECTION_REFUSED @ http://localhost:8511/_stcore/health:0
[  716265ms] [ERROR] Client Error in reaching server endpoint - No response received when attempting to reach /_stcore/health @ http://localhost:8511/static/js/index.D2ZqaFuW.js:16
[  716265ms] [ERROR] Is Streamlit still running? If you accidentally stopped Streamlit, just restart it in your terminal: @ http://localhost:8511/static/js/index.D2ZqaFuW.js:21
[  716407ms] [ERROR] Failed to load resource: net::ERR_CONNECTION_REFUSED @ http://localhost:8511/_stcore/host-config:0
[  718272ms] [ERROR] Failed to load resource: net::ERR_CONNECTION_REFUSED @ http://localhost:8511/_stcore/health:0
[  718272ms] [ERROR] Client Error in reaching server endpoint - No response received when attempting to reach /_stcore/health @ http://localhost:8511/static/js/index.D2ZqaFuW.js:16
[  718273ms] [ERROR] Is Streamlit still running? If you accidentally stopped Streamlit, just restart it in your terminal: @ http://localhost:8511/static/js/index.D2ZqaFuW.js:21
[  718389ms] [ERROR] Failed to load resource: net::ERR_CONNECTION_REFUSED @ http://localhost:8511/_stcore/host-config:0
[  720279ms] [ERROR] Failed to load resource: net::ERR_CONNECTION_REFUSED @ http://localhost:8511/_stcore/health:0
[  720279ms] [ERROR] Client Error in reaching server endpoint - No response received when attempting to reach /_stcore/health @ http://localhost:8511/static/js/index.D2ZqaFuW.js:16
[  720280ms] [ERROR] Is Streamlit still running? If you accidentally stopped Streamlit, just restart it in your terminal: @ http://localhost:8511/static/js/index.D2ZqaFuW.js:21
[  720406ms] [ERROR] Failed to load resource: net::ERR_CONNECTION_REFUSED @ http://localhost:8511/_stcore/host-config:0
[  722286ms] [ERROR] Failed to load resource: net::ERR_CONNECTION_REFUSED @ http://localhost:8511/_stcore/health:0
[  722287ms] [ERROR] Client Error in reaching server endpoint - No response received when attempting to reach /_stcore/health @ http://localhost:8511/static/js/index.D2ZqaFuW.js:16
[  722287ms] [ERROR] Is Streamlit still running? If you accidentally stopped Streamlit, just restart it in your terminal: @ http://localhost:8511/static/js/index.D2ZqaFuW.js:21
[  722396ms] [ERROR] Failed to load resource: net::ERR_CONNECTION_REFUSED @ http://localhost:8511/_stcore/host-config:0
[  724293ms] [ERROR] Failed to load resource: net::ERR_CONNECTION_REFUSED @ http://localhost:8511/_stcore/health:0
[  724293ms] [ERROR] Client Error in reaching server endpoint - No response received when attempting to reach /_stcore/health @ http://localhost:8511/static/js/index.D2ZqaFuW.js:16
[  724293ms] [ERROR] Is Streamlit still running? If you accidentally stopped Streamlit, just restart it in your terminal: @ http://localhost:8511/static/js/index.D2ZqaFuW.js:21
[  724438ms] [ERROR] Failed to load resource: net::ERR_CONNECTION_REFUSED @ http://localhost:8511/_stcore/host-config:0
[  726300ms] [ERROR] Failed to load resource: net::ERR_CONNECTION_REFUSED @ http://localhost:8511/_stcore/health:0
[  726300ms] [ERROR] Client Error in reaching server endpoint - No response received when attempting to reach /_stcore/health @ http://localhost:8511/static/js/index.D2ZqaFuW.js:16
[  726300ms] [ERROR] Is Streamlit still running? If you accidentally stopped Streamlit, just restart it in your terminal: @ http://localhost:8511/static/js/index.D2ZqaFuW.js:21
[  726470ms] [ERROR] Failed to load resource: net::ERR_CONNECTION_REFUSED @ http://localhost:8511/_stcore/host-config:0
[  728308ms] [ERROR] Failed to load resource: net::ERR_CONNECTION_REFUSED @ http://localhost:8511/_stcore/health:0
[  728308ms] [ERROR] Client Error in reaching server endpoint - No response received when attempting to reach /_stcore/health @ http://localhost:8511/static/js/index.D2ZqaFuW.js:16
[  728308ms] [ERROR] Is Streamlit still running? If you accidentally stopped Streamlit, just restart it in your terminal: @ http://localhost:8511/static/js/index.D2ZqaFuW.js:21
[  728447ms] [ERROR] Failed to load resource: net::ERR_CONNECTION_REFUSED @ http://localhost:8511/_stcore/host-config:0
[  730318ms] [ERROR] Failed to load resource: net::ERR_CONNECTION_REFUSED @ http://localhost:8511/_stcore/health:0
[  730318ms] [ERROR] Client Error in reaching server endpoint - No response received when attempting to reach /_stcore/health @ http://localhost:8511/static/js/index.D2ZqaFuW.js:16
[  730318ms] [ERROR] Is Streamlit still running? If you accidentally stopped Streamlit, just restart it in your terminal: @ http://localhost:8511/static/js/index.D2ZqaFuW.js:21
[  730430ms] [ERROR] Failed to load resource: net::ERR_CONNECTION_REFUSED @ http://localhost:8511/_stcore/host-config:0
[  732324ms] [ERROR] Failed to load resource: net::ERR_CONNECTION_REFUSED @ http://localhost:8511/_stcore/health:0
[  732324ms] [ERROR] Client Error in reaching server endpoint - No response received when attempting to reach /_stcore/health @ http://localhost:8511/static/js/index.D2ZqaFuW.js:16
[  732325ms] [ERROR] Is Streamlit still running? If you accidentally stopped Streamlit, just restart it in your terminal: @ http://localhost:8511/static/js/index.D2ZqaFuW.js:21
[  732473ms] [ERROR] Failed to load resource: net::ERR_CONNECTION_REFUSED @ http://localhost:8511/_stcore/host-config:0
[  734331ms] [ERROR] Failed to load resource: net::ERR_CONNECTION_REFUSED @ http://localhost:8511/_stcore/health:0
[  734331ms] [ERROR] Client Error in reaching server endpoint - No response received when attempting to reach /_stcore/health @ http://localhost:8511/static/js/index.D2ZqaFuW.js:16
[  734332ms] [ERROR] Is Streamlit still running? If you accidentally stopped Streamlit, just restart it in your terminal: @ http://localhost:8511/static/js/index.D2ZqaFuW.js:21
[  734457ms] [ERROR] Failed to load resource: net::ERR_CONNECTION_REFUSED @ http://localhost:8511/_stcore/host-config:0
[  736335ms] [ERROR] Failed to load resource: net::ERR_CONNECTION_REFUSED @ http://localhost:8511/_stcore/health:0
[  736335ms] [ERROR] Client Error in reaching server endpoint - No response received when attempting to reach /_stcore/health @ http://localhost:8511/static/js/index.D2ZqaFuW.js:16
[  736335ms] [ERROR] Is Streamlit still running? If you accidentally stopped Streamlit, just restart it in your terminal: @ http://localhost:8511/static/js/index.D2ZqaFuW.js:21
[  736439ms] [ERROR] Failed to load resource: net::ERR_CONNECTION_REFUSED @ http://localhost:8511/_stcore/host-config:0
[  738341ms] [ERROR] Failed to load resource: net::ERR_CONNECTION_REFUSED @ http://localhost:8511/_stcore/health:0
[  738341ms] [ERROR] Client Error in reaching server endpoint - No response received when attempting to reach /_stcore/health @ http://localhost:8511/static/js/index.D2ZqaFuW.js:16
[  738341ms] [ERROR] Is Streamlit still running? If you accidentally stopped Streamlit, just restart it in your terminal: @ http://localhost:8511/static/js/index.D2ZqaFuW.js:21
[  738486ms] [ERROR] Failed to load resource: net::ERR_CONNECTION_REFUSED @ http://localhost:8511/_stcore/host-config:0
[  740350ms] [ERROR] Failed to load resource: net::ERR_CONNECTION_REFUSED @ http://localhost:8511/_stcore/host-config:0
[  740351ms] [ERROR] Client Error in reaching server endpoint - No response received when attempting to reach /_stcore/host-config @ http://localhost:8511/static/js/index.D2ZqaFuW.js:16
[  740351ms] [ERROR] Is Streamlit still running? If you accidentally stopped Streamlit, just restart it in your terminal: @ http://localhost:8511/static/js/index.D2ZqaFuW.js:21
[  740479ms] [ERROR] Failed to load resource: net::ERR_CONNECTION_REFUSED @ http://localhost:8511/_stcore/health:0
[  742355ms] [ERROR] Failed to load resource: net::ERR_CONNECTION_REFUSED @ http://localhost:8511/_stcore/health:0
[  742355ms] [ERROR] Client Error in reaching server endpoint - No response received when attempting to reach /_stcore/health @ http://localhost:8511/static/js/index.D2ZqaFuW.js:16
[  742355ms] [ERROR] Is Streamlit still running? If you accidentally stopped Streamlit, just restart it in your terminal: @ http://localhost:8511/static/js/index.D2ZqaFuW.js:21
[  742473ms] [ERROR] Failed to load resource: net::ERR_CONNECTION_REFUSED @ http://localhost:8511/_stcore/host-config:0
[  744361ms] [ERROR] Failed to load resource: net::ERR_CONNECTION_REFUSED @ http://localhost:8511/_stcore/health:0
[  744362ms] [ERROR] Client Error in reaching server endpoint - No response received when attempting to reach /_stcore/health @ http://localhost:8511/static/js/index.D2ZqaFuW.js:16
[  744362ms] [ERROR] Is Streamlit still running? If you accidentally stopped Streamlit, just restart it in your terminal: @ http://localhost:8511/static/js/index.D2ZqaFuW.js:21
[  744486ms] [ERROR] Failed to load resource: net::ERR_CONNECTION_REFUSED @ http://localhost:8511/_stcore/host-config:0
[  746371ms] [ERROR] Failed to load resource: net::ERR_CONNECTION_REFUSED @ http://localhost:8511/_stcore/health:0
[  746371ms] [ERROR] Client Error in reaching server endpoint - No response received when attempting to reach /_stcore/health @ http://localhost:8511/static/js/index.D2ZqaFuW.js:16
[  746371ms] [ERROR] Is Streamlit still running? If you accidentally stopped Streamlit, just restart it in your terminal: @ http://localhost:8511/static/js/index.D2ZqaFuW.js:21
[  746499ms] [ERROR] Failed to load resource: net::ERR_CONNECTION_REFUSED @ http://localhost:8511/_stcore/host-config:0
[  748377ms] [ERROR] Failed to load resource: net::ERR_CONNECTION_REFUSED @ http://localhost:8511/_stcore/health:0
[  748377ms] [ERROR] Client Error in reaching server endpoint - No response received when attempting to reach /_stcore/health @ http://localhost:8511/static/js/index.D2ZqaFuW.js:16
[  748377ms] [ERROR] Is Streamlit still running? If you accidentally stopped Streamlit, just restart it in your terminal: @ http://localhost:8511/static/js/index.D2ZqaFuW.js:21
[  748491ms] [ERROR] Failed to load resource: net::ERR_CONNECTION_REFUSED @ http://localhost:8511/_stcore/host-config:0
[  750384ms] [ERROR] Failed to load resource: net::ERR_CONNECTION_REFUSED @ http://localhost:8511/_stcore/health:0
[  750384ms] [ERROR] Client Error in reaching server endpoint - No response received when attempting to reach /_stcore/health @ http://localhost:8511/static/js/index.D2ZqaFuW.js:16
[  750385ms] [ERROR] Is Streamlit still running? If you accidentally stopped Streamlit, just restart it in your terminal: @ http://localhost:8511/static/js/index.D2ZqaFuW.js:21
[  750510ms] [ERROR] Failed to load resource: net::ERR_CONNECTION_REFUSED @ http://localhost:8511/_stcore/host-config:0
[  752390ms] [ERROR] Failed to load resource: net::ERR_CONNECTION_REFUSED @ http://localhost:8511/_stcore/health:0
[  752390ms] [ERROR] Client Error in reaching server endpoint - No response received when attempting to reach /_stcore/health @ http://localhost:8511/static/js/index.D2ZqaFuW.js:16
[  752390ms] [ERROR] Is Streamlit still running? If you accidentally stopped Streamlit, just restart it in your terminal: @ http://localhost:8511/static/js/index.D2ZqaFuW.js:21
[  752507ms] [ERROR] Failed to load resource: net::ERR_CONNECTION_REFUSED @ http://localhost:8511/_stcore/host-config:0
[  754397ms] [ERROR] Failed to load resource: net::ERR_CONNECTION_REFUSED @ http://localhost:8511/_stcore/health:0
[  754397ms] [ERROR] Client Error in reaching server endpoint - No response received when attempting to reach /_stcore/health @ http://localhost:8511/static/js/index.D2ZqaFuW.js:16
[  754398ms] [ERROR] Is Streamlit still running? If you accidentally stopped Streamlit, just restart it in your terminal: @ http://localhost:8511/static/js/index.D2ZqaFuW.js:21
[  754522ms] [ERROR] Failed to load resource: net::ERR_CONNECTION_REFUSED @ http://localhost:8511/_stcore/host-config:0
[  756404ms] [ERROR] Failed to load resource: net::ERR_CONNECTION_REFUSED @ http://localhost:8511/_stcore/health:0
[  756404ms] [ERROR] Client Error in reaching server endpoint - No response received when attempting to reach /_stcore/health @ http://localhost:8511/static/js/index.D2ZqaFuW.js:16
[  756405ms] [ERROR] Is Streamlit still running? If you accidentally stopped Streamlit, just restart it in your terminal: @ http://localhost:8511/static/js/index.D2ZqaFuW.js:21
[  756518ms] [ERROR] Failed to load resource: net::ERR_CONNECTION_REFUSED @ http://localhost:8511/_stcore/host-config:0
[  758411ms] [ERROR] Failed to load resource: net::ERR_CONNECTION_REFUSED @ http://localhost:8511/_stcore/health:0
[  758412ms] [ERROR] Client Error in reaching server endpoint - No response received when attempting to reach /_stcore/health @ http://localhost:8511/static/js/index.D2ZqaFuW.js:16
[  758412ms] [ERROR] Is Streamlit still running? If you accidentally stopped Streamlit, just restart it in your terminal: @ http://localhost:8511/static/js/index.D2ZqaFuW.js:21
[  758522ms] [ERROR] Failed to load resource: net::ERR_CONNECTION_REFUSED @ http://localhost:8511/_stcore/host-config:0
[  760418ms] [ERROR] Failed to load resource: net::ERR_CONNECTION_REFUSED @ http://localhost:8511/_stcore/health:0
[  760418ms] [ERROR] Client Error in reaching server endpoint - No response received when attempting to reach /_stcore/health @ http://localhost:8511/static/js/index.D2ZqaFuW.js:16
[  760418ms] [ERROR] Is Streamlit still running? If you accidentally stopped Streamlit, just restart it in your terminal: @ http://localhost:8511/static/js/index.D2ZqaFuW.js:21
[  760543ms] [ERROR] Failed to load resource: net::ERR_CONNECTION_REFUSED @ http://localhost:8511/_stcore/host-config:0
[  762427ms] [ERROR] Failed to load resource: net::ERR_CONNECTION_REFUSED @ http://localhost:8511/_stcore/health:0
[  762427ms] [ERROR] Client Error in reaching server endpoint - No response received when attempting to reach /_stcore/health @ http://localhost:8511/static/js/index.D2ZqaFuW.js:16
[  762427ms] [ERROR] Is Streamlit still running? If you accidentally stopped Streamlit, just restart it in your terminal: @ http://localhost:8511/static/js/index.D2ZqaFuW.js:21
[  762539ms] [ERROR] Failed to load resource: net::ERR_CONNECTION_REFUSED @ http://localhost:8511/_stcore/host-config:0
[  764438ms] [ERROR] Failed to load resource: net::ERR_CONNECTION_REFUSED @ http://localhost:8511/_stcore/health:0
[  764438ms] [ERROR] Client Error in reaching server endpoint - No response received when attempting to reach /_stcore/health @ http://localhost:8511/static/js/index.D2ZqaFuW.js:16
[  764439ms] [ERROR] Is Streamlit still running? If you accidentally stopped Streamlit, just restart it in your terminal: @ http://localhost:8511/static/js/index.D2ZqaFuW.js:21
[  764573ms] [ERROR] Failed to load resource: net::ERR_CONNECTION_REFUSED @ http://localhost:8511/_stcore/host-config:0
[  766446ms] [ERROR] Failed to load resource: net::ERR_CONNECTION_REFUSED @ http://localhost:8511/_stcore/health:0
[  766446ms] [ERROR] Client Error in reaching server endpoint - No response received when attempting to reach /_stcore/health @ http://localhost:8511/static/js/index.D2ZqaFuW.js:16
[  766446ms] [ERROR] Is Streamlit still running? If you accidentally stopped Streamlit, just restart it in your terminal: @ http://localhost:8511/static/js/index.D2ZqaFuW.js:21
[  766562ms] [ERROR] Failed to load resource: net::ERR_CONNECTION_REFUSED @ http://localhost:8511/_stcore/host-config:0
[  768453ms] [ERROR] Failed to load resource: net::ERR_CONNECTION_REFUSED @ http://localhost:8511/_stcore/health:0
[  768453ms] [ERROR] Client Error in reaching server endpoint - No response received when attempting to reach /_stcore/health @ http://localhost:8511/static/js/index.D2ZqaFuW.js:16
[  768453ms] [ERROR] Is Streamlit still running? If you accidentally stopped Streamlit, just restart it in your terminal: @ http://localhost:8511/static/js/index.D2ZqaFuW.js:21
[  768567ms] [ERROR] Failed to load resource: net::ERR_CONNECTION_REFUSED @ http://localhost:8511/_stcore/host-config:0
[  770460ms] [ERROR] Failed to load resource: net::ERR_CONNECTION_REFUSED @ http://localhost:8511/_stcore/health:0
[  770460ms] [ERROR] Client Error in reaching server endpoint - No response received when attempting to reach /_stcore/health @ http://localhost:8511/static/js/index.D2ZqaFuW.js:16
[  770460ms] [ERROR] Is Streamlit still running? If you accidentally stopped Streamlit, just restart it in your terminal: @ http://localhost:8511/static/js/index.D2ZqaFuW.js:21
[  770573ms] [ERROR] Failed to load resource: net::ERR_CONNECTION_REFUSED @ http://localhost:8511/_stcore/host-config:0
[  772467ms] [ERROR] Failed to load resource: net::ERR_CONNECTION_REFUSED @ http://localhost:8511/_stcore/health:0
[  772468ms] [ERROR] Client Error in reaching server endpoint - No response received when attempting to reach /_stcore/health @ http://localhost:8511/static/js/index.D2ZqaFuW.js:16
[  772468ms] [ERROR] Is Streamlit still running? If you accidentally stopped Streamlit, just restart it in your terminal: @ http://localhost:8511/static/js/index.D2ZqaFuW.js:21
[  772580ms] [ERROR] Failed to load resource: net::ERR_CONNECTION_REFUSED @ http://localhost:8511/_stcore/host-config:0
[  774476ms] [ERROR] Failed to load resource: net::ERR_CONNECTION_REFUSED @ http://localhost:8511/_stcore/host-config:0
[  774476ms] [ERROR] Client Error in reaching server endpoint - No response received when attempting to reach /_stcore/host-config @ http://localhost:8511/static/js/index.D2ZqaFuW.js:16
[  774476ms] [ERROR] Is Streamlit still running? If you accidentally stopped Streamlit, just restart it in your terminal: @ http://localhost:8511/static/js/index.D2ZqaFuW.js:21
[  774608ms] [ERROR] Failed to load resource: net::ERR_CONNECTION_REFUSED @ http://localhost:8511/_stcore/health:0
[  776483ms] [ERROR] Failed to load resource: net::ERR_CONNECTION_REFUSED @ http://localhost:8511/_stcore/health:0
[  776483ms] [ERROR] Client Error in reaching server endpoint - No response received when attempting to reach /_stcore/health @ http://localhost:8511/static/js/index.D2ZqaFuW.js:16
[  776484ms] [ERROR] Is Streamlit still running? If you accidentally stopped Streamlit, just restart it in your terminal: @ http://localhost:8511/static/js/index.D2ZqaFuW.js:21
[  776602ms] [ERROR] Failed to load resource: net::ERR_CONNECTION_REFUSED @ http://localhost:8511/_stcore/host-config:0
[  778491ms] [ERROR] Failed to load resource: net::ERR_CONNECTION_REFUSED @ http://localhost:8511/_stcore/host-config:0
[  778491ms] [ERROR] Client Error in reaching server endpoint - No response received when attempting to reach /_stcore/host-config @ http://localhost:8511/static/js/index.D2ZqaFuW.js:16
[  778491ms] [ERROR] Is Streamlit still running? If you accidentally stopped Streamlit, just restart it in your terminal: @ http://localhost:8511/static/js/index.D2ZqaFuW.js:21
[  778604ms] [ERROR] Failed to load resource: net::ERR_CONNECTION_REFUSED @ http://localhost:8511/_stcore/health:0
[  780499ms] [ERROR] Failed to load resource: net::ERR_CONNECTION_REFUSED @ http://localhost:8511/_stcore/health:0
[  780499ms] [ERROR] Client Error in reaching server endpoint - No response received when attempting to reach /_stcore/health @ http://localhost:8511/static/js/index.D2ZqaFuW.js:16
[  780499ms] [ERROR] Is Streamlit still running? If you accidentally stopped Streamlit, just restart it in your terminal: @ http://localhost:8511/static/js/index.D2ZqaFuW.js:21
[  780624ms] [ERROR] Failed to load resource: net::ERR_CONNECTION_REFUSED @ http://localhost:8511/_stcore/host-config:0
[  782506ms] [ERROR] Failed to load resource: net::ERR_CONNECTION_REFUSED @ http://localhost:8511/_stcore/health:0
[  782506ms] [ERROR] Client Error in reaching server endpoint - No response received when attempting to reach /_stcore/health @ http://localhost:8511/static/js/index.D2ZqaFuW.js:16
[  782507ms] [ERROR] Is Streamlit still running? If you accidentally stopped Streamlit, just restart it in your terminal: @ http://localhost:8511/static/js/index.D2ZqaFuW.js:21
[  782623ms] [ERROR] Failed to load resource: net::ERR_CONNECTION_REFUSED @ http://localhost:8511/_stcore/host-config:0
[  784516ms] [ERROR] Failed to load resource: net::ERR_CONNECTION_REFUSED @ http://localhost:8511/_stcore/health:0
[  784516ms] [ERROR] Client Error in reaching server endpoint - No response received when attempting to reach /_stcore/health @ http://localhost:8511/static/js/index.D2ZqaFuW.js:16
[  784516ms] [ERROR] Is Streamlit still running? If you accidentally stopped Streamlit, just restart it in your terminal: @ http://localhost:8511/static/js/index.D2ZqaFuW.js:21
[  784645ms] [ERROR] Failed to load resource: net::ERR_CONNECTION_REFUSED @ http://localhost:8511/_stcore/host-config:0
[  786523ms] [ERROR] Failed to load resource: net::ERR_CONNECTION_REFUSED @ http://localhost:8511/_stcore/health:0
[  786523ms] [ERROR] Client Error in reaching server endpoint - No response received when attempting to reach /_stcore/health @ http://localhost:8511/static/js/index.D2ZqaFuW.js:16
[  786523ms] [ERROR] Is Streamlit still running? If you accidentally stopped Streamlit, just restart it in your terminal: @ http://localhost:8511/static/js/index.D2ZqaFuW.js:21
[  786632ms] [ERROR] Failed to load resource: net::ERR_CONNECTION_REFUSED @ http://localhost:8511/_stcore/host-config:0
[  788531ms] [ERROR] Failed to load resource: net::ERR_CONNECTION_REFUSED @ http://localhost:8511/_stcore/health:0
[  788531ms] [ERROR] Client Error in reaching server endpoint - No response received when attempting to reach /_stcore/health @ http://localhost:8511/static/js/index.D2ZqaFuW.js:16
[  788532ms] [ERROR] Is Streamlit still running? If you accidentally stopped Streamlit, just restart it in your terminal: @ http://localhost:8511/static/js/index.D2ZqaFuW.js:21
[  788642ms] [ERROR] Failed to load resource: net::ERR_CONNECTION_REFUSED @ http://localhost:8511/_stcore/host-config:0
[  790539ms] [ERROR] Failed to load resource: net::ERR_CONNECTION_REFUSED @ http://localhost:8511/_stcore/health:0
[  790539ms] [ERROR] Client Error in reaching server endpoint - No response received when attempting to reach /_stcore/health @ http://localhost:8511/static/js/index.D2ZqaFuW.js:16
[  790539ms] [ERROR] Is Streamlit still running? If you accidentally stopped Streamlit, just restart it in your terminal: @ http://localhost:8511/static/js/index.D2ZqaFuW.js:21
[  790665ms] [ERROR] Failed to load resource: net::ERR_CONNECTION_REFUSED @ http://localhost:8511/_stcore/host-config:0
[  792547ms] [ERROR] Failed to load resource: net::ERR_CONNECTION_REFUSED @ http://localhost:8511/_stcore/host-config:0
[  792548ms] [ERROR] Client Error in reaching server endpoint - No response received when attempting to reach /_stcore/host-config @ http://localhost:8511/static/js/index.D2ZqaFuW.js:16
[  792548ms] [ERROR] Is Streamlit still running? If you accidentally stopped Streamlit, just restart it in your terminal: @ http://localhost:8511/static/js/index.D2ZqaFuW.js:21
[  792661ms] [ERROR] Failed to load resource: net::ERR_CONNECTION_REFUSED @ http://localhost:8511/_stcore/health:0
[  794555ms] [ERROR] Failed to load resource: net::ERR_CONNECTION_REFUSED @ http://localhost:8511/_stcore/health:0
[  794555ms] [ERROR] Client Error in reaching server endpoint - No response received when attempting to reach /_stcore/health @ http://localhost:8511/static/js/index.D2ZqaFuW.js:16
[  794555ms] [ERROR] Is Streamlit still running? If you accidentally stopped Streamlit, just restart it in your terminal: @ http://localhost:8511/static/js/index.D2ZqaFuW.js:21
[  794681ms] [ERROR] Failed to load resource: net::ERR_CONNECTION_REFUSED @ http://localhost:8511/_stcore/host-config:0
[  796563ms] [ERROR] Failed to load resource: net::ERR_CONNECTION_REFUSED @ http://localhost:8511/_stcore/health:0
[  796563ms] [ERROR] Client Error in reaching server endpoint - No response received when attempting to reach /_stcore/health @ http://localhost:8511/static/js/index.D2ZqaFuW.js:16
[  796564ms] [ERROR] Is Streamlit still running? If you accidentally stopped Streamlit, just restart it in your terminal: @ http://localhost:8511/static/js/index.D2ZqaFuW.js:21
[  796671ms] [ERROR] Failed to load resource: net::ERR_CONNECTION_REFUSED @ http://localhost:8511/_stcore/host-config:0
[  798568ms] [ERROR] Failed to load resource: net::ERR_CONNECTION_REFUSED @ http://localhost:8511/_stcore/health:0
[  798568ms] [ERROR] Client Error in reaching server endpoint - No response received when attempting to reach /_stcore/health @ http://localhost:8511/static/js/index.D2ZqaFuW.js:16
[  798568ms] [ERROR] Is Streamlit still running? If you accidentally stopped Streamlit, just restart it in your terminal: @ http://localhost:8511/static/js/index.D2ZqaFuW.js:21
[  798685ms] [ERROR] Failed to load resource: net::ERR_CONNECTION_REFUSED @ http://localhost:8511/_stcore/host-config:0
[  800576ms] [ERROR] Failed to load resource: net::ERR_CONNECTION_REFUSED @ http://localhost:8511/_stcore/health:0
[  800576ms] [ERROR] Client Error in reaching server endpoint - No response received when attempting to reach /_stcore/health @ http://localhost:8511/static/js/index.D2ZqaFuW.js:16
[  800576ms] [ERROR] Is Streamlit still running? If you accidentally stopped Streamlit, just restart it in your terminal: @ http://localhost:8511/static/js/index.D2ZqaFuW.js:21
[  800703ms] [ERROR] Failed to load resource: net::ERR_CONNECTION_REFUSED @ http://localhost:8511/_stcore/host-config:0
[  802584ms] [ERROR] Failed to load resource: net::ERR_CONNECTION_REFUSED @ http://localhost:8511/_stcore/host-config:0
[  802584ms] [ERROR] Client Error in reaching server endpoint - No response received when attempting to reach /_stcore/host-config @ http://localhost:8511/static/js/index.D2ZqaFuW.js:16
[  802585ms] [ERROR] Is Streamlit still running? If you accidentally stopped Streamlit, just restart it in your terminal: @ http://localhost:8511/static/js/index.D2ZqaFuW.js:21
[  802699ms] [ERROR] Failed to load resource: net::ERR_CONNECTION_REFUSED @ http://localhost:8511/_stcore/health:0
[  804592ms] [ERROR] Failed to load resource: net::ERR_CONNECTION_REFUSED @ http://localhost:8511/_stcore/health:0
[  804592ms] [ERROR] Client Error in reaching server endpoint - No response received when attempting to reach /_stcore/health @ http://localhost:8511/static/js/index.D2ZqaFuW.js:16
[  804592ms] [ERROR] Is Streamlit still running? If you accidentally stopped Streamlit, just restart it in your terminal: @ http://localhost:8511/static/js/index.D2ZqaFuW.js:21
[  804717ms] [ERROR] Failed to load resource: net::ERR_CONNECTION_REFUSED @ http://localhost:8511/_stcore/host-config:0
[  806598ms] [ERROR] Failed to load resource: net::ERR_CONNECTION_REFUSED @ http://localhost:8511/_stcore/health:0
[  806598ms] [ERROR] Client Error in reaching server endpoint - No response received when attempting to reach /_stcore/health @ http://localhost:8511/static/js/index.D2ZqaFuW.js:16
[  806598ms] [ERROR] Is Streamlit still running? If you accidentally stopped Streamlit, just restart it in your terminal: @ http://localhost:8511/static/js/index.D2ZqaFuW.js:21
[  806710ms] [ERROR] Failed to load resource: net::ERR_CONNECTION_REFUSED @ http://localhost:8511/_stcore/host-config:0
[  808605ms] [ERROR] Failed to load resource: net::ERR_CONNECTION_REFUSED @ http://localhost:8511/_stcore/health:0
[  808605ms] [ERROR] Client Error in reaching server endpoint - No response received when attempting to reach /_stcore/health @ http://localhost:8511/static/js/index.D2ZqaFuW.js:16
[  808606ms] [ERROR] Is Streamlit still running? If you accidentally stopped Streamlit, just restart it in your terminal: @ http://localhost:8511/static/js/index.D2ZqaFuW.js:21
[  808721ms] [ERROR] Failed to load resource: net::ERR_CONNECTION_REFUSED @ http://localhost:8511/_stcore/host-config:0
[  810613ms] [ERROR] Failed to load resource: net::ERR_CONNECTION_REFUSED @ http://localhost:8511/_stcore/host-config:0
[  810613ms] [ERROR] Client Error in reaching server endpoint - No response received when attempting to reach /_stcore/host-config @ http://localhost:8511/static/js/index.D2ZqaFuW.js:16
[  810613ms] [ERROR] Is Streamlit still running? If you accidentally stopped Streamlit, just restart it in your terminal: @ http://localhost:8511/static/js/index.D2ZqaFuW.js:21
[  810735ms] [ERROR] Failed to load resource: net::ERR_CONNECTION_REFUSED @ http://localhost:8511/_stcore/health:0
[  812621ms] [ERROR] Failed to load resource: net::ERR_CONNECTION_REFUSED @ http://localhost:8511/_stcore/health:0
[  812621ms] [ERROR] Client Error in reaching server endpoint - No response received when attempting to reach /_stcore/health @ http://localhost:8511/static/js/index.D2ZqaFuW.js:16
[  812621ms] [ERROR] Is Streamlit still running? If you accidentally stopped Streamlit, just restart it in your terminal: @ http://localhost:8511/static/js/index.D2ZqaFuW.js:21
[  812749ms] [ERROR] Failed to load resource: net::ERR_CONNECTION_REFUSED @ http://localhost:8511/_stcore/host-config:0
[  814632ms] [ERROR] Failed to load resource: net::ERR_CONNECTION_REFUSED @ http://localhost:8511/_stcore/health:0
[  814632ms] [ERROR] Client Error in reaching server endpoint - No response received when attempting to reach /_stcore/health @ http://localhost:8511/static/js/index.D2ZqaFuW.js:16
[  814632ms] [ERROR] Is Streamlit still running? If you accidentally stopped Streamlit, just restart it in your terminal: @ http://localhost:8511/static/js/index.D2ZqaFuW.js:21
[  814767ms] [ERROR] Failed to load resource: net::ERR_CONNECTION_REFUSED @ http://localhost:8511/_stcore/host-config:0
[  816639ms] [ERROR] Failed to load resource: net::ERR_CONNECTION_REFUSED @ http://localhost:8511/_stcore/host-config:0
[  816639ms] [ERROR] Client Error in reaching server endpoint - No response received when attempting to reach /_stcore/host-config @ http://localhost:8511/static/js/index.D2ZqaFuW.js:16
[  816639ms] [ERROR] Is Streamlit still running? If you accidentally stopped Streamlit, just restart it in your terminal: @ http://localhost:8511/static/js/index.D2ZqaFuW.js:21
[  816756ms] [ERROR] Failed to load resource: net::ERR_CONNECTION_REFUSED @ http://localhost:8511/_stcore/health:0
[  818647ms] [ERROR] Failed to load resource: net::ERR_CONNECTION_REFUSED @ http://localhost:8511/_stcore/health:0
[  818648ms] [ERROR] Client Error in reaching server endpoint - No response received when attempting to reach /_stcore/health @ http://localhost:8511/static/js/index.D2ZqaFuW.js:16
[  818648ms] [ERROR] Is Streamlit still running? If you accidentally stopped Streamlit, just restart it in your terminal: @ http://localhost:8511/static/js/index.D2ZqaFuW.js:21
[  818759ms] [ERROR] Failed to load resource: net::ERR_CONNECTION_REFUSED @ http://localhost:8511/_stcore/host-config:0
[  820654ms] [ERROR] Failed to load resource: net::ERR_CONNECTION_REFUSED @ http://localhost:8511/_stcore/health:0
[  820654ms] [ERROR] Client Error in reaching server endpoint - No response received when attempting to reach /_stcore/health @ http://localhost:8511/static/js/index.D2ZqaFuW.js:16
[  820654ms] [ERROR] Is Streamlit still running? If you accidentally stopped Streamlit, just restart it in your terminal: @ http://localhost:8511/static/js/index.D2ZqaFuW.js:21
[  820782ms] [ERROR] Failed to load resource: net::ERR_CONNECTION_REFUSED @ http://localhost:8511/_stcore/host-config:0
[  822662ms] [ERROR] Failed to load resource: net::ERR_CONNECTION_REFUSED @ http://localhost:8511/_stcore/health:0
[  822662ms] [ERROR] Client Error in reaching server endpoint - No response received when attempting to reach /_stcore/health @ http://localhost:8511/static/js/index.D2ZqaFuW.js:16
[  822662ms] [ERROR] Is Streamlit still running? If you accidentally stopped Streamlit, just restart it in your terminal: @ http://localhost:8511/static/js/index.D2ZqaFuW.js:21
[  822786ms] [ERROR] Failed to load resource: net::ERR_CONNECTION_REFUSED @ http://localhost:8511/_stcore/host-config:0
[  824669ms] [ERROR] Failed to load resource: net::ERR_CONNECTION_REFUSED @ http://localhost:8511/_stcore/health:0
[  824670ms] [ERROR] Client Error in reaching server endpoint - No response received when attempting to reach /_stcore/health @ http://localhost:8511/static/js/index.D2ZqaFuW.js:16
[  824670ms] [ERROR] Is Streamlit still running? If you accidentally stopped Streamlit, just restart it in your terminal: @ http://localhost:8511/static/js/index.D2ZqaFuW.js:21
[  824798ms] [ERROR] Failed to load resource: net::ERR_CONNECTION_REFUSED @ http://localhost:8511/_stcore/host-config:0
[  826674ms] [ERROR] Failed to load resource: net::ERR_CONNECTION_REFUSED @ http://localhost:8511/_stcore/health:0
[  826675ms] [ERROR] Client Error in reaching server endpoint - No response received when attempting to reach /_stcore/health @ http://localhost:8511/static/js/index.D2ZqaFuW.js:16
[  826675ms] [ERROR] Is Streamlit still running? If you accidentally stopped Streamlit, just restart it in your terminal: @ http://localhost:8511/static/js/index.D2ZqaFuW.js:21
[  826675ms] [ERROR] Failed to load resource: net::ERR_CONNECTION_REFUSED @ http://localhost:8511/_stcore/host-config:0
[  828687ms] [ERROR] Failed to load resource: net::ERR_CONNECTION_REFUSED @ http://localhost:8511/_stcore/health:0
[  828687ms] [ERROR] Client Error in reaching server endpoint - No response received when attempting to reach /_stcore/health @ http://localhost:8511/static/js/index.D2ZqaFuW.js:16
[  828687ms] [ERROR] Is Streamlit still running? If you accidentally stopped Streamlit, just restart it in your terminal: @ http://localhost:8511/static/js/index.D2ZqaFuW.js:21
[  828689ms] [ERROR] Failed to load resource: net::ERR_CONNECTION_REFUSED @ http://localhost:8511/_stcore/host-config:0
[  830695ms] [ERROR] Failed to load resource: net::ERR_CONNECTION_REFUSED @ http://localhost:8511/_stcore/health:0
[  830695ms] [ERROR] Client Error in reaching server endpoint - No response received when attempting to reach /_stcore/health @ http://localhost:8511/static/js/index.D2ZqaFuW.js:16
[  830696ms] [ERROR] Is Streamlit still running? If you accidentally stopped Streamlit, just restart it in your terminal: @ http://localhost:8511/static/js/index.D2ZqaFuW.js:21
[  830835ms] [ERROR] Failed to load resource: net::ERR_CONNECTION_REFUSED @ http://localhost:8511/_stcore/host-config:0
[  832700ms] [ERROR] Failed to load resource: net::ERR_CONNECTION_REFUSED @ http://localhost:8511/_stcore/health:0
[  832700ms] [ERROR] Client Error in reaching server endpoint - No response received when attempting to reach /_stcore/health @ http://localhost:8511/static/js/index.D2ZqaFuW.js:16
[  832701ms] [ERROR] Is Streamlit still running? If you accidentally stopped Streamlit, just restart it in your terminal: @ http://localhost:8511/static/js/index.D2ZqaFuW.js:21
[  833151ms] [ERROR] Failed to load resource: net::ERR_CONNECTION_REFUSED @ http://localhost:8511/_stcore/host-config:0
[  834706ms] [ERROR] Failed to load resource: net::ERR_CONNECTION_REFUSED @ http://localhost:8511/_stcore/health:0
[  834706ms] [ERROR] Client Error in reaching server endpoint - No response received when attempting to reach /_stcore/health @ http://localhost:8511/static/js/index.D2ZqaFuW.js:16
[  834706ms] [ERROR] Is Streamlit still running? If you accidentally stopped Streamlit, just restart it in your terminal: @ http://localhost:8511/static/js/index.D2ZqaFuW.js:21
[  834832ms] [ERROR] Failed to load resource: net::ERR_CONNECTION_REFUSED @ http://localhost:8511/_stcore/host-config:0
[  836714ms] [ERROR] Failed to load resource: net::ERR_CONNECTION_REFUSED @ http://localhost:8511/_stcore/health:0
[  836715ms] [ERROR] Client Error in reaching server endpoint - No response received when attempting to reach /_stcore/health @ http://localhost:8511/static/js/index.D2ZqaFuW.js:16
[  836715ms] [ERROR] Is Streamlit still running? If you accidentally stopped Streamlit, just restart it in your terminal: @ http://localhost:8511/static/js/index.D2ZqaFuW.js:21
[  836833ms] [ERROR] Failed to load resource: net::ERR_CONNECTION_REFUSED @ http://localhost:8511/_stcore/host-config:0
[  838722ms] [ERROR] Failed to load resource: net::ERR_CONNECTION_REFUSED @ http://localhost:8511/_stcore/host-config:0
[  838722ms] [ERROR] Client Error in reaching server endpoint - No response received when attempting to reach /_stcore/host-config @ http://localhost:8511/static/js/index.D2ZqaFuW.js:16
[  838722ms] [ERROR] Is Streamlit still running? If you accidentally stopped Streamlit, just restart it in your terminal: @ http://localhost:8511/static/js/index.D2ZqaFuW.js:21
[  838835ms] [ERROR] Failed to load resource: net::ERR_CONNECTION_REFUSED @ http://localhost:8511/_stcore/health:0
[  840729ms] [ERROR] Failed to load resource: net::ERR_CONNECTION_REFUSED @ http://localhost:8511/_stcore/health:0
[  840730ms] [ERROR] Client Error in reaching server endpoint - No response received when attempting to reach /_stcore/health @ http://localhost:8511/static/js/index.D2ZqaFuW.js:16
[  840730ms] [ERROR] Is Streamlit still running? If you accidentally stopped Streamlit, just restart it in your terminal: @ http://localhost:8511/static/js/index.D2ZqaFuW.js:21
[  840856ms] [ERROR] Failed to load resource: net::ERR_CONNECTION_REFUSED @ http://localhost:8511/_stcore/host-config:0
[  842740ms] [ERROR] Failed to load resource: net::ERR_CONNECTION_REFUSED @ http://localhost:8511/_stcore/host-config:0
[  842740ms] [ERROR] Client Error in reaching server endpoint - No response received when attempting to reach /_stcore/host-config @ http://localhost:8511/static/js/index.D2ZqaFuW.js:16
[  842740ms] [ERROR] Is Streamlit still running? If you accidentally stopped Streamlit, just restart it in your terminal: @ http://localhost:8511/static/js/index.D2ZqaFuW.js:21
[  842858ms] [ERROR] Failed to load resource: net::ERR_CONNECTION_REFUSED @ http://localhost:8511/_stcore/health:0
[  844749ms] [ERROR] Failed to load resource: net::ERR_CONNECTION_REFUSED @ http://localhost:8511/_stcore/health:0
[  844750ms] [ERROR] Client Error in reaching server endpoint - No response received when attempting to reach /_stcore/health @ http://localhost:8511/static/js/index.D2ZqaFuW.js:16
[  844750ms] [ERROR] Is Streamlit still running? If you accidentally stopped Streamlit, just restart it in your terminal: @ http://localhost:8511/static/js/index.D2ZqaFuW.js:21
[  844879ms] [ERROR] Failed to load resource: net::ERR_CONNECTION_REFUSED @ http://localhost:8511/_stcore/host-config:0
[  846756ms] [ERROR] Failed to load resource: net::ERR_CONNECTION_REFUSED @ http://localhost:8511/_stcore/health:0
[  846757ms] [ERROR] Client Error in reaching server endpoint - No response received when attempting to reach /_stcore/health @ http://localhost:8511/static/js/index.D2ZqaFuW.js:16
[  846757ms] [ERROR] Is Streamlit still running? If you accidentally stopped Streamlit, just restart it in your terminal: @ http://localhost:8511/static/js/index.D2ZqaFuW.js:21
[  846877ms] [ERROR] Failed to load resource: net::ERR_CONNECTION_REFUSED @ http://localhost:8511/_stcore/host-config:0
[  848763ms] [ERROR] Failed to load resource: net::ERR_CONNECTION_REFUSED @ http://localhost:8511/_stcore/health:0
[  848763ms] [ERROR] Client Error in reaching server endpoint - No response received when attempting to reach /_stcore/health @ http://localhost:8511/static/js/index.D2ZqaFuW.js:16
[  848763ms] [ERROR] Is Streamlit still running? If you accidentally stopped Streamlit, just restart it in your terminal: @ http://localhost:8511/static/js/index.D2ZqaFuW.js:21
[  848877ms] [ERROR] Failed to load resource: net::ERR_CONNECTION_REFUSED @ http://localhost:8511/_stcore/host-config:0
[  850772ms] [ERROR] Failed to load resource: net::ERR_CONNECTION_REFUSED @ http://localhost:8511/_stcore/health:0
[  850772ms] [ERROR] Client Error in reaching server endpoint - No response received when attempting to reach /_stcore/health @ http://localhost:8511/static/js/index.D2ZqaFuW.js:16
[  850773ms] [ERROR] Is Streamlit still running? If you accidentally stopped Streamlit, just restart it in your terminal: @ http://localhost:8511/static/js/index.D2ZqaFuW.js:21
[  850893ms] [ERROR] Failed to load resource: net::ERR_CONNECTION_REFUSED @ http://localhost:8511/_stcore/host-config:0
[  852779ms] [ERROR] Failed to load resource: net::ERR_CONNECTION_REFUSED @ http://localhost:8511/_stcore/health:0
[  852779ms] [ERROR] Client Error in reaching server endpoint - No response received when attempting to reach /_stcore/health @ http://localhost:8511/static/js/index.D2ZqaFuW.js:16
[  852779ms] [ERROR] Is Streamlit still running? If you accidentally stopped Streamlit, just restart it in your terminal: @ http://localhost:8511/static/js/index.D2ZqaFuW.js:21
[  852901ms] [ERROR] Failed to load resource: net::ERR_CONNECTION_REFUSED @ http://localhost:8511/_stcore/host-config:0
[  854786ms] [ERROR] Failed to load resource: net::ERR_CONNECTION_REFUSED @ http://localhost:8511/_stcore/health:0
[  854786ms] [ERROR] Client Error in reaching server endpoint - No response received when attempting to reach /_stcore/health @ http://localhost:8511/static/js/index.D2ZqaFuW.js:16
[  854786ms] [ERROR] Is Streamlit still running? If you accidentally stopped Streamlit, just restart it in your terminal: @ http://localhost:8511/static/js/index.D2ZqaFuW.js:21
[  854921ms] [ERROR] Failed to load resource: net::ERR_CONNECTION_REFUSED @ http://localhost:8511/_stcore/host-config:0
[  856794ms] [ERROR] Failed to load resource: net::ERR_CONNECTION_REFUSED @ http://localhost:8511/_stcore/health:0
[  856794ms] [ERROR] Client Error in reaching server endpoint - No response received when attempting to reach /_stcore/health @ http://localhost:8511/static/js/index.D2ZqaFuW.js:16
[  856795ms] [ERROR] Is Streamlit still running? If you accidentally stopped Streamlit, just restart it in your terminal: @ http://localhost:8511/static/js/index.D2ZqaFuW.js:21
[  856906ms] [ERROR] Failed to load resource: net::ERR_CONNECTION_REFUSED @ http://localhost:8511/_stcore/host-config:0
[  858801ms] [ERROR] Failed to load resource: net::ERR_CONNECTION_REFUSED @ http://localhost:8511/_stcore/health:0
[  858802ms] [ERROR] Client Error in reaching server endpoint - No response received when attempting to reach /_stcore/health @ http://localhost:8511/static/js/index.D2ZqaFuW.js:16
[  858802ms] [ERROR] Is Streamlit still running? If you accidentally stopped Streamlit, just restart it in your terminal: @ http://localhost:8511/static/js/index.D2ZqaFuW.js:21
[  858909ms] [ERROR] Failed to load resource: net::ERR_CONNECTION_REFUSED @ http://localhost:8511/_stcore/host-config:0
[  860809ms] [ERROR] Failed to load resource: net::ERR_CONNECTION_REFUSED @ http://localhost:8511/_stcore/health:0
[  860809ms] [ERROR] Client Error in reaching server endpoint - No response received when attempting to reach /_stcore/health @ http://localhost:8511/static/js/index.D2ZqaFuW.js:16
[  860809ms] [ERROR] Is Streamlit still running? If you accidentally stopped Streamlit, just restart it in your terminal: @ http://localhost:8511/static/js/index.D2ZqaFuW.js:21
[  860932ms] [ERROR] Failed to load resource: net::ERR_CONNECTION_REFUSED @ http://localhost:8511/_stcore/host-config:0
[  862818ms] [ERROR] Failed to load resource: net::ERR_CONNECTION_REFUSED @ http://localhost:8511/_stcore/health:0
[  862818ms] [ERROR] Client Error in reaching server endpoint - No response received when attempting to reach /_stcore/health @ http://localhost:8511/static/js/index.D2ZqaFuW.js:16
[  862818ms] [ERROR] Is Streamlit still running? If you accidentally stopped Streamlit, just restart it in your terminal: @ http://localhost:8511/static/js/index.D2ZqaFuW.js:21
[  862928ms] [ERROR] Failed to load resource: net::ERR_CONNECTION_REFUSED @ http://localhost:8511/_stcore/host-config:0
[  864826ms] [ERROR] Failed to load resource: net::ERR_CONNECTION_REFUSED @ http://localhost:8511/_stcore/host-config:0
[  864826ms] [ERROR] Client Error in reaching server endpoint - No response received when attempting to reach /_stcore/host-config @ http://localhost:8511/static/js/index.D2ZqaFuW.js:16
[  864826ms] [ERROR] Is Streamlit still running? If you accidentally stopped Streamlit, just restart it in your terminal: @ http://localhost:8511/static/js/index.D2ZqaFuW.js:21
[  864947ms] [ERROR] Failed to load resource: net::ERR_CONNECTION_REFUSED @ http://localhost:8511/_stcore/health:0
[  866833ms] [ERROR] Failed to load resource: net::ERR_CONNECTION_REFUSED @ http://localhost:8511/_stcore/health:0
[  866833ms] [ERROR] Client Error in reaching server endpoint - No response received when attempting to reach /_stcore/health @ http://localhost:8511/static/js/index.D2ZqaFuW.js:16
[  866833ms] [ERROR] Is Streamlit still running? If you accidentally stopped Streamlit, just restart it in your terminal: @ http://localhost:8511/static/js/index.D2ZqaFuW.js:21
[  866945ms] [ERROR] Failed to load resource: net::ERR_CONNECTION_REFUSED @ http://localhost:8511/_stcore/host-config:0
[  868838ms] [ERROR] Failed to load resource: net::ERR_CONNECTION_REFUSED @ http://localhost:8511/_stcore/health:0
[  868838ms] [ERROR] Client Error in reaching server endpoint - No response received when attempting to reach /_stcore/health @ http://localhost:8511/static/js/index.D2ZqaFuW.js:16
[  868839ms] [ERROR] Is Streamlit still running? If you accidentally stopped Streamlit, just restart it in your terminal: @ http://localhost:8511/static/js/index.D2ZqaFuW.js:21
[  868947ms] [ERROR] Failed to load resource: net::ERR_CONNECTION_REFUSED @ http://localhost:8511/_stcore/host-config:0
[  870846ms] [ERROR] Failed to load resource: net::ERR_CONNECTION_REFUSED @ http://localhost:8511/_stcore/health:0
[  870846ms] [ERROR] Client Error in reaching server endpoint - No response received when attempting to reach /_stcore/health @ http://localhost:8511/static/js/index.D2ZqaFuW.js:16
[  870847ms] [ERROR] Is Streamlit still running? If you accidentally stopped Streamlit, just restart it in your terminal: @ http://localhost:8511/static/js/index.D2ZqaFuW.js:21
[  870973ms] [ERROR] Failed to load resource: net::ERR_CONNECTION_REFUSED @ http://localhost:8511/_stcore/host-config:0
[  872853ms] [ERROR] Failed to load resource: net::ERR_CONNECTION_REFUSED @ http://localhost:8511/_stcore/health:0
[  872853ms] [ERROR] Client Error in reaching server endpoint - No response received when attempting to reach /_stcore/health @ http://localhost:8511/static/js/index.D2ZqaFuW.js:16
[  872853ms] [ERROR] Is Streamlit still running? If you accidentally stopped Streamlit, just restart it in your terminal: @ http://localhost:8511/static/js/index.D2ZqaFuW.js:21
[  872966ms] [ERROR] Failed to load resource: net::ERR_CONNECTION_REFUSED @ http://localhost:8511/_stcore/host-config:0
[  874861ms] [ERROR] Failed to load resource: net::ERR_CONNECTION_REFUSED @ http://localhost:8511/_stcore/host-config:0
[  874862ms] [ERROR] Client Error in reaching server endpoint - No response received when attempting to reach /_stcore/host-config @ http://localhost:8511/static/js/index.D2ZqaFuW.js:16
[  874862ms] [ERROR] Is Streamlit still running? If you accidentally stopped Streamlit, just restart it in your terminal: @ http://localhost:8511/static/js/index.D2ZqaFuW.js:21
[  874987ms] [ERROR] Failed to load resource: net::ERR_CONNECTION_REFUSED @ http://localhost:8511/_stcore/health:0
[  876869ms] [ERROR] Failed to load resource: net::ERR_CONNECTION_REFUSED @ http://localhost:8511/_stcore/health:0
[  876869ms] [ERROR] Client Error in reaching server endpoint - No response received when attempting to reach /_stcore/health @ http://localhost:8511/static/js/index.D2ZqaFuW.js:16
[  876870ms] [ERROR] Is Streamlit still running? If you accidentally stopped Streamlit, just restart it in your terminal: @ http://localhost:8511/static/js/index.D2ZqaFuW.js:21
[  876982ms] [ERROR] Failed to load resource: net::ERR_CONNECTION_REFUSED @ http://localhost:8511/_stcore/host-config:0
[  878878ms] [ERROR] Failed to load resource: net::ERR_CONNECTION_REFUSED @ http://localhost:8511/_stcore/host-config:0
[  878879ms] [ERROR] Client Error in reaching server endpoint - No response received when attempting to reach /_stcore/host-config @ http://localhost:8511/static/js/index.D2ZqaFuW.js:16
[  878879ms] [ERROR] Is Streamlit still running? If you accidentally stopped Streamlit, just restart it in your terminal: @ http://localhost:8511/static/js/index.D2ZqaFuW.js:21
[  878989ms] [ERROR] Failed to load resource: net::ERR_CONNECTION_REFUSED @ http://localhost:8511/_stcore/health:0
[  880887ms] [ERROR] Failed to load resource: net::ERR_CONNECTION_REFUSED @ http://localhost:8511/_stcore/health:0
[  880887ms] [ERROR] Client Error in reaching server endpoint - No response received when attempting to reach /_stcore/health @ http://localhost:8511/static/js/index.D2ZqaFuW.js:16
[  880887ms] [ERROR] Is Streamlit still running? If you accidentally stopped Streamlit, just restart it in your terminal: @ http://localhost:8511/static/js/index.D2ZqaFuW.js:21
[  881012ms] [ERROR] Failed to load resource: net::ERR_CONNECTION_REFUSED @ http://localhost:8511/_stcore/host-config:0
[  882896ms] [ERROR] Failed to load resource: net::ERR_CONNECTION_REFUSED @ http://localhost:8511/_stcore/health:0
[  882896ms] [ERROR] Client Error in reaching server endpoint - No response received when attempting to reach /_stcore/health @ http://localhost:8511/static/js/index.D2ZqaFuW.js:16
[  882896ms] [ERROR] Is Streamlit still running? If you accidentally stopped Streamlit, just restart it in your terminal: @ http://localhost:8511/static/js/index.D2ZqaFuW.js:21
[  883013ms] [ERROR] Failed to load resource: net::ERR_CONNECTION_REFUSED @ http://localhost:8511/_stcore/host-config:0
[  884903ms] [ERROR] Failed to load resource: net::ERR_CONNECTION_REFUSED @ http://localhost:8511/_stcore/health:0
[  884903ms] [ERROR] Client Error in reaching server endpoint - No response received when attempting to reach /_stcore/health @ http://localhost:8511/static/js/index.D2ZqaFuW.js:16
[  884903ms] [ERROR] Is Streamlit still running? If you accidentally stopped Streamlit, just restart it in your terminal: @ http://localhost:8511/static/js/index.D2ZqaFuW.js:21
[  885031ms] [ERROR] Failed to load resource: net::ERR_CONNECTION_REFUSED @ http://localhost:8511/_stcore/host-config:0
[  886910ms] [ERROR] Failed to load resource: net::ERR_CONNECTION_REFUSED @ http://localhost:8511/_stcore/health:0
[  886910ms] [ERROR] Client Error in reaching server endpoint - No response received when attempting to reach /_stcore/health @ http://localhost:8511/static/js/index.D2ZqaFuW.js:16
[  886910ms] [ERROR] Is Streamlit still running? If you accidentally stopped Streamlit, just restart it in your terminal: @ http://localhost:8511/static/js/index.D2ZqaFuW.js:21
[  887021ms] [ERROR] Failed to load resource: net::ERR_CONNECTION_REFUSED @ http://localhost:8511/_stcore/host-config:0
[  888916ms] [ERROR] Failed to load resource: net::ERR_CONNECTION_REFUSED @ http://localhost:8511/_stcore/health:0
[  888916ms] [ERROR] Client Error in reaching server endpoint - No response received when attempting to reach /_stcore/health @ http://localhost:8511/static/js/index.D2ZqaFuW.js:16
[  888916ms] [ERROR] Is Streamlit still running? If you accidentally stopped Streamlit, just restart it in your terminal: @ http://localhost:8511/static/js/index.D2ZqaFuW.js:21
[  889027ms] [ERROR] Failed to load resource: net::ERR_CONNECTION_REFUSED @ http://localhost:8511/_stcore/host-config:0
[  890921ms] [ERROR] Failed to load resource: net::ERR_CONNECTION_REFUSED @ http://localhost:8511/_stcore/health:0
[  890922ms] [ERROR] Client Error in reaching server endpoint - No response received when attempting to reach /_stcore/health @ http://localhost:8511/static/js/index.D2ZqaFuW.js:16
[  890922ms] [ERROR] Is Streamlit still running? If you accidentally stopped Streamlit, just restart it in your terminal: @ http://localhost:8511/static/js/index.D2ZqaFuW.js:21
[  891036ms] [ERROR] Failed to load resource: net::ERR_CONNECTION_REFUSED @ http://localhost:8511/_stcore/host-config:0
[  892927ms] [ERROR] Failed to load resource: net::ERR_CONNECTION_REFUSED @ http://localhost:8511/_stcore/health:0
[  892927ms] [ERROR] Client Error in reaching server endpoint - No response received when attempting to reach /_stcore/health @ http://localhost:8511/static/js/index.D2ZqaFuW.js:16
[  892927ms] [ERROR] Is Streamlit still running? If you accidentally stopped Streamlit, just restart it in your terminal: @ http://localhost:8511/static/js/index.D2ZqaFuW.js:21
[  893039ms] [ERROR] Failed to load resource: net::ERR_CONNECTION_REFUSED @ http://localhost:8511/_stcore/host-config:0
[  894934ms] [ERROR] Failed to load resource: net::ERR_CONNECTION_REFUSED @ http://localhost:8511/_stcore/health:0
[  894935ms] [ERROR] Client Error in reaching server endpoint - No response received when attempting to reach /_stcore/health @ http://localhost:8511/static/js/index.D2ZqaFuW.js:16
[  894935ms] [ERROR] Is Streamlit still running? If you accidentally stopped Streamlit, just restart it in your terminal: @ http://localhost:8511/static/js/index.D2ZqaFuW.js:21
[  895064ms] [ERROR] Failed to load resource: net::ERR_CONNECTION_REFUSED @ http://localhost:8511/_stcore/host-config:0
[  896942ms] [ERROR] Failed to load resource: net::ERR_CONNECTION_REFUSED @ http://localhost:8511/_stcore/health:0
[  896942ms] [ERROR] Client Error in reaching server endpoint - No response received when attempting to reach /_stcore/health @ http://localhost:8511/static/js/index.D2ZqaFuW.js:16
[  896943ms] [ERROR] Is Streamlit still running? If you accidentally stopped Streamlit, just restart it in your terminal: @ http://localhost:8511/static/js/index.D2ZqaFuW.js:21
[  897051ms] [ERROR] Failed to load resource: net::ERR_CONNECTION_REFUSED @ http://localhost:8511/_stcore/host-config:0
[  898949ms] [ERROR] Failed to load resource: net::ERR_CONNECTION_REFUSED @ http://localhost:8511/_stcore/health:0
[  898949ms] [ERROR] Client Error in reaching server endpoint - No response received when attempting to reach /_stcore/health @ http://localhost:8511/static/js/index.D2ZqaFuW.js:16
[  898950ms] [ERROR] Is Streamlit still running? If you accidentally stopped Streamlit, just restart it in your terminal: @ http://localhost:8511/static/js/index.D2ZqaFuW.js:21
[  899064ms] [ERROR] Failed to load resource: net::ERR_CONNECTION_REFUSED @ http://localhost:8511/_stcore/host-config:0
[  900957ms] [ERROR] Failed to load resource: net::ERR_CONNECTION_REFUSED @ http://localhost:8511/_stcore/health:0
[  900957ms] [ERROR] Client Error in reaching server endpoint - No response received when attempting to reach /_stcore/health @ http://localhost:8511/static/js/index.D2ZqaFuW.js:16
[  900957ms] [ERROR] Is Streamlit still running? If you accidentally stopped Streamlit, just restart it in your terminal: @ http://localhost:8511/static/js/index.D2ZqaFuW.js:21
[  901079ms] [ERROR] Failed to load resource: net::ERR_CONNECTION_REFUSED @ http://localhost:8511/_stcore/host-config:0
[  902967ms] [ERROR] Failed to load resource: net::ERR_CONNECTION_REFUSED @ http://localhost:8511/_stcore/health:0
[  902968ms] [ERROR] Client Error in reaching server endpoint - No response received when attempting to reach /_stcore/health @ http://localhost:8511/static/js/index.D2ZqaFuW.js:16
[  902968ms] [ERROR] Is Streamlit still running? If you accidentally stopped Streamlit, just restart it in your terminal: @ http://localhost:8511/static/js/index.D2ZqaFuW.js:21
[  902968ms] [ERROR] Failed to load resource: net::ERR_CONNECTION_REFUSED @ http://localhost:8511/_stcore/host-config:0
[  904972ms] [ERROR] Failed to load resource: net::ERR_CONNECTION_REFUSED @ http://localhost:8511/_stcore/health:0
[  904972ms] [ERROR] Client Error in reaching server endpoint - No response received when attempting to reach /_stcore/health @ http://localhost:8511/static/js/index.D2ZqaFuW.js:16
[  904972ms] [ERROR] Is Streamlit still running? If you accidentally stopped Streamlit, just restart it in your terminal: @ http://localhost:8511/static/js/index.D2ZqaFuW.js:21
[  905090ms] [ERROR] Failed to load resource: net::ERR_CONNECTION_REFUSED @ http://localhost:8511/_stcore/host-config:0
[  906980ms] [ERROR] Failed to load resource: net::ERR_CONNECTION_REFUSED @ http://localhost:8511/_stcore/health:0
[  906980ms] [ERROR] Client Error in reaching server endpoint - No response received when attempting to reach /_stcore/health @ http://localhost:8511/static/js/index.D2ZqaFuW.js:16
[  906980ms] [ERROR] Is Streamlit still running? If you accidentally stopped Streamlit, just restart it in your terminal: @ http://localhost:8511/static/js/index.D2ZqaFuW.js:21
[  907089ms] [ERROR] Failed to load resource: net::ERR_CONNECTION_REFUSED @ http://localhost:8511/_stcore/host-config:0
[  908988ms] [ERROR] Failed to load resource: net::ERR_CONNECTION_REFUSED @ http://localhost:8511/_stcore/health:0
[  908988ms] [ERROR] Client Error in reaching server endpoint - No response received when attempting to reach /_stcore/health @ http://localhost:8511/static/js/index.D2ZqaFuW.js:16
[  908989ms] [ERROR] Is Streamlit still running? If you accidentally stopped Streamlit, just restart it in your terminal: @ http://localhost:8511/static/js/index.D2ZqaFuW.js:21
[  909103ms] [ERROR] Failed to load resource: net::ERR_CONNECTION_REFUSED @ http://localhost:8511/_stcore/host-config:0
[  910995ms] [ERROR] Failed to load resource: net::ERR_CONNECTION_REFUSED @ http://localhost:8511/_stcore/health:0
[  910995ms] [ERROR] Client Error in reaching server endpoint - No response received when attempting to reach /_stcore/health @ http://localhost:8511/static/js/index.D2ZqaFuW.js:16
[  910995ms] [ERROR] Is Streamlit still running? If you accidentally stopped Streamlit, just restart it in your terminal: @ http://localhost:8511/static/js/index.D2ZqaFuW.js:21
[  911120ms] [ERROR] Failed to load resource: net::ERR_CONNECTION_REFUSED @ http://localhost:8511/_stcore/host-config:0
[  913001ms] [ERROR] Failed to load resource: net::ERR_CONNECTION_REFUSED @ http://localhost:8511/_stcore/health:0
[  913001ms] [ERROR] Client Error in reaching server endpoint - No response received when attempting to reach /_stcore/health @ http://localhost:8511/static/js/index.D2ZqaFuW.js:16
[  913001ms] [ERROR] Is Streamlit still running? If you accidentally stopped Streamlit, just restart it in your terminal: @ http://localhost:8511/static/js/index.D2ZqaFuW.js:21
[  913110ms] [ERROR] Failed to load resource: net::ERR_CONNECTION_REFUSED @ http://localhost:8511/_stcore/host-config:0
[  915007ms] [ERROR] Failed to load resource: net::ERR_CONNECTION_REFUSED @ http://localhost:8511/_stcore/health:0
[  915007ms] [ERROR] Client Error in reaching server endpoint - No response received when attempting to reach /_stcore/health @ http://localhost:8511/static/js/index.D2ZqaFuW.js:16
[  915007ms] [ERROR] Is Streamlit still running? If you accidentally stopped Streamlit, just restart it in your terminal: @ http://localhost:8511/static/js/index.D2ZqaFuW.js:21
[  915129ms] [ERROR] Failed to load resource: net::ERR_CONNECTION_REFUSED @ http://localhost:8511/_stcore/host-config:0
[  917015ms] [ERROR] Failed to load resource: net::ERR_CONNECTION_REFUSED @ http://localhost:8511/_stcore/health:0
[  917015ms] [ERROR] Client Error in reaching server endpoint - No response received when attempting to reach /_stcore/health @ http://localhost:8511/static/js/index.D2ZqaFuW.js:16
[  917015ms] [ERROR] Is Streamlit still running? If you accidentally stopped Streamlit, just restart it in your terminal: @ http://localhost:8511/static/js/index.D2ZqaFuW.js:21
[  917127ms] [ERROR] Failed to load resource: net::ERR_CONNECTION_REFUSED @ http://localhost:8511/_stcore/host-config:0
[  919022ms] [ERROR] Failed to load resource: net::ERR_CONNECTION_REFUSED @ http://localhost:8511/_stcore/health:0
[  919022ms] [ERROR] Client Error in reaching server endpoint - No response received when attempting to reach /_stcore/health @ http://localhost:8511/static/js/index.D2ZqaFuW.js:16
[  919022ms] [ERROR] Is Streamlit still running? If you accidentally stopped Streamlit, just restart it in your terminal: @ http://localhost:8511/static/js/index.D2ZqaFuW.js:21
[  919135ms] [ERROR] Failed to load resource: net::ERR_CONNECTION_REFUSED @ http://localhost:8511/_stcore/host-config:0
[  921030ms] [ERROR] Failed to load resource: net::ERR_CONNECTION_REFUSED @ http://localhost:8511/_stcore/health:0
[  921030ms] [ERROR] Client Error in reaching server endpoint - No response received when attempting to reach /_stcore/health @ http://localhost:8511/static/js/index.D2ZqaFuW.js:16
[  921030ms] [ERROR] Is Streamlit still running? If you accidentally stopped Streamlit, just restart it in your terminal: @ http://localhost:8511/static/js/index.D2ZqaFuW.js:21
[  921152ms] [ERROR] Failed to load resource: net::ERR_CONNECTION_REFUSED @ http://localhost:8511/_stcore/host-config:0
[  923037ms] [ERROR] Failed to load resource: net::ERR_CONNECTION_REFUSED @ http://localhost:8511/_stcore/health:0
[  923038ms] [ERROR] Client Error in reaching server endpoint - No response received when attempting to reach /_stcore/health @ http://localhost:8511/static/js/index.D2ZqaFuW.js:16
[  923038ms] [ERROR] Is Streamlit still running? If you accidentally stopped Streamlit, just restart it in your terminal: @ http://localhost:8511/static/js/index.D2ZqaFuW.js:21
[  923180ms] [ERROR] Failed to load resource: net::ERR_CONNECTION_REFUSED @ http://localhost:8511/_stcore/host-config:0
[  925091ms] [ERROR] Failed to load resource: net::ERR_CONNECTION_REFUSED @ http://localhost:8511/_stcore/health:0
[  925091ms] [ERROR] Client Error in reaching server endpoint - No response received when attempting to reach /_stcore/health @ http://localhost:8511/static/js/index.D2ZqaFuW.js:16
[  925091ms] [ERROR] Is Streamlit still running? If you accidentally stopped Streamlit, just restart it in your terminal: @ http://localhost:8511/static/js/index.D2ZqaFuW.js:21
[  925374ms] [ERROR] Failed to load resource: net::ERR_CONNECTION_REFUSED @ http://localhost:8511/_stcore/host-config:0
[  927098ms] [ERROR] Failed to load resource: net::ERR_CONNECTION_REFUSED @ http://localhost:8511/_stcore/health:0
[  927099ms] [ERROR] Client Error in reaching server endpoint - No response received when attempting to reach /_stcore/health @ http://localhost:8511/static/js/index.D2ZqaFuW.js:16
[  927099ms] [ERROR] Is Streamlit still running? If you accidentally stopped Streamlit, just restart it in your terminal: @ http://localhost:8511/static/js/index.D2ZqaFuW.js:21
[  927218ms] [ERROR] Failed to load resource: net::ERR_CONNECTION_REFUSED @ http://localhost:8511/_stcore/host-config:0
[  929107ms] [ERROR] Failed to load resource: net::ERR_CONNECTION_REFUSED @ http://localhost:8511/_stcore/host-config:0
[  929107ms] [ERROR] Client Error in reaching server endpoint - No response received when attempting to reach /_stcore/host-config @ http://localhost:8511/static/js/index.D2ZqaFuW.js:16
[  929107ms] [ERROR] Is Streamlit still running? If you accidentally stopped Streamlit, just restart it in your terminal: @ http://localhost:8511/static/js/index.D2ZqaFuW.js:21
[  929220ms] [ERROR] Failed to load resource: net::ERR_CONNECTION_REFUSED @ http://localhost:8511/_stcore/health:0
[  931114ms] [ERROR] Failed to load resource: net::ERR_CONNECTION_REFUSED @ http://localhost:8511/_stcore/health:0
[  931115ms] [ERROR] Client Error in reaching server endpoint - No response received when attempting to reach /_stcore/health @ http://localhost:8511/static/js/index.D2ZqaFuW.js:16
[  931115ms] [ERROR] Is Streamlit still running? If you accidentally stopped Streamlit, just restart it in your terminal: @ http://localhost:8511/static/js/index.D2ZqaFuW.js:21
[  931227ms] [ERROR] Failed to load resource: net::ERR_CONNECTION_REFUSED @ http://localhost:8511/_stcore/host-config:0
[  933122ms] [ERROR] Failed to load resource: net::ERR_CONNECTION_REFUSED @ http://localhost:8511/_stcore/health:0
[  933122ms] [ERROR] Client Error in reaching server endpoint - No response received when attempting to reach /_stcore/health @ http://localhost:8511/static/js/index.D2ZqaFuW.js:16
[  933123ms] [ERROR] Is Streamlit still running? If you accidentally stopped Streamlit, just restart it in your terminal: @ http://localhost:8511/static/js/index.D2ZqaFuW.js:21
[  933232ms] [ERROR] Failed to load resource: net::ERR_CONNECTION_REFUSED @ http://localhost:8511/_stcore/host-config:0
[  935129ms] [ERROR] Failed to load resource: net::ERR_CONNECTION_REFUSED @ http://localhost:8511/_stcore/health:0
[  935129ms] [ERROR] Client Error in reaching server endpoint - No response received when attempting to reach /_stcore/health @ http://localhost:8511/static/js/index.D2ZqaFuW.js:16
[  935129ms] [ERROR] Is Streamlit still running? If you accidentally stopped Streamlit, just restart it in your terminal: @ http://localhost:8511/static/js/index.D2ZqaFuW.js:21
[  935263ms] [ERROR] Failed to load resource: net::ERR_CONNECTION_REFUSED @ http://localhost:8511/_stcore/host-config:0
[  937137ms] [ERROR] Failed to load resource: net::ERR_CONNECTION_REFUSED @ http://localhost:8511/_stcore/host-config:0
[  937137ms] [ERROR] Client Error in reaching server endpoint - No response received when attempting to reach /_stcore/host-config @ http://localhost:8511/static/js/index.D2ZqaFuW.js:16
[  937137ms] [ERROR] Is Streamlit still running? If you accidentally stopped Streamlit, just restart it in your terminal: @ http://localhost:8511/static/js/index.D2ZqaFuW.js:21
[  937246ms] [ERROR] Failed to load resource: net::ERR_CONNECTION_REFUSED @ http://localhost:8511/_stcore/health:0
[  939144ms] [ERROR] Failed to load resource: net::ERR_CONNECTION_REFUSED @ http://localhost:8511/_stcore/health:0
[  939144ms] [ERROR] Client Error in reaching server endpoint - No response received when attempting to reach /_stcore/health @ http://localhost:8511/static/js/index.D2ZqaFuW.js:16
[  939145ms] [ERROR] Is Streamlit still running? If you accidentally stopped Streamlit, just restart it in your terminal: @ http://localhost:8511/static/js/index.D2ZqaFuW.js:21
[  939253ms] [ERROR] Failed to load resource: net::ERR_CONNECTION_REFUSED @ http://localhost:8511/_stcore/host-config:0
[  941152ms] [ERROR] Failed to load resource: net::ERR_CONNECTION_REFUSED @ http://localhost:8511/_stcore/health:0
[  941152ms] [ERROR] Client Error in reaching server endpoint - No response received when attempting to reach /_stcore/health @ http://localhost:8511/static/js/index.D2ZqaFuW.js:16
[  941152ms] [ERROR] Is Streamlit still running? If you accidentally stopped Streamlit, just restart it in your terminal: @ http://localhost:8511/static/js/index.D2ZqaFuW.js:21
[  941276ms] [ERROR] Failed to load resource: net::ERR_CONNECTION_REFUSED @ http://localhost:8511/_stcore/host-config:0
[  943158ms] [ERROR] Failed to load resource: net::ERR_CONNECTION_REFUSED @ http://localhost:8511/_stcore/health:0
[  943159ms] [ERROR] Client Error in reaching server endpoint - No response received when attempting to reach /_stcore/health @ http://localhost:8511/static/js/index.D2ZqaFuW.js:16
[  943159ms] [ERROR] Is Streamlit still running? If you accidentally stopped Streamlit, just restart it in your terminal: @ http://localhost:8511/static/js/index.D2ZqaFuW.js:21
[  943269ms] [ERROR] Failed to load resource: net::ERR_CONNECTION_REFUSED @ http://localhost:8511/_stcore/host-config:0
[  945166ms] [ERROR] Failed to load resource: net::ERR_CONNECTION_REFUSED @ http://localhost:8511/_stcore/health:0
[  945167ms] [ERROR] Client Error in reaching server endpoint - No response received when attempting to reach /_stcore/health @ http://localhost:8511/static/js/index.D2ZqaFuW.js:16
[  945167ms] [ERROR] Is Streamlit still running? If you accidentally stopped Streamlit, just restart it in your terminal: @ http://localhost:8511/static/js/index.D2ZqaFuW.js:21
[  945289ms] [ERROR] Failed to load resource: net::ERR_CONNECTION_REFUSED @ http://localhost:8511/_stcore/host-config:0
[  947174ms] [ERROR] Failed to load resource: net::ERR_CONNECTION_REFUSED @ http://localhost:8511/_stcore/health:0
[  947174ms] [ERROR] Client Error in reaching server endpoint - No response received when attempting to reach /_stcore/health @ http://localhost:8511/static/js/index.D2ZqaFuW.js:16
[  947174ms] [ERROR] Is Streamlit still running? If you accidentally stopped Streamlit, just restart it in your terminal: @ http://localhost:8511/static/js/index.D2ZqaFuW.js:21
[  947285ms] [ERROR] Failed to load resource: net::ERR_CONNECTION_REFUSED @ http://localhost:8511/_stcore/host-config:0
[  949181ms] [ERROR] Failed to load resource: net::ERR_CONNECTION_REFUSED @ http://localhost:8511/_stcore/health:0
[  949181ms] [ERROR] Client Error in reaching server endpoint - No response received when attempting to reach /_stcore/health @ http://localhost:8511/static/js/index.D2ZqaFuW.js:16
[  949181ms] [ERROR] Is Streamlit still running? If you accidentally stopped Streamlit, just restart it in your terminal: @ http://localhost:8511/static/js/index.D2ZqaFuW.js:21
[  949286ms] [ERROR] Failed to load resource: net::ERR_CONNECTION_REFUSED @ http://localhost:8511/_stcore/host-config:0
[  951188ms] [ERROR] Failed to load resource: net::ERR_CONNECTION_REFUSED @ http://localhost:8511/_stcore/health:0
[  951188ms] [ERROR] Client Error in reaching server endpoint - No response received when attempting to reach /_stcore/health @ http://localhost:8511/static/js/index.D2ZqaFuW.js:16
[  951188ms] [ERROR] Is Streamlit still running? If you accidentally stopped Streamlit, just restart it in your terminal: @ http://localhost:8511/static/js/index.D2ZqaFuW.js:21
[  951189ms] [ERROR] Failed to load resource: net::ERR_CONNECTION_REFUSED @ http://localhost:8511/_stcore/host-config:0
[  953196ms] [ERROR] Failed to load resource: net::ERR_CONNECTION_REFUSED @ http://localhost:8511/_stcore/health:0
[  953196ms] [ERROR] Client Error in reaching server endpoint - No response received when attempting to reach /_stcore/health @ http://localhost:8511/static/js/index.D2ZqaFuW.js:16
[  953196ms] [ERROR] Is Streamlit still running? If you accidentally stopped Streamlit, just restart it in your terminal: @ http://localhost:8511/static/js/index.D2ZqaFuW.js:21
[  953306ms] [ERROR] Failed to load resource: net::ERR_CONNECTION_REFUSED @ http://localhost:8511/_stcore/host-config:0
[  955203ms] [ERROR] Failed to load resource: net::ERR_CONNECTION_REFUSED @ http://localhost:8511/_stcore/health:0
[  955204ms] [ERROR] Client Error in reaching server endpoint - No response received when attempting to reach /_stcore/health @ http://localhost:8511/static/js/index.D2ZqaFuW.js:16
[  955204ms] [ERROR] Is Streamlit still running? If you accidentally stopped Streamlit, just restart it in your terminal: @ http://localhost:8511/static/js/index.D2ZqaFuW.js:21
[  955328ms] [ERROR] Failed to load resource: net::ERR_CONNECTION_REFUSED @ http://localhost:8511/_stcore/host-config:0
[  957211ms] [ERROR] Failed to load resource: net::ERR_CONNECTION_REFUSED @ http://localhost:8511/_stcore/health:0
[  957211ms] [ERROR] Client Error in reaching server endpoint - No response received when attempting to reach /_stcore/health @ http://localhost:8511/static/js/index.D2ZqaFuW.js:16
[  957212ms] [ERROR] Is Streamlit still running? If you accidentally stopped Streamlit, just restart it in your terminal: @ http://localhost:8511/static/js/index.D2ZqaFuW.js:21
[  957324ms] [ERROR] Failed to load resource: net::ERR_CONNECTION_REFUSED @ http://localhost:8511/_stcore/host-config:0
[  959219ms] [ERROR] Failed to load resource: net::ERR_CONNECTION_REFUSED @ http://localhost:8511/_stcore/health:0
[  959219ms] [ERROR] Client Error in reaching server endpoint - No response received when attempting to reach /_stcore/health @ http://localhost:8511/static/js/index.D2ZqaFuW.js:16
[  959219ms] [ERROR] Is Streamlit still running? If you accidentally stopped Streamlit, just restart it in your terminal: @ http://localhost:8511/static/js/index.D2ZqaFuW.js:21
[  959329ms] [ERROR] Failed to load resource: net::ERR_CONNECTION_REFUSED @ http://localhost:8511/_stcore/host-config:0
[  961226ms] [ERROR] Failed to load resource: net::ERR_CONNECTION_REFUSED @ http://localhost:8511/_stcore/health:0
[  961226ms] [ERROR] Client Error in reaching server endpoint - No response received when attempting to reach /_stcore/health @ http://localhost:8511/static/js/index.D2ZqaFuW.js:16
[  961226ms] [ERROR] Is Streamlit still running? If you accidentally stopped Streamlit, just restart it in your terminal: @ http://localhost:8511/static/js/index.D2ZqaFuW.js:21
[  961349ms] [ERROR] Failed to load resource: net::ERR_CONNECTION_REFUSED @ http://localhost:8511/_stcore/host-config:0
[  963232ms] [ERROR] Failed to load resource: net::ERR_CONNECTION_REFUSED @ http://localhost:8511/_stcore/health:0
[  963232ms] [ERROR] Client Error in reaching server endpoint - No response received when attempting to reach /_stcore/health @ http://localhost:8511/static/js/index.D2ZqaFuW.js:16
[  963232ms] [ERROR] Is Streamlit still running? If you accidentally stopped Streamlit, just restart it in your terminal: @ http://localhost:8511/static/js/index.D2ZqaFuW.js:21
[  963567ms] [ERROR] Failed to load resource: net::ERR_CONNECTION_REFUSED @ http://localhost:8511/_stcore/host-config:0
[  965238ms] [ERROR] Failed to load resource: net::ERR_CONNECTION_REFUSED @ http://localhost:8511/_stcore/health:0
[  965238ms] [ERROR] Client Error in reaching server endpoint - No response received when attempting to reach /_stcore/health @ http://localhost:8511/static/js/index.D2ZqaFuW.js:16
[  965239ms] [ERROR] Is Streamlit still running? If you accidentally stopped Streamlit, just restart it in your terminal: @ http://localhost:8511/static/js/index.D2ZqaFuW.js:21
[  965453ms] [ERROR] Failed to load resource: net::ERR_CONNECTION_REFUSED @ http://localhost:8511/_stcore/host-config:0
[  967244ms] [ERROR] Failed to load resource: net::ERR_CONNECTION_REFUSED @ http://localhost:8511/_stcore/health:0
[  967244ms] [ERROR] Client Error in reaching server endpoint - No response received when attempting to reach /_stcore/health @ http://localhost:8511/static/js/index.D2ZqaFuW.js:16
[  967245ms] [ERROR] Is Streamlit still running? If you accidentally stopped Streamlit, just restart it in your terminal: @ http://localhost:8511/static/js/index.D2ZqaFuW.js:21
[  967389ms] [ERROR] Failed to load resource: net::ERR_CONNECTION_REFUSED @ http://localhost:8511/_stcore/host-config:0
[  969248ms] [ERROR] Failed to load resource: net::ERR_CONNECTION_REFUSED @ http://localhost:8511/_stcore/health:0
[  969248ms] [ERROR] Client Error in reaching server endpoint - No response received when attempting to reach /_stcore/health @ http://localhost:8511/static/js/index.D2ZqaFuW.js:16
[  969249ms] [ERROR] Is Streamlit still running? If you accidentally stopped Streamlit, just restart it in your terminal: @ http://localhost:8511/static/js/index.D2ZqaFuW.js:21
[  969362ms] [ERROR] Failed to load resource: net::ERR_CONNECTION_REFUSED @ http://localhost:8511/_stcore/host-config:0
[  971253ms] [ERROR] Failed to load resource: net::ERR_CONNECTION_REFUSED @ http://localhost:8511/_stcore/host-config:0
[  971253ms] [ERROR] Client Error in reaching server endpoint - No response received when attempting to reach /_stcore/host-config @ http://localhost:8511/static/js/index.D2ZqaFuW.js:16
[  971253ms] [ERROR] Is Streamlit still running? If you accidentally stopped Streamlit, just restart it in your terminal: @ http://localhost:8511/static/js/index.D2ZqaFuW.js:21
[  971379ms] [ERROR] Failed to load resource: net::ERR_CONNECTION_REFUSED @ http://localhost:8511/_stcore/health:0
[  973259ms] [ERROR] Failed to load resource: net::ERR_CONNECTION_REFUSED @ http://localhost:8511/_stcore/host-config:0
[  973259ms] [ERROR] Client Error in reaching server endpoint - No response received when attempting to reach /_stcore/host-config @ http://localhost:8511/static/js/index.D2ZqaFuW.js:16
[  973260ms] [ERROR] Is Streamlit still running? If you accidentally stopped Streamlit, just restart it in your terminal: @ http://localhost:8511/static/js/index.D2ZqaFuW.js:21
[  973377ms] [ERROR] Failed to load resource: net::ERR_CONNECTION_REFUSED @ http://localhost:8511/_stcore/health:0
[  975263ms] [ERROR] Failed to load resource: net::ERR_CONNECTION_REFUSED @ http://localhost:8511/_stcore/health:0
[  975263ms] [ERROR] Client Error in reaching server endpoint - No response received when attempting to reach /_stcore/health @ http://localhost:8511/static/js/index.D2ZqaFuW.js:16
[  975263ms] [ERROR] Is Streamlit still running? If you accidentally stopped Streamlit, just restart it in your terminal: @ http://localhost:8511/static/js/index.D2ZqaFuW.js:21
[  975396ms] [ERROR] Failed to load resource: net::ERR_CONNECTION_REFUSED @ http://localhost:8511/_stcore/host-config:0
[  977269ms] [ERROR] Failed to load resource: net::ERR_CONNECTION_REFUSED @ http://localhost:8511/_stcore/health:0
[  977270ms] [ERROR] Client Error in reaching server endpoint - No response received when attempting to reach /_stcore/health @ http://localhost:8511/static/js/index.D2ZqaFuW.js:16
[  977270ms] [ERROR] Is Streamlit still running? If you accidentally stopped Streamlit, just restart it in your terminal: @ http://localhost:8511/static/js/index.D2ZqaFuW.js:21
[  977387ms] [ERROR] Failed to load resource: net::ERR_CONNECTION_REFUSED @ http://localhost:8511/_stcore/host-config:0
[  979279ms] [ERROR] Failed to load resource: net::ERR_CONNECTION_REFUSED @ http://localhost:8511/_stcore/health:0
[  979279ms] [ERROR] Client Error in reaching server endpoint - No response received when attempting to reach /_stcore/health @ http://localhost:8511/static/js/index.D2ZqaFuW.js:16
[  979279ms] [ERROR] Is Streamlit still running? If you accidentally stopped Streamlit, just restart it in your terminal: @ http://localhost:8511/static/js/index.D2ZqaFuW.js:21
[  979413ms] [ERROR] Failed to load resource: net::ERR_CONNECTION_REFUSED @ http://localhost:8511/_stcore/host-config:0
[  981286ms] [ERROR] Failed to load resource: net::ERR_CONNECTION_REFUSED @ http://localhost:8511/_stcore/host-config:0
[  981286ms] [ERROR] Client Error in reaching server endpoint - No response received when attempting to reach /_stcore/host-config @ http://localhost:8511/static/js/index.D2ZqaFuW.js:16
[  981286ms] [ERROR] Is Streamlit still running? If you accidentally stopped Streamlit, just restart it in your terminal: @ http://localhost:8511/static/js/index.D2ZqaFuW.js:21
[  981421ms] [ERROR] Failed to load resource: net::ERR_CONNECTION_REFUSED @ http://localhost:8511/_stcore/health:0
[  983294ms] [ERROR] Failed to load resource: net::ERR_CONNECTION_REFUSED @ http://localhost:8511/_stcore/health:0
[  983294ms] [ERROR] Client Error in reaching server endpoint - No response received when attempting to reach /_stcore/health @ http://localhost:8511/static/js/index.D2ZqaFuW.js:16
[  983294ms] [ERROR] Is Streamlit still running? If you accidentally stopped Streamlit, just restart it in your terminal: @ http://localhost:8511/static/js/index.D2ZqaFuW.js:21
[  983416ms] [ERROR] Failed to load resource: net::ERR_CONNECTION_REFUSED @ http://localhost:8511/_stcore/host-config:0
[  985301ms] [ERROR] Failed to load resource: net::ERR_CONNECTION_REFUSED @ http://localhost:8511/_stcore/host-config:0
[  985302ms] [ERROR] Client Error in reaching server endpoint - No response received when attempting to reach /_stcore/host-config @ http://localhost:8511/static/js/index.D2ZqaFuW.js:16
[  985302ms] [ERROR] Is Streamlit still running? If you accidentally stopped Streamlit, just restart it in your terminal: @ http://localhost:8511/static/js/index.D2ZqaFuW.js:21
[  985432ms] [ERROR] Failed to load resource: net::ERR_CONNECTION_REFUSED @ http://localhost:8511/_stcore/health:0
[  987309ms] [ERROR] Failed to load resource: net::ERR_CONNECTION_REFUSED @ http://localhost:8511/_stcore/health:0
[  987310ms] [ERROR] Client Error in reaching server endpoint - No response received when attempting to reach /_stcore/health @ http://localhost:8511/static/js/index.D2ZqaFuW.js:16
[  987310ms] [ERROR] Is Streamlit still running? If you accidentally stopped Streamlit, just restart it in your terminal: @ http://localhost:8511/static/js/index.D2ZqaFuW.js:21
[  987419ms] [ERROR] Failed to load resource: net::ERR_CONNECTION_REFUSED @ http://localhost:8511/_stcore/host-config:0
[  989317ms] [ERROR] Failed to load resource: net::ERR_CONNECTION_REFUSED @ http://localhost:8511/_stcore/health:0
[  989317ms] [ERROR] Client Error in reaching server endpoint - No response received when attempting to reach /_stcore/health @ http://localhost:8511/static/js/index.D2ZqaFuW.js:16
[  989317ms] [ERROR] Is Streamlit still running? If you accidentally stopped Streamlit, just restart it in your terminal: @ http://localhost:8511/static/js/index.D2ZqaFuW.js:21
[  989435ms] [ERROR] Failed to load resource: net::ERR_CONNECTION_REFUSED @ http://localhost:8511/_stcore/host-config:0
[  991326ms] [ERROR] Failed to load resource: net::ERR_CONNECTION_REFUSED @ http://localhost:8511/_stcore/health:0
[  991326ms] [ERROR] Client Error in reaching server endpoint - No response received when attempting to reach /_stcore/health @ http://localhost:8511/static/js/index.D2ZqaFuW.js:16
[  991326ms] [ERROR] Is Streamlit still running? If you accidentally stopped Streamlit, just restart it in your terminal: @ http://localhost:8511/static/js/index.D2ZqaFuW.js:21
[  991451ms] [ERROR] Failed to load resource: net::ERR_CONNECTION_REFUSED @ http://localhost:8511/_stcore/host-config:0
[  993332ms] [ERROR] Failed to load resource: net::ERR_CONNECTION_REFUSED @ http://localhost:8511/_stcore/health:0
[  993332ms] [ERROR] Client Error in reaching server endpoint - No response received when attempting to reach /_stcore/health @ http://localhost:8511/static/js/index.D2ZqaFuW.js:16
[  993332ms] [ERROR] Is Streamlit still running? If you accidentally stopped Streamlit, just restart it in your terminal: @ http://localhost:8511/static/js/index.D2ZqaFuW.js:21
[  993459ms] [ERROR] Failed to load resource: net::ERR_CONNECTION_REFUSED @ http://localhost:8511/_stcore/host-config:0
[  995337ms] [ERROR] Failed to load resource: net::ERR_CONNECTION_REFUSED @ http://localhost:8511/_stcore/host-config:0
[  995337ms] [ERROR] Client Error in reaching server endpoint - No response received when attempting to reach /_stcore/host-config @ http://localhost:8511/static/js/index.D2ZqaFuW.js:16
[  995337ms] [ERROR] Is Streamlit still running? If you accidentally stopped Streamlit, just restart it in your terminal: @ http://localhost:8511/static/js/index.D2ZqaFuW.js:21
[  995469ms] [ERROR] Failed to load resource: net::ERR_CONNECTION_REFUSED @ http://localhost:8511/_stcore/health:0
[  997343ms] [ERROR] Failed to load resource: net::ERR_CONNECTION_REFUSED @ http://localhost:8511/_stcore/health:0
[  997343ms] [ERROR] Client Error in reaching server endpoint - No response received when attempting to reach /_stcore/health @ http://localhost:8511/static/js/index.D2ZqaFuW.js:16
[  997344ms] [ERROR] Is Streamlit still running? If you accidentally stopped Streamlit, just restart it in your terminal: @ http://localhost:8511/static/js/index.D2ZqaFuW.js:21
[  997458ms] [ERROR] Failed to load resource: net::ERR_CONNECTION_REFUSED @ http://localhost:8511/_stcore/host-config:0
[  999350ms] [ERROR] Failed to load resource: net::ERR_CONNECTION_REFUSED @ http://localhost:8511/_stcore/health:0
[  999351ms] [ERROR] Client Error in reaching server endpoint - No response received when attempting to reach /_stcore/health @ http://localhost:8511/static/js/index.D2ZqaFuW.js:16
[  999351ms] [ERROR] Is Streamlit still running? If you accidentally stopped Streamlit, just restart it in your terminal: @ http://localhost:8511/static/js/index.D2ZqaFuW.js:21
[  999465ms] [ERROR] Failed to load resource: net::ERR_CONNECTION_REFUSED @ http://localhost:8511/_stcore/host-config:0
[ 1001357ms] [ERROR] Failed to load resource: net::ERR_CONNECTION_REFUSED @ http://localhost:8511/_stcore/health:0
[ 1001357ms] [ERROR] Client Error in reaching server endpoint - No response received when attempting to reach /_stcore/health @ http://localhost:8511/static/js/index.D2ZqaFuW.js:16
[ 1001357ms] [ERROR] Is Streamlit still running? If you accidentally stopped Streamlit, just restart it in your terminal: @ http://localhost:8511/static/js/index.D2ZqaFuW.js:21
[ 1001485ms] [ERROR] Failed to load resource: net::ERR_CONNECTION_REFUSED @ http://localhost:8511/_stcore/host-config:0
[ 1003364ms] [ERROR] Failed to load resource: net::ERR_CONNECTION_REFUSED @ http://localhost:8511/_stcore/health:0
[ 1003364ms] [ERROR] Client Error in reaching server endpoint - No response received when attempting to reach /_stcore/health @ http://localhost:8511/static/js/index.D2ZqaFuW.js:16
[ 1003365ms] [ERROR] Is Streamlit still running? If you accidentally stopped Streamlit, just restart it in your terminal: @ http://localhost:8511/static/js/index.D2ZqaFuW.js:21
[ 1003475ms] [ERROR] Failed to load resource: net::ERR_CONNECTION_REFUSED @ http://localhost:8511/_stcore/host-config:0
[ 1005371ms] [ERROR] Failed to load resource: net::ERR_CONNECTION_REFUSED @ http://localhost:8511/_stcore/health:0
[ 1005371ms] [ERROR] Client Error in reaching server endpoint - No response received when attempting to reach /_stcore/health @ http://localhost:8511/static/js/index.D2ZqaFuW.js:16
[ 1005371ms] [ERROR] Is Streamlit still running? If you accidentally stopped Streamlit, just restart it in your terminal: @ http://localhost:8511/static/js/index.D2ZqaFuW.js:21
[ 1005742ms] [ERROR] Failed to load resource: net::ERR_CONNECTION_REFUSED @ http://localhost:8511/_stcore/host-config:0
[ 1007379ms] [ERROR] Failed to load resource: net::ERR_CONNECTION_REFUSED @ http://localhost:8511/_stcore/health:0
[ 1007379ms] [ERROR] Client Error in reaching server endpoint - No response received when attempting to reach /_stcore/health @ http://localhost:8511/static/js/index.D2ZqaFuW.js:16
[ 1007379ms] [ERROR] Is Streamlit still running? If you accidentally stopped Streamlit, just restart it in your terminal: @ http://localhost:8511/static/js/index.D2ZqaFuW.js:21
[ 1007493ms] [ERROR] Failed to load resource: net::ERR_CONNECTION_REFUSED @ http://localhost:8511/_stcore/host-config:0
[ 1009385ms] [ERROR] Failed to load resource: net::ERR_CONNECTION_REFUSED @ http://localhost:8511/_stcore/health:0
[ 1009386ms] [ERROR] Client Error in reaching server endpoint - No response received when attempting to reach /_stcore/health @ http://localhost:8511/static/js/index.D2ZqaFuW.js:16
[ 1009386ms] [ERROR] Is Streamlit still running? If you accidentally stopped Streamlit, just restart it in your terminal: @ http://localhost:8511/static/js/index.D2ZqaFuW.js:21
[ 1009501ms] [ERROR] Failed to load resource: net::ERR_CONNECTION_REFUSED @ http://localhost:8511/_stcore/host-config:0
[ 1011393ms] [ERROR] Failed to load resource: net::ERR_CONNECTION_REFUSED @ http://localhost:8511/_stcore/health:0
[ 1011393ms] [ERROR] Client Error in reaching server endpoint - No response received when attempting to reach /_stcore/health @ http://localhost:8511/static/js/index.D2ZqaFuW.js:16
[ 1011394ms] [ERROR] Is Streamlit still running? If you accidentally stopped Streamlit, just restart it in your terminal: @ http://localhost:8511/static/js/index.D2ZqaFuW.js:21
[ 1011505ms] [ERROR] Failed to load resource: net::ERR_CONNECTION_REFUSED @ http://localhost:8511/_stcore/host-config:0
[ 1013401ms] [ERROR] Failed to load resource: net::ERR_CONNECTION_REFUSED @ http://localhost:8511/_stcore/health:0
[ 1013401ms] [ERROR] Client Error in reaching server endpoint - No response received when attempting to reach /_stcore/health @ http://localhost:8511/static/js/index.D2ZqaFuW.js:16
[ 1013402ms] [ERROR] Is Streamlit still running? If you accidentally stopped Streamlit, just restart it in your terminal: @ http://localhost:8511/static/js/index.D2ZqaFuW.js:21
[ 1013516ms] [ERROR] Failed to load resource: net::ERR_CONNECTION_REFUSED @ http://localhost:8511/_stcore/host-config:0
[ 1015408ms] [ERROR] Failed to load resource: net::ERR_CONNECTION_REFUSED @ http://localhost:8511/_stcore/health:0
[ 1015408ms] [ERROR] Client Error in reaching server endpoint - No response received when attempting to reach /_stcore/health @ http://localhost:8511/static/js/index.D2ZqaFuW.js:16
[ 1015408ms] [ERROR] Is Streamlit still running? If you accidentally stopped Streamlit, just restart it in your terminal: @ http://localhost:8511/static/js/index.D2ZqaFuW.js:21
[ 1015539ms] [ERROR] Failed to load resource: net::ERR_CONNECTION_REFUSED @ http://localhost:8511/_stcore/host-config:0
[ 1017413ms] [ERROR] Failed to load resource: net::ERR_CONNECTION_REFUSED @ http://localhost:8511/_stcore/health:0
[ 1017413ms] [ERROR] Client Error in reaching server endpoint - No response received when attempting to reach /_stcore/health @ http://localhost:8511/static/js/index.D2ZqaFuW.js:16
[ 1017413ms] [ERROR] Is Streamlit still running? If you accidentally stopped Streamlit, just restart it in your terminal: @ http://localhost:8511/static/js/index.D2ZqaFuW.js:21
[ 1017535ms] [ERROR] Failed to load resource: net::ERR_CONNECTION_REFUSED @ http://localhost:8511/_stcore/host-config:0
[ 1019418ms] [ERROR] Failed to load resource: net::ERR_CONNECTION_REFUSED @ http://localhost:8511/_stcore/health:0
[ 1019418ms] [ERROR] Client Error in reaching server endpoint - No response received when attempting to reach /_stcore/health @ http://localhost:8511/static/js/index.D2ZqaFuW.js:16
[ 1019418ms] [ERROR] Is Streamlit still running? If you accidentally stopped Streamlit, just restart it in your terminal: @ http://localhost:8511/static/js/index.D2ZqaFuW.js:21
[ 1019533ms] [ERROR] Failed to load resource: net::ERR_CONNECTION_REFUSED @ http://localhost:8511/_stcore/host-config:0
[ 1021422ms] [ERROR] Failed to load resource: net::ERR_CONNECTION_REFUSED @ http://localhost:8511/_stcore/health:0
[ 1021423ms] [ERROR] Client Error in reaching server endpoint - No response received when attempting to reach /_stcore/health @ http://localhost:8511/static/js/index.D2ZqaFuW.js:16
[ 1021423ms] [ERROR] Is Streamlit still running? If you accidentally stopped Streamlit, just restart it in your terminal: @ http://localhost:8511/static/js/index.D2ZqaFuW.js:21
[ 1021538ms] [ERROR] Failed to load resource: net::ERR_CONNECTION_REFUSED @ http://localhost:8511/_stcore/host-config:0
[ 1023427ms] [ERROR] Failed to load resource: net::ERR_CONNECTION_REFUSED @ http://localhost:8511/_stcore/health:0
[ 1023427ms] [ERROR] Client Error in reaching server endpoint - No response received when attempting to reach /_stcore/health @ http://localhost:8511/static/js/index.D2ZqaFuW.js:16
[ 1023427ms] [ERROR] Is Streamlit still running? If you accidentally stopped Streamlit, just restart it in your terminal: @ http://localhost:8511/static/js/index.D2ZqaFuW.js:21
[ 1023550ms] [ERROR] Failed to load resource: net::ERR_CONNECTION_REFUSED @ http://localhost:8511/_stcore/host-config:0
[ 1025432ms] [ERROR] Failed to load resource: net::ERR_CONNECTION_REFUSED @ http://localhost:8511/_stcore/health:0
[ 1025433ms] [ERROR] Client Error in reaching server endpoint - No response received when attempting to reach /_stcore/health @ http://localhost:8511/static/js/index.D2ZqaFuW.js:16
[ 1025433ms] [ERROR] Is Streamlit still running? If you accidentally stopped Streamlit, just restart it in your terminal: @ http://localhost:8511/static/js/index.D2ZqaFuW.js:21
[ 1025562ms] [ERROR] Failed to load resource: net::ERR_CONNECTION_REFUSED @ http://localhost:8511/_stcore/host-config:0
[ 1027438ms] [ERROR] Failed to load resource: net::ERR_CONNECTION_REFUSED @ http://localhost:8511/_stcore/health:0
[ 1027438ms] [ERROR] Client Error in reaching server endpoint - No response received when attempting to reach /_stcore/health @ http://localhost:8511/static/js/index.D2ZqaFuW.js:16
[ 1027438ms] [ERROR] Is Streamlit still running? If you accidentally stopped Streamlit, just restart it in your terminal: @ http://localhost:8511/static/js/index.D2ZqaFuW.js:21
[ 1027559ms] [ERROR] Failed to load resource: net::ERR_CONNECTION_REFUSED @ http://localhost:8511/_stcore/host-config:0
[ 1029445ms] [ERROR] Failed to load resource: net::ERR_CONNECTION_REFUSED @ http://localhost:8511/_stcore/health:0
[ 1029445ms] [ERROR] Client Error in reaching server endpoint - No response received when attempting to reach /_stcore/health @ http://localhost:8511/static/js/index.D2ZqaFuW.js:16
[ 1029446ms] [ERROR] Is Streamlit still running? If you accidentally stopped Streamlit, just restart it in your terminal: @ http://localhost:8511/static/js/index.D2ZqaFuW.js:21
[ 1029554ms] [ERROR] Failed to load resource: net::ERR_CONNECTION_REFUSED @ http://localhost:8511/_stcore/host-config:0
[ 1031453ms] [ERROR] Failed to load resource: net::ERR_CONNECTION_REFUSED @ http://localhost:8511/_stcore/health:0
[ 1031453ms] [ERROR] Client Error in reaching server endpoint - No response received when attempting to reach /_stcore/health @ http://localhost:8511/static/js/index.D2ZqaFuW.js:16
[ 1031454ms] [ERROR] Is Streamlit still running? If you accidentally stopped Streamlit, just restart it in your terminal: @ http://localhost:8511/static/js/index.D2ZqaFuW.js:21
[ 1031577ms] [ERROR] Failed to load resource: net::ERR_CONNECTION_REFUSED @ http://localhost:8511/_stcore/host-config:0
[ 1033461ms] [ERROR] Failed to load resource: net::ERR_CONNECTION_REFUSED @ http://localhost:8511/_stcore/health:0
[ 1033461ms] [ERROR] Client Error in reaching server endpoint - No response received when attempting to reach /_stcore/health @ http://localhost:8511/static/js/index.D2ZqaFuW.js:16
[ 1033461ms] [ERROR] Is Streamlit still running? If you accidentally stopped Streamlit, just restart it in your terminal: @ http://localhost:8511/static/js/index.D2ZqaFuW.js:21
[ 1033574ms] [ERROR] Failed to load resource: net::ERR_CONNECTION_REFUSED @ http://localhost:8511/_stcore/host-config:0
[ 1035468ms] [ERROR] Failed to load resource: net::ERR_CONNECTION_REFUSED @ http://localhost:8511/_stcore/health:0
[ 1035468ms] [ERROR] Client Error in reaching server endpoint - No response received when attempting to reach /_stcore/health @ http://localhost:8511/static/js/index.D2ZqaFuW.js:16
[ 1035469ms] [ERROR] Is Streamlit still running? If you accidentally stopped Streamlit, just restart it in your terminal: @ http://localhost:8511/static/js/index.D2ZqaFuW.js:21
[ 1035598ms] [ERROR] Failed to load resource: net::ERR_CONNECTION_REFUSED @ http://localhost:8511/_stcore/host-config:0
[ 1037476ms] [ERROR] Failed to load resource: net::ERR_CONNECTION_REFUSED @ http://localhost:8511/_stcore/health:0
[ 1037476ms] [ERROR] Client Error in reaching server endpoint - No response received when attempting to reach /_stcore/health @ http://localhost:8511/static/js/index.D2ZqaFuW.js:16
[ 1037477ms] [ERROR] Is Streamlit still running? If you accidentally stopped Streamlit, just restart it in your terminal: @ http://localhost:8511/static/js/index.D2ZqaFuW.js:21
[ 1037586ms] [ERROR] Failed to load resource: net::ERR_CONNECTION_REFUSED @ http://localhost:8511/_stcore/host-config:0
[ 1039484ms] [ERROR] Failed to load resource: net::ERR_CONNECTION_REFUSED @ http://localhost:8511/_stcore/health:0
[ 1039484ms] [ERROR] Client Error in reaching server endpoint - No response received when attempting to reach /_stcore/health @ http://localhost:8511/static/js/index.D2ZqaFuW.js:16
[ 1039484ms] [ERROR] Is Streamlit still running? If you accidentally stopped Streamlit, just restart it in your terminal: @ http://localhost:8511/static/js/index.D2ZqaFuW.js:21
[ 1039598ms] [ERROR] Failed to load resource: net::ERR_CONNECTION_REFUSED @ http://localhost:8511/_stcore/host-config:0
[ 1041492ms] [ERROR] Failed to load resource: net::ERR_CONNECTION_REFUSED @ http://localhost:8511/_stcore/health:0
[ 1041492ms] [ERROR] Client Error in reaching server endpoint - No response received when attempting to reach /_stcore/health @ http://localhost:8511/static/js/index.D2ZqaFuW.js:16
[ 1041492ms] [ERROR] Is Streamlit still running? If you accidentally stopped Streamlit, just restart it in your terminal: @ http://localhost:8511/static/js/index.D2ZqaFuW.js:21
[ 1041620ms] [ERROR] Failed to load resource: net::ERR_CONNECTION_REFUSED @ http://localhost:8511/_stcore/host-config:0
[ 1043499ms] [ERROR] Failed to load resource: net::ERR_CONNECTION_REFUSED @ http://localhost:8511/_stcore/host-config:0
[ 1043499ms] [ERROR] Client Error in reaching server endpoint - No response received when attempting to reach /_stcore/host-config @ http://localhost:8511/static/js/index.D2ZqaFuW.js:16
[ 1043500ms] [ERROR] Is Streamlit still running? If you accidentally stopped Streamlit, just restart it in your terminal: @ http://localhost:8511/static/js/index.D2ZqaFuW.js:21
[ 1043611ms] [ERROR] Failed to load resource: net::ERR_CONNECTION_REFUSED @ http://localhost:8511/_stcore/health:0
[ 1045506ms] [ERROR] Failed to load resource: net::ERR_CONNECTION_REFUSED @ http://localhost:8511/_stcore/host-config:0
[ 1045506ms] [ERROR] Client Error in reaching server endpoint - No response received when attempting to reach /_stcore/host-config @ http://localhost:8511/static/js/index.D2ZqaFuW.js:16
[ 1045506ms] [ERROR] Is Streamlit still running? If you accidentally stopped Streamlit, just restart it in your terminal: @ http://localhost:8511/static/js/index.D2ZqaFuW.js:21
[ 1045634ms] [ERROR] Failed to load resource: net::ERR_CONNECTION_REFUSED @ http://localhost:8511/_stcore/health:0
[ 1047512ms] [ERROR] Failed to load resource: net::ERR_CONNECTION_REFUSED @ http://localhost:8511/_stcore/health:0
[ 1047513ms] [ERROR] Client Error in reaching server endpoint - No response received when attempting to reach /_stcore/health @ http://localhost:8511/static/js/index.D2ZqaFuW.js:16
[ 1047513ms] [ERROR] Is Streamlit still running? If you accidentally stopped Streamlit, just restart it in your terminal: @ http://localhost:8511/static/js/index.D2ZqaFuW.js:21
[ 1047629ms] [ERROR] Failed to load resource: net::ERR_CONNECTION_REFUSED @ http://localhost:8511/_stcore/host-config:0
[ 1049518ms] [ERROR] Failed to load resource: net::ERR_CONNECTION_REFUSED @ http://localhost:8511/_stcore/health:0
[ 1049518ms] [ERROR] Client Error in reaching server endpoint - No response received when attempting to reach /_stcore/health @ http://localhost:8511/static/js/index.D2ZqaFuW.js:16
[ 1049518ms] [ERROR] Is Streamlit still running? If you accidentally stopped Streamlit, just restart it in your terminal: @ http://localhost:8511/static/js/index.D2ZqaFuW.js:21
[ 1049634ms] [ERROR] Failed to load resource: net::ERR_CONNECTION_REFUSED @ http://localhost:8511/_stcore/host-config:0
[ 1051526ms] [ERROR] Failed to load resource: net::ERR_CONNECTION_REFUSED @ http://localhost:8511/_stcore/health:0
[ 1051526ms] [ERROR] Client Error in reaching server endpoint - No response received when attempting to reach /_stcore/health @ http://localhost:8511/static/js/index.D2ZqaFuW.js:16
[ 1051526ms] [ERROR] Is Streamlit still running? If you accidentally stopped Streamlit, just restart it in your terminal: @ http://localhost:8511/static/js/index.D2ZqaFuW.js:21
[ 1051638ms] [ERROR] Failed to load resource: net::ERR_CONNECTION_REFUSED @ http://localhost:8511/_stcore/host-config:0
[ 1053534ms] [ERROR] Failed to load resource: net::ERR_CONNECTION_REFUSED @ http://localhost:8511/_stcore/health:0
[ 1053534ms] [ERROR] Client Error in reaching server endpoint - No response received when attempting to reach /_stcore/health @ http://localhost:8511/static/js/index.D2ZqaFuW.js:16
[ 1053534ms] [ERROR] Is Streamlit still running? If you accidentally stopped Streamlit, just restart it in your terminal: @ http://localhost:8511/static/js/index.D2ZqaFuW.js:21
[ 1053646ms] [ERROR] Failed to load resource: net::ERR_CONNECTION_REFUSED @ http://localhost:8511/_stcore/host-config:0
[ 1055541ms] [ERROR] Failed to load resource: net::ERR_CONNECTION_REFUSED @ http://localhost:8511/_stcore/health:0
[ 1055541ms] [ERROR] Client Error in reaching server endpoint - No response received when attempting to reach /_stcore/health @ http://localhost:8511/static/js/index.D2ZqaFuW.js:16
[ 1055542ms] [ERROR] Is Streamlit still running? If you accidentally stopped Streamlit, just restart it in your terminal: @ http://localhost:8511/static/js/index.D2ZqaFuW.js:21
[ 1055672ms] [ERROR] Failed to load resource: net::ERR_CONNECTION_REFUSED @ http://localhost:8511/_stcore/host-config:0
[ 1057549ms] [ERROR] Failed to load resource: net::ERR_CONNECTION_REFUSED @ http://localhost:8511/_stcore/host-config:0
[ 1057549ms] [ERROR] Client Error in reaching server endpoint - No response received when attempting to reach /_stcore/host-config @ http://localhost:8511/static/js/index.D2ZqaFuW.js:16
[ 1057549ms] [ERROR] Is Streamlit still running? If you accidentally stopped Streamlit, just restart it in your terminal: @ http://localhost:8511/static/js/index.D2ZqaFuW.js:21
[ 1057665ms] [ERROR] Failed to load resource: net::ERR_CONNECTION_REFUSED @ http://localhost:8511/_stcore/health:0
[ 1059558ms] [ERROR] Failed to load resource: net::ERR_CONNECTION_REFUSED @ http://localhost:8511/_stcore/health:0
[ 1059558ms] [ERROR] Client Error in reaching server endpoint - No response received when attempting to reach /_stcore/health @ http://localhost:8511/static/js/index.D2ZqaFuW.js:16
[ 1059558ms] [ERROR] Is Streamlit still running? If you accidentally stopped Streamlit, just restart it in your terminal: @ http://localhost:8511/static/js/index.D2ZqaFuW.js:21
[ 1059672ms] [ERROR] Failed to load resource: net::ERR_CONNECTION_REFUSED @ http://localhost:8511/_stcore/host-config:0
[ 1061566ms] [ERROR] Failed to load resource: net::ERR_CONNECTION_REFUSED @ http://localhost:8511/_stcore/health:0
[ 1061566ms] [ERROR] Client Error in reaching server endpoint - No response received when attempting to reach /_stcore/health @ http://localhost:8511/static/js/index.D2ZqaFuW.js:16
[ 1061567ms] [ERROR] Is Streamlit still running? If you accidentally stopped Streamlit, just restart it in your terminal: @ http://localhost:8511/static/js/index.D2ZqaFuW.js:21
[ 1061702ms] [ERROR] Failed to load resource: net::ERR_CONNECTION_REFUSED @ http://localhost:8511/_stcore/host-config:0
[ 1063574ms] [ERROR] Failed to load resource: net::ERR_CONNECTION_REFUSED @ http://localhost:8511/_stcore/health:0
[ 1063574ms] [ERROR] Client Error in reaching server endpoint - No response received when attempting to reach /_stcore/health @ http://localhost:8511/static/js/index.D2ZqaFuW.js:16
[ 1063574ms] [ERROR] Is Streamlit still running? If you accidentally stopped Streamlit, just restart it in your terminal: @ http://localhost:8511/static/js/index.D2ZqaFuW.js:21
[ 1063687ms] [ERROR] Failed to load resource: net::ERR_CONNECTION_REFUSED @ http://localhost:8511/_stcore/host-config:0
[ 1065582ms] [ERROR] Failed to load resource: net::ERR_CONNECTION_REFUSED @ http://localhost:8511/_stcore/health:0
[ 1065582ms] [ERROR] Client Error in reaching server endpoint - No response received when attempting to reach /_stcore/health @ http://localhost:8511/static/js/index.D2ZqaFuW.js:16
[ 1065583ms] [ERROR] Is Streamlit still running? If you accidentally stopped Streamlit, just restart it in your terminal: @ http://localhost:8511/static/js/index.D2ZqaFuW.js:21
[ 1065712ms] [ERROR] Failed to load resource: net::ERR_CONNECTION_REFUSED @ http://localhost:8511/_stcore/host-config:0
[ 1067591ms] [ERROR] Failed to load resource: net::ERR_CONNECTION_REFUSED @ http://localhost:8511/_stcore/health:0
[ 1067591ms] [ERROR] Client Error in reaching server endpoint - No response received when attempting to reach /_stcore/health @ http://localhost:8511/static/js/index.D2ZqaFuW.js:16
[ 1067591ms] [ERROR] Is Streamlit still running? If you accidentally stopped Streamlit, just restart it in your terminal: @ http://localhost:8511/static/js/index.D2ZqaFuW.js:21
[ 1067592ms] [ERROR] Failed to load resource: net::ERR_CONNECTION_REFUSED @ http://localhost:8511/_stcore/host-config:0
[ 1069598ms] [ERROR] Failed to load resource: net::ERR_CONNECTION_REFUSED @ http://localhost:8511/_stcore/host-config:0
[ 1069598ms] [ERROR] Client Error in reaching server endpoint - No response received when attempting to reach /_stcore/host-config @ http://localhost:8511/static/js/index.D2ZqaFuW.js:16
[ 1069599ms] [ERROR] Is Streamlit still running? If you accidentally stopped Streamlit, just restart it in your terminal: @ http://localhost:8511/static/js/index.D2ZqaFuW.js:21
[ 1069711ms] [ERROR] Failed to load resource: net::ERR_CONNECTION_REFUSED @ http://localhost:8511/_stcore/health:0
[ 1071606ms] [ERROR] Failed to load resource: net::ERR_CONNECTION_REFUSED @ http://localhost:8511/_stcore/health:0
[ 1071607ms] [ERROR] Client Error in reaching server endpoint - No response received when attempting to reach /_stcore/health @ http://localhost:8511/static/js/index.D2ZqaFuW.js:16
[ 1071607ms] [ERROR] Is Streamlit still running? If you accidentally stopped Streamlit, just restart it in your terminal: @ http://localhost:8511/static/js/index.D2ZqaFuW.js:21
[ 1071733ms] [ERROR] Failed to load resource: net::ERR_CONNECTION_REFUSED @ http://localhost:8511/_stcore/host-config:0
[ 1073614ms] [ERROR] Failed to load resource: net::ERR_CONNECTION_REFUSED @ http://localhost:8511/_stcore/health:0
[ 1073614ms] [ERROR] Client Error in reaching server endpoint - No response received when attempting to reach /_stcore/health @ http://localhost:8511/static/js/index.D2ZqaFuW.js:16
[ 1073614ms] [ERROR] Is Streamlit still running? If you accidentally stopped Streamlit, just restart it in your terminal: @ http://localhost:8511/static/js/index.D2ZqaFuW.js:21
[ 1073724ms] [ERROR] Failed to load resource: net::ERR_CONNECTION_REFUSED @ http://localhost:8511/_stcore/host-config:0
[ 1075620ms] [ERROR] Failed to load resource: net::ERR_CONNECTION_REFUSED @ http://localhost:8511/_stcore/host-config:0
[ 1075620ms] [ERROR] Client Error in reaching server endpoint - No response received when attempting to reach /_stcore/host-config @ http://localhost:8511/static/js/index.D2ZqaFuW.js:16
[ 1075620ms] [ERROR] Is Streamlit still running? If you accidentally stopped Streamlit, just restart it in your terminal: @ http://localhost:8511/static/js/index.D2ZqaFuW.js:21
[ 1075757ms] [ERROR] Failed to load resource: net::ERR_CONNECTION_REFUSED @ http://localhost:8511/_stcore/health:0
[ 1077627ms] [ERROR] Failed to load resource: net::ERR_CONNECTION_REFUSED @ http://localhost:8511/_stcore/health:0
[ 1077627ms] [ERROR] Client Error in reaching server endpoint - No response received when attempting to reach /_stcore/health @ http://localhost:8511/static/js/index.D2ZqaFuW.js:16
[ 1077627ms] [ERROR] Is Streamlit still running? If you accidentally stopped Streamlit, just restart it in your terminal: @ http://localhost:8511/static/js/index.D2ZqaFuW.js:21
[ 1077737ms] [ERROR] Failed to load resource: net::ERR_CONNECTION_REFUSED @ http://localhost:8511/_stcore/host-config:0
[ 1079635ms] [ERROR] Failed to load resource: net::ERR_CONNECTION_REFUSED @ http://localhost:8511/_stcore/health:0
[ 1079635ms] [ERROR] Client Error in reaching server endpoint - No response received when attempting to reach /_stcore/health @ http://localhost:8511/static/js/index.D2ZqaFuW.js:16
[ 1079635ms] [ERROR] Is Streamlit still running? If you accidentally stopped Streamlit, just restart it in your terminal: @ http://localhost:8511/static/js/index.D2ZqaFuW.js:21
[ 1079750ms] [ERROR] Failed to load resource: net::ERR_CONNECTION_REFUSED @ http://localhost:8511/_stcore/host-config:0
[ 1081643ms] [ERROR] Failed to load resource: net::ERR_CONNECTION_REFUSED @ http://localhost:8511/_stcore/health:0
[ 1081644ms] [ERROR] Client Error in reaching server endpoint - No response received when attempting to reach /_stcore/health @ http://localhost:8511/static/js/index.D2ZqaFuW.js:16
[ 1081644ms] [ERROR] Is Streamlit still running? If you accidentally stopped Streamlit, just restart it in your terminal: @ http://localhost:8511/static/js/index.D2ZqaFuW.js:21
[ 1081783ms] [ERROR] Failed to load resource: net::ERR_CONNECTION_REFUSED @ http://localhost:8511/_stcore/host-config:0
[ 1083649ms] [ERROR] Failed to load resource: net::ERR_CONNECTION_REFUSED @ http://localhost:8511/_stcore/health:0
[ 1083649ms] [ERROR] Client Error in reaching server endpoint - No response received when attempting to reach /_stcore/health @ http://localhost:8511/static/js/index.D2ZqaFuW.js:16
[ 1083649ms] [ERROR] Is Streamlit still running? If you accidentally stopped Streamlit, just restart it in your terminal: @ http://localhost:8511/static/js/index.D2ZqaFuW.js:21
[ 1083767ms] [ERROR] Failed to load resource: net::ERR_CONNECTION_REFUSED @ http://localhost:8511/_stcore/host-config:0
[ 1085656ms] [ERROR] Failed to load resource: net::ERR_CONNECTION_REFUSED @ http://localhost:8511/_stcore/health:0
[ 1085657ms] [ERROR] Client Error in reaching server endpoint - No response received when attempting to reach /_stcore/health @ http://localhost:8511/static/js/index.D2ZqaFuW.js:16
[ 1085657ms] [ERROR] Is Streamlit still running? If you accidentally stopped Streamlit, just restart it in your terminal: @ http://localhost:8511/static/js/index.D2ZqaFuW.js:21
[ 1085787ms] [ERROR] Failed to load resource: net::ERR_CONNECTION_REFUSED @ http://localhost:8511/_stcore/host-config:0
[ 1087664ms] [ERROR] Failed to load resource: net::ERR_CONNECTION_REFUSED @ http://localhost:8511/_stcore/host-config:0
[ 1087664ms] [ERROR] Client Error in reaching server endpoint - No response received when attempting to reach /_stcore/host-config @ http://localhost:8511/static/js/index.D2ZqaFuW.js:16
[ 1087664ms] [ERROR] Is Streamlit still running? If you accidentally stopped Streamlit, just restart it in your terminal: @ http://localhost:8511/static/js/index.D2ZqaFuW.js:21
[ 1087777ms] [ERROR] Failed to load resource: net::ERR_CONNECTION_REFUSED @ http://localhost:8511/_stcore/health:0
[ 1089672ms] [ERROR] Failed to load resource: net::ERR_CONNECTION_REFUSED @ http://localhost:8511/_stcore/health:0
[ 1089672ms] [ERROR] Client Error in reaching server endpoint - No response received when attempting to reach /_stcore/health @ http://localhost:8511/static/js/index.D2ZqaFuW.js:16
[ 1089673ms] [ERROR] Is Streamlit still running? If you accidentally stopped Streamlit, just restart it in your terminal: @ http://localhost:8511/static/js/index.D2ZqaFuW.js:21
[ 1089787ms] [ERROR] Failed to load resource: net::ERR_CONNECTION_REFUSED @ http://localhost:8511/_stcore/host-config:0
[ 1091680ms] [ERROR] Failed to load resource: net::ERR_CONNECTION_REFUSED @ http://localhost:8511/_stcore/health:0
[ 1091680ms] [ERROR] Client Error in reaching server endpoint - No response received when attempting to reach /_stcore/health @ http://localhost:8511/static/js/index.D2ZqaFuW.js:16
[ 1091680ms] [ERROR] Is Streamlit still running? If you accidentally stopped Streamlit, just restart it in your terminal: @ http://localhost:8511/static/js/index.D2ZqaFuW.js:21
[ 1091797ms] [ERROR] Failed to load resource: net::ERR_CONNECTION_REFUSED @ http://localhost:8511/_stcore/host-config:0
[ 1093687ms] [ERROR] Failed to load resource: net::ERR_CONNECTION_REFUSED @ http://localhost:8511/_stcore/health:0
[ 1093687ms] [ERROR] Client Error in reaching server endpoint - No response received when attempting to reach /_stcore/health @ http://localhost:8511/static/js/index.D2ZqaFuW.js:16
[ 1093687ms] [ERROR] Is Streamlit still running? If you accidentally stopped Streamlit, just restart it in your terminal: @ http://localhost:8511/static/js/index.D2ZqaFuW.js:21
[ 1093804ms] [ERROR] Failed to load resource: net::ERR_CONNECTION_REFUSED @ http://localhost:8511/_stcore/host-config:0
[ 1095695ms] [ERROR] Failed to load resource: net::ERR_CONNECTION_REFUSED @ http://localhost:8511/_stcore/health:0
[ 1095695ms] [ERROR] Client Error in reaching server endpoint - No response received when attempting to reach /_stcore/health @ http://localhost:8511/static/js/index.D2ZqaFuW.js:16
[ 1095696ms] [ERROR] Is Streamlit still running? If you accidentally stopped Streamlit, just restart it in your terminal: @ http://localhost:8511/static/js/index.D2ZqaFuW.js:21
[ 1095834ms] [ERROR] Failed to load resource: net::ERR_CONNECTION_REFUSED @ http://localhost:8511/_stcore/host-config:0
[ 1097703ms] [ERROR] Failed to load resource: net::ERR_CONNECTION_REFUSED @ http://localhost:8511/_stcore/health:0
[ 1097703ms] [ERROR] Client Error in reaching server endpoint - No response received when attempting to reach /_stcore/health @ http://localhost:8511/static/js/index.D2ZqaFuW.js:16
[ 1097703ms] [ERROR] Is Streamlit still running? If you accidentally stopped Streamlit, just restart it in your terminal: @ http://localhost:8511/static/js/index.D2ZqaFuW.js:21
[ 1097821ms] [ERROR] Failed to load resource: net::ERR_CONNECTION_REFUSED @ http://localhost:8511/_stcore/host-config:0
[ 1099710ms] [ERROR] Failed to load resource: net::ERR_CONNECTION_REFUSED @ http://localhost:8511/_stcore/host-config:0
[ 1099710ms] [ERROR] Client Error in reaching server endpoint - No response received when attempting to reach /_stcore/host-config @ http://localhost:8511/static/js/index.D2ZqaFuW.js:16
[ 1099711ms] [ERROR] Is Streamlit still running? If you accidentally stopped Streamlit, just restart it in your terminal: @ http://localhost:8511/static/js/index.D2ZqaFuW.js:21
[ 1099824ms] [ERROR] Failed to load resource: net::ERR_CONNECTION_REFUSED @ http://localhost:8511/_stcore/health:0
[ 1101718ms] [ERROR] Failed to load resource: net::ERR_CONNECTION_REFUSED @ http://localhost:8511/_stcore/host-config:0
[ 1101718ms] [ERROR] Client Error in reaching server endpoint - No response received when attempting to reach /_stcore/host-config @ http://localhost:8511/static/js/index.D2ZqaFuW.js:16
[ 1101718ms] [ERROR] Is Streamlit still running? If you accidentally stopped Streamlit, just restart it in your terminal: @ http://localhost:8511/static/js/index.D2ZqaFuW.js:21
[ 1101846ms] [ERROR] Failed to load resource: net::ERR_CONNECTION_REFUSED @ http://localhost:8511/_stcore/health:0
[ 1103726ms] [ERROR] Failed to load resource: net::ERR_CONNECTION_REFUSED @ http://localhost:8511/_stcore/health:0
[ 1103727ms] [ERROR] Client Error in reaching server endpoint - No response received when attempting to reach /_stcore/health @ http://localhost:8511/static/js/index.D2ZqaFuW.js:16
[ 1103727ms] [ERROR] Is Streamlit still running? If you accidentally stopped Streamlit, just restart it in your terminal: @ http://localhost:8511/static/js/index.D2ZqaFuW.js:21
[ 1103843ms] [ERROR] Failed to load resource: net::ERR_CONNECTION_REFUSED @ http://localhost:8511/_stcore/host-config:0
[ 1105732ms] [ERROR] Failed to load resource: net::ERR_CONNECTION_REFUSED @ http://localhost:8511/_stcore/health:0
[ 1105733ms] [ERROR] Client Error in reaching server endpoint - No response received when attempting to reach /_stcore/health @ http://localhost:8511/static/js/index.D2ZqaFuW.js:16
[ 1105733ms] [ERROR] Is Streamlit still running? If you accidentally stopped Streamlit, just restart it in your terminal: @ http://localhost:8511/static/js/index.D2ZqaFuW.js:21
[ 1105858ms] [ERROR] Failed to load resource: net::ERR_CONNECTION_REFUSED @ http://localhost:8511/_stcore/host-config:0
[ 1107738ms] [ERROR] Failed to load resource: net::ERR_CONNECTION_REFUSED @ http://localhost:8511/_stcore/health:0
[ 1107738ms] [ERROR] Client Error in reaching server endpoint - No response received when attempting to reach /_stcore/health @ http://localhost:8511/static/js/index.D2ZqaFuW.js:16
[ 1107738ms] [ERROR] Is Streamlit still running? If you accidentally stopped Streamlit, just restart it in your terminal: @ http://localhost:8511/static/js/index.D2ZqaFuW.js:21
[ 1107898ms] [ERROR] Failed to load resource: net::ERR_CONNECTION_REFUSED @ http://localhost:8511/_stcore/host-config:0
[ 1109746ms] [ERROR] Failed to load resource: net::ERR_CONNECTION_REFUSED @ http://localhost:8511/_stcore/health:0
[ 1109746ms] [ERROR] Client Error in reaching server endpoint - No response received when attempting to reach /_stcore/health @ http://localhost:8511/static/js/index.D2ZqaFuW.js:16
[ 1109746ms] [ERROR] Is Streamlit still running? If you accidentally stopped Streamlit, just restart it in your terminal: @ http://localhost:8511/static/js/index.D2ZqaFuW.js:21
[ 1109747ms] [ERROR] Failed to load resource: net::ERR_CONNECTION_REFUSED @ http://localhost:8511/_stcore/host-config:0
[ 1111753ms] [ERROR] Failed to load resource: net::ERR_CONNECTION_REFUSED @ http://localhost:8511/_stcore/health:0
[ 1111753ms] [ERROR] Client Error in reaching server endpoint - No response received when attempting to reach /_stcore/health @ http://localhost:8511/static/js/index.D2ZqaFuW.js:16
[ 1111753ms] [ERROR] Is Streamlit still running? If you accidentally stopped Streamlit, just restart it in your terminal: @ http://localhost:8511/static/js/index.D2ZqaFuW.js:21
[ 1111889ms] [ERROR] Failed to load resource: net::ERR_CONNECTION_REFUSED @ http://localhost:8511/_stcore/host-config:0
[ 1113762ms] [ERROR] Failed to load resource: net::ERR_CONNECTION_REFUSED @ http://localhost:8511/_stcore/health:0
[ 1113762ms] [ERROR] Client Error in reaching server endpoint - No response received when attempting to reach /_stcore/health @ http://localhost:8511/static/js/index.D2ZqaFuW.js:16
[ 1113762ms] [ERROR] Is Streamlit still running? If you accidentally stopped Streamlit, just restart it in your terminal: @ http://localhost:8511/static/js/index.D2ZqaFuW.js:21
[ 1113762ms] [ERROR] Failed to load resource: net::ERR_CONNECTION_REFUSED @ http://localhost:8511/_stcore/host-config:0
[ 1115770ms] [ERROR] Failed to load resource: net::ERR_CONNECTION_REFUSED @ http://localhost:8511/_stcore/health:0
[ 1115770ms] [ERROR] Client Error in reaching server endpoint - No response received when attempting to reach /_stcore/health @ http://localhost:8511/static/js/index.D2ZqaFuW.js:16
[ 1115770ms] [ERROR] Is Streamlit still running? If you accidentally stopped Streamlit, just restart it in your terminal: @ http://localhost:8511/static/js/index.D2ZqaFuW.js:21
[ 1115973ms] [ERROR] Failed to load resource: net::ERR_CONNECTION_REFUSED @ http://localhost:8511/_stcore/host-config:0
[ 1117778ms] [ERROR] Failed to load resource: net::ERR_CONNECTION_REFUSED @ http://localhost:8511/_stcore/health:0
[ 1117778ms] [ERROR] Client Error in reaching server endpoint - No response received when attempting to reach /_stcore/health @ http://localhost:8511/static/js/index.D2ZqaFuW.js:16
[ 1117778ms] [ERROR] Is Streamlit still running? If you accidentally stopped Streamlit, just restart it in your terminal: @ http://localhost:8511/static/js/index.D2ZqaFuW.js:21
[ 1117911ms] [ERROR] Failed to load resource: net::ERR_CONNECTION_REFUSED @ http://localhost:8511/_stcore/host-config:0
[ 1119784ms] [ERROR] Failed to load resource: net::ERR_CONNECTION_REFUSED @ http://localhost:8511/_stcore/health:0
[ 1119784ms] [ERROR] Client Error in reaching server endpoint - No response received when attempting to reach /_stcore/health @ http://localhost:8511/static/js/index.D2ZqaFuW.js:16
[ 1119785ms] [ERROR] Is Streamlit still running? If you accidentally stopped Streamlit, just restart it in your terminal: @ http://localhost:8511/static/js/index.D2ZqaFuW.js:21
[ 1119893ms] [ERROR] Failed to load resource: net::ERR_CONNECTION_REFUSED @ http://localhost:8511/_stcore/host-config:0
[ 1121791ms] [ERROR] Failed to load resource: net::ERR_CONNECTION_REFUSED @ http://localhost:8511/_stcore/health:0
[ 1121791ms] [ERROR] Client Error in reaching server endpoint - No response received when attempting to reach /_stcore/health @ http://localhost:8511/static/js/index.D2ZqaFuW.js:16
[ 1121792ms] [ERROR] Is Streamlit still running? If you accidentally stopped Streamlit, just restart it in your terminal: @ http://localhost:8511/static/js/index.D2ZqaFuW.js:21
[ 1121918ms] [ERROR] Failed to load resource: net::ERR_CONNECTION_REFUSED @ http://localhost:8511/_stcore/host-config:0
[ 1123799ms] [ERROR] Failed to load resource: net::ERR_CONNECTION_REFUSED @ http://localhost:8511/_stcore/health:0
[ 1123799ms] [ERROR] Client Error in reaching server endpoint - No response received when attempting to reach /_stcore/health @ http://localhost:8511/static/js/index.D2ZqaFuW.js:16
[ 1123800ms] [ERROR] Is Streamlit still running? If you accidentally stopped Streamlit, just restart it in your terminal: @ http://localhost:8511/static/js/index.D2ZqaFuW.js:21
[ 1123916ms] [ERROR] Failed to load resource: net::ERR_CONNECTION_REFUSED @ http://localhost:8511/_stcore/host-config:0
[ 1125807ms] [ERROR] Failed to load resource: net::ERR_CONNECTION_REFUSED @ http://localhost:8511/_stcore/health:0
[ 1125807ms] [ERROR] Client Error in reaching server endpoint - No response received when attempting to reach /_stcore/health @ http://localhost:8511/static/js/index.D2ZqaFuW.js:16
[ 1125807ms] [ERROR] Is Streamlit still running? If you accidentally stopped Streamlit, just restart it in your terminal: @ http://localhost:8511/static/js/index.D2ZqaFuW.js:21
[ 1125943ms] [ERROR] Failed to load resource: net::ERR_CONNECTION_REFUSED @ http://localhost:8511/_stcore/host-config:0
[ 1127814ms] [ERROR] Failed to load resource: net::ERR_CONNECTION_REFUSED @ http://localhost:8511/_stcore/health:0
[ 1127815ms] [ERROR] Client Error in reaching server endpoint - No response received when attempting to reach /_stcore/health @ http://localhost:8511/static/js/index.D2ZqaFuW.js:16
[ 1127815ms] [ERROR] Is Streamlit still running? If you accidentally stopped Streamlit, just restart it in your terminal: @ http://localhost:8511/static/js/index.D2ZqaFuW.js:21
[ 1127934ms] [ERROR] Failed to load resource: net::ERR_CONNECTION_REFUSED @ http://localhost:8511/_stcore/host-config:0
[ 1129822ms] [ERROR] Failed to load resource: net::ERR_CONNECTION_REFUSED @ http://localhost:8511/_stcore/health:0
[ 1129823ms] [ERROR] Client Error in reaching server endpoint - No response received when attempting to reach /_stcore/health @ http://localhost:8511/static/js/index.D2ZqaFuW.js:16
[ 1129823ms] [ERROR] Is Streamlit still running? If you accidentally stopped Streamlit, just restart it in your terminal: @ http://localhost:8511/static/js/index.D2ZqaFuW.js:21
[ 1129937ms] [ERROR] Failed to load resource: net::ERR_CONNECTION_REFUSED @ http://localhost:8511/_stcore/host-config:0
[ 1131830ms] [ERROR] Failed to load resource: net::ERR_CONNECTION_REFUSED @ http://localhost:8511/_stcore/health:0
[ 1131830ms] [ERROR] Client Error in reaching server endpoint - No response received when attempting to reach /_stcore/health @ http://localhost:8511/static/js/index.D2ZqaFuW.js:16
[ 1131830ms] [ERROR] Is Streamlit still running? If you accidentally stopped Streamlit, just restart it in your terminal: @ http://localhost:8511/static/js/index.D2ZqaFuW.js:21
[ 1131947ms] [ERROR] Failed to load resource: net::ERR_CONNECTION_REFUSED @ http://localhost:8511/_stcore/host-config:0
[ 1133841ms] [ERROR] Failed to load resource: net::ERR_CONNECTION_REFUSED @ http://localhost:8511/_stcore/host-config:0
[ 1133841ms] [ERROR] Client Error in reaching server endpoint - No response received when attempting to reach /_stcore/host-config @ http://localhost:8511/static/js/index.D2ZqaFuW.js:16
[ 1133841ms] [ERROR] Is Streamlit still running? If you accidentally stopped Streamlit, just restart it in your terminal: @ http://localhost:8511/static/js/index.D2ZqaFuW.js:21
[ 1133955ms] [ERROR] Failed to load resource: net::ERR_CONNECTION_REFUSED @ http://localhost:8511/_stcore/health:0
[ 1135849ms] [ERROR] Failed to load resource: net::ERR_CONNECTION_REFUSED @ http://localhost:8511/_stcore/health:0
[ 1135849ms] [ERROR] Client Error in reaching server endpoint - No response received when attempting to reach /_stcore/health @ http://localhost:8511/static/js/index.D2ZqaFuW.js:16
[ 1135849ms] [ERROR] Is Streamlit still running? If you accidentally stopped Streamlit, just restart it in your terminal: @ http://localhost:8511/static/js/index.D2ZqaFuW.js:21
[ 1135984ms] [ERROR] Failed to load resource: net::ERR_CONNECTION_REFUSED @ http://localhost:8511/_stcore/host-config:0
[ 1137854ms] [ERROR] Failed to load resource: net::ERR_CONNECTION_REFUSED @ http://localhost:8511/_stcore/health:0
[ 1137854ms] [ERROR] Client Error in reaching server endpoint - No response received when attempting to reach /_stcore/health @ http://localhost:8511/static/js/index.D2ZqaFuW.js:16
[ 1137855ms] [ERROR] Is Streamlit still running? If you accidentally stopped Streamlit, just restart it in your terminal: @ http://localhost:8511/static/js/index.D2ZqaFuW.js:21
[ 1137985ms] [ERROR] Failed to load resource: net::ERR_CONNECTION_REFUSED @ http://localhost:8511/_stcore/host-config:0
[ 1139862ms] [ERROR] Failed to load resource: net::ERR_CONNECTION_REFUSED @ http://localhost:8511/_stcore/health:0
[ 1139862ms] [ERROR] Client Error in reaching server endpoint - No response received when attempting to reach /_stcore/health @ http://localhost:8511/static/js/index.D2ZqaFuW.js:16
[ 1139862ms] [ERROR] Is Streamlit still running? If you accidentally stopped Streamlit, just restart it in your terminal: @ http://localhost:8511/static/js/index.D2ZqaFuW.js:21
[ 1139979ms] [ERROR] Failed to load resource: net::ERR_CONNECTION_REFUSED @ http://localhost:8511/_stcore/host-config:0
[ 1141868ms] [ERROR] Failed to load resource: net::ERR_CONNECTION_REFUSED @ http://localhost:8511/_stcore/health:0
[ 1141868ms] [ERROR] Client Error in reaching server endpoint - No response received when attempting to reach /_stcore/health @ http://localhost:8511/static/js/index.D2ZqaFuW.js:16
[ 1141868ms] [ERROR] Is Streamlit still running? If you accidentally stopped Streamlit, just restart it in your terminal: @ http://localhost:8511/static/js/index.D2ZqaFuW.js:21
[ 1142001ms] [ERROR] Failed to load resource: net::ERR_CONNECTION_REFUSED @ http://localhost:8511/_stcore/host-config:0
[ 1143876ms] [ERROR] Failed to load resource: net::ERR_CONNECTION_REFUSED @ http://localhost:8511/_stcore/health:0
[ 1143876ms] [ERROR] Client Error in reaching server endpoint - No response received when attempting to reach /_stcore/health @ http://localhost:8511/static/js/index.D2ZqaFuW.js:16
[ 1143877ms] [ERROR] Is Streamlit still running? If you accidentally stopped Streamlit, just restart it in your terminal: @ http://localhost:8511/static/js/index.D2ZqaFuW.js:21
[ 1143989ms] [ERROR] Failed to load resource: net::ERR_CONNECTION_REFUSED @ http://localhost:8511/_stcore/host-config:0
[ 1145883ms] [ERROR] Failed to load resource: net::ERR_CONNECTION_REFUSED @ http://localhost:8511/_stcore/health:0
[ 1145883ms] [ERROR] Client Error in reaching server endpoint - No response received when attempting to reach /_stcore/health @ http://localhost:8511/static/js/index.D2ZqaFuW.js:16
[ 1145883ms] [ERROR] Is Streamlit still running? If you accidentally stopped Streamlit, just restart it in your terminal: @ http://localhost:8511/static/js/index.D2ZqaFuW.js:21
[ 1146012ms] [ERROR] Failed to load resource: net::ERR_CONNECTION_REFUSED @ http://localhost:8511/_stcore/host-config:0
[ 1147891ms] [ERROR] Failed to load resource: net::ERR_CONNECTION_REFUSED @ http://localhost:8511/_stcore/health:0
[ 1147891ms] [ERROR] Client Error in reaching server endpoint - No response received when attempting to reach /_stcore/health @ http://localhost:8511/static/js/index.D2ZqaFuW.js:16
[ 1147892ms] [ERROR] Is Streamlit still running? If you accidentally stopped Streamlit, just restart it in your terminal: @ http://localhost:8511/static/js/index.D2ZqaFuW.js:21
[ 1148017ms] [ERROR] Failed to load resource: net::ERR_CONNECTION_REFUSED @ http://localhost:8511/_stcore/host-config:0
[ 1149897ms] [ERROR] Failed to load resource: net::ERR_CONNECTION_REFUSED @ http://localhost:8511/_stcore/health:0
[ 1149897ms] [ERROR] Client Error in reaching server endpoint - No response received when attempting to reach /_stcore/health @ http://localhost:8511/static/js/index.D2ZqaFuW.js:16
[ 1149897ms] [ERROR] Is Streamlit still running? If you accidentally stopped Streamlit, just restart it in your terminal: @ http://localhost:8511/static/js/index.D2ZqaFuW.js:21
[ 1150003ms] [ERROR] Failed to load resource: net::ERR_CONNECTION_REFUSED @ http://localhost:8511/_stcore/host-config:0
[ 1151921ms] [ERROR] Failed to load resource: net::ERR_CONNECTION_REFUSED @ http://localhost:8511/_stcore/health:0
[ 1151921ms] [ERROR] Client Error in reaching server endpoint - No response received when attempting to reach /_stcore/health @ http://localhost:8511/static/js/index.D2ZqaFuW.js:16
[ 1151922ms] [ERROR] Is Streamlit still running? If you accidentally stopped Streamlit, just restart it in your terminal: @ http://localhost:8511/static/js/index.D2ZqaFuW.js:21
[ 1152133ms] [ERROR] Failed to load resource: net::ERR_CONNECTION_REFUSED @ http://localhost:8511/_stcore/host-config:0
[ 1153929ms] [ERROR] Failed to load resource: net::ERR_CONNECTION_REFUSED @ http://localhost:8511/_stcore/health:0
[ 1153929ms] [ERROR] Client Error in reaching server endpoint - No response received when attempting to reach /_stcore/health @ http://localhost:8511/static/js/index.D2ZqaFuW.js:16
[ 1153929ms] [ERROR] Is Streamlit still running? If you accidentally stopped Streamlit, just restart it in your terminal: @ http://localhost:8511/static/js/index.D2ZqaFuW.js:21
[ 1154040ms] [ERROR] Failed to load resource: net::ERR_CONNECTION_REFUSED @ http://localhost:8511/_stcore/host-config:0
[ 1155936ms] [ERROR] Failed to load resource: net::ERR_CONNECTION_REFUSED @ http://localhost:8511/_stcore/health:0
[ 1155937ms] [ERROR] Client Error in reaching server endpoint - No response received when attempting to reach /_stcore/health @ http://localhost:8511/static/js/index.D2ZqaFuW.js:16
[ 1155937ms] [ERROR] Is Streamlit still running? If you accidentally stopped Streamlit, just restart it in your terminal: @ http://localhost:8511/static/js/index.D2ZqaFuW.js:21
[ 1156064ms] [ERROR] Failed to load resource: net::ERR_CONNECTION_REFUSED @ http://localhost:8511/_stcore/host-config:0
[ 1157943ms] [ERROR] Failed to load resource: net::ERR_CONNECTION_REFUSED @ http://localhost:8511/_stcore/health:0
[ 1157943ms] [ERROR] Client Error in reaching server endpoint - No response received when attempting to reach /_stcore/health @ http://localhost:8511/static/js/index.D2ZqaFuW.js:16
[ 1157943ms] [ERROR] Is Streamlit still running? If you accidentally stopped Streamlit, just restart it in your terminal: @ http://localhost:8511/static/js/index.D2ZqaFuW.js:21
[ 1158073ms] [ERROR] Failed to load resource: net::ERR_CONNECTION_REFUSED @ http://localhost:8511/_stcore/host-config:0
[ 1159953ms] [ERROR] Failed to load resource: net::ERR_CONNECTION_REFUSED @ http://localhost:8511/_stcore/health:0
[ 1159953ms] [ERROR] Client Error in reaching server endpoint - No response received when attempting to reach /_stcore/health @ http://localhost:8511/static/js/index.D2ZqaFuW.js:16
[ 1159953ms] [ERROR] Is Streamlit still running? If you accidentally stopped Streamlit, just restart it in your terminal: @ http://localhost:8511/static/js/index.D2ZqaFuW.js:21
[ 1160115ms] [ERROR] Failed to load resource: net::ERR_CONNECTION_REFUSED @ http://localhost:8511/_stcore/host-config:0
[ 1161960ms] [ERROR] Failed to load resource: net::ERR_CONNECTION_REFUSED @ http://localhost:8511/_stcore/health:0
[ 1161960ms] [ERROR] Client Error in reaching server endpoint - No response received when attempting to reach /_stcore/health @ http://localhost:8511/static/js/index.D2ZqaFuW.js:16
[ 1161960ms] [ERROR] Is Streamlit still running? If you accidentally stopped Streamlit, just restart it in your terminal: @ http://localhost:8511/static/js/index.D2ZqaFuW.js:21
[ 1162108ms] [ERROR] Failed to load resource: net::ERR_CONNECTION_REFUSED @ http://localhost:8511/_stcore/host-config:0
[ 1163968ms] [ERROR] Failed to load resource: net::ERR_CONNECTION_REFUSED @ http://localhost:8511/_stcore/health:0
[ 1163968ms] [ERROR] Client Error in reaching server endpoint - No response received when attempting to reach /_stcore/health @ http://localhost:8511/static/js/index.D2ZqaFuW.js:16
[ 1163968ms] [ERROR] Is Streamlit still running? If you accidentally stopped Streamlit, just restart it in your terminal: @ http://localhost:8511/static/js/index.D2ZqaFuW.js:21
[ 1164077ms] [ERROR] Failed to load resource: net::ERR_CONNECTION_REFUSED @ http://localhost:8511/_stcore/host-config:0
[ 1165977ms] [ERROR] Failed to load resource: net::ERR_CONNECTION_REFUSED @ http://localhost:8511/_stcore/host-config:0
[ 1165977ms] [ERROR] Client Error in reaching server endpoint - No response received when attempting to reach /_stcore/host-config @ http://localhost:8511/static/js/index.D2ZqaFuW.js:16
[ 1165978ms] [ERROR] Is Streamlit still running? If you accidentally stopped Streamlit, just restart it in your terminal: @ http://localhost:8511/static/js/index.D2ZqaFuW.js:21
[ 1166125ms] [ERROR] Failed to load resource: net::ERR_CONNECTION_REFUSED @ http://localhost:8511/_stcore/health:0
[ 1167983ms] [ERROR] Failed to load resource: net::ERR_CONNECTION_REFUSED @ http://localhost:8511/_stcore/health:0
[ 1167984ms] [ERROR] Client Error in reaching server endpoint - No response received when attempting to reach /_stcore/health @ http://localhost:8511/static/js/index.D2ZqaFuW.js:16
[ 1167984ms] [ERROR] Is Streamlit still running? If you accidentally stopped Streamlit, just restart it in your terminal: @ http://localhost:8511/static/js/index.D2ZqaFuW.js:21
[ 1168091ms] [ERROR] Failed to load resource: net::ERR_CONNECTION_REFUSED @ http://localhost:8511/_stcore/host-config:0
[ 1169991ms] [ERROR] Failed to load resource: net::ERR_CONNECTION_REFUSED @ http://localhost:8511/_stcore/host-config:0
[ 1169991ms] [ERROR] Client Error in reaching server endpoint - No response received when attempting to reach /_stcore/host-config @ http://localhost:8511/static/js/index.D2ZqaFuW.js:16
[ 1169992ms] [ERROR] Is Streamlit still running? If you accidentally stopped Streamlit, just restart it in your terminal: @ http://localhost:8511/static/js/index.D2ZqaFuW.js:21
[ 1170102ms] [ERROR] Failed to load resource: net::ERR_CONNECTION_REFUSED @ http://localhost:8511/_stcore/health:0
[ 1171999ms] [ERROR] Failed to load resource: net::ERR_CONNECTION_REFUSED @ http://localhost:8511/_stcore/health:0
[ 1171999ms] [ERROR] Client Error in reaching server endpoint - No response received when attempting to reach /_stcore/health @ http://localhost:8511/static/js/index.D2ZqaFuW.js:16
[ 1171999ms] [ERROR] Is Streamlit still running? If you accidentally stopped Streamlit, just restart it in your terminal: @ http://localhost:8511/static/js/index.D2ZqaFuW.js:21
[ 1172107ms] [ERROR] Failed to load resource: net::ERR_CONNECTION_REFUSED @ http://localhost:8511/_stcore/host-config:0
[ 1174008ms] [ERROR] Failed to load resource: net::ERR_CONNECTION_REFUSED @ http://localhost:8511/_stcore/health:0
[ 1174008ms] [ERROR] Client Error in reaching server endpoint - No response received when attempting to reach /_stcore/health @ http://localhost:8511/static/js/index.D2ZqaFuW.js:16
[ 1174008ms] [ERROR] Is Streamlit still running? If you accidentally stopped Streamlit, just restart it in your terminal: @ http://localhost:8511/static/js/index.D2ZqaFuW.js:21
[ 1174116ms] [ERROR] Failed to load resource: net::ERR_CONNECTION_REFUSED @ http://localhost:8511/_stcore/host-config:0
[ 1176017ms] [ERROR] Failed to load resource: net::ERR_CONNECTION_REFUSED @ http://localhost:8511/_stcore/health:0
[ 1176017ms] [ERROR] Client Error in reaching server endpoint - No response received when attempting to reach /_stcore/health @ http://localhost:8511/static/js/index.D2ZqaFuW.js:16
[ 1176017ms] [ERROR] Is Streamlit still running? If you accidentally stopped Streamlit, just restart it in your terminal: @ http://localhost:8511/static/js/index.D2ZqaFuW.js:21
[ 1176146ms] [ERROR] Failed to load resource: net::ERR_CONNECTION_REFUSED @ http://localhost:8511/_stcore/host-config:0
[ 1178022ms] [ERROR] Failed to load resource: net::ERR_CONNECTION_REFUSED @ http://localhost:8511/_stcore/health:0
[ 1178022ms] [ERROR] Client Error in reaching server endpoint - No response received when attempting to reach /_stcore/health @ http://localhost:8511/static/js/index.D2ZqaFuW.js:16
[ 1178022ms] [ERROR] Is Streamlit still running? If you accidentally stopped Streamlit, just restart it in your terminal: @ http://localhost:8511/static/js/index.D2ZqaFuW.js:21
[ 1178134ms] [ERROR] Failed to load resource: net::ERR_CONNECTION_REFUSED @ http://localhost:8511/_stcore/host-config:0
