loc_index,regime,location,date,pm25_ugm3,pm25_max_ugm3,aod_dn,aod_scaled
1,industrial,"Mexico City, MX",2025-11-01,26.5,41.0,341.0,0.341
1,industrial,"Mexico City, MX",2025-11-02,25.0,39.0,,
1,industrial,"Mexico City, MX",2025-11-03,16.4,36.0,209.0,0.209
1,industrial,"Mexico City, MX",2025-11-04,24.2,55.0,231.5,0.2315
1,industrial,"Mexico City, MX",2025-11-05,32.6,71.0,,
1,industrial,"Mexico City, MX",2025-11-06,19.5,39.0,181.0,0.181
1,industrial,"Mexico City, MX",2025-11-07,30.1,44.0,195.5,0.1955
1,industrial,"Mexico City, MX",2025-11-08,32.2,48.0,,
1,industrial,"Mexico City, MX",2025-11-09,20.0,39.0,161.5,0.1615
1,industrial,"Mexico City, MX",2025-11-10,10.9,20.0,,
1,industrial,"Mexico City, MX",2025-11-11,24.1,39.0,263.0,0.263
1,industrial,"Mexico City, MX",2025-11-12,29.3,61.0,202.0,0.202
1,industrial,"Mexico City, MX",2025-11-13,25.6,49.0,186.5,0.1865
1,industrial,"Mexico City, MX",2025-11-14,31.9,59.0,147.5,0.1475
1,industrial,"Mexico City, MX",2025-11-15,27.7,44.0,3.0,0.003
1,industrial,"Mexico City, MX",2025-11-16,30.0,53.0,165.0,0.165
1,industrial,"Mexico City, MX",2025-11-17,28.7,36.0,,
1,industrial,"Mexico City, MX",2025-11-18,30.8,56.0,228.0,0.228
1,industrial,"Mexico City, MX",2025-11-19,22.7,44.0,170.0,0.17
1,industrial,"Mexico City, MX",2025-11-20,34.5,51.0,243.0,0.243
1,industrial,"Mexico City, MX",2025-11-21,35.0,55.0,356.5,0.3565
1,industrial,"Mexico City, MX",2025-11-22,27.0,52.0,307.0,0.307
1,industrial,"Mexico City, MX",2025-11-23,21.3,39.0,,
1,industrial,"Mexico City, MX",2025-11-24,24.8,34.0,221.5,0.2215
1,industrial,"Mexico City, MX",2025-11-25,27.5,54.0,,
1,industrial,"Mexico City, MX",2025-11-26,31.3,69.0,431.0,0.431
1,industrial,"Mexico City, MX",2025-11-27,11.1,23.0,,
1,industrial,"Mexico City, MX",2025-11-28,10.6,17.0,,
1,industrial,"Mexico City, MX",2025-11-29,25.3,43.0,,
1,industrial,"Mexico City, MX",2025-11-30,32.8,58.0,,
1,industrial,"Mexico City, MX",2025-12-01,26.2,44.0,327.0,0.327
1,industrial,"Mexico City, MX",2025-12-02,26.2,44.0,301.0,0.301
1,industrial,"Mexico City, MX",2025-12-03,28.2,53.0,218.0,0.218
1,industrial,"Mexico City, MX",2025-12-04,29.5,47.0,286.0,0.286
1,industrial,"Mexico City, MX",2025-12-05,27.4,51.0,,
1,industrial,"Mexico City, MX",2025-12-06,27.1,53.0,,
1,industrial,"Mexico City, MX",2025-12-07,28.0,49.0,185.0,0.185
1,industrial,"Mexico City, MX",2025-12-08,13.5,21.0,,
1,industrial,"Mexico City, MX",2025-12-09,28.8,48.0,263.0,0.263
1,industrial,"Mexico City, MX",2025-12-10,25.0,53.0,,
1,industrial,"Mexico City, MX",2025-12-11,16.5,27.0,,
1,industrial,"Mexico City, MX",2025-12-12,27.3,53.0,,
1,industrial,"Mexico City, MX",2025-12-13,22.7,38.0,,
1,industrial,"Mexico City, MX",2025-12-14,16.5,37.0,320.0,0.32
1,industrial,"Mexico City, MX",2025-12-15,6.39,13.0,,
1,industrial,"Mexico City, MX",2025-12-16,19.2,40.0,254.0,0.254
1,industrial,"Mexico City, MX",2025-12-17,24.9,37.0,,
1,industrial,"Mexico City, MX",2025-12-18,29.7,50.0,159.0,0.159
1,industrial,"Mexico City, MX",2025-12-19,26.9,41.0,240.0,0.24
1,industrial,"Mexico City, MX",2025-12-20,31.8,51.0,,
1,industrial,"Mexico City, MX",2025-12-21,25.7,47.0,250.0,0.25
1,industrial,"Mexico City, MX",2025-12-22,21.7,42.0,,
1,industrial,"Mexico City, MX",2025-12-23,19.0,40.0,410.0,0.41
1,industrial,"Mexico City, MX",2025-12-24,27.1,58.0,,
1,industrial,"Mexico City, MX",2025-12-25,38.0,76.0,,
1,industrial,"Mexico City, MX",2025-12-26,24.0,45.0,,
1,industrial,"Mexico City, MX",2025-12-27,27.7,59.0,185.0,0.185
1,industrial,"Mexico City, MX",2025-12-28,27.3,53.0,367.0,0.367
1,industrial,"Mexico City, MX",2025-12-29,19.6,39.0,270.0,0.27
1,industrial,"Mexico City, MX",2025-12-30,9.17,14.0,,
1,industrial,"Mexico City, MX",2025-12-31,26.7,50.0,,
1,industrial,"Mexico City, MX",2026-01-01,68.0,137.0,278.0,0.278
1,industrial,"Mexico City, MX",2026-01-02,27.1,37.0,341.0,0.341
1,industrial,"Mexico City, MX",2026-01-03,31.5,51.0,207.0,0.207
1,industrial,"Mexico City, MX",2026-01-04,25.0,39.0,353.0,0.353
1,industrial,"Mexico City, MX",2026-01-05,39.2,55.0,286.0,0.286
1,industrial,"Mexico City, MX",2026-01-06,34.3,53.0,259.0,0.259
1,industrial,"Mexico City, MX",2026-01-07,36.2,62.0,342.0,0.342
1,industrial,"Mexico City, MX",2026-01-08,33.2,62.0,121.5,0.1215
1,industrial,"Mexico City, MX",2026-01-09,29.2,46.0,,
1,industrial,"Mexico City, MX",2026-01-10,,,368.0,0.368
1,industrial,"Mexico City, MX",2026-01-11,,,197.0,0.197
1,industrial,"Mexico City, MX",2026-01-12,22.0,52.0,90.0,0.09
1,industrial,"Mexico City, MX",2026-01-13,19.3,31.0,,
1,industrial,"Mexico City, MX",2026-01-14,22.8,48.0,,
1,industrial,"Mexico City, MX",2026-01-15,20.7,47.0,,
1,industrial,"Mexico City, MX",2026-01-16,29.0,44.0,,
1,industrial,"Mexico City, MX",2026-01-17,21.3,42.0,311.0,0.311
1,industrial,"Mexico City, MX",2026-01-18,20.8,32.0,,
1,industrial,"Mexico City, MX",2026-01-19,30.3,60.0,,
1,industrial,"Mexico City, MX",2026-01-20,29.6,48.0,,
1,industrial,"Mexico City, MX",2026-01-21,21.7,28.0,,
1,industrial,"Mexico City, MX",2026-01-22,33.3,43.0,43.0,0.043
1,industrial,"Mexico City, MX",2026-01-24,20.0,40.0,,
1,industrial,"Mexico City, MX",2026-01-25,13.0,23.0,117.0,0.117
1,industrial,"Mexico City, MX",2026-01-26,19.1,39.0,60.0,0.06
1,industrial,"Mexico City, MX",2026-01-27,30.2,55.0,289.0,0.289
1,industrial,"Mexico City, MX",2026-01-28,31.6,51.0,249.5,0.2495
1,industrial,"Mexico City, MX",2026-01-29,29.4,52.0,340.0,0.34
1,industrial,"Mexico City, MX",2026-01-30,39.2,56.0,439.5,0.4395
1,industrial,"Mexico City, MX",2026-01-31,43.2,71.0,,
1,industrial,"Mexico City, MX",2026-02-01,40.1,89.0,,
1,industrial,"Mexico City, MX",2026-02-02,36.9,69.0,297.0,0.297
1,industrial,"Mexico City, MX",2026-02-03,31.6,58.0,,
1,industrial,"Mexico City, MX",2026-02-04,30.7,53.0,321.0,0.321
1,industrial,"Mexico City, MX",2026-02-05,25.8,63.0,,
1,industrial,"Mexico City, MX",2026-02-06,33.3,74.0,235.0,0.235
1,industrial,"Mexico City, MX",2026-02-07,20.3,37.0,105.5,0.1055
1,industrial,"Mexico City, MX",2026-02-08,26.0,40.0,,
1,industrial,"Mexico City, MX",2026-02-09,30.7,54.0,218.0,0.218
1,industrial,"Mexico City, MX",2026-02-10,31.3,55.0,60.0,0.06
1,industrial,"Mexico City, MX",2026-02-11,34.4,61.0,177.0,0.177
1,industrial,"Mexico City, MX",2026-02-12,39.5,71.0,254.5,0.2545
1,industrial,"Mexico City, MX",2026-02-13,33.7,50.0,95.0,0.095
1,industrial,"Mexico City, MX",2026-02-14,39.5,61.0,400.0,0.4
1,industrial,"Mexico City, MX",2026-02-15,37.0,47.0,257.5,0.2575
1,industrial,"Mexico City, MX",2026-02-16,31.5,44.0,340.5,0.3405
1,industrial,"Mexico City, MX",2026-02-17,32.3,61.0,209.0,0.209
1,industrial,"Mexico City, MX",2026-02-18,30.0,49.0,11.0,0.011
1,industrial,"Mexico City, MX",2026-02-19,33.8,62.0,151.5,0.1515
1,industrial,"Mexico City, MX",2026-02-20,33.8,61.0,143.0,0.143
1,industrial,"Mexico City, MX",2026-02-21,24.3,50.0,90.0,0.09
1,industrial,"Mexico City, MX",2026-02-22,10.3,19.0,,
1,industrial,"Mexico City, MX",2026-02-23,15.4,35.0,159.0,0.159
1,industrial,"Mexico City, MX",2026-02-24,21.3,63.0,156.0,0.156
1,industrial,"Mexico City, MX",2026-02-25,25.3,53.0,143.5,0.1435
1,industrial,"Mexico City, MX",2026-02-26,30.0,48.0,98.5,0.0985
1,industrial,"Mexico City, MX",2026-02-27,26.3,67.0,140.0,0.14
1,industrial,"Mexico City, MX",2026-02-28,14.8,34.0,,
1,industrial,"Mexico City, MX",2026-03-01,17.3,40.0,123.0,0.123
1,industrial,"Mexico City, MX",2026-03-02,21.9,44.0,141.0,0.141
1,industrial,"Mexico City, MX",2026-03-03,29.4,43.0,148.0,0.148
1,industrial,"Mexico City, MX",2026-03-04,28.3,48.0,216.0,0.216
1,industrial,"Mexico City, MX",2026-03-05,28.9,45.0,,
1,industrial,"Mexico City, MX",2026-03-06,30.8,49.0,319.0,0.319
1,industrial,"Mexico City, MX",2026-03-07,30.3,47.0,154.0,0.154
1,industrial,"Mexico City, MX",2026-03-08,29.4,45.0,278.0,0.278
1,industrial,"Mexico City, MX",2026-03-09,42.6,67.0,490.0,0.49
1,industrial,"Mexico City, MX",2026-03-10,37.6,56.0,,
1,industrial,"Mexico City, MX",2026-03-11,31.3,41.0,,
1,industrial,"Mexico City, MX",2026-03-12,10.8,24.0,194.0,0.194
1,industrial,"Mexico City, MX",2026-03-13,20.0,38.0,277.0,0.277
1,industrial,"Mexico City, MX",2026-03-14,18.4,32.0,215.0,0.215
1,industrial,"Mexico City, MX",2026-03-15,25.0,44.0,,
1,industrial,"Mexico City, MX",2026-03-16,23.0,38.0,364.0,0.364
1,industrial,"Mexico City, MX",2026-03-17,22.6,45.0,,
1,industrial,"Mexico City, MX",2026-03-18,24.2,57.0,185.0,0.185
1,industrial,"Mexico City, MX",2026-03-19,20.6,39.0,111.5,0.1115
1,industrial,"Mexico City, MX",2026-03-20,19.6,43.0,100.0,0.1
1,industrial,"Mexico City, MX",2026-03-21,12.6,22.0,168.0,0.168
1,industrial,"Mexico City, MX",2026-03-22,16.6,25.0,88.0,0.088
1,industrial,"Mexico City, MX",2026-03-23,20.4,29.0,,
1,industrial,"Mexico City, MX",2026-03-24,24.1,47.0,253.0,0.253
1,industrial,"Mexico City, MX",2026-03-25,22.0,51.0,178.0,0.178
1,industrial,"Mexico City, MX",2026-03-26,19.6,41.0,135.0,0.135
1,industrial,"Mexico City, MX",2026-03-27,17.8,40.0,97.0,0.097
1,industrial,"Mexico City, MX",2026-03-28,8.75,17.0,,
1,industrial,"Mexico City, MX",2026-03-29,10.8,20.0,157.0,0.157
1,industrial,"Mexico City, MX",2026-03-30,16.9,30.0,,
1,industrial,"Mexico City, MX",2026-03-31,13.0,17.0,202.0,0.202
1,industrial,"Mexico City, MX",2026-04-01,29.1,47.0,113.0,0.113
1,industrial,"Mexico City, MX",2026-04-02,26.6,50.0,9.0,0.009
1,industrial,"Mexico City, MX",2026-04-03,21.5,36.0,85.0,0.085
1,industrial,"Mexico City, MX",2026-04-04,19.0,33.0,,
1,industrial,"Mexico City, MX",2026-04-05,9.74,16.0,,
1,industrial,"Mexico City, MX",2026-04-06,13.0,24.0,,
1,industrial,"Mexico City, MX",2026-04-07,25.2,41.0,,
1,industrial,"Mexico City, MX",2026-04-08,27.1,46.0,142.0,0.142
1,industrial,"Mexico City, MX",2026-04-09,17.4,27.0,,
1,industrial,"Mexico City, MX",2026-04-10,24.8,49.0,168.0,0.168
1,industrial,"Mexico City, MX",2026-04-11,29.2,51.0,,
1,industrial,"Mexico City, MX",2026-04-12,20.8,29.0,,
1,industrial,"Mexico City, MX",2026-04-13,19.0,46.0,184.0,0.184
1,industrial,"Mexico City, MX",2026-04-14,15.1,44.0,,
1,industrial,"Mexico City, MX",2026-04-15,18.8,29.0,204.0,0.204
1,industrial,"Mexico City, MX",2026-04-16,22.5,46.0,218.0,0.218
1,industrial,"Mexico City, MX",2026-04-17,23.3,39.0,,
1,industrial,"Mexico City, MX",2026-04-18,19.8,35.0,135.0,0.135
1,industrial,"Mexico City, MX",2026-04-19,13.2,22.0,,
1,industrial,"Mexico City, MX",2026-04-20,21.7,48.0,,
1,industrial,"Mexico City, MX",2026-04-21,27.9,42.0,228.0,0.228
1,industrial,"Mexico City, MX",2026-04-22,,,324.0,0.324
1,industrial,"Mexico City, MX",2026-04-23,19.2,44.0,285.0,0.285
1,industrial,"Mexico City, MX",2026-04-24,25.7,39.0,,
1,industrial,"Mexico City, MX",2026-04-25,28.5,53.0,224.0,0.224
1,industrial,"Mexico City, MX",2026-04-26,18.4,26.0,149.0,0.149
1,industrial,"Mexico City, MX",2026-04-27,22.8,33.0,264.0,0.264
1,industrial,"Mexico City, MX",2026-04-28,18.0,35.0,103.0,0.103
1,industrial,"Mexico City, MX",2026-04-29,20.7,49.0,26.0,0.026
1,industrial,"Mexico City, MX",2026-04-30,21.3,41.0,108.0,0.108
1,industrial,"Mexico City, MX",2026-05-01,28.3,40.0,,
2,industrial,"Kolkata, IN",2025-10-31,29.6,43.8,,
2,industrial,"Kolkata, IN",2025-11-01,24.6,32.0,,
2,industrial,"Kolkata, IN",2025-11-02,52.0,91.95,,
2,industrial,"Kolkata, IN",2025-11-03,147.0,151.9,676.5,0.6765
2,industrial,"Kolkata, IN",2025-11-04,120.0,148.6,,
2,industrial,"Kolkata, IN",2025-11-05,98.3,143.0,786.0,0.786
2,industrial,"Kolkata, IN",2025-11-06,97.4,115.1,,
2,industrial,"Kolkata, IN",2025-11-07,74.2,102.0,1013.0,1.013
2,industrial,"Kolkata, IN",2025-11-08,80.9,102.8,206.5,0.2065
2,industrial,"Kolkata, IN",2025-11-09,104.0,118.07,340.0,0.34
2,industrial,"Kolkata, IN",2025-11-10,97.5,141.5,644.0,0.644
2,industrial,"Kolkata, IN",2025-11-11,126.0,181.62,,
2,industrial,"Kolkata, IN",2025-11-12,135.0,180.55,774.0,0.774
2,industrial,"Kolkata, IN",2025-11-13,128.0,181.3,601.5,0.6015
2,industrial,"Kolkata, IN",2025-11-14,114.0,178.6,711.0,0.711
2,industrial,"Kolkata, IN",2025-11-15,107.0,160.3,656.0,0.656
2,industrial,"Kolkata, IN",2025-11-16,102.0,153.9,,
2,industrial,"Kolkata, IN",2025-11-17,110.0,153.7,548.5,0.5485
2,industrial,"Kolkata, IN",2025-11-18,96.0,155.52,268.5,0.2685
2,industrial,"Kolkata, IN",2025-11-19,108.0,144.8,222.5,0.2225
2,industrial,"Kolkata, IN",2025-11-20,139.0,205.1,431.5,0.4315
2,industrial,"Kolkata, IN",2025-11-21,160.0,215.3,,
2,industrial,"Kolkata, IN",2025-11-22,179.0,256.5,1468.0,1.468
2,industrial,"Kolkata, IN",2025-11-23,136.0,210.2,1239.5,1.2395
2,industrial,"Kolkata, IN",2025-11-24,178.0,444.2,1531.0,1.531
2,industrial,"Kolkata, IN",2025-11-25,148.0,232.5,914.5,0.9145
2,industrial,"Kolkata, IN",2025-11-26,113.0,166.9,850.0,0.85
2,industrial,"Kolkata, IN",2025-11-27,128.0,205.18,485.5,0.4855
2,industrial,"Kolkata, IN",2025-11-28,125.0,169.27,298.5,0.2985
2,industrial,"Kolkata, IN",2025-11-29,137.0,206.97,526.0,0.526
2,industrial,"Kolkata, IN",2025-11-30,153.0,234.75,1091.0,1.091
2,industrial,"Kolkata, IN",2025-12-01,157.0,202.28,,
2,industrial,"Kolkata, IN",2025-12-03,158.0,201.7,,
2,industrial,"Kolkata, IN",2025-12-04,130.0,209.85,1052.0,1.052
2,industrial,"Kolkata, IN",2025-12-05,133.0,241.9,511.5,0.5115
2,industrial,"Kolkata, IN",2025-12-06,136.0,218.9,591.0,0.591
2,industrial,"Kolkata, IN",2025-12-07,156.0,215.6,722.5,0.7225
2,industrial,"Kolkata, IN",2025-12-08,169.0,230.35,,
2,industrial,"Kolkata, IN",2025-12-09,192.0,300.5,,
2,industrial,"Kolkata, IN",2025-12-10,186.0,264.3,,
2,industrial,"Kolkata, IN",2025-12-11,188.0,294.4,1368.0,1.368
2,industrial,"Kolkata, IN",2025-12-12,152.0,253.35,1286.0,1.286
2,industrial,"Kolkata, IN",2025-12-13,126.0,220.6,744.0,0.744
2,industrial,"Kolkata, IN",2025-12-14,117.0,159.95,321.0,0.321
2,industrial,"Kolkata, IN",2025-12-15,115.0,167.2,508.5,0.5085
2,industrial,"Kolkata, IN",2025-12-16,155.0,215.48,1251.0,1.251
2,industrial,"Kolkata, IN",2025-12-17,130.0,206.25,1557.0,1.557
2,industrial,"Kolkata, IN",2025-12-18,101.0,155.1,634.0,0.634
2,industrial,"Kolkata, IN",2025-12-19,120.0,145.17,1257.0,1.257
2,industrial,"Kolkata, IN",2025-12-20,137.0,158.77,1092.0,1.092
2,industrial,"Kolkata, IN",2025-12-21,119.0,172.35,926.0,0.926
2,industrial,"Kolkata, IN",2025-12-22,129.0,189.6,,
2,industrial,"Kolkata, IN",2025-12-23,140.0,219.6,740.0,0.74
2,industrial,"Kolkata, IN",2025-12-24,131.0,206.9,1981.0,1.981
2,industrial,"Kolkata, IN",2025-12-25,136.0,283.8,1021.0,1.021
2,industrial,"Kolkata, IN",2025-12-26,112.0,215.6,815.0,0.815
2,industrial,"Kolkata, IN",2025-12-27,82.4,122.4,1737.0,1.737
2,industrial,"Kolkata, IN",2025-12-28,94.4,110.03,695.0,0.695
2,industrial,"Kolkata, IN",2025-12-29,80.2,98.05,1662.0,1.662
2,industrial,"Kolkata, IN",2025-12-30,81.7,151.8,,
2,industrial,"Kolkata, IN",2025-12-31,135.0,175.23,798.0,0.798
2,industrial,"Kolkata, IN",2026-01-01,109.0,155.3,970.0,0.97
2,industrial,"Kolkata, IN",2026-01-02,107.0,133.75,1455.5,1.4555
2,industrial,"Kolkata, IN",2026-01-03,122.0,150.7,,
2,industrial,"Kolkata, IN",2026-01-04,84.9,102.7,,
2,industrial,"Kolkata, IN",2026-01-05,92.3,141.8,,
2,industrial,"Kolkata, IN",2026-01-06,128.0,231.2,2278.0,2.278
2,industrial,"Kolkata, IN",2026-01-07,97.3,155.2,621.0,0.621
2,industrial,"Kolkata, IN",2026-01-08,91.2,115.2,513.0,0.513
2,industrial,"Kolkata, IN",2026-01-09,80.4,96.65,453.0,0.453
2,industrial,"Kolkata, IN",2026-01-10,,,647.0,0.647
2,industrial,"Kolkata, IN",2026-01-12,,,469.5,0.4695
2,industrial,"Kolkata, IN",2026-01-13,,,820.0,0.82
2,industrial,"Kolkata, IN",2026-01-14,,,833.0,0.833
2,industrial,"Kolkata, IN",2026-01-15,,,717.0,0.717
2,industrial,"Kolkata, IN",2026-01-16,,,692.0,0.692
2,industrial,"Kolkata, IN",2026-01-17,,,816.5,0.8165
2,industrial,"Kolkata, IN",2026-01-18,,,993.0,0.993
2,industrial,"Kolkata, IN",2026-01-19,115.0,129.5,543.5,0.5435
2,industrial,"Kolkata, IN",2026-01-20,109.0,156.75,968.0,0.968
2,industrial,"Kolkata, IN",2026-01-21,85.2,142.97,1439.5,1.4395
2,industrial,"Kolkata, IN",2026-01-22,89.6,109.3,955.0,0.955
2,industrial,"Kolkata, IN",2026-01-23,105.0,157.8,740.0,0.74
2,industrial,"Kolkata, IN",2026-01-24,94.5,138.52,614.0,0.614
2,industrial,"Kolkata, IN",2026-01-25,86.2,121.72,894.0,0.894
2,industrial,"Kolkata, IN",2026-01-26,90.3,122.8,1277.0,1.277
2,industrial,"Kolkata, IN",2026-01-27,96.4,121.1,515.0,0.515
2,industrial,"Kolkata, IN",2026-01-28,93.7,119.97,811.0,0.811
2,industrial,"Kolkata, IN",2026-01-29,79.3,137.5,1431.0,1.431
2,industrial,"Kolkata, IN",2026-01-30,69.0,94.0,,
2,industrial,"Kolkata, IN",2026-01-31,70.9,86.38,,
2,industrial,"Kolkata, IN",2026-02-01,74.2,92.55,,
2,industrial,"Kolkata, IN",2026-02-02,87.5,115.08,428.0,0.428
2,industrial,"Kolkata, IN",2026-02-03,38.3,103.0,744.0,0.744
2,industrial,"Kolkata, IN",2026-02-04,27.8,69.55,,
2,industrial,"Kolkata, IN",2026-02-05,63.1,96.65,649.0,0.649
2,industrial,"Kolkata, IN",2026-02-06,57.8,87.4,370.5,0.3705
2,industrial,"Kolkata, IN",2026-02-07,73.1,76.5,458.0,0.458
2,industrial,"Kolkata, IN",2026-02-08,69.1,92.2,347.0,0.347
2,industrial,"Kolkata, IN",2026-02-09,66.0,117.52,,
2,industrial,"Kolkata, IN",2026-02-10,88.3,138.6,423.0,0.423
2,industrial,"Kolkata, IN",2026-02-11,73.9,100.7,375.5,0.3755
2,industrial,"Kolkata, IN",2026-02-12,72.1,110.67,563.0,0.563
2,industrial,"Kolkata, IN",2026-02-13,77.1,117.45,488.0,0.488
2,industrial,"Kolkata, IN",2026-02-14,75.7,96.52,300.0,0.3
2,industrial,"Kolkata, IN",2026-02-15,84.5,88.83,671.0,0.671
2,industrial,"Kolkata, IN",2026-02-16,54.6,66.85,392.0,0.392
2,industrial,"Kolkata, IN",2026-02-17,57.5,84.85,479.0,0.479
2,industrial,"Kolkata, IN",2026-02-18,63.4,95.7,432.0,0.432
2,industrial,"Kolkata, IN",2026-02-19,78.3,98.1,,
2,industrial,"Kolkata, IN",2026-02-20,82.7,121.1,668.0,0.668
2,industrial,"Kolkata, IN",2026-02-21,74.5,115.95,561.0,0.561
2,industrial,"Kolkata, IN",2026-02-22,64.2,80.58,,
2,industrial,"Kolkata, IN",2026-02-23,42.3,57.1,1045.0,1.045
2,industrial,"Kolkata, IN",2026-02-24,53.0,91.0,,
2,industrial,"Kolkata, IN",2026-02-25,46.7,72.58,1315.0,1.315
2,industrial,"Kolkata, IN",2026-02-26,42.4,66.1,447.0,0.447
2,industrial,"Kolkata, IN",2026-02-27,43.0,52.85,505.0,0.505
2,industrial,"Kolkata, IN",2026-02-28,39.7,50.3,369.0,0.369
2,industrial,"Kolkata, IN",2026-03-01,41.2,91.05,,
2,industrial,"Kolkata, IN",2026-03-02,66.7,103.25,,
2,industrial,"Kolkata, IN",2026-03-03,56.1,73.22,323.0,0.323
2,industrial,"Kolkata, IN",2026-03-04,61.8,78.53,389.0,0.389
2,industrial,"Kolkata, IN",2026-03-05,42.4,48.2,654.5,0.6545
2,industrial,"Kolkata, IN",2026-03-06,30.5,35.8,,
2,industrial,"Kolkata, IN",2026-03-07,22.2,31.93,,
2,industrial,"Kolkata, IN",2026-03-08,42.9,149.5,,
2,industrial,"Kolkata, IN",2026-03-09,30.0,35.5,,
2,industrial,"Kolkata, IN",2026-03-10,36.8,42.8,,
2,industrial,"Kolkata, IN",2026-03-11,36.7,67.18,,
2,industrial,"Kolkata, IN",2026-03-12,26.8,47.62,,
2,industrial,"Kolkata, IN",2026-03-13,26.6,33.23,509.0,0.509
2,industrial,"Kolkata, IN",2026-03-14,20.8,30.08,534.0,0.534
2,industrial,"Kolkata, IN",2026-03-15,22.2,28.45,,
2,industrial,"Kolkata, IN",2026-03-16,17.0,25.75,,
2,industrial,"Kolkata, IN",2026-03-17,17.9,26.95,,
2,industrial,"Kolkata, IN",2026-03-18,22.4,42.62,,
2,industrial,"Kolkata, IN",2026-03-19,24.2,33.77,,
2,industrial,"Kolkata, IN",2026-03-20,22.6,33.8,,
2,industrial,"Kolkata, IN",2026-03-21,27.9,36.42,,
2,industrial,"Kolkata, IN",2026-03-22,34.0,43.27,,
2,industrial,"Kolkata, IN",2026-03-23,28.9,32.7,,
2,industrial,"Kolkata, IN",2026-03-24,25.6,36.77,,
2,industrial,"Kolkata, IN",2026-03-25,33.7,45.83,,
2,industrial,"Kolkata, IN",2026-03-26,31.2,40.58,,
2,industrial,"Kolkata, IN",2026-03-27,24.5,30.9,,
2,industrial,"Kolkata, IN",2026-03-28,24.1,30.5,,
2,industrial,"Kolkata, IN",2026-03-29,25.9,34.27,,
2,industrial,"Kolkata, IN",2026-03-30,32.3,43.03,,
2,industrial,"Kolkata, IN",2026-03-31,29.1,40.93,1302.0,1.302
2,industrial,"Kolkata, IN",2026-04-01,25.7,31.78,601.0,0.601
2,industrial,"Kolkata, IN",2026-04-02,26.1,40.63,,
2,industrial,"Kolkata, IN",2026-04-03,39.3,56.48,542.5,0.5425
2,industrial,"Kolkata, IN",2026-04-04,29.7,38.25,,
2,industrial,"Kolkata, IN",2026-04-05,32.8,47.53,,
2,industrial,"Kolkata, IN",2026-04-06,21.7,29.37,636.0,0.636
2,industrial,"Kolkata, IN",2026-04-07,22.9,33.35,,
2,industrial,"Kolkata, IN",2026-04-08,21.6,30.4,,
2,industrial,"Kolkata, IN",2026-04-09,32.3,57.4,,
2,industrial,"Kolkata, IN",2026-04-10,45.8,58.65,,
2,industrial,"Kolkata, IN",2026-04-11,37.0,42.4,341.0,0.341
2,industrial,"Kolkata, IN",2026-04-12,28.3,38.02,193.0,0.193
2,industrial,"Kolkata, IN",2026-04-13,28.5,48.83,718.0,0.718
2,industrial,"Kolkata, IN",2026-04-14,33.5,56.58,,
2,industrial,"Kolkata, IN",2026-04-15,20.7,24.5,,
2,industrial,"Kolkata, IN",2026-04-16,18.8,25.3,,
2,industrial,"Kolkata, IN",2026-04-17,21.7,38.07,,
2,industrial,"Kolkata, IN",2026-04-18,25.2,34.38,,
2,industrial,"Kolkata, IN",2026-04-19,24.6,34.07,,
2,industrial,"Kolkata, IN",2026-04-20,30.5,35.35,,
2,industrial,"Kolkata, IN",2026-04-21,27.0,34.33,975.0,0.975
2,industrial,"Kolkata, IN",2026-04-22,33.3,40.12,367.0,0.367
2,industrial,"Kolkata, IN",2026-04-23,26.2,31.9,622.0,0.622
2,industrial,"Kolkata, IN",2026-04-24,19.4,29.65,,
2,industrial,"Kolkata, IN",2026-04-25,19.2,25.12,609.0,0.609
2,industrial,"Kolkata, IN",2026-04-26,24.1,33.2,,
2,industrial,"Kolkata, IN",2026-04-27,26.8,36.92,,
2,industrial,"Kolkata, IN",2026-04-28,19.0,26.5,,
2,industrial,"Kolkata, IN",2026-04-29,17.0,29.23,,
2,industrial,"Kolkata, IN",2026-04-30,23.9,49.52,,
3,industrial,"Beijing, CN",2025-10-31,29.7,92.48,,
3,industrial,"Beijing, CN",2025-11-01,10.4,46.84,35.0,0.035
3,industrial,"Beijing, CN",2025-11-02,48.1,58.34,119.5,0.1195
3,industrial,"Beijing, CN",2025-11-03,69.1,104.66,379.5,0.3795
3,industrial,"Beijing, CN",2025-11-04,149.0,181.18,500.5,0.5005
3,industrial,"Beijing, CN",2025-11-05,124.0,179.06,,
3,industrial,"Beijing, CN",2025-11-06,66.9,108.11,,
3,industrial,"Beijing, CN",2025-11-07,54.0,64.88,,
3,industrial,"Beijing, CN",2025-11-08,13.5,52.44,399.0,0.399
3,industrial,"Beijing, CN",2025-11-09,26.4,54.11,127.5,0.1275
3,industrial,"Beijing, CN",2025-11-10,64.2,140.19,138.0,0.138
3,industrial,"Beijing, CN",2025-11-11,78.1,131.83,176.5,0.1765
3,industrial,"Beijing, CN",2025-11-12,16.4,44.34,,
3,industrial,"Beijing, CN",2025-11-13,40.4,67.41,81.5,0.0815
3,industrial,"Beijing, CN",2025-11-14,55.4,101.72,263.5,0.2635
3,industrial,"Beijing, CN",2025-11-15,4.72,47.36,,
3,industrial,"Beijing, CN",2025-11-16,3.09,5.23,54.5,0.0545
3,industrial,"Beijing, CN",2025-11-17,9.56,37.45,174.0,0.174
3,industrial,"Beijing, CN",2025-11-18,28.6,65.29,108.33,0.1083
3,industrial,"Beijing, CN",2025-11-19,20.4,101.14,152.5,0.1525
3,industrial,"Beijing, CN",2025-11-20,55.9,97.79,90.0,0.09
3,industrial,"Beijing, CN",2025-11-21,49.4,78.06,129.5,0.1295
3,industrial,"Beijing, CN",2025-11-22,56.1,70.69,270.0,0.27
3,industrial,"Beijing, CN",2025-11-23,18.0,63.89,271.33,0.2713
3,industrial,"Beijing, CN",2025-11-24,16.2,38.46,145.0,0.145
3,industrial,"Beijing, CN",2025-11-25,37.0,50.33,138.0,0.138
3,industrial,"Beijing, CN",2025-11-26,11.4,35.14,,
3,industrial,"Beijing, CN",2025-11-27,43.5,57.19,152.0,0.152
3,industrial,"Beijing, CN",2025-11-28,49.8,76.01,226.0,0.226
3,industrial,"Beijing, CN",2025-11-29,72.0,84.38,245.0,0.245
3,industrial,"Beijing, CN",2025-11-30,1.23,1.23,221.0,0.221
3,industrial,"Beijing, CN",2025-12-01,3.33,7.52,57.0,0.057
3,industrial,"Beijing, CN",2025-12-02,16.3,44.66,147.0,0.147
3,industrial,"Beijing, CN",2025-12-03,16.1,41.77,79.0,0.079
3,industrial,"Beijing, CN",2025-12-04,41.4,71.18,59.0,0.059
3,industrial,"Beijing, CN",2025-12-05,70.3,104.06,422.0,0.422
3,industrial,"Beijing, CN",2025-12-06,22.8,93.38,,
3,industrial,"Beijing, CN",2025-12-07,12.2,31.07,152.5,0.1525
3,industrial,"Beijing, CN",2025-12-08,40.8,56.94,,
3,industrial,"Beijing, CN",2025-12-09,58.2,71.75,236.5,0.2365
3,industrial,"Beijing, CN",2025-12-10,47.4,95.18,654.0,0.654
3,industrial,"Beijing, CN",2025-12-11,30.3,51.52,314.0,0.314
3,industrial,"Beijing, CN",2025-12-12,23.8,52.54,,
3,industrial,"Beijing, CN",2025-12-13,33.0,47.16,,
3,industrial,"Beijing, CN",2025-12-14,55.3,89.38,,
3,industrial,"Beijing, CN",2025-12-15,35.7,79.21,,
3,industrial,"Beijing, CN",2025-12-16,72.7,119.65,,
3,industrial,"Beijing, CN",2025-12-17,129.0,138.2,342.5,0.3425
3,industrial,"Beijing, CN",2025-12-18,71.4,136.41,,
3,industrial,"Beijing, CN",2025-12-19,2.41,3.63,,
3,industrial,"Beijing, CN",2025-12-20,14.0,32.29,,
3,industrial,"Beijing, CN",2025-12-21,47.2,77.05,77.5,0.0775
3,industrial,"Beijing, CN",2025-12-22,24.9,64.06,861.0,0.861
3,industrial,"Beijing, CN",2025-12-23,5.46,14.89,,
3,industrial,"Beijing, CN",2025-12-24,8.77,24.24,90.0,0.09
3,industrial,"Beijing, CN",2025-12-25,36.4,52.16,120.0,0.12
3,industrial,"Beijing, CN",2025-12-26,46.6,62.34,,
3,industrial,"Beijing, CN",2025-12-27,73.4,93.67,207.5,0.2075
3,industrial,"Beijing, CN",2025-12-28,15.6,50.46,584.0,0.584
3,industrial,"Beijing, CN",2025-12-29,6.64,40.42,58.0,0.058
3,industrial,"Beijing, CN",2025-12-30,5.97,19.45,113.5,0.1135
3,industrial,"Beijing, CN",2025-12-31,8.11,25.35,,
3,industrial,"Beijing, CN",2026-01-01,27.4,69.66,174.0,0.174
3,industrial,"Beijing, CN",2026-01-02,27.9,58.52,188.5,0.1885
3,industrial,"Beijing, CN",2026-01-03,39.3,63.78,125.5,0.1255
3,industrial,"Beijing, CN",2026-01-04,32.1,68.4,,
3,industrial,"Beijing, CN",2026-01-05,16.9,57.85,,
3,industrial,"Beijing, CN",2026-01-06,8.92,21.7,196.5,0.1965
3,industrial,"Beijing, CN",2026-01-07,26.9,46.24,,
3,industrial,"Beijing, CN",2026-01-08,39.4,63.4,234.5,0.2345
3,industrial,"Beijing, CN",2026-01-09,4.13,6.36,,
3,industrial,"Beijing, CN",2026-01-10,11.2,23.2,144.0,0.144
3,industrial,"Beijing, CN",2026-01-11,28.9,41.25,52.0,0.052
3,industrial,"Beijing, CN",2026-01-12,12.9,30.92,147.5,0.1475
3,industrial,"Beijing, CN",2026-01-13,44.6,52.69,190.0,0.19
3,industrial,"Beijing, CN",2026-01-14,69.0,92.92,,
3,industrial,"Beijing, CN",2026-01-15,24.3,60.01,441.5,0.4415
3,industrial,"Beijing, CN",2026-01-16,13.1,32.04,74.0,0.074
3,industrial,"Beijing, CN",2026-01-17,24.2,41.81,,
3,industrial,"Beijing, CN",2026-01-18,5.08,8.08,,
3,industrial,"Beijing, CN",2026-01-19,5.66,21.1,,
3,industrial,"Beijing, CN",2026-01-20,10.7,33.82,171.0,0.171
3,industrial,"Beijing, CN",2026-01-21,19.5,49.38,107.33,0.1073
3,industrial,"Beijing, CN",2026-01-22,22.1,48.29,169.0,0.169
3,industrial,"Beijing, CN",2026-01-23,20.3,42.85,168.0,0.168
3,industrial,"Beijing, CN",2026-01-24,24.4,53.17,271.0,0.271
3,industrial,"Beijing, CN",2026-01-26,,,324.5,0.3245
3,industrial,"Beijing, CN",2026-01-27,,,219.5,0.2195
3,industrial,"Beijing, CN",2026-01-31,,,225.5,0.2255
3,industrial,"Beijing, CN",2026-02-01,,,131.0,0.131
3,industrial,"Beijing, CN",2026-02-02,,,147.0,0.147
3,industrial,"Beijing, CN",2026-02-03,,,221.0,0.221
3,industrial,"Beijing, CN",2026-02-04,,,261.33,0.2613
3,industrial,"Beijing, CN",2026-02-07,,,148.5,0.1485
3,industrial,"Beijing, CN",2026-02-08,,,133.0,0.133
3,industrial,"Beijing, CN",2026-02-10,,,325.0,0.325
3,industrial,"Beijing, CN",2026-02-11,,,131.5,0.1315
3,industrial,"Beijing, CN",2026-02-12,,,406.0,0.406
3,industrial,"Beijing, CN",2026-02-13,,,295.0,0.295
3,industrial,"Beijing, CN",2026-02-14,,,198.0,0.198
3,industrial,"Beijing, CN",2026-02-17,,,191.0,0.191
3,industrial,"Beijing, CN",2026-02-18,,,162.5,0.1625
3,industrial,"Beijing, CN",2026-02-19,,,145.33,0.1453
3,industrial,"Beijing, CN",2026-02-20,33.3,62.84,502.0,0.502
3,industrial,"Beijing, CN",2026-02-21,2.15,3.61,235.0,0.235
3,industrial,"Beijing, CN",2026-02-22,6.44,16.78,159.0,0.159
3,industrial,"Beijing, CN",2026-02-23,33.5,58.2,187.0,0.187
3,industrial,"Beijing, CN",2026-02-24,68.3,80.4,187.33,0.1873
3,industrial,"Beijing, CN",2026-02-25,47.7,77.7,,
3,industrial,"Beijing, CN",2026-02-26,31.7,47.2,557.0,0.557
3,industrial,"Beijing, CN",2026-02-27,55.6,60.1,,
3,industrial,"Beijing, CN",2026-02-28,63.5,76.8,,
3,industrial,"Beijing, CN",2026-03-01,93.0,106.0,,
3,industrial,"Beijing, CN",2026-03-02,66.4,118.1,,
3,industrial,"Beijing, CN",2026-03-03,54.4,107.7,460.0,0.46
3,industrial,"Beijing, CN",2026-03-04,54.7,60.4,,
3,industrial,"Beijing, CN",2026-03-05,25.0,61.6,,
3,industrial,"Beijing, CN",2026-03-06,58.3,72.3,91.0,0.091
3,industrial,"Beijing, CN",2026-03-07,44.2,71.8,1113.0,1.113
3,industrial,"Beijing, CN",2026-03-08,16.6,61.8,710.0,0.71
3,industrial,"Beijing, CN",2026-03-09,60.6,82.2,163.5,0.1635
3,industrial,"Beijing, CN",2026-03-10,37.6,82.0,680.0,0.68
3,industrial,"Beijing, CN",2026-03-11,65.2,74.8,87.33,0.0873
3,industrial,"Beijing, CN",2026-03-12,62.9,81.5,940.0,0.94
3,industrial,"Beijing, CN",2026-03-13,28.6,65.1,,
3,industrial,"Beijing, CN",2026-03-14,42.9,56.3,,
3,industrial,"Beijing, CN",2026-03-15,49.9,79.3,395.0,0.395
3,industrial,"Beijing, CN",2026-03-16,101.0,118.3,407.0,0.407
3,industrial,"Beijing, CN",2026-03-17,7.12,18.4,,
3,industrial,"Beijing, CN",2026-03-18,34.0,49.0,124.0,0.124
3,industrial,"Beijing, CN",2026-03-19,32.7,47.8,,
3,industrial,"Beijing, CN",2026-03-20,55.3,88.0,325.0,0.325
3,industrial,"Beijing, CN",2026-03-21,48.8,94.2,446.0,0.446
3,industrial,"Beijing, CN",2026-03-22,70.4,95.2,378.0,0.378
3,industrial,"Beijing, CN",2026-03-23,94.9,122.7,,
3,industrial,"Beijing, CN",2026-03-24,94.9,126.4,1368.0,1.368
3,industrial,"Beijing, CN",2026-03-25,92.7,149.5,819.0,0.819
3,industrial,"Beijing, CN",2026-03-26,15.2,50.0,1019.5,1.0195
3,industrial,"Beijing, CN",2026-03-27,51.5,71.0,,
3,industrial,"Beijing, CN",2026-03-28,44.3,70.2,832.0,0.832
3,industrial,"Beijing, CN",2026-03-29,13.8,22.4,1104.0,1.104
3,industrial,"Beijing, CN",2026-03-30,35.2,47.0,,
3,industrial,"Beijing, CN",2026-03-31,20.0,47.4,461.0,0.461
3,industrial,"Beijing, CN",2026-04-01,37.5,77.5,,
3,industrial,"Beijing, CN",2026-04-02,51.8,103.6,455.0,0.455
3,industrial,"Beijing, CN",2026-04-03,39.1,79.4,,
3,industrial,"Beijing, CN",2026-04-04,16.1,49.7,578.5,0.5785
3,industrial,"Beijing, CN",2026-04-05,2.66,5.0,113.5,0.1135
3,industrial,"Beijing, CN",2026-04-06,9.98,31.7,230.0,0.23
3,industrial,"Beijing, CN",2026-04-07,47.2,85.5,160.5,0.1605
3,industrial,"Beijing, CN",2026-04-08,51.6,95.7,,
3,industrial,"Beijing, CN",2026-04-09,36.1,54.2,,
3,industrial,"Beijing, CN",2026-04-10,14.2,22.2,188.0,0.188
3,industrial,"Beijing, CN",2026-04-11,33.9,50.1,207.5,0.2075
3,industrial,"Beijing, CN",2026-04-12,28.7,67.5,,
3,industrial,"Beijing, CN",2026-04-13,43.0,49.1,,
3,industrial,"Beijing, CN",2026-04-14,64.2,91.3,,
3,industrial,"Beijing, CN",2026-04-15,73.4,108.5,1110.0,1.11
3,industrial,"Beijing, CN",2026-04-16,54.1,70.2,,
3,industrial,"Beijing, CN",2026-04-17,71.3,108.6,661.0,0.661
3,industrial,"Beijing, CN",2026-04-18,23.1,43.8,,
3,industrial,"Beijing, CN",2026-04-19,6.86,14.1,,
3,industrial,"Beijing, CN",2026-04-20,21.8,37.0,143.0,0.143
3,industrial,"Beijing, CN",2026-04-21,27.6,46.3,,
3,industrial,"Beijing, CN",2026-04-22,41.7,70.4,,
3,industrial,"Beijing, CN",2026-04-23,45.9,58.0,633.0,0.633
3,industrial,"Beijing, CN",2026-04-24,47.4,84.0,943.0,0.943
3,industrial,"Beijing, CN",2026-04-25,26.1,42.8,,
3,industrial,"Beijing, CN",2026-04-26,7.2,16.9,,
3,industrial,"Beijing, CN",2026-04-27,15.3,36.3,131.0,0.131
3,industrial,"Beijing, CN",2026-04-28,5.41,15.3,275.0,0.275
3,industrial,"Beijing, CN",2026-04-29,21.3,32.2,167.0,0.167
3,industrial,"Beijing, CN",2026-04-30,32.3,43.2,150.0,0.15
4,industrial,"Lagos, NG",2025-10-31,19.2,58.18,,
4,industrial,"Lagos, NG",2025-11-01,14.3,34.96,,
4,industrial,"Lagos, NG",2025-11-02,18.1,58.57,,
4,industrial,"Lagos, NG",2025-11-03,23.9,48.38,,
4,industrial,"Lagos, NG",2025-11-04,12.4,44.58,,
4,industrial,"Lagos, NG",2025-11-05,18.5,50.98,,
4,industrial,"Lagos, NG",2025-11-06,12.6,28.59,,
4,industrial,"Lagos, NG",2025-11-07,12.3,35.67,,
4,industrial,"Lagos, NG",2025-11-08,5.67,23.0,,
4,industrial,"Lagos, NG",2025-11-09,10.4,32.38,,
4,industrial,"Lagos, NG",2025-11-24,,,283.0,0.283
4,industrial,"Lagos, NG",2025-12-20,,,498.0,0.498
4,industrial,"Lagos, NG",2025-12-25,,,383.0,0.383
4,industrial,"Lagos, NG",2025-12-31,11.8,11.76,,
4,industrial,"Lagos, NG",2026-01-01,13.0,27.73,,
4,industrial,"Lagos, NG",2026-01-02,15.2,39.44,,
4,industrial,"Lagos, NG",2026-01-03,15.9,36.52,,
4,industrial,"Lagos, NG",2026-01-04,23.2,35.26,,
4,industrial,"Lagos, NG",2026-01-05,20.9,31.06,188.0,0.188
4,industrial,"Lagos, NG",2026-01-06,21.4,38.63,,
4,industrial,"Lagos, NG",2026-01-07,33.3,44.63,,
4,industrial,"Lagos, NG",2026-01-08,33.4,42.21,,
4,industrial,"Lagos, NG",2026-01-09,34.0,55.86,,
4,industrial,"Lagos, NG",2026-01-10,35.5,45.9,,
4,industrial,"Lagos, NG",2026-01-11,44.7,88.55,,
4,industrial,"Lagos, NG",2026-01-12,41.6,64.19,778.0,0.778
4,industrial,"Lagos, NG",2026-01-13,34.3,59.48,,
4,industrial,"Lagos, NG",2026-01-14,28.3,41.21,,
4,industrial,"Lagos, NG",2026-01-15,31.3,43.47,,
4,industrial,"Lagos, NG",2026-01-24,,,605.0,0.605
4,industrial,"Lagos, NG",2026-01-25,,,498.0,0.498
4,industrial,"Lagos, NG",2026-01-27,,,797.0,0.797
4,industrial,"Lagos, NG",2026-01-28,,,257.0,0.257
4,industrial,"Lagos, NG",2026-01-29,,,1341.0,1.341
4,industrial,"Lagos, NG",2026-01-30,28.1,45.03,,
4,industrial,"Lagos, NG",2026-01-31,27.5,45.84,345.0,0.345
4,industrial,"Lagos, NG",2026-02-01,16.3,21.37,,
4,industrial,"Lagos, NG",2026-02-02,23.0,44.5,,
4,industrial,"Lagos, NG",2026-02-03,25.8,43.37,,
4,industrial,"Lagos, NG",2026-02-04,19.9,27.61,,
4,industrial,"Lagos, NG",2026-02-05,8.18,19.8,,
4,industrial,"Lagos, NG",2026-02-06,8.27,16.47,,
4,industrial,"Lagos, NG",2026-02-12,6.65,8.48,,
4,industrial,"Lagos, NG",2026-02-13,17.0,29.84,,
4,industrial,"Lagos, NG",2026-02-15,,,56.0,0.056
4,industrial,"Lagos, NG",2026-02-16,11.9,16.68,,
4,industrial,"Lagos, NG",2026-02-17,22.4,36.46,,
4,industrial,"Lagos, NG",2026-02-18,21.9,44.91,,
4,industrial,"Lagos, NG",2026-02-19,21.2,37.39,,
4,industrial,"Lagos, NG",2026-02-20,25.0,47.69,,
4,industrial,"Lagos, NG",2026-02-21,20.6,26.16,,
4,industrial,"Lagos, NG",2026-02-22,16.1,18.57,,
4,industrial,"Lagos, NG",2026-02-23,25.9,38.6,,
4,industrial,"Lagos, NG",2026-02-24,25.7,43.7,,
4,industrial,"Lagos, NG",2026-02-25,18.3,38.5,1337.0,1.337
4,industrial,"Lagos, NG",2026-02-26,14.0,27.5,,
4,industrial,"Lagos, NG",2026-02-27,17.9,27.5,,
4,industrial,"Lagos, NG",2026-02-28,14.6,29.2,,
4,industrial,"Lagos, NG",2026-03-01,10.6,27.1,,
4,industrial,"Lagos, NG",2026-03-02,18.2,37.0,,
4,industrial,"Lagos, NG",2026-03-03,14.0,36.2,,
4,industrial,"Lagos, NG",2026-03-04,16.0,24.8,,
4,industrial,"Lagos, NG",2026-03-05,15.7,27.8,608.0,0.608
4,industrial,"Lagos, NG",2026-03-06,18.3,30.0,,
4,industrial,"Lagos, NG",2026-03-07,18.0,25.7,,
4,industrial,"Lagos, NG",2026-03-08,19.4,30.4,,
4,industrial,"Lagos, NG",2026-03-09,17.0,24.0,,
4,industrial,"Lagos, NG",2026-03-10,9.97,24.2,,
4,industrial,"Lagos, NG",2026-03-11,6.44,20.5,,
4,industrial,"Lagos, NG",2026-03-12,7.97,22.3,299.0,0.299
4,industrial,"Lagos, NG",2026-03-13,10.5,25.0,,
4,industrial,"Lagos, NG",2026-03-14,4.2,15.6,,
4,industrial,"Lagos, NG",2026-03-15,1.37,6.7,,
4,industrial,"Lagos, NG",2026-03-16,2.5,8.6,,
4,industrial,"Lagos, NG",2026-03-17,2.52,6.9,,
4,industrial,"Lagos, NG",2026-03-18,2.25,3.5,,
4,industrial,"Lagos, NG",2026-03-19,2.32,5.9,,
4,industrial,"Lagos, NG",2026-03-20,5.65,18.9,113.0,0.113
4,industrial,"Lagos, NG",2026-03-21,4.83,10.2,,
4,industrial,"Lagos, NG",2026-03-22,5.45,16.8,,
4,industrial,"Lagos, NG",2026-03-23,2.74,7.9,,
4,industrial,"Lagos, NG",2026-03-24,2.88,10.7,,
4,industrial,"Lagos, NG",2026-03-25,5.85,24.3,,
4,industrial,"Lagos, NG",2026-03-26,2.08,3.4,,
4,industrial,"Lagos, NG",2026-03-27,3.0,4.9,,
4,industrial,"Lagos, NG",2026-03-28,12.7,26.9,,
4,industrial,"Lagos, NG",2026-03-29,6.53,55.8,,
4,industrial,"Lagos, NG",2026-03-30,10.6,52.3,,
4,industrial,"Lagos, NG",2026-03-31,24.6,78.6,,
4,industrial,"Lagos, NG",2026-04-01,12.4,36.7,,
4,industrial,"Lagos, NG",2026-04-02,12.3,40.4,,
4,industrial,"Lagos, NG",2026-04-03,5.74,25.5,,
4,industrial,"Lagos, NG",2026-04-04,12.0,33.0,,
4,industrial,"Lagos, NG",2026-04-05,2.82,15.6,,
4,industrial,"Lagos, NG",2026-04-06,6.96,23.1,,
4,industrial,"Lagos, NG",2026-04-07,26.7,26.8,,
4,industrial,"Lagos, NG",2026-04-08,18.4,64.0,,
4,industrial,"Lagos, NG",2026-04-09,8.08,25.5,,
4,industrial,"Lagos, NG",2026-04-10,1.87,8.2,,
4,industrial,"Lagos, NG",2026-04-11,3.6,13.6,,
4,industrial,"Lagos, NG",2026-04-12,3.15,6.5,,
4,industrial,"Lagos, NG",2026-04-13,5.43,29.7,,
4,industrial,"Lagos, NG",2026-04-14,7.18,32.0,,
4,industrial,"Lagos, NG",2026-04-15,14.2,39.3,,
4,industrial,"Lagos, NG",2026-04-16,7.22,40.6,,
4,industrial,"Lagos, NG",2026-04-17,2.11,7.6,,
4,industrial,"Lagos, NG",2026-04-18,17.2,37.0,,
4,industrial,"Lagos, NG",2026-04-19,13.2,44.6,,
4,industrial,"Lagos, NG",2026-04-20,10.1,33.0,,
4,industrial,"Lagos, NG",2026-04-21,11.8,39.2,,
4,industrial,"Lagos, NG",2026-04-22,4.88,16.2,,
4,industrial,"Lagos, NG",2026-04-23,3.29,6.9,,
4,industrial,"Lagos, NG",2026-04-24,5.73,10.4,,
4,industrial,"Lagos, NG",2026-04-25,7.65,64.1,,
4,industrial,"Lagos, NG",2026-04-26,18.6,39.2,,
4,industrial,"Lagos, NG",2026-04-27,22.9,47.3,,
4,industrial,"Lagos, NG",2026-04-28,2.65,21.1,,
4,industrial,"Lagos, NG",2026-04-29,4.6,14.7,,
4,industrial,"Lagos, NG",2026-04-30,9.73,35.9,,
5,coal,"Pittsburgh PA, US",2025-11-01,7.29,12.4,60.0,0.06
5,coal,"Pittsburgh PA, US",2025-11-02,10.4,14.4,113.0,0.113
5,coal,"Pittsburgh PA, US",2025-11-03,6.31,10.5,,
5,coal,"Pittsburgh PA, US",2025-11-04,4.53,10.5,,
5,coal,"Pittsburgh PA, US",2025-11-05,6.6,10.3,69.0,0.069
5,coal,"Pittsburgh PA, US",2025-11-06,3.28,7.2,,
5,coal,"Pittsburgh PA, US",2025-11-07,8.69,12.1,,
5,coal,"Pittsburgh PA, US",2025-11-08,14.2,24.5,,
5,coal,"Pittsburgh PA, US",2025-11-09,10.8,20.1,,
5,coal,"Pittsburgh PA, US",2025-11-10,1.77,2.6,,
5,coal,"Pittsburgh PA, US",2025-11-11,3.23,6.0,,
5,coal,"Pittsburgh PA, US",2025-11-12,4.0,5.3,,
5,coal,"Pittsburgh PA, US",2025-11-13,4.27,12.2,33.0,0.033
5,coal,"Pittsburgh PA, US",2025-11-14,8.46,13.8,,
5,coal,"Pittsburgh PA, US",2025-11-15,8.64,9.4,,
5,coal,"Pittsburgh PA, US",2025-11-16,4.19,7.7,,
5,coal,"Pittsburgh PA, US",2025-11-17,4.12,8.3,,
5,coal,"Pittsburgh PA, US",2025-11-18,9.55,13.3,,
5,coal,"Pittsburgh PA, US",2025-11-19,11.6,18.4,,
5,coal,"Pittsburgh PA, US",2025-11-20,17.7,21.9,,
5,coal,"Pittsburgh PA, US",2025-11-21,15.6,22.6,,
5,coal,"Pittsburgh PA, US",2025-11-22,11.8,21.4,,
5,coal,"Pittsburgh PA, US",2025-11-23,9.22,19.5,17.5,0.0175
5,coal,"Pittsburgh PA, US",2025-11-24,8.61,16.9,,
5,coal,"Pittsburgh PA, US",2025-11-25,7.95,12.7,,
5,coal,"Pittsburgh PA, US",2025-11-26,3.45,5.1,,
5,coal,"Pittsburgh PA, US",2025-11-27,2.81,3.8,,
5,coal,"Pittsburgh PA, US",2025-11-28,2.82,4.2,,
5,coal,"Pittsburgh PA, US",2025-11-29,4.42,6.1,95.0,0.095
5,coal,"Pittsburgh PA, US",2025-11-30,4.28,7.9,,
5,coal,"Pittsburgh PA, US",2025-12-01,4.68,7.7,,
5,coal,"Pittsburgh PA, US",2025-12-02,7.86,11.7,,
5,coal,"Pittsburgh PA, US",2025-12-03,9.99,11.9,,
5,coal,"Pittsburgh PA, US",2025-12-04,7.97,15.6,,
5,coal,"Pittsburgh PA, US",2025-12-05,9.64,15.9,,
5,coal,"Pittsburgh PA, US",2025-12-06,10.9,16.3,,
5,coal,"Pittsburgh PA, US",2025-12-07,11.2,13.6,,
5,coal,"Pittsburgh PA, US",2025-12-08,3.26,5.8,,
5,coal,"Pittsburgh PA, US",2025-12-09,5.2,8.8,,
5,coal,"Pittsburgh PA, US",2025-12-10,2.88,4.2,,
5,coal,"Pittsburgh PA, US",2025-12-11,3.14,4.6,,
5,coal,"Pittsburgh PA, US",2025-12-12,6.39,11.6,70.0,0.07
5,coal,"Pittsburgh PA, US",2025-12-13,8.43,12.2,,
5,coal,"Pittsburgh PA, US",2025-12-14,3.45,4.9,,
5,coal,"Pittsburgh PA, US",2025-12-15,6.79,11.6,,
5,coal,"Pittsburgh PA, US",2025-12-16,6.81,11.4,,
5,coal,"Pittsburgh PA, US",2025-12-17,6.53,15.5,96.0,0.096
5,coal,"Pittsburgh PA, US",2025-12-18,9.45,19.2,,
5,coal,"Pittsburgh PA, US",2025-12-19,3.23,6.7,,
5,coal,"Pittsburgh PA, US",2025-12-20,6.4,13.2,,
5,coal,"Pittsburgh PA, US",2025-12-21,5.56,12.6,,
5,coal,"Pittsburgh PA, US",2025-12-22,8.46,16.8,118.0,0.118
5,coal,"Pittsburgh PA, US",2025-12-23,10.2,19.4,,
5,coal,"Pittsburgh PA, US",2025-12-24,13.9,19.5,,
5,coal,"Pittsburgh PA, US",2025-12-25,15.3,23.2,,
5,coal,"Pittsburgh PA, US",2025-12-26,7.27,13.2,,
5,coal,"Pittsburgh PA, US",2025-12-27,7.01,11.9,,
5,coal,"Pittsburgh PA, US",2025-12-28,8.99,13.1,,
5,coal,"Pittsburgh PA, US",2025-12-29,3.41,5.4,,
5,coal,"Pittsburgh PA, US",2025-12-30,3.95,6.5,,
5,coal,"Pittsburgh PA, US",2025-12-31,5.82,7.3,,
5,coal,"Pittsburgh PA, US",2026-01-01,2.75,5.4,,
5,coal,"Pittsburgh PA, US",2026-01-02,6.1,17.8,,
5,coal,"Pittsburgh PA, US",2026-01-03,16.1,20.1,,
5,coal,"Pittsburgh PA, US",2026-01-04,16.5,28.5,,
5,coal,"Pittsburgh PA, US",2026-01-05,14.4,24.8,,
5,coal,"Pittsburgh PA, US",2026-01-06,10.3,15.1,,
5,coal,"Pittsburgh PA, US",2026-01-07,11.2,21.3,,
5,coal,"Pittsburgh PA, US",2026-01-08,9.44,19.3,74.0,0.074
5,coal,"Pittsburgh PA, US",2026-01-09,5.45,9.0,,
5,coal,"Pittsburgh PA, US",2026-01-10,5.12,9.5,,
5,coal,"Pittsburgh PA, US",2026-01-11,5.3,7.1,,
5,coal,"Pittsburgh PA, US",2026-01-12,5.8,7.2,,
5,coal,"Pittsburgh PA, US",2026-01-13,4.78,6.8,,
5,coal,"Pittsburgh PA, US",2026-01-14,3.51,4.8,,
5,coal,"Pittsburgh PA, US",2026-01-15,2.98,4.0,,
5,coal,"Pittsburgh PA, US",2026-01-16,5.1,6.7,,
5,coal,"Pittsburgh PA, US",2026-01-17,6.07,8.2,,
5,coal,"Pittsburgh PA, US",2026-01-18,6.76,8.2,,
5,coal,"Pittsburgh PA, US",2026-01-19,5.77,8.4,,
5,coal,"Pittsburgh PA, US",2026-01-20,4.38,5.4,,
5,coal,"Pittsburgh PA, US",2026-01-21,5.85,7.3,,
5,coal,"Pittsburgh PA, US",2026-01-22,6.18,13.7,73.0,0.073
5,coal,"Pittsburgh PA, US",2026-01-23,4.25,5.4,,
5,coal,"Pittsburgh PA, US",2026-01-24,4.87,8.6,,
5,coal,"Pittsburgh PA, US",2026-01-25,3.98,5.1,,
5,coal,"Pittsburgh PA, US",2026-01-26,8.09,11.8,,
5,coal,"Pittsburgh PA, US",2026-01-27,8.42,13.4,,
5,coal,"Pittsburgh PA, US",2026-01-28,11.2,15.7,,
5,coal,"Pittsburgh PA, US",2026-01-29,8.48,12.0,,
5,coal,"Pittsburgh PA, US",2026-01-30,5.99,14.9,,
5,coal,"Pittsburgh PA, US",2026-01-31,11.6,21.9,,
5,coal,"Pittsburgh PA, US",2026-02-01,5.29,7.5,,
5,coal,"Pittsburgh PA, US",2026-02-02,10.5,20.1,,
5,coal,"Pittsburgh PA, US",2026-02-03,12.7,16.0,,
5,coal,"Pittsburgh PA, US",2026-02-04,7.92,14.8,,
5,coal,"Pittsburgh PA, US",2026-02-05,13.0,16.8,,
5,coal,"Pittsburgh PA, US",2026-02-06,16.7,28.1,,
5,coal,"Pittsburgh PA, US",2026-02-07,2.82,4.5,,
5,coal,"Pittsburgh PA, US",2026-02-08,6.66,12.9,,
5,coal,"Pittsburgh PA, US",2026-02-09,11.5,14.3,,
5,coal,"Pittsburgh PA, US",2026-02-10,17.0,35.9,,
5,coal,"Pittsburgh PA, US",2026-02-11,15.1,43.7,,
5,coal,"Pittsburgh PA, US",2026-02-12,6.16,7.6,,
5,coal,"Pittsburgh PA, US",2026-02-13,10.1,15.4,,
5,coal,"Pittsburgh PA, US",2026-02-14,11.9,19.2,,
5,coal,"Pittsburgh PA, US",2026-02-15,17.8,23.5,,
5,coal,"Pittsburgh PA, US",2026-02-16,13.9,23.2,,
5,coal,"Pittsburgh PA, US",2026-02-17,14.7,24.8,,
5,coal,"Pittsburgh PA, US",2026-02-18,13.2,19.3,,
5,coal,"Pittsburgh PA, US",2026-02-19,12.6,40.3,,
5,coal,"Pittsburgh PA, US",2026-02-20,3.18,6.9,51.0,0.051
5,coal,"Pittsburgh PA, US",2026-02-21,6.18,10.2,46.5,0.0465
5,coal,"Pittsburgh PA, US",2026-02-22,10.4,16.4,,
5,coal,"Pittsburgh PA, US",2026-02-23,3.73,6.1,,
5,coal,"Pittsburgh PA, US",2026-02-24,4.98,7.5,,
5,coal,"Pittsburgh PA, US",2026-02-25,9.13,18.8,,
5,coal,"Pittsburgh PA, US",2026-02-26,10.4,16.5,38.0,0.038
5,coal,"Pittsburgh PA, US",2026-02-27,10.5,17.3,103.0,0.103
5,coal,"Pittsburgh PA, US",2026-02-28,5.9,15.5,33.5,0.0335
5,coal,"Pittsburgh PA, US",2026-03-01,3.66,5.3,42.0,0.042
5,coal,"Pittsburgh PA, US",2026-03-02,5.18,9.2,,
5,coal,"Pittsburgh PA, US",2026-03-03,12.3,20.9,,
5,coal,"Pittsburgh PA, US",2026-03-04,10.2,19.8,,
5,coal,"Pittsburgh PA, US",2026-03-05,10.4,20.5,,
5,coal,"Pittsburgh PA, US",2026-03-06,8.03,13.7,,
5,coal,"Pittsburgh PA, US",2026-03-07,7.12,13.2,,
5,coal,"Pittsburgh PA, US",2026-03-08,4.39,14.3,102.0,0.102
5,coal,"Pittsburgh PA, US",2026-03-09,5.34,15.4,46.0,0.046
5,coal,"Pittsburgh PA, US",2026-03-10,7.34,11.9,,
5,coal,"Pittsburgh PA, US",2026-03-11,5.38,9.4,,
5,coal,"Pittsburgh PA, US",2026-03-12,2.35,3.6,,
5,coal,"Pittsburgh PA, US",2026-03-13,3.91,6.0,,
5,coal,"Pittsburgh PA, US",2026-03-14,2.71,5.0,,
5,coal,"Pittsburgh PA, US",2026-03-15,4.31,5.7,149.0,0.149
5,coal,"Pittsburgh PA, US",2026-03-16,1.82,4.1,,
5,coal,"Pittsburgh PA, US",2026-03-17,3.08,4.4,,
5,coal,"Pittsburgh PA, US",2026-03-18,4.65,8.1,,
5,coal,"Pittsburgh PA, US",2026-03-19,5.76,9.3,,
5,coal,"Pittsburgh PA, US",2026-03-20,12.0,21.4,,
5,coal,"Pittsburgh PA, US",2026-03-21,16.4,27.4,80.0,0.08
5,coal,"Pittsburgh PA, US",2026-03-22,10.7,16.8,,
5,coal,"Pittsburgh PA, US",2026-03-23,5.11,12.6,,
5,coal,"Pittsburgh PA, US",2026-03-24,3.27,5.2,107.0,0.107
5,coal,"Pittsburgh PA, US",2026-03-25,5.5,8.4,,
5,coal,"Pittsburgh PA, US",2026-03-26,13.8,19.9,269.0,0.269
5,coal,"Pittsburgh PA, US",2026-03-27,5.76,15.9,,
5,coal,"Pittsburgh PA, US",2026-03-28,4.45,8.6,110.0,0.11
5,coal,"Pittsburgh PA, US",2026-03-29,5.13,9.8,,
5,coal,"Pittsburgh PA, US",2026-03-30,6.8,9.7,,
5,coal,"Pittsburgh PA, US",2026-03-31,9.55,14.6,,
5,coal,"Pittsburgh PA, US",2026-04-01,3.51,6.2,,
5,coal,"Pittsburgh PA, US",2026-04-02,6.18,9.6,,
5,coal,"Pittsburgh PA, US",2026-04-03,6.33,8.3,,
5,coal,"Pittsburgh PA, US",2026-04-04,5.84,8.2,,
5,coal,"Pittsburgh PA, US",2026-04-05,2.01,4.6,,
5,coal,"Pittsburgh PA, US",2026-04-06,3.56,4.8,,
5,coal,"Pittsburgh PA, US",2026-04-07,2.32,2.9,53.0,0.053
5,coal,"Pittsburgh PA, US",2026-04-08,3.68,6.2,94.0,0.094
5,coal,"Pittsburgh PA, US",2026-04-09,8.43,14.3,154.0,0.154
5,coal,"Pittsburgh PA, US",2026-04-10,10.8,15.7,,
5,coal,"Pittsburgh PA, US",2026-04-11,4.23,9.9,43.0,0.043
5,coal,"Pittsburgh PA, US",2026-04-12,7.27,11.8,,
5,coal,"Pittsburgh PA, US",2026-04-13,7.61,10.6,,
5,coal,"Pittsburgh PA, US",2026-04-14,6.15,7.1,,
5,coal,"Pittsburgh PA, US",2026-04-15,7.28,9.0,,
5,coal,"Pittsburgh PA, US",2026-04-16,18.1,107.2,,
5,coal,"Pittsburgh PA, US",2026-04-17,4.55,7.0,84.0,0.084
5,coal,"Pittsburgh PA, US",2026-04-18,5.98,14.6,,
5,coal,"Pittsburgh PA, US",2026-04-19,3.96,7.6,,
5,coal,"Pittsburgh PA, US",2026-04-20,3.04,3.7,,
5,coal,"Pittsburgh PA, US",2026-04-21,4.65,7.1,164.0,0.164
5,coal,"Pittsburgh PA, US",2026-04-22,6.49,9.2,113.0,0.113
5,coal,"Pittsburgh PA, US",2026-04-23,5.13,6.7,298.0,0.298
5,coal,"Pittsburgh PA, US",2026-04-24,10.9,16.4,,
5,coal,"Pittsburgh PA, US",2026-04-25,7.58,15.3,,
5,coal,"Pittsburgh PA, US",2026-04-26,3.05,6.0,99.0,0.099
5,coal,"Pittsburgh PA, US",2026-04-27,2.79,3.6,,
5,coal,"Pittsburgh PA, US",2026-04-28,4.88,6.5,,
5,coal,"Pittsburgh PA, US",2026-04-29,5.41,8.4,,
5,coal,"Pittsburgh PA, US",2026-04-30,3.73,6.3,,
5,coal,"Pittsburgh PA, US",2026-05-01,4.71,12.1,,
6,coal,"Ostrava, CZ",2025-10-31,21.3,37.1,,
6,coal,"Ostrava, CZ",2025-11-01,15.1,31.9,37.0,0.037
6,coal,"Ostrava, CZ",2025-11-02,5.62,14.1,,
6,coal,"Ostrava, CZ",2025-11-03,13.2,32.4,,
6,coal,"Ostrava, CZ",2025-11-04,16.7,31.7,35.0,0.035
6,coal,"Ostrava, CZ",2025-11-05,34.4,53.2,,
6,coal,"Ostrava, CZ",2025-11-06,19.1,27.5,18.0,0.018
6,coal,"Ostrava, CZ",2025-11-07,47.1,67.9,3.0,0.003
6,coal,"Ostrava, CZ",2025-11-08,20.1,49.3,,
6,coal,"Ostrava, CZ",2025-11-09,13.2,23.4,,
6,coal,"Ostrava, CZ",2025-11-10,20.9,31.2,,
6,coal,"Ostrava, CZ",2025-11-11,19.5,24.7,,
6,coal,"Ostrava, CZ",2025-11-12,10.8,12.8,,
6,coal,"Ostrava, CZ",2025-11-13,10.2,14.7,,
6,coal,"Ostrava, CZ",2025-11-14,19.0,32.5,,
6,coal,"Ostrava, CZ",2025-11-15,22.2,41.2,,
6,coal,"Ostrava, CZ",2025-11-16,10.4,17.8,,
6,coal,"Ostrava, CZ",2025-11-17,8.17,18.8,,
6,coal,"Ostrava, CZ",2025-11-18,13.4,21.6,48.0,0.048
6,coal,"Ostrava, CZ",2025-11-19,21.2,32.9,,
6,coal,"Ostrava, CZ",2025-11-20,13.2,19.5,,
6,coal,"Ostrava, CZ",2025-11-21,17.1,21.7,,
6,coal,"Ostrava, CZ",2025-11-22,21.9,28.9,,
6,coal,"Ostrava, CZ",2025-11-23,15.0,21.9,,
6,coal,"Ostrava, CZ",2025-11-24,39.4,59.9,,
6,coal,"Ostrava, CZ",2025-11-25,13.8,17.7,,
6,coal,"Ostrava, CZ",2025-11-26,12.6,15.9,,
6,coal,"Ostrava, CZ",2025-11-27,27.5,39.6,,
6,coal,"Ostrava, CZ",2025-11-28,26.8,29.6,,
6,coal,"Ostrava, CZ",2025-11-29,17.1,18.7,,
6,coal,"Ostrava, CZ",2025-11-30,11.3,17.5,,
6,coal,"Ostrava, CZ",2025-12-01,24.2,37.8,,
6,coal,"Ostrava, CZ",2025-12-02,55.1,91.5,,
6,coal,"Ostrava, CZ",2025-12-03,72.7,98.7,,
6,coal,"Ostrava, CZ",2025-12-04,52.3,70.6,,
6,coal,"Ostrava, CZ",2025-12-05,38.9,75.1,,
6,coal,"Ostrava, CZ",2025-12-06,16.4,20.5,,
6,coal,"Ostrava, CZ",2025-12-07,14.4,20.4,,
6,coal,"Ostrava, CZ",2025-12-08,11.0,20.3,,
6,coal,"Ostrava, CZ",2025-12-09,14.0,23.4,,
6,coal,"Ostrava, CZ",2025-12-10,11.4,16.3,,
6,coal,"Ostrava, CZ",2025-12-11,15.6,19.8,,
6,coal,"Ostrava, CZ",2025-12-12,13.4,22.0,,
6,coal,"Ostrava, CZ",2025-12-13,9.93,14.0,,
6,coal,"Ostrava, CZ",2025-12-14,6.06,7.4,,
6,coal,"Ostrava, CZ",2025-12-15,9.0,14.1,,
6,coal,"Ostrava, CZ",2025-12-16,19.0,30.5,,
6,coal,"Ostrava, CZ",2025-12-17,25.1,31.4,,
6,coal,"Ostrava, CZ",2025-12-18,17.0,19.0,97.0,0.097
6,coal,"Ostrava, CZ",2025-12-19,15.2,24.7,,
6,coal,"Ostrava, CZ",2025-12-20,28.1,55.3,,
6,coal,"Ostrava, CZ",2025-12-21,27.8,58.2,,
6,coal,"Ostrava, CZ",2025-12-22,23.3,29.3,,
6,coal,"Ostrava, CZ",2025-12-23,9.73,14.1,,
6,coal,"Ostrava, CZ",2025-12-24,17.4,24.5,,
6,coal,"Ostrava, CZ",2025-12-25,38.0,56.4,,
6,coal,"Ostrava, CZ",2025-12-26,19.8,33.3,,
6,coal,"Ostrava, CZ",2025-12-27,6.32,10.6,,
6,coal,"Ostrava, CZ",2025-12-28,12.9,16.5,,
6,coal,"Ostrava, CZ",2025-12-29,7.53,18.8,,
6,coal,"Ostrava, CZ",2025-12-30,4.92,8.3,,
6,coal,"Ostrava, CZ",2025-12-31,9.19,18.6,,
6,coal,"Ostrava, CZ",2026-01-01,4.27,5.4,,
6,coal,"Ostrava, CZ",2026-01-02,4.68,5.9,,
6,coal,"Ostrava, CZ",2026-01-03,6.91,8.9,,
6,coal,"Ostrava, CZ",2026-01-04,28.1,87.2,,
6,coal,"Ostrava, CZ",2026-01-05,45.3,67.1,,
6,coal,"Ostrava, CZ",2026-01-06,53.6,53.9,,
6,coal,"Ostrava, CZ",2026-01-07,37.4,40.3,,
6,coal,"Ostrava, CZ",2026-01-08,54.4,62.9,,
6,coal,"Ostrava, CZ",2026-01-09,39.4,86.6,,
6,coal,"Ostrava, CZ",2026-01-10,7.87,28.5,,
6,coal,"Ostrava, CZ",2026-01-11,13.7,24.6,,
6,coal,"Ostrava, CZ",2026-01-12,16.3,26.1,,
6,coal,"Ostrava, CZ",2026-01-13,21.8,26.1,,
6,coal,"Ostrava, CZ",2026-01-14,32.3,42.2,,
6,coal,"Ostrava, CZ",2026-01-15,34.5,41.9,,
6,coal,"Ostrava, CZ",2026-01-16,38.2,51.6,,
6,coal,"Ostrava, CZ",2026-01-17,63.8,151.2,,
6,coal,"Ostrava, CZ",2026-01-18,44.1,142.3,,
6,coal,"Ostrava, CZ",2026-01-19,17.1,32.9,,
6,coal,"Ostrava, CZ",2026-01-20,22.8,56.7,,
6,coal,"Ostrava, CZ",2026-01-21,98.3,178.7,,
6,coal,"Ostrava, CZ",2026-01-22,132.0,211.3,,
6,coal,"Ostrava, CZ",2026-01-23,98.2,119.5,,
6,coal,"Ostrava, CZ",2026-01-24,67.6,87.2,,
6,coal,"Ostrava, CZ",2026-01-25,32.4,57.4,,
6,coal,"Ostrava, CZ",2026-01-26,23.3,49.4,,
6,coal,"Ostrava, CZ",2026-01-27,63.7,79.1,,
6,coal,"Ostrava, CZ",2026-01-28,33.4,54.6,,
6,coal,"Ostrava, CZ",2026-01-29,17.5,22.6,,
6,coal,"Ostrava, CZ",2026-01-30,26.8,29.6,,
6,coal,"Ostrava, CZ",2026-01-31,29.7,36.9,,
6,coal,"Ostrava, CZ",2026-02-01,38.0,43.4,,
6,coal,"Ostrava, CZ",2026-02-02,54.2,68.3,,
6,coal,"Ostrava, CZ",2026-02-03,71.0,83.8,,
6,coal,"Ostrava, CZ",2026-02-04,69.9,107.5,,
6,coal,"Ostrava, CZ",2026-02-05,74.1,107.6,,
6,coal,"Ostrava, CZ",2026-02-06,62.1,93.3,,
6,coal,"Ostrava, CZ",2026-02-07,33.7,47.5,,
6,coal,"Ostrava, CZ",2026-02-08,29.1,34.0,,
6,coal,"Ostrava, CZ",2026-02-09,29.8,61.2,,
6,coal,"Ostrava, CZ",2026-02-10,8.06,12.8,169.0,0.169
6,coal,"Ostrava, CZ",2026-02-11,6.23,12.0,,
6,coal,"Ostrava, CZ",2026-02-12,3.98,5.4,,
6,coal,"Ostrava, CZ",2026-02-13,22.1,29.7,,
6,coal,"Ostrava, CZ",2026-02-14,14.3,17.7,,
6,coal,"Ostrava, CZ",2026-02-15,30.3,44.9,,
6,coal,"Ostrava, CZ",2026-02-16,20.9,29.8,,
6,coal,"Ostrava, CZ",2026-02-17,17.0,33.4,,
6,coal,"Ostrava, CZ",2026-02-18,52.5,81.5,,
6,coal,"Ostrava, CZ",2026-02-19,29.3,55.0,,
6,coal,"Ostrava, CZ",2026-02-20,28.3,39.3,,
6,coal,"Ostrava, CZ",2026-02-21,17.2,29.6,,
6,coal,"Ostrava, CZ",2026-02-22,6.01,9.7,,
6,coal,"Ostrava, CZ",2026-02-23,5.02,10.6,,
6,coal,"Ostrava, CZ",2026-02-24,11.7,23.4,,
6,coal,"Ostrava, CZ",2026-02-25,23.6,36.1,,
6,coal,"Ostrava, CZ",2026-02-26,16.4,18.2,47.0,0.047
6,coal,"Ostrava, CZ",2026-02-27,17.5,20.1,112.0,0.112
6,coal,"Ostrava, CZ",2026-02-28,15.5,17.2,76.0,0.076
6,coal,"Ostrava, CZ",2026-03-01,17.5,28.6,,
6,coal,"Ostrava, CZ",2026-03-02,36.1,50.8,56.0,0.056
6,coal,"Ostrava, CZ",2026-03-03,33.5,37.1,66.5,0.0665
6,coal,"Ostrava, CZ",2026-03-04,25.2,45.3,,
6,coal,"Ostrava, CZ",2026-03-05,36.6,52.7,51.5,0.0515
6,coal,"Ostrava, CZ",2026-03-06,36.9,52.8,55.0,0.055
6,coal,"Ostrava, CZ",2026-03-07,43.7,77.0,113.0,0.113
6,coal,"Ostrava, CZ",2026-03-08,37.2,60.6,104.0,0.104
6,coal,"Ostrava, CZ",2026-03-09,16.7,21.1,94.5,0.0945
6,coal,"Ostrava, CZ",2026-03-10,22.4,28.4,,
6,coal,"Ostrava, CZ",2026-03-11,23.4,30.9,139.0,0.139
6,coal,"Ostrava, CZ",2026-03-12,21.4,45.8,,
6,coal,"Ostrava, CZ",2026-03-13,9.81,13.2,,
6,coal,"Ostrava, CZ",2026-03-14,15.1,22.3,45.0,0.045
6,coal,"Ostrava, CZ",2026-03-15,18.4,32.0,,
6,coal,"Ostrava, CZ",2026-03-16,16.5,33.7,,
6,coal,"Ostrava, CZ",2026-03-17,24.3,32.3,,
6,coal,"Ostrava, CZ",2026-03-18,37.8,48.5,161.33,0.1613
6,coal,"Ostrava, CZ",2026-03-19,39.8,61.3,149.5,0.1495
6,coal,"Ostrava, CZ",2026-03-20,21.5,26.1,,
6,coal,"Ostrava, CZ",2026-03-21,25.0,41.1,,
6,coal,"Ostrava, CZ",2026-03-22,29.9,43.3,247.0,0.247
6,coal,"Ostrava, CZ",2026-03-23,29.2,50.0,175.0,0.175
6,coal,"Ostrava, CZ",2026-03-24,25.1,39.6,,
6,coal,"Ostrava, CZ",2026-03-25,7.01,11.2,,
6,coal,"Ostrava, CZ",2026-03-26,9.71,13.1,,
6,coal,"Ostrava, CZ",2026-03-27,12.8,19.0,,
6,coal,"Ostrava, CZ",2026-03-28,13.0,14.8,,
6,coal,"Ostrava, CZ",2026-03-29,11.1,17.9,,
6,coal,"Ostrava, CZ",2026-03-30,12.6,17.4,,
6,coal,"Ostrava, CZ",2026-03-31,12.1,23.8,,
6,coal,"Ostrava, CZ",2026-04-01,17.6,27.4,,
6,coal,"Ostrava, CZ",2026-04-02,18.0,26.6,,
6,coal,"Ostrava, CZ",2026-04-03,14.5,28.1,89.0,0.089
6,coal,"Ostrava, CZ",2026-04-04,6.78,12.9,,
6,coal,"Ostrava, CZ",2026-04-05,3.41,4.8,,
6,coal,"Ostrava, CZ",2026-04-06,4.69,6.9,,
6,coal,"Ostrava, CZ",2026-04-07,6.86,9.9,1.0,0.001
6,coal,"Ostrava, CZ",2026-04-08,15.5,32.5,,
6,coal,"Ostrava, CZ",2026-04-09,29.0,42.4,,
6,coal,"Ostrava, CZ",2026-04-10,27.8,49.8,106.0,0.106
6,coal,"Ostrava, CZ",2026-04-11,37.0,66.0,303.0,0.303
6,coal,"Ostrava, CZ",2026-04-12,16.4,21.1,,
6,coal,"Ostrava, CZ",2026-04-13,16.8,22.7,,
6,coal,"Ostrava, CZ",2026-04-14,27.1,34.7,,
6,coal,"Ostrava, CZ",2026-04-15,30.8,43.7,,
6,coal,"Ostrava, CZ",2026-04-16,20.9,35.0,,
6,coal,"Ostrava, CZ",2026-04-17,15.4,23.8,,
6,coal,"Ostrava, CZ",2026-04-18,15.3,24.6,82.33,0.0823
6,coal,"Ostrava, CZ",2026-04-19,5.16,11.3,,
6,coal,"Ostrava, CZ",2026-04-20,11.6,16.8,,
6,coal,"Ostrava, CZ",2026-04-21,10.8,17.5,,
6,coal,"Ostrava, CZ",2026-04-22,9.04,16.2,46.0,0.046
6,coal,"Ostrava, CZ",2026-04-23,10.6,16.8,,
6,coal,"Ostrava, CZ",2026-04-24,13.0,20.5,,
6,coal,"Ostrava, CZ",2026-04-25,4.35,7.9,,
6,coal,"Ostrava, CZ",2026-04-26,8.25,14.9,,
6,coal,"Ostrava, CZ",2026-04-27,11.0,25.2,18.5,0.0185
6,coal,"Ostrava, CZ",2026-04-28,9.78,18.0,95.0,0.095
6,coal,"Ostrava, CZ",2026-04-29,12.7,20.2,109.0,0.109
6,coal,"Ostrava, CZ",2026-04-30,9.59,24.2,27.5,0.0275
7,coal,"Katowice (Silesia), PL",2025-10-31,46.4,114.75,,
7,coal,"Katowice (Silesia), PL",2025-11-01,35.6,49.26,39.0,0.039
7,coal,"Katowice (Silesia), PL",2025-11-02,29.9,87.35,,
7,coal,"Katowice (Silesia), PL",2025-11-03,29.5,63.61,,
7,coal,"Katowice (Silesia), PL",2025-11-04,52.8,101.38,14.0,0.014
7,coal,"Katowice (Silesia), PL",2025-11-05,69.9,120.14,,
7,coal,"Katowice (Silesia), PL",2025-11-06,57.8,103.11,44.5,0.0445
7,coal,"Katowice (Silesia), PL",2025-11-07,56.4,91.9,12.0,0.012
7,coal,"Katowice (Silesia), PL",2025-11-08,39.9,57.96,,
7,coal,"Katowice (Silesia), PL",2025-11-09,35.0,46.82,,
7,coal,"Katowice (Silesia), PL",2025-11-10,37.3,48.61,,
7,coal,"Katowice (Silesia), PL",2025-11-11,31.1,56.45,,
7,coal,"Katowice (Silesia), PL",2025-11-12,31.9,57.2,,
7,coal,"Katowice (Silesia), PL",2025-11-13,29.3,40.68,,
7,coal,"Katowice (Silesia), PL",2025-11-14,36.1,47.09,,
7,coal,"Katowice (Silesia), PL",2025-11-15,36.5,41.76,,
7,coal,"Katowice (Silesia), PL",2025-11-18,,,42.0,0.042
7,coal,"Katowice (Silesia), PL",2025-11-19,,,47.5,0.0475
7,coal,"Katowice (Silesia), PL",2025-11-20,28.3,52.63,,
7,coal,"Katowice (Silesia), PL",2025-11-21,30.7,38.93,,
7,coal,"Katowice (Silesia), PL",2025-11-22,44.9,85.23,,
7,coal,"Katowice (Silesia), PL",2025-11-23,39.9,71.21,,
7,coal,"Katowice (Silesia), PL",2025-11-24,48.5,63.04,,
7,coal,"Katowice (Silesia), PL",2025-11-25,37.8,58.78,,
7,coal,"Katowice (Silesia), PL",2025-11-26,40.1,74.07,,
7,coal,"Katowice (Silesia), PL",2025-11-27,64.3,146.19,,
7,coal,"Katowice (Silesia), PL",2025-11-28,53.4,67.38,,
7,coal,"Katowice (Silesia), PL",2025-11-29,44.2,54.24,,
7,coal,"Katowice (Silesia), PL",2025-11-30,66.7,95.27,,
7,coal,"Katowice (Silesia), PL",2025-12-01,41.9,70.51,,
7,coal,"Katowice (Silesia), PL",2025-12-02,62.3,113.51,,
7,coal,"Katowice (Silesia), PL",2025-12-03,67.5,94.77,,
7,coal,"Katowice (Silesia), PL",2025-12-04,70.1,140.23,,
7,coal,"Katowice (Silesia), PL",2025-12-05,82.0,142.07,,
7,coal,"Katowice (Silesia), PL",2025-12-06,44.8,55.75,,
7,coal,"Katowice (Silesia), PL",2025-12-07,54.9,155.49,,
7,coal,"Katowice (Silesia), PL",2025-12-08,23.2,43.96,,
7,coal,"Katowice (Silesia), PL",2025-12-09,40.0,56.82,,
7,coal,"Katowice (Silesia), PL",2025-12-10,49.3,65.0,,
7,coal,"Katowice (Silesia), PL",2025-12-11,47.5,54.59,,
7,coal,"Katowice (Silesia), PL",2025-12-12,47.4,67.01,,
7,coal,"Katowice (Silesia), PL",2025-12-13,41.0,53.13,,
7,coal,"Katowice (Silesia), PL",2025-12-14,30.4,47.04,,
7,coal,"Katowice (Silesia), PL",2025-12-15,54.3,88.37,,
7,coal,"Katowice (Silesia), PL",2025-12-16,61.8,106.11,,
7,coal,"Katowice (Silesia), PL",2025-12-17,60.0,94.51,,
7,coal,"Katowice (Silesia), PL",2025-12-18,95.7,188.83,82.0,0.082
7,coal,"Katowice (Silesia), PL",2025-12-19,51.3,87.15,,
7,coal,"Katowice (Silesia), PL",2025-12-20,71.0,104.12,,
7,coal,"Katowice (Silesia), PL",2025-12-21,40.9,51.89,,
7,coal,"Katowice (Silesia), PL",2025-12-22,35.2,48.42,,
7,coal,"Katowice (Silesia), PL",2025-12-23,13.7,26.32,,
7,coal,"Katowice (Silesia), PL",2025-12-24,24.3,47.18,,
7,coal,"Katowice (Silesia), PL",2025-12-25,63.4,75.33,,
7,coal,"Katowice (Silesia), PL",2025-12-26,45.2,70.71,,
7,coal,"Katowice (Silesia), PL",2025-12-27,22.4,36.92,,
7,coal,"Katowice (Silesia), PL",2025-12-28,32.5,50.8,,
7,coal,"Katowice (Silesia), PL",2025-12-29,12.6,29.87,,
7,coal,"Katowice (Silesia), PL",2025-12-30,13.8,40.23,,
7,coal,"Katowice (Silesia), PL",2025-12-31,22.3,64.23,,
7,coal,"Katowice (Silesia), PL",2026-01-01,3.5,8.63,,
7,coal,"Katowice (Silesia), PL",2026-01-02,3.17,10.72,,
7,coal,"Katowice (Silesia), PL",2026-01-03,5.33,13.77,,
7,coal,"Katowice (Silesia), PL",2026-01-04,53.2,89.11,,
7,coal,"Katowice (Silesia), PL",2026-01-05,87.0,124.03,,
7,coal,"Katowice (Silesia), PL",2026-01-06,57.0,133.64,,
7,coal,"Katowice (Silesia), PL",2026-01-07,58.2,76.16,,
7,coal,"Katowice (Silesia), PL",2026-01-08,83.8,156.87,,
7,coal,"Katowice (Silesia), PL",2026-01-09,57.0,121.64,,
7,coal,"Katowice (Silesia), PL",2026-01-10,18.6,39.25,,
7,coal,"Katowice (Silesia), PL",2026-01-11,28.7,76.9,,
7,coal,"Katowice (Silesia), PL",2026-01-12,66.2,90.15,,
7,coal,"Katowice (Silesia), PL",2026-01-13,66.3,89.45,,
7,coal,"Katowice (Silesia), PL",2026-01-14,72.0,113.73,,
7,coal,"Katowice (Silesia), PL",2026-01-15,70.4,95.89,,
7,coal,"Katowice (Silesia), PL",2026-01-16,74.9,116.42,,
7,coal,"Katowice (Silesia), PL",2026-01-17,84.1,131.23,,
7,coal,"Katowice (Silesia), PL",2026-01-18,108.0,139.1,,
7,coal,"Katowice (Silesia), PL",2026-01-19,120.0,207.98,,
7,coal,"Katowice (Silesia), PL",2026-01-20,125.0,239.23,,
7,coal,"Katowice (Silesia), PL",2026-01-21,189.0,266.73,,
7,coal,"Katowice (Silesia), PL",2026-01-22,99.9,143.7,,
7,coal,"Katowice (Silesia), PL",2026-01-23,72.3,90.79,,
7,coal,"Katowice (Silesia), PL",2026-01-24,68.9,84.39,,
7,coal,"Katowice (Silesia), PL",2026-01-25,55.5,69.25,,
7,coal,"Katowice (Silesia), PL",2026-01-26,81.6,154.44,,
7,coal,"Katowice (Silesia), PL",2026-01-27,86.1,114.12,,
7,coal,"Katowice (Silesia), PL",2026-01-28,46.5,61.53,,
7,coal,"Katowice (Silesia), PL",2026-01-29,36.1,47.7,,
7,coal,"Katowice (Silesia), PL",2026-01-30,35.6,44.4,,
7,coal,"Katowice (Silesia), PL",2026-01-31,23.9,34.6,,
7,coal,"Katowice (Silesia), PL",2026-02-01,39.4,48.63,,
7,coal,"Katowice (Silesia), PL",2026-02-02,58.1,76.02,,
7,coal,"Katowice (Silesia), PL",2026-02-03,81.7,101.63,,
7,coal,"Katowice (Silesia), PL",2026-02-04,65.4,77.15,,
7,coal,"Katowice (Silesia), PL",2026-02-05,65.2,106.37,,
7,coal,"Katowice (Silesia), PL",2026-02-06,113.0,164.85,,
7,coal,"Katowice (Silesia), PL",2026-02-07,54.2,64.22,,
7,coal,"Katowice (Silesia), PL",2026-02-08,46.8,57.66,,
7,coal,"Katowice (Silesia), PL",2026-02-09,40.1,51.4,,
7,coal,"Katowice (Silesia), PL",2026-02-10,46.1,145.33,,
7,coal,"Katowice (Silesia), PL",2026-02-11,9.56,35.77,,
7,coal,"Katowice (Silesia), PL",2026-02-12,17.2,46.4,,
7,coal,"Katowice (Silesia), PL",2026-02-13,41.0,52.32,,
7,coal,"Katowice (Silesia), PL",2026-02-14,33.2,43.31,,
7,coal,"Katowice (Silesia), PL",2026-02-15,44.5,73.09,,
7,coal,"Katowice (Silesia), PL",2026-02-16,67.6,94.96,,
7,coal,"Katowice (Silesia), PL",2026-02-17,57.4,80.03,,
7,coal,"Katowice (Silesia), PL",2026-02-18,58.7,73.43,,
7,coal,"Katowice (Silesia), PL",2026-02-19,39.9,60.06,,
7,coal,"Katowice (Silesia), PL",2026-02-20,49.7,68.35,,
7,coal,"Katowice (Silesia), PL",2026-02-21,29.8,55.35,,
7,coal,"Katowice (Silesia), PL",2026-02-22,22.2,52.4,,
7,coal,"Katowice (Silesia), PL",2026-02-23,15.0,43.4,,
7,coal,"Katowice (Silesia), PL",2026-02-24,37.4,95.6,,
7,coal,"Katowice (Silesia), PL",2026-02-25,49.9,93.2,,
7,coal,"Katowice (Silesia), PL",2026-02-26,42.2,87.7,40.0,0.04
7,coal,"Katowice (Silesia), PL",2026-02-27,50.2,132.2,123.0,0.123
7,coal,"Katowice (Silesia), PL",2026-02-28,29.7,54.1,79.0,0.079
7,coal,"Katowice (Silesia), PL",2026-03-01,35.1,82.5,,
7,coal,"Katowice (Silesia), PL",2026-03-02,59.6,140.3,87.0,0.087
7,coal,"Katowice (Silesia), PL",2026-03-03,74.7,165.1,33.33,0.0333
7,coal,"Katowice (Silesia), PL",2026-03-04,40.1,81.7,158.33,0.1583
7,coal,"Katowice (Silesia), PL",2026-03-05,50.3,113.1,48.5,0.0485
7,coal,"Katowice (Silesia), PL",2026-03-06,57.0,117.5,25.5,0.0255
7,coal,"Katowice (Silesia), PL",2026-03-07,54.5,99.7,73.0,0.073
7,coal,"Katowice (Silesia), PL",2026-03-08,38.6,99.2,,
7,coal,"Katowice (Silesia), PL",2026-03-09,41.6,100.3,102.33,0.1023
7,coal,"Katowice (Silesia), PL",2026-03-10,28.8,44.1,,
7,coal,"Katowice (Silesia), PL",2026-03-11,46.2,83.9,155.0,0.155
7,coal,"Katowice (Silesia), PL",2026-03-12,39.4,90.8,,
7,coal,"Katowice (Silesia), PL",2026-03-13,18.5,44.3,,
7,coal,"Katowice (Silesia), PL",2026-03-14,28.5,48.3,57.0,0.057
7,coal,"Katowice (Silesia), PL",2026-03-15,41.2,63.8,168.0,0.168
7,coal,"Katowice (Silesia), PL",2026-03-16,40.2,51.7,,
7,coal,"Katowice (Silesia), PL",2026-03-17,36.8,57.1,,
7,coal,"Katowice (Silesia), PL",2026-03-18,52.4,78.7,163.0,0.163
7,coal,"Katowice (Silesia), PL",2026-03-19,55.2,109.9,,
7,coal,"Katowice (Silesia), PL",2026-03-20,28.0,53.2,,
7,coal,"Katowice (Silesia), PL",2026-03-21,36.0,48.3,84.33,0.0843
7,coal,"Katowice (Silesia), PL",2026-03-22,38.8,58.2,,
7,coal,"Katowice (Silesia), PL",2026-03-23,51.4,79.7,142.0,0.142
7,coal,"Katowice (Silesia), PL",2026-03-24,49.8,110.8,,
7,coal,"Katowice (Silesia), PL",2026-03-25,17.9,49.1,,
7,coal,"Katowice (Silesia), PL",2026-03-26,7.32,23.5,,
7,coal,"Katowice (Silesia), PL",2026-03-27,35.1,54.8,,
7,coal,"Katowice (Silesia), PL",2026-03-28,40.4,46.9,,
7,coal,"Katowice (Silesia), PL",2026-03-29,29.0,44.7,,
7,coal,"Katowice (Silesia), PL",2026-03-30,33.3,50.3,,
7,coal,"Katowice (Silesia), PL",2026-03-31,12.3,35.9,,
7,coal,"Katowice (Silesia), PL",2026-04-01,18.6,46.4,,
7,coal,"Katowice (Silesia), PL",2026-04-02,38.5,56.7,,
7,coal,"Katowice (Silesia), PL",2026-04-03,34.6,60.1,,
7,coal,"Katowice (Silesia), PL",2026-04-04,13.8,37.5,171.0,0.171
7,coal,"Katowice (Silesia), PL",2026-04-05,1.02,5.1,53.0,0.053
7,coal,"Katowice (Silesia), PL",2026-04-06,3.82,20.7,,
7,coal,"Katowice (Silesia), PL",2026-04-07,17.2,50.5,17.0,0.017
7,coal,"Katowice (Silesia), PL",2026-04-08,40.2,68.4,,
7,coal,"Katowice (Silesia), PL",2026-04-09,50.8,103.0,,
7,coal,"Katowice (Silesia), PL",2026-04-10,53.5,75.0,,
7,coal,"Katowice (Silesia), PL",2026-04-11,37.5,75.3,,
7,coal,"Katowice (Silesia), PL",2026-04-12,11.0,21.2,,
7,coal,"Katowice (Silesia), PL",2026-04-13,13.9,39.0,,
7,coal,"Katowice (Silesia), PL",2026-04-14,55.6,73.2,,
7,coal,"Katowice (Silesia), PL",2026-04-15,49.2,79.3,,
7,coal,"Katowice (Silesia), PL",2026-04-16,38.6,69.5,,
7,coal,"Katowice (Silesia), PL",2026-04-17,21.9,53.7,274.0,0.274
7,coal,"Katowice (Silesia), PL",2026-04-18,36.1,60.0,100.5,0.1005
7,coal,"Katowice (Silesia), PL",2026-04-19,11.3,52.5,,
7,coal,"Katowice (Silesia), PL",2026-04-20,15.1,38.1,,
7,coal,"Katowice (Silesia), PL",2026-04-21,15.4,35.5,,
7,coal,"Katowice (Silesia), PL",2026-04-22,9.28,23.5,,
7,coal,"Katowice (Silesia), PL",2026-04-23,16.4,34.2,32.0,0.032
7,coal,"Katowice (Silesia), PL",2026-04-24,18.5,41.8,,
7,coal,"Katowice (Silesia), PL",2026-04-25,1.81,6.5,,
7,coal,"Katowice (Silesia), PL",2026-04-26,7.32,33.9,,
7,coal,"Katowice (Silesia), PL",2026-04-27,8.28,38.5,13.0,0.013
7,coal,"Katowice (Silesia), PL",2026-04-28,13.1,42.3,74.67,0.0747
7,coal,"Katowice (Silesia), PL",2026-04-29,22.0,74.8,,
7,coal,"Katowice (Silesia), PL",2026-04-30,15.2,42.6,55.0,0.055
8,coal,"Nagpur (Koradi), IN",2025-10-31,40.2,55.64,,
8,coal,"Nagpur (Koradi), IN",2025-11-01,38.3,69.71,336.0,0.336
8,coal,"Nagpur (Koradi), IN",2025-11-02,31.7,44.66,,
8,coal,"Nagpur (Koradi), IN",2025-11-03,30.3,61.37,,
8,coal,"Nagpur (Koradi), IN",2025-11-04,15.4,61.17,,
8,coal,"Nagpur (Koradi), IN",2025-11-05,46.4,56.55,,
8,coal,"Nagpur (Koradi), IN",2025-11-06,51.2,63.13,673.0,0.673
8,coal,"Nagpur (Koradi), IN",2025-11-07,69.1,81.04,,
8,coal,"Nagpur (Koradi), IN",2025-11-08,77.3,90.89,599.0,0.599
8,coal,"Nagpur (Koradi), IN",2025-11-09,79.4,94.94,360.0,0.36
8,coal,"Nagpur (Koradi), IN",2025-11-10,83.0,119.06,434.0,0.434
8,coal,"Nagpur (Koradi), IN",2025-11-11,91.7,129.76,529.0,0.529
8,coal,"Nagpur (Koradi), IN",2025-11-12,98.7,132.42,,
8,coal,"Nagpur (Koradi), IN",2025-11-13,81.9,117.44,606.5,0.6065
8,coal,"Nagpur (Koradi), IN",2025-11-14,87.2,155.34,484.0,0.484
8,coal,"Nagpur (Koradi), IN",2025-11-15,79.9,113.64,508.5,0.5085
8,coal,"Nagpur (Koradi), IN",2025-11-16,86.3,124.91,623.0,0.623
8,coal,"Nagpur (Koradi), IN",2025-11-17,93.7,140.27,407.0,0.407
8,coal,"Nagpur (Koradi), IN",2025-11-18,106.0,135.58,651.0,0.651
8,coal,"Nagpur (Koradi), IN",2025-11-19,110.0,170.71,766.0,0.766
8,coal,"Nagpur (Koradi), IN",2025-11-20,97.4,173.46,993.5,0.9935
8,coal,"Nagpur (Koradi), IN",2025-11-21,68.5,105.37,664.0,0.664
8,coal,"Nagpur (Koradi), IN",2025-11-22,81.8,128.14,518.0,0.518
8,coal,"Nagpur (Koradi), IN",2025-11-23,89.7,116.26,953.5,0.9535
8,coal,"Nagpur (Koradi), IN",2025-11-24,98.3,112.05,1293.5,1.2935
8,coal,"Nagpur (Koradi), IN",2025-11-25,92.6,118.98,,
8,coal,"Nagpur (Koradi), IN",2025-11-26,85.7,104.69,1787.0,1.787
8,coal,"Nagpur (Koradi), IN",2025-11-27,52.4,70.53,,
8,coal,"Nagpur (Koradi), IN",2025-11-28,73.2,106.62,536.0,0.536
8,coal,"Nagpur (Koradi), IN",2025-11-29,72.7,95.6,525.0,0.525
8,coal,"Nagpur (Koradi), IN",2025-11-30,87.8,165.07,,
8,coal,"Nagpur (Koradi), IN",2025-12-01,67.3,145.72,738.5,0.7385
8,coal,"Nagpur (Koradi), IN",2025-12-02,70.2,110.85,675.0,0.675
8,coal,"Nagpur (Koradi), IN",2025-12-03,55.7,114.02,794.5,0.7945
8,coal,"Nagpur (Koradi), IN",2025-12-04,61.6,73.62,300.5,0.3005
8,coal,"Nagpur (Koradi), IN",2025-12-05,63.2,119.59,,
8,coal,"Nagpur (Koradi), IN",2025-12-06,82.7,177.77,,
8,coal,"Nagpur (Koradi), IN",2025-12-07,67.8,121.66,,
8,coal,"Nagpur (Koradi), IN",2025-12-08,61.2,104.95,192.0,0.192
8,coal,"Nagpur (Koradi), IN",2025-12-09,54.2,88.36,193.0,0.193
8,coal,"Nagpur (Koradi), IN",2025-12-10,73.7,127.78,77.0,0.077
8,coal,"Nagpur (Koradi), IN",2025-12-11,59.6,112.98,221.5,0.2215
8,coal,"Nagpur (Koradi), IN",2025-12-12,76.3,106.76,233.0,0.233
8,coal,"Nagpur (Koradi), IN",2025-12-13,67.5,82.08,339.0,0.339
8,coal,"Nagpur (Koradi), IN",2025-12-14,108.0,190.93,229.0,0.229
8,coal,"Nagpur (Koradi), IN",2025-12-15,116.0,203.63,760.5,0.7605
8,coal,"Nagpur (Koradi), IN",2025-12-16,86.7,171.16,623.5,0.6235
8,coal,"Nagpur (Koradi), IN",2025-12-17,53.8,110.83,242.0,0.242
8,coal,"Nagpur (Koradi), IN",2025-12-18,48.3,65.0,239.0,0.239
8,coal,"Nagpur (Koradi), IN",2025-12-19,66.8,96.71,146.0,0.146
8,coal,"Nagpur (Koradi), IN",2025-12-20,93.1,192.67,328.5,0.3285
8,coal,"Nagpur (Koradi), IN",2025-12-21,69.1,107.57,,
8,coal,"Nagpur (Koradi), IN",2025-12-22,59.2,74.96,257.0,0.257
8,coal,"Nagpur (Koradi), IN",2025-12-23,54.9,99.41,224.5,0.2245
8,coal,"Nagpur (Koradi), IN",2025-12-24,67.2,87.85,156.0,0.156
8,coal,"Nagpur (Koradi), IN",2025-12-25,83.8,111.23,373.5,0.3735
8,coal,"Nagpur (Koradi), IN",2025-12-26,74.3,98.06,388.5,0.3885
8,coal,"Nagpur (Koradi), IN",2025-12-27,85.4,146.04,400.0,0.4
8,coal,"Nagpur (Koradi), IN",2025-12-28,76.0,168.54,327.5,0.3275
8,coal,"Nagpur (Koradi), IN",2025-12-29,66.1,105.03,216.0,0.216
8,coal,"Nagpur (Koradi), IN",2025-12-30,84.8,124.28,335.0,0.335
8,coal,"Nagpur (Koradi), IN",2025-12-31,101.0,133.7,,
8,coal,"Nagpur (Koradi), IN",2026-01-01,101.0,135.72,1284.0,1.284
8,coal,"Nagpur (Koradi), IN",2026-01-02,89.4,116.11,,
8,coal,"Nagpur (Koradi), IN",2026-01-03,76.8,95.52,1496.0,1.496
8,coal,"Nagpur (Koradi), IN",2026-01-04,52.3,62.53,1613.0,1.613
8,coal,"Nagpur (Koradi), IN",2026-01-05,63.6,128.06,,
8,coal,"Nagpur (Koradi), IN",2026-01-06,71.7,109.73,216.0,0.216
8,coal,"Nagpur (Koradi), IN",2026-01-07,80.4,116.31,478.5,0.4785
8,coal,"Nagpur (Koradi), IN",2026-01-08,79.2,129.5,448.0,0.448
8,coal,"Nagpur (Koradi), IN",2026-01-09,73.4,106.11,444.0,0.444
8,coal,"Nagpur (Koradi), IN",2026-01-10,,,324.5,0.3245
8,coal,"Nagpur (Koradi), IN",2026-01-11,,,452.0,0.452
8,coal,"Nagpur (Koradi), IN",2026-01-12,,,480.5,0.4805
8,coal,"Nagpur (Koradi), IN",2026-01-13,,,446.5,0.4465
8,coal,"Nagpur (Koradi), IN",2026-01-14,,,1268.0,1.268
8,coal,"Nagpur (Koradi), IN",2026-01-15,,,489.0,0.489
8,coal,"Nagpur (Koradi), IN",2026-01-16,,,324.0,0.324
8,coal,"Nagpur (Koradi), IN",2026-01-17,,,368.5,0.3685
8,coal,"Nagpur (Koradi), IN",2026-01-18,,,328.0,0.328
8,coal,"Nagpur (Koradi), IN",2026-01-19,99.6,111.78,885.0,0.885
8,coal,"Nagpur (Koradi), IN",2026-01-20,89.0,122.79,1173.0,1.173
8,coal,"Nagpur (Koradi), IN",2026-01-21,76.5,114.48,1491.0,1.491
8,coal,"Nagpur (Koradi), IN",2026-01-22,83.0,102.55,1247.5,1.2475
8,coal,"Nagpur (Koradi), IN",2026-01-23,93.8,120.04,1362.0,1.362
8,coal,"Nagpur (Koradi), IN",2026-01-24,46.1,104.43,1502.0,1.502
8,coal,"Nagpur (Koradi), IN",2026-01-25,87.9,126.31,830.5,0.8305
8,coal,"Nagpur (Koradi), IN",2026-01-26,95.8,117.57,927.0,0.927
8,coal,"Nagpur (Koradi), IN",2026-01-27,91.8,109.53,1347.0,1.347
8,coal,"Nagpur (Koradi), IN",2026-01-28,68.8,91.99,,
8,coal,"Nagpur (Koradi), IN",2026-01-29,66.7,93.87,,
8,coal,"Nagpur (Koradi), IN",2026-01-30,80.2,119.28,733.0,0.733
8,coal,"Nagpur (Koradi), IN",2026-01-31,67.1,138.75,,
8,coal,"Nagpur (Koradi), IN",2026-02-01,72.0,125.33,,
8,coal,"Nagpur (Koradi), IN",2026-02-02,89.4,136.32,669.0,0.669
8,coal,"Nagpur (Koradi), IN",2026-02-03,69.9,90.32,1545.0,1.545
8,coal,"Nagpur (Koradi), IN",2026-02-04,83.2,113.49,892.5,0.8925
8,coal,"Nagpur (Koradi), IN",2026-02-05,70.7,97.19,,
8,coal,"Nagpur (Koradi), IN",2026-02-06,64.2,80.91,1021.5,1.0215
8,coal,"Nagpur (Koradi), IN",2026-02-07,68.8,71.43,463.0,0.463
8,coal,"Nagpur (Koradi), IN",2026-02-08,71.7,89.67,713.5,0.7135
8,coal,"Nagpur (Koradi), IN",2026-02-09,87.7,114.23,502.5,0.5025
8,coal,"Nagpur (Koradi), IN",2026-02-10,90.2,119.17,,
8,coal,"Nagpur (Koradi), IN",2026-02-11,99.2,124.96,698.0,0.698
8,coal,"Nagpur (Koradi), IN",2026-02-12,94.5,120.44,790.5,0.7905
8,coal,"Nagpur (Koradi), IN",2026-02-13,93.9,112.56,1695.5,1.6955
8,coal,"Nagpur (Koradi), IN",2026-02-14,72.2,95.7,1284.5,1.2845
8,coal,"Nagpur (Koradi), IN",2026-02-15,63.2,82.7,364.0,0.364
8,coal,"Nagpur (Koradi), IN",2026-02-16,55.0,123.9,458.5,0.4585
8,coal,"Nagpur (Koradi), IN",2026-02-17,62.3,94.98,392.5,0.3925
8,coal,"Nagpur (Koradi), IN",2026-02-18,89.5,127.6,484.0,0.484
8,coal,"Nagpur (Koradi), IN",2026-02-19,101.0,129.97,706.0,0.706
8,coal,"Nagpur (Koradi), IN",2026-02-20,107.0,170.96,,
8,coal,"Nagpur (Koradi), IN",2026-02-21,110.0,152.8,1658.0,1.658
8,coal,"Nagpur (Koradi), IN",2026-02-22,70.1,98.81,,
8,coal,"Nagpur (Koradi), IN",2026-02-23,61.2,92.04,,
8,coal,"Nagpur (Koradi), IN",2026-02-24,72.7,108.44,954.0,0.954
8,coal,"Nagpur (Koradi), IN",2026-02-25,79.5,113.46,,
8,coal,"Nagpur (Koradi), IN",2026-02-26,76.1,100.85,819.0,0.819
8,coal,"Nagpur (Koradi), IN",2026-02-27,73.5,86.98,,
8,coal,"Nagpur (Koradi), IN",2026-02-28,49.9,76.93,,
8,coal,"Nagpur (Koradi), IN",2026-03-01,65.8,188.95,373.0,0.373
8,coal,"Nagpur (Koradi), IN",2026-03-02,79.9,154.93,331.0,0.331
8,coal,"Nagpur (Koradi), IN",2026-03-03,60.1,85.88,399.0,0.399
8,coal,"Nagpur (Koradi), IN",2026-03-04,50.4,97.98,249.5,0.2495
8,coal,"Nagpur (Koradi), IN",2026-03-05,46.1,78.06,287.0,0.287
8,coal,"Nagpur (Koradi), IN",2026-03-06,61.2,81.41,289.0,0.289
8,coal,"Nagpur (Koradi), IN",2026-03-07,63.9,95.97,258.0,0.258
8,coal,"Nagpur (Koradi), IN",2026-03-08,58.5,100.08,354.0,0.354
8,coal,"Nagpur (Koradi), IN",2026-03-09,45.3,63.0,234.5,0.2345
8,coal,"Nagpur (Koradi), IN",2026-03-10,72.3,104.72,360.5,0.3605
8,coal,"Nagpur (Koradi), IN",2026-03-11,60.6,76.73,458.5,0.4585
8,coal,"Nagpur (Koradi), IN",2026-03-12,81.2,129.98,338.0,0.338
8,coal,"Nagpur (Koradi), IN",2026-03-13,84.4,119.41,447.0,0.447
8,coal,"Nagpur (Koradi), IN",2026-03-14,61.1,68.4,613.0,0.613
8,coal,"Nagpur (Koradi), IN",2026-03-15,57.5,70.74,651.0,0.651
8,coal,"Nagpur (Koradi), IN",2026-03-16,51.3,64.98,655.0,0.655
8,coal,"Nagpur (Koradi), IN",2026-03-17,34.7,57.71,,
8,coal,"Nagpur (Koradi), IN",2026-03-18,46.1,62.06,,
8,coal,"Nagpur (Koradi), IN",2026-03-19,39.1,59.04,,
8,coal,"Nagpur (Koradi), IN",2026-03-20,28.4,38.87,,
8,coal,"Nagpur (Koradi), IN",2026-03-21,31.7,46.71,334.0,0.334
8,coal,"Nagpur (Koradi), IN",2026-03-22,52.1,65.68,399.0,0.399
8,coal,"Nagpur (Koradi), IN",2026-03-23,65.6,100.37,381.0,0.381
8,coal,"Nagpur (Koradi), IN",2026-03-24,60.9,93.27,609.0,0.609
8,coal,"Nagpur (Koradi), IN",2026-03-25,67.0,87.5,397.0,0.397
8,coal,"Nagpur (Koradi), IN",2026-03-26,57.2,88.32,613.0,0.613
8,coal,"Nagpur (Koradi), IN",2026-03-27,37.8,54.78,,
8,coal,"Nagpur (Koradi), IN",2026-03-28,12.9,45.72,359.0,0.359
8,coal,"Nagpur (Koradi), IN",2026-03-29,18.2,65.04,326.0,0.326
8,coal,"Nagpur (Koradi), IN",2026-03-30,32.3,56.48,624.0,0.624
8,coal,"Nagpur (Koradi), IN",2026-03-31,51.3,70.25,,
8,coal,"Nagpur (Koradi), IN",2026-04-01,50.8,74.42,,
8,coal,"Nagpur (Koradi), IN",2026-04-02,56.8,74.9,,
8,coal,"Nagpur (Koradi), IN",2026-04-03,39.3,108.69,573.0,0.573
8,coal,"Nagpur (Koradi), IN",2026-04-04,56.5,87.94,,
8,coal,"Nagpur (Koradi), IN",2026-04-05,44.0,63.96,,
8,coal,"Nagpur (Koradi), IN",2026-04-06,42.9,58.03,,
8,coal,"Nagpur (Koradi), IN",2026-04-07,43.0,53.89,,
8,coal,"Nagpur (Koradi), IN",2026-04-08,45.5,55.51,411.0,0.411
8,coal,"Nagpur (Koradi), IN",2026-04-09,51.2,80.12,,
8,coal,"Nagpur (Koradi), IN",2026-04-10,60.5,144.94,419.5,0.4195
8,coal,"Nagpur (Koradi), IN",2026-04-11,92.5,186.3,359.0,0.359
8,coal,"Nagpur (Koradi), IN",2026-04-12,69.2,133.0,528.5,0.5285
8,coal,"Nagpur (Koradi), IN",2026-04-13,75.2,92.36,447.0,0.447
8,coal,"Nagpur (Koradi), IN",2026-04-14,56.2,81.47,620.0,0.62
8,coal,"Nagpur (Koradi), IN",2026-04-15,51.1,65.27,376.0,0.376
8,coal,"Nagpur (Koradi), IN",2026-04-16,60.0,81.96,432.0,0.432
8,coal,"Nagpur (Koradi), IN",2026-04-17,58.9,71.71,,
8,coal,"Nagpur (Koradi), IN",2026-04-18,63.1,81.29,,
8,coal,"Nagpur (Koradi), IN",2026-04-19,53.7,88.44,,
8,coal,"Nagpur (Koradi), IN",2026-04-20,58.4,95.41,,
8,coal,"Nagpur (Koradi), IN",2026-04-21,62.9,102.3,624.0,0.624
8,coal,"Nagpur (Koradi), IN",2026-04-22,64.8,83.1,,
8,coal,"Nagpur (Koradi), IN",2026-04-23,70.6,86.17,552.0,0.552
8,coal,"Nagpur (Koradi), IN",2026-04-24,71.0,83.35,482.0,0.482
8,coal,"Nagpur (Koradi), IN",2026-04-25,71.2,97.37,592.0,0.592
8,coal,"Nagpur (Koradi), IN",2026-04-26,70.1,86.45,,
8,coal,"Nagpur (Koradi), IN",2026-04-27,71.6,267.61,796.5,0.7965
8,coal,"Nagpur (Koradi), IN",2026-04-28,50.0,80.58,546.5,0.5465
8,coal,"Nagpur (Koradi), IN",2026-04-29,36.7,53.82,514.0,0.514
8,coal,"Nagpur (Koradi), IN",2026-04-30,40.6,50.84,492.0,0.492
9,coal,"Korba, IN",2025-10-31,39.6,45.0,,
9,coal,"Korba, IN",2025-11-01,39.5,43.59,,
9,coal,"Korba, IN",2025-11-02,39.6,42.25,,
9,coal,"Korba, IN",2025-11-03,39.4,39.71,692.5,0.6925
9,coal,"Korba, IN",2025-11-04,39.6,43.65,222.0,0.222
9,coal,"Korba, IN",2025-11-05,39.5,43.56,608.5,0.6085
9,coal,"Korba, IN",2025-11-06,39.5,43.62,593.0,0.593
9,coal,"Korba, IN",2025-11-07,39.6,43.64,444.0,0.444
9,coal,"Korba, IN",2025-11-08,39.5,43.55,356.5,0.3565
9,coal,"Korba, IN",2025-11-09,35.3,43.57,494.0,0.494
9,coal,"Korba, IN",2025-11-10,29.5,33.61,596.5,0.5965
9,coal,"Korba, IN",2025-11-11,29.6,33.7,424.0,0.424
9,coal,"Korba, IN",2025-11-12,29.6,33.59,511.0,0.511
9,coal,"Korba, IN",2025-11-13,29.5,32.07,550.0,0.55
9,coal,"Korba, IN",2025-11-14,29.6,35.06,322.0,0.322
9,coal,"Korba, IN",2025-11-15,29.6,33.62,583.5,0.5835
9,coal,"Korba, IN",2025-11-16,29.5,33.58,513.0,0.513
9,coal,"Korba, IN",2025-11-17,29.6,33.27,522.5,0.5225
9,coal,"Korba, IN",2025-11-18,29.5,33.68,443.0,0.443
9,coal,"Korba, IN",2025-11-19,29.5,33.5,556.5,0.5565
9,coal,"Korba, IN",2025-11-20,29.5,33.66,554.0,0.554
9,coal,"Korba, IN",2025-11-21,30.4,45.96,623.5,0.6235
9,coal,"Korba, IN",2025-11-22,30.5,46.11,714.0,0.714
9,coal,"Korba, IN",2025-11-23,30.6,45.92,720.0,0.72
9,coal,"Korba, IN",2025-11-24,30.4,45.72,952.5,0.9525
9,coal,"Korba, IN",2025-11-25,30.4,46.2,784.0,0.784
9,coal,"Korba, IN",2025-11-26,30.4,45.7,1024.0,1.024
9,coal,"Korba, IN",2025-11-27,30.4,45.97,536.0,0.536
9,coal,"Korba, IN",2025-11-28,30.4,46.12,532.5,0.5325
9,coal,"Korba, IN",2025-11-29,30.4,46.19,330.5,0.3305
9,coal,"Korba, IN",2025-11-30,30.4,46.05,469.0,0.469
9,coal,"Korba, IN",2025-12-01,30.4,45.89,,
9,coal,"Korba, IN",2025-12-02,30.4,46.18,,
9,coal,"Korba, IN",2025-12-03,30.5,45.75,483.5,0.4835
9,coal,"Korba, IN",2025-12-04,30.4,45.92,328.5,0.3285
9,coal,"Korba, IN",2025-12-05,30.4,45.94,536.5,0.5365
9,coal,"Korba, IN",2025-12-06,30.4,46.13,379.5,0.3795
9,coal,"Korba, IN",2025-12-07,30.5,46.02,355.0,0.355
9,coal,"Korba, IN",2025-12-08,30.4,45.81,247.5,0.2475
9,coal,"Korba, IN",2025-12-09,30.7,52.22,268.0,0.268
9,coal,"Korba, IN",2025-12-10,30.5,46.16,313.0,0.313
9,coal,"Korba, IN",2025-12-11,30.6,45.97,213.0,0.213
9,coal,"Korba, IN",2025-12-12,30.4,46.02,227.5,0.2275
9,coal,"Korba, IN",2025-12-13,31.0,45.94,291.5,0.2915
9,coal,"Korba, IN",2025-12-14,40.0,44.52,858.0,0.858
9,coal,"Korba, IN",2025-12-15,43.9,49.96,,
9,coal,"Korba, IN",2025-12-16,37.5,42.0,584.0,0.584
9,coal,"Korba, IN",2025-12-17,31.0,38.19,395.5,0.3955
9,coal,"Korba, IN",2025-12-18,47.5,70.13,409.5,0.4095
9,coal,"Korba, IN",2025-12-19,62.9,105.81,664.0,0.664
9,coal,"Korba, IN",2025-12-20,45.8,68.95,263.0,0.263
9,coal,"Korba, IN",2025-12-21,65.8,101.92,317.0,0.317
9,coal,"Korba, IN",2025-12-22,61.5,91.97,594.0,0.594
9,coal,"Korba, IN",2025-12-23,33.0,52.21,395.0,0.395
9,coal,"Korba, IN",2025-12-24,38.4,56.37,402.0,0.402
9,coal,"Korba, IN",2025-12-25,40.1,61.5,343.5,0.3435
9,coal,"Korba, IN",2025-12-26,50.1,59.37,320.5,0.3205
9,coal,"Korba, IN",2025-12-27,41.7,47.84,569.5,0.5695
9,coal,"Korba, IN",2025-12-28,57.6,80.12,397.0,0.397
9,coal,"Korba, IN",2025-12-29,44.4,71.02,247.0,0.247
9,coal,"Korba, IN",2025-12-30,38.8,73.83,275.0,0.275
9,coal,"Korba, IN",2025-12-31,46.7,58.83,269.0,0.269
9,coal,"Korba, IN",2026-01-01,47.6,72.18,716.0,0.716
9,coal,"Korba, IN",2026-01-02,31.6,39.34,,
9,coal,"Korba, IN",2026-01-03,37.7,50.03,,
9,coal,"Korba, IN",2026-01-04,34.9,48.11,688.0,0.688
9,coal,"Korba, IN",2026-01-05,38.2,84.78,202.0,0.202
9,coal,"Korba, IN",2026-01-06,35.6,60.34,435.0,0.435
9,coal,"Korba, IN",2026-01-07,27.5,53.63,288.0,0.288
9,coal,"Korba, IN",2026-01-08,35.7,59.99,169.0,0.169
9,coal,"Korba, IN",2026-01-09,32.4,40.67,463.0,0.463
9,coal,"Korba, IN",2026-01-10,,,267.5,0.2675
9,coal,"Korba, IN",2026-01-11,,,382.5,0.3825
9,coal,"Korba, IN",2026-01-12,,,342.5,0.3425
9,coal,"Korba, IN",2026-01-13,,,388.0,0.388
9,coal,"Korba, IN",2026-01-14,,,564.5,0.5645
9,coal,"Korba, IN",2026-01-15,,,307.0,0.307
9,coal,"Korba, IN",2026-01-16,,,283.5,0.2835
9,coal,"Korba, IN",2026-01-17,,,162.5,0.1625
9,coal,"Korba, IN",2026-01-18,,,271.0,0.271
9,coal,"Korba, IN",2026-01-19,40.6,44.26,476.5,0.4765
9,coal,"Korba, IN",2026-01-20,47.6,75.04,888.0,0.888
9,coal,"Korba, IN",2026-01-21,30.4,48.62,659.0,0.659
9,coal,"Korba, IN",2026-01-22,20.5,37.87,343.0,0.343
9,coal,"Korba, IN",2026-01-23,33.4,51.03,433.0,0.433
9,coal,"Korba, IN",2026-01-24,33.6,39.61,1101.0,1.101
9,coal,"Korba, IN",2026-01-25,32.0,56.08,1070.0,1.07
9,coal,"Korba, IN",2026-01-26,45.3,67.23,,
9,coal,"Korba, IN",2026-01-27,46.8,55.48,1185.0,1.185
9,coal,"Korba, IN",2026-01-28,43.5,50.72,,
9,coal,"Korba, IN",2026-01-29,30.0,41.57,2255.0,2.255
9,coal,"Korba, IN",2026-01-30,22.6,31.01,,
9,coal,"Korba, IN",2026-01-31,19.6,26.77,,
9,coal,"Korba, IN",2026-02-01,15.1,24.9,571.0,0.571
9,coal,"Korba, IN",2026-02-02,8.97,16.22,,
9,coal,"Korba, IN",2026-02-03,48.8,59.32,958.0,0.958
9,coal,"Korba, IN",2026-02-04,57.4,72.81,,
9,coal,"Korba, IN",2026-02-05,31.8,54.59,900.0,0.9
9,coal,"Korba, IN",2026-02-06,19.0,30.24,372.5,0.3725
9,coal,"Korba, IN",2026-02-07,15.1,16.86,,
9,coal,"Korba, IN",2026-02-08,31.0,56.24,274.5,0.2745
9,coal,"Korba, IN",2026-02-09,25.3,51.71,280.0,0.28
9,coal,"Korba, IN",2026-02-10,39.2,59.93,330.5,0.3305
9,coal,"Korba, IN",2026-02-11,46.5,62.67,583.5,0.5835
9,coal,"Korba, IN",2026-02-12,59.7,192.17,634.0,0.634
9,coal,"Korba, IN",2026-02-13,35.6,76.22,573.0,0.573
9,coal,"Korba, IN",2026-02-14,18.4,87.88,574.0,0.574
9,coal,"Korba, IN",2026-02-15,12.0,24.34,354.5,0.3545
9,coal,"Korba, IN",2026-02-16,15.0,24.22,227.5,0.2275
9,coal,"Korba, IN",2026-02-17,26.8,60.38,306.0,0.306
9,coal,"Korba, IN",2026-02-18,21.6,28.64,391.5,0.3915
9,coal,"Korba, IN",2026-02-19,27.0,32.2,,
9,coal,"Korba, IN",2026-02-20,26.0,26.0,,
9,coal,"Korba, IN",2026-02-21,26.0,26.0,898.0,0.898
9,coal,"Korba, IN",2026-02-22,16.1,30.37,936.0,0.936
9,coal,"Korba, IN",2026-02-23,11.5,32.85,1206.0,1.206
9,coal,"Korba, IN",2026-02-24,24.7,36.13,,
9,coal,"Korba, IN",2026-02-25,23.9,35.66,510.0,0.51
9,coal,"Korba, IN",2026-02-26,22.9,32.16,423.0,0.423
9,coal,"Korba, IN",2026-02-27,21.1,43.0,624.0,0.624
9,coal,"Korba, IN",2026-02-28,34.8,53.76,797.0,0.797
9,coal,"Korba, IN",2026-03-01,20.6,32.23,,
9,coal,"Korba, IN",2026-03-02,28.4,52.27,345.5,0.3455
9,coal,"Korba, IN",2026-03-03,19.3,35.3,431.0,0.431
9,coal,"Korba, IN",2026-03-04,13.9,18.87,322.0,0.322
9,coal,"Korba, IN",2026-03-05,20.9,35.23,395.0,0.395
9,coal,"Korba, IN",2026-03-06,34.9,44.62,464.0,0.464
9,coal,"Korba, IN",2026-03-07,48.3,60.58,767.0,0.767
9,coal,"Korba, IN",2026-03-08,46.1,59.94,1070.0,1.07
9,coal,"Korba, IN",2026-03-09,39.6,48.46,740.0,0.74
9,coal,"Korba, IN",2026-03-10,46.4,72.04,966.0,0.966
9,coal,"Korba, IN",2026-03-11,42.8,100.55,535.0,0.535
9,coal,"Korba, IN",2026-03-12,79.1,115.32,404.0,0.404
9,coal,"Korba, IN",2026-03-13,80.0,93.62,540.5,0.5405
9,coal,"Korba, IN",2026-03-14,,,704.0,0.704
9,coal,"Korba, IN",2026-03-15,40.5,45.73,1254.0,1.254
9,coal,"Korba, IN",2026-03-16,39.2,40.06,809.0,0.809
9,coal,"Korba, IN",2026-03-17,24.8,41.38,,
9,coal,"Korba, IN",2026-03-18,22.9,35.16,,
9,coal,"Korba, IN",2026-03-19,28.4,41.3,,
9,coal,"Korba, IN",2026-03-20,12.3,21.94,,
9,coal,"Korba, IN",2026-03-21,12.4,24.47,394.5,0.3945
9,coal,"Korba, IN",2026-03-22,26.2,40.16,344.0,0.344
9,coal,"Korba, IN",2026-03-23,38.0,49.05,,
9,coal,"Korba, IN",2026-03-24,36.8,51.29,,
9,coal,"Korba, IN",2026-03-25,27.3,45.51,,
9,coal,"Korba, IN",2026-03-26,76.0,554.48,494.5,0.4945
9,coal,"Korba, IN",2026-03-27,94.9,474.87,,
9,coal,"Korba, IN",2026-03-28,25.9,44.66,431.0,0.431
9,coal,"Korba, IN",2026-03-29,15.9,23.58,539.0,0.539
9,coal,"Korba, IN",2026-03-30,12.5,22.52,604.0,0.604
9,coal,"Korba, IN",2026-03-31,15.3,22.93,,
9,coal,"Korba, IN",2026-04-01,17.2,22.17,457.0,0.457
9,coal,"Korba, IN",2026-04-02,14.4,22.12,778.0,0.778
9,coal,"Korba, IN",2026-04-03,15.6,33.7,534.0,0.534
9,coal,"Korba, IN",2026-04-04,6.61,9.73,,
9,coal,"Korba, IN",2026-04-05,7.88,14.44,495.0,0.495
9,coal,"Korba, IN",2026-04-06,8.8,13.4,,
9,coal,"Korba, IN",2026-04-07,8.4,11.87,602.0,0.602
9,coal,"Korba, IN",2026-04-08,5.47,7.33,,
9,coal,"Korba, IN",2026-04-09,9.98,18.16,697.0,0.697
9,coal,"Korba, IN",2026-04-10,15.6,20.75,361.0,0.361
9,coal,"Korba, IN",2026-04-11,22.4,29.4,332.0,0.332
9,coal,"Korba, IN",2026-04-12,25.2,35.07,460.5,0.4605
9,coal,"Korba, IN",2026-04-13,17.9,21.91,478.5,0.4785
9,coal,"Korba, IN",2026-04-14,27.9,32.79,572.0,0.572
9,coal,"Korba, IN",2026-04-15,28.3,37.86,757.0,0.757
9,coal,"Korba, IN",2026-04-16,23.2,33.77,710.0,0.71
9,coal,"Korba, IN",2026-04-17,13.8,21.21,579.0,0.579
9,coal,"Korba, IN",2026-04-18,26.5,33.36,,
9,coal,"Korba, IN",2026-04-19,19.9,26.36,1021.0,1.021
9,coal,"Korba, IN",2026-04-20,17.5,25.77,,
9,coal,"Korba, IN",2026-04-21,23.0,49.11,570.0,0.57
9,coal,"Korba, IN",2026-04-22,18.9,33.44,767.0,0.767
9,coal,"Korba, IN",2026-04-23,23.6,35.93,,
9,coal,"Korba, IN",2026-04-24,23.9,30.74,562.0,0.562
9,coal,"Korba, IN",2026-04-25,24.2,31.46,764.0,0.764
9,coal,"Korba, IN",2026-04-26,24.7,38.65,653.0,0.653
9,coal,"Korba, IN",2026-04-27,15.8,24.22,962.0,0.962
9,coal,"Korba, IN",2026-04-28,17.4,25.47,,
9,coal,"Korba, IN",2026-04-29,12.4,24.16,478.0,0.478
9,coal,"Korba, IN",2026-04-30,9.28,11.38,616.0,0.616
10,biomass,"Chico CA, US",2025-11-01,9.99,15.17,62.0,0.062
10,biomass,"Chico CA, US",2025-11-02,9.18,12.0,27.5,0.0275
10,biomass,"Chico CA, US",2025-11-03,9.53,19.64,90.0,0.09
10,biomass,"Chico CA, US",2025-11-04,5.26,11.94,,
10,biomass,"Chico CA, US",2025-11-05,3.6,6.36,,
10,biomass,"Chico CA, US",2025-11-06,5.09,7.54,,
10,biomass,"Chico CA, US",2025-11-07,4.9,6.06,,
10,biomass,"Chico CA, US",2025-11-08,7.81,16.27,24.5,0.0245
10,biomass,"Chico CA, US",2025-11-09,9.82,17.25,93.0,0.093
10,biomass,"Chico CA, US",2025-11-10,9.93,15.64,29.0,0.029
10,biomass,"Chico CA, US",2025-11-11,14.1,20.45,,
10,biomass,"Chico CA, US",2025-11-12,11.2,18.71,,
10,biomass,"Chico CA, US",2025-11-13,6.36,7.7,,
10,biomass,"Chico CA, US",2025-11-14,7.12,14.0,,
10,biomass,"Chico CA, US",2025-11-15,5.14,10.21,13.5,0.0135
10,biomass,"Chico CA, US",2025-11-16,2.64,3.89,,
10,biomass,"Chico CA, US",2025-11-17,3.37,7.77,,
10,biomass,"Chico CA, US",2025-11-18,8.12,18.34,49.0,0.049
10,biomass,"Chico CA, US",2025-11-19,9.4,17.85,,
10,biomass,"Chico CA, US",2025-11-20,10.5,23.02,,
10,biomass,"Chico CA, US",2025-11-21,7.83,22.66,57.5,0.0575
10,biomass,"Chico CA, US",2025-11-22,11.4,19.81,34.5,0.0345
10,biomass,"Chico CA, US",2025-11-23,20.1,33.01,,
10,biomass,"Chico CA, US",2025-11-24,20.5,36.7,,
10,biomass,"Chico CA, US",2025-11-25,16.7,29.25,,
10,biomass,"Chico CA, US",2025-11-26,19.7,34.73,,
10,biomass,"Chico CA, US",2025-11-27,17.1,25.25,,
10,biomass,"Chico CA, US",2025-11-28,11.4,16.06,,
10,biomass,"Chico CA, US",2025-11-29,11.1,20.08,,
10,biomass,"Chico CA, US",2025-11-30,11.4,16.95,,
10,biomass,"Chico CA, US",2025-12-01,19.3,45.64,59.0,0.059
10,biomass,"Chico CA, US",2025-12-02,25.6,41.4,,
10,biomass,"Chico CA, US",2025-12-03,17.1,35.83,24.0,0.024
10,biomass,"Chico CA, US",2025-12-04,23.8,26.16,,
10,biomass,"Chico CA, US",2025-12-05,19.8,30.13,,
10,biomass,"Chico CA, US",2025-12-06,18.9,26.14,,
10,biomass,"Chico CA, US",2025-12-07,12.7,19.41,,
10,biomass,"Chico CA, US",2025-12-08,12.1,18.28,,
10,biomass,"Chico CA, US",2025-12-09,11.0,21.68,,
10,biomass,"Chico CA, US",2025-12-10,13.2,20.62,,
10,biomass,"Chico CA, US",2025-12-11,11.1,20.08,,
10,biomass,"Chico CA, US",2025-12-12,13.1,29.06,,
10,biomass,"Chico CA, US",2025-12-13,14.9,26.54,,
10,biomass,"Chico CA, US",2025-12-14,14.2,21.95,,
10,biomass,"Chico CA, US",2025-12-15,19.1,28.88,,
10,biomass,"Chico CA, US",2025-12-16,11.9,22.05,,
10,biomass,"Chico CA, US",2025-12-17,14.2,21.03,,
10,biomass,"Chico CA, US",2025-12-18,15.0,21.49,,
10,biomass,"Chico CA, US",2025-12-19,6.75,16.09,,
10,biomass,"Chico CA, US",2025-12-20,13.9,24.73,,
10,biomass,"Chico CA, US",2025-12-21,16.7,21.39,,
10,biomass,"Chico CA, US",2025-12-23,5.61,6.77,,
10,biomass,"Chico CA, US",2025-12-24,3.06,5.22,,
10,biomass,"Chico CA, US",2025-12-25,2.55,3.43,,
10,biomass,"Chico CA, US",2025-12-26,3.11,4.18,,
10,biomass,"Chico CA, US",2025-12-27,5.76,12.17,72.0,0.072
10,biomass,"Chico CA, US",2025-12-28,16.2,45.53,,
10,biomass,"Chico CA, US",2025-12-29,20.8,43.22,63.5,0.0635
10,biomass,"Chico CA, US",2025-12-30,18.2,23.97,,
10,biomass,"Chico CA, US",2025-12-31,24.5,30.75,,
10,biomass,"Chico CA, US",2026-01-01,10.5,26.73,,
10,biomass,"Chico CA, US",2026-01-02,3.12,5.44,,
10,biomass,"Chico CA, US",2026-01-03,2.71,3.29,,
10,biomass,"Chico CA, US",2026-01-04,2.5,3.9,,
10,biomass,"Chico CA, US",2026-01-05,2.78,5.03,,
10,biomass,"Chico CA, US",2026-01-06,7.63,20.29,,
10,biomass,"Chico CA, US",2026-01-07,8.39,21.36,,
10,biomass,"Chico CA, US",2026-01-08,4.24,10.62,49.5,0.0495
10,biomass,"Chico CA, US",2026-01-09,9.32,22.11,45.5,0.0455
10,biomass,"Chico CA, US",2026-01-10,17.7,40.76,,
10,biomass,"Chico CA, US",2026-01-11,29.5,55.69,57.0,0.057
10,biomass,"Chico CA, US",2026-01-12,23.1,41.87,64.0,0.064
10,biomass,"Chico CA, US",2026-01-13,29.3,55.89,78.0,0.078
10,biomass,"Chico CA, US",2026-01-14,29.4,69.0,66.0,0.066
10,biomass,"Chico CA, US",2026-01-15,22.5,64.89,47.0,0.047
10,biomass,"Chico CA, US",2026-01-16,23.7,47.43,31.5,0.0315
10,biomass,"Chico CA, US",2026-01-17,27.2,39.24,98.0,0.098
10,biomass,"Chico CA, US",2026-01-18,24.3,55.24,26.0,0.026
10,biomass,"Chico CA, US",2026-01-19,28.8,43.42,,
10,biomass,"Chico CA, US",2026-01-20,20.1,39.27,,
10,biomass,"Chico CA, US",2026-01-21,28.6,39.26,,
10,biomass,"Chico CA, US",2026-01-22,27.9,42.56,100.0,0.1
10,biomass,"Chico CA, US",2026-01-23,22.1,35.19,116.0,0.116
10,biomass,"Chico CA, US",2026-01-24,14.0,49.0,25.5,0.0255
10,biomass,"Chico CA, US",2026-01-25,31.4,60.16,,
10,biomass,"Chico CA, US",2026-01-26,25.9,38.55,,
10,biomass,"Chico CA, US",2026-01-27,22.1,28.08,115.0,0.115
10,biomass,"Chico CA, US",2026-01-28,13.0,26.49,17.0,0.017
10,biomass,"Chico CA, US",2026-01-29,14.6,32.19,81.0,0.081
10,biomass,"Chico CA, US",2026-01-30,20.2,39.35,,
10,biomass,"Chico CA, US",2026-01-31,24.2,39.52,,
10,biomass,"Chico CA, US",2026-02-01,18.4,38.89,,
10,biomass,"Chico CA, US",2026-02-02,15.0,25.68,27.5,0.0275
10,biomass,"Chico CA, US",2026-02-03,15.0,24.29,,
10,biomass,"Chico CA, US",2026-02-04,18.5,29.85,63.5,0.0635
10,biomass,"Chico CA, US",2026-02-05,20.3,28.46,45.5,0.0455
10,biomass,"Chico CA, US",2026-02-06,17.7,39.33,81.0,0.081
10,biomass,"Chico CA, US",2026-02-07,20.6,28.09,,
10,biomass,"Chico CA, US",2026-02-08,13.5,32.38,,
10,biomass,"Chico CA, US",2026-02-09,4.17,6.49,24.0,0.024
10,biomass,"Chico CA, US",2026-02-10,12.9,21.55,,
10,biomass,"Chico CA, US",2026-02-11,3.47,6.96,,
10,biomass,"Chico CA, US",2026-02-12,6.36,22.83,34.0,0.034
10,biomass,"Chico CA, US",2026-02-13,10.1,22.14,,
10,biomass,"Chico CA, US",2026-02-14,15.5,25.51,,
10,biomass,"Chico CA, US",2026-02-15,6.43,19.76,,
10,biomass,"Chico CA, US",2026-02-16,3.46,9.32,,
10,biomass,"Chico CA, US",2026-02-17,3.61,6.28,,
10,biomass,"Chico CA, US",2026-02-18,3.85,6.9,,
10,biomass,"Chico CA, US",2026-02-19,5.78,20.57,,
10,biomass,"Chico CA, US",2026-02-20,12.3,35.74,,
10,biomass,"Chico CA, US",2026-02-21,14.4,36.4,,
10,biomass,"Chico CA, US",2026-02-22,5.22,7.61,,
10,biomass,"Chico CA, US",2026-02-23,7.96,16.9,,
10,biomass,"Chico CA, US",2026-02-24,2.84,4.46,,
10,biomass,"Chico CA, US",2026-02-25,6.73,19.84,,
10,biomass,"Chico CA, US",2026-02-26,6.7,12.01,,
10,biomass,"Chico CA, US",2026-02-27,5.52,10.46,,
10,biomass,"Chico CA, US",2026-02-28,6.04,11.25,,
10,biomass,"Chico CA, US",2026-03-01,5.31,10.62,,
10,biomass,"Chico CA, US",2026-03-02,5.03,14.82,57.0,0.057
10,biomass,"Chico CA, US",2026-03-03,6.57,9.29,43.5,0.0435
10,biomass,"Chico CA, US",2026-03-04,4.13,6.05,61.0,0.061
10,biomass,"Chico CA, US",2026-03-05,3.8,5.05,20.0,0.02
10,biomass,"Chico CA, US",2026-03-06,4.4,8.38,77.0,0.077
10,biomass,"Chico CA, US",2026-03-07,5.17,12.91,24.0,0.024
10,biomass,"Chico CA, US",2026-03-08,6.28,10.37,54.0,0.054
10,biomass,"Chico CA, US",2026-03-09,6.56,9.06,32.5,0.0325
10,biomass,"Chico CA, US",2026-03-10,6.38,10.2,30.0,0.03
10,biomass,"Chico CA, US",2026-03-11,5.68,9.22,,
10,biomass,"Chico CA, US",2026-03-12,6.38,11.43,46.5,0.0465
10,biomass,"Chico CA, US",2026-03-13,7.06,18.18,,
10,biomass,"Chico CA, US",2026-03-14,4.6,8.25,87.0,0.087
10,biomass,"Chico CA, US",2026-03-15,4.51,5.53,35.5,0.0355
10,biomass,"Chico CA, US",2026-03-16,5.76,10.53,,
10,biomass,"Chico CA, US",2026-03-17,7.52,9.81,65.0,0.065
10,biomass,"Chico CA, US",2026-03-18,9.19,11.99,51.33,0.0513
10,biomass,"Chico CA, US",2026-03-19,8.93,11.65,100.0,0.1
10,biomass,"Chico CA, US",2026-03-20,9.25,12.36,26.0,0.026
10,biomass,"Chico CA, US",2026-03-21,7.9,11.94,32.0,0.032
10,biomass,"Chico CA, US",2026-03-22,4.57,6.13,,
10,biomass,"Chico CA, US",2026-03-23,6.37,7.79,,
10,biomass,"Chico CA, US",2026-03-24,6.38,9.64,62.0,0.062
10,biomass,"Chico CA, US",2026-03-25,6.29,8.46,17.0,0.017
10,biomass,"Chico CA, US",2026-03-26,4.29,7.3,104.5,0.1045
10,biomass,"Chico CA, US",2026-03-27,5.71,24.94,,
10,biomass,"Chico CA, US",2026-03-28,6.24,10.21,,
10,biomass,"Chico CA, US",2026-03-29,11.1,13.7,96.0,0.096
10,biomass,"Chico CA, US",2026-03-30,13.5,16.75,,
10,biomass,"Chico CA, US",2026-03-31,7.97,12.12,,
10,biomass,"Chico CA, US",2026-04-01,5.26,7.94,,
10,biomass,"Chico CA, US",2026-04-02,3.89,5.72,47.0,0.047
10,biomass,"Chico CA, US",2026-04-03,4.12,7.16,60.5,0.0605
10,biomass,"Chico CA, US",2026-04-04,4.26,5.71,59.5,0.0595
10,biomass,"Chico CA, US",2026-04-05,4.65,6.33,27.0,0.027
10,biomass,"Chico CA, US",2026-04-06,5.3,8.03,107.5,0.1075
10,biomass,"Chico CA, US",2026-04-07,7.72,8.72,95.0,0.095
10,biomass,"Chico CA, US",2026-04-08,6.22,8.05,135.0,0.135
10,biomass,"Chico CA, US",2026-04-09,4.88,6.35,,
10,biomass,"Chico CA, US",2026-04-10,3.64,5.48,,
10,biomass,"Chico CA, US",2026-04-11,2.9,3.17,,
10,biomass,"Chico CA, US",2026-04-12,3.12,3.53,,
10,biomass,"Chico CA, US",2026-04-13,3.98,5.37,117.0,0.117
10,biomass,"Chico CA, US",2026-04-14,4.18,5.23,56.0,0.056
10,biomass,"Chico CA, US",2026-04-15,4.38,4.88,,
10,biomass,"Chico CA, US",2026-04-16,4.25,4.7,77.0,0.077
10,biomass,"Chico CA, US",2026-04-17,4.68,7.09,39.0,0.039
10,biomass,"Chico CA, US",2026-04-18,5.06,7.02,110.0,0.11
10,biomass,"Chico CA, US",2026-04-19,5.34,9.11,87.0,0.087
10,biomass,"Chico CA, US",2026-04-20,4.57,4.88,,
10,biomass,"Chico CA, US",2026-04-21,2.53,3.11,,
10,biomass,"Chico CA, US",2026-04-22,2.94,3.68,181.0,0.181
10,biomass,"Chico CA, US",2026-04-23,3.74,4.31,161.0,0.161
10,biomass,"Chico CA, US",2026-04-24,4.36,5.42,,
10,biomass,"Chico CA, US",2026-04-25,6.18,7.04,,
10,biomass,"Chico CA, US",2026-04-26,5.97,6.8,,
10,biomass,"Chico CA, US",2026-04-27,6.8,8.11,126.0,0.126
10,biomass,"Chico CA, US",2026-04-28,6.19,8.15,114.5,0.1145
10,biomass,"Chico CA, US",2026-04-29,5.52,7.39,61.0,0.061
10,biomass,"Chico CA, US",2026-04-30,6.0,8.54,125.5,0.1255
10,biomass,"Chico CA, US",2026-05-01,7.0,9.94,,
11,biomass,"Manaus (Amazon), BR",2025-11-01,12.4,24.01,,
11,biomass,"Manaus (Amazon), BR",2025-11-02,21.6,28.66,,
11,biomass,"Manaus (Amazon), BR",2025-11-03,7.43,19.73,,
11,biomass,"Manaus (Amazon), BR",2025-11-04,4.11,14.28,,
11,biomass,"Manaus (Amazon), BR",2025-11-05,9.04,23.01,,
11,biomass,"Manaus (Amazon), BR",2025-11-06,6.45,12.88,,
11,biomass,"Manaus (Amazon), BR",2025-11-07,3.92,8.25,,
11,biomass,"Manaus (Amazon), BR",2025-11-08,5.81,19.11,,
11,biomass,"Manaus (Amazon), BR",2025-11-09,10.5,22.6,,
11,biomass,"Manaus (Amazon), BR",2025-11-10,12.2,21.66,,
11,biomass,"Manaus (Amazon), BR",2025-11-11,7.09,17.2,,
11,biomass,"Manaus (Amazon), BR",2025-11-12,13.1,22.56,,
11,biomass,"Manaus (Amazon), BR",2025-11-13,2.86,6.07,,
11,biomass,"Manaus (Amazon), BR",2025-11-14,13.5,26.89,,
11,biomass,"Manaus (Amazon), BR",2025-11-15,24.8,32.53,,
11,biomass,"Manaus (Amazon), BR",2025-11-16,27.3,41.82,,
11,biomass,"Manaus (Amazon), BR",2025-11-17,19.6,30.57,,
11,biomass,"Manaus (Amazon), BR",2025-11-18,15.4,24.45,,
11,biomass,"Manaus (Amazon), BR",2025-11-19,14.3,34.49,,
11,biomass,"Manaus (Amazon), BR",2025-11-20,12.9,33.23,,
11,biomass,"Manaus (Amazon), BR",2025-11-21,6.0,13.21,,
11,biomass,"Manaus (Amazon), BR",2025-11-22,3.64,11.92,,
11,biomass,"Manaus (Amazon), BR",2025-11-23,4.55,13.71,,
11,biomass,"Manaus (Amazon), BR",2025-11-24,4.34,10.77,,
11,biomass,"Manaus (Amazon), BR",2025-11-25,4.88,9.52,,
11,biomass,"Manaus (Amazon), BR",2025-11-26,7.5,22.4,,
11,biomass,"Manaus (Amazon), BR",2025-11-27,5.07,10.59,,
11,biomass,"Manaus (Amazon), BR",2025-11-28,6.52,20.51,,
11,biomass,"Manaus (Amazon), BR",2025-11-29,3.07,6.62,,
11,biomass,"Manaus (Amazon), BR",2025-11-30,1.67,6.58,,
11,biomass,"Manaus (Amazon), BR",2025-12-01,2.22,5.47,,
11,biomass,"Manaus (Amazon), BR",2025-12-02,5.63,8.54,,
11,biomass,"Manaus (Amazon), BR",2025-12-03,5.74,19.43,,
11,biomass,"Manaus (Amazon), BR",2025-12-04,0.75,6.87,,
11,biomass,"Manaus (Amazon), BR",2025-12-05,3.89,12.71,,
11,biomass,"Manaus (Amazon), BR",2025-12-06,11.4,22.03,262.0,0.262
11,biomass,"Manaus (Amazon), BR",2025-12-07,11.5,19.74,232.0,0.232
11,biomass,"Manaus (Amazon), BR",2025-12-08,0.38,2.86,,
11,biomass,"Manaus (Amazon), BR",2025-12-09,9.71,19.71,,
11,biomass,"Manaus (Amazon), BR",2025-12-10,15.5,31.38,154.0,0.154
11,biomass,"Manaus (Amazon), BR",2025-12-11,15.0,25.9,,
11,biomass,"Manaus (Amazon), BR",2025-12-12,4.92,21.44,195.0,0.195
11,biomass,"Manaus (Amazon), BR",2025-12-13,2.1,10.48,,
11,biomass,"Manaus (Amazon), BR",2025-12-14,1.88,8.95,,
11,biomass,"Manaus (Amazon), BR",2025-12-15,1.46,4.39,,
11,biomass,"Manaus (Amazon), BR",2025-12-16,5.76,32.99,,
11,biomass,"Manaus (Amazon), BR",2025-12-17,2.53,15.97,,
11,biomass,"Manaus (Amazon), BR",2025-12-18,0.43,2.89,,
11,biomass,"Manaus (Amazon), BR",2025-12-19,1.02,7.66,,
11,biomass,"Manaus (Amazon), BR",2025-12-20,1.04,6.64,,
11,biomass,"Manaus (Amazon), BR",2025-12-21,0.72,4.47,,
11,biomass,"Manaus (Amazon), BR",2025-12-22,1.66,6.01,149.0,0.149
11,biomass,"Manaus (Amazon), BR",2025-12-23,1.27,4.14,,
11,biomass,"Manaus (Amazon), BR",2025-12-24,2.27,23.92,,
11,biomass,"Manaus (Amazon), BR",2025-12-25,8.61,46.22,,
11,biomass,"Manaus (Amazon), BR",2025-12-26,0.2,2.25,52.0,0.052
11,biomass,"Manaus (Amazon), BR",2025-12-27,1.63,6.4,,
11,biomass,"Manaus (Amazon), BR",2025-12-28,5.29,16.88,,
11,biomass,"Manaus (Amazon), BR",2025-12-29,1.66,4.0,,
11,biomass,"Manaus (Amazon), BR",2025-12-30,0.25,2.39,,
11,biomass,"Manaus (Amazon), BR",2025-12-31,4.14,36.73,,
11,biomass,"Manaus (Amazon), BR",2026-01-01,11.3,79.92,124.0,0.124
11,biomass,"Manaus (Amazon), BR",2026-01-02,5.24,22.03,,
11,biomass,"Manaus (Amazon), BR",2026-01-03,9.54,22.03,,
11,biomass,"Manaus (Amazon), BR",2026-01-04,3.41,15.13,,
11,biomass,"Manaus (Amazon), BR",2026-01-05,0.63,2.86,,
11,biomass,"Manaus (Amazon), BR",2026-01-06,1.55,7.25,,
11,biomass,"Manaus (Amazon), BR",2026-01-07,2.9,6.53,,
11,biomass,"Manaus (Amazon), BR",2026-01-08,3.39,6.73,,
11,biomass,"Manaus (Amazon), BR",2026-01-09,3.86,8.49,,
11,biomass,"Manaus (Amazon), BR",2026-01-10,7.67,19.36,221.0,0.221
11,biomass,"Manaus (Amazon), BR",2026-01-11,3.6,22.73,,
11,biomass,"Manaus (Amazon), BR",2026-01-12,2.56,8.43,,
11,biomass,"Manaus (Amazon), BR",2026-01-13,2.86,6.14,,
11,biomass,"Manaus (Amazon), BR",2026-01-14,2.91,11.03,,
11,biomass,"Manaus (Amazon), BR",2026-01-15,3.26,7.18,,
11,biomass,"Manaus (Amazon), BR",2026-01-16,4.8,10.93,,
11,biomass,"Manaus (Amazon), BR",2026-01-17,1.01,3.61,,
11,biomass,"Manaus (Amazon), BR",2026-01-18,0.49,1.82,,
11,biomass,"Manaus (Amazon), BR",2026-01-19,0.28,0.27,,
11,biomass,"Manaus (Amazon), BR",2026-01-20,2.28,2.28,,
11,biomass,"Manaus (Amazon), BR",2026-01-28,0.81,1.1,,
11,biomass,"Manaus (Amazon), BR",2026-02-02,10.9,11.25,,
11,biomass,"Manaus (Amazon), BR",2026-02-03,1.99,4.69,,
11,biomass,"Manaus (Amazon), BR",2026-02-04,2.24,8.51,,
11,biomass,"Manaus (Amazon), BR",2026-02-05,1.69,7.67,,
11,biomass,"Manaus (Amazon), BR",2026-02-06,2.47,18.55,,
11,biomass,"Manaus (Amazon), BR",2026-02-07,0.84,4.83,,
11,biomass,"Manaus (Amazon), BR",2026-02-08,0.56,4.72,0.0,0.0
11,biomass,"Manaus (Amazon), BR",2026-02-09,0.48,4.8,,
11,biomass,"Manaus (Amazon), BR",2026-02-10,0.32,2.56,,
11,biomass,"Manaus (Amazon), BR",2026-02-11,0.83,5.97,,
11,biomass,"Manaus (Amazon), BR",2026-02-12,0.9,4.48,,
11,biomass,"Manaus (Amazon), BR",2026-02-13,0.07,0.29,,
11,biomass,"Manaus (Amazon), BR",2026-02-14,0.77,5.96,,
11,biomass,"Manaus (Amazon), BR",2026-02-15,1.82,9.77,,
11,biomass,"Manaus (Amazon), BR",2026-02-16,0.89,8.16,,
11,biomass,"Manaus (Amazon), BR",2026-02-17,0.97,10.47,,
11,biomass,"Manaus (Amazon), BR",2026-02-18,0.51,4.03,,
11,biomass,"Manaus (Amazon), BR",2026-02-19,1.21,8.92,,
11,biomass,"Manaus (Amazon), BR",2026-02-20,1.39,4.04,,
11,biomass,"Manaus (Amazon), BR",2026-02-21,0.44,2.79,,
11,biomass,"Manaus (Amazon), BR",2026-02-22,2.55,28.57,,
11,biomass,"Manaus (Amazon), BR",2026-02-23,7.04,22.93,,
11,biomass,"Manaus (Amazon), BR",2026-02-24,7.82,12.73,,
11,biomass,"Manaus (Amazon), BR",2026-02-25,6.93,13.2,,
11,biomass,"Manaus (Amazon), BR",2026-02-26,2.7,10.4,,
11,biomass,"Manaus (Amazon), BR",2026-02-27,2.97,6.7,,
11,biomass,"Manaus (Amazon), BR",2026-02-28,6.38,19.1,,
11,biomass,"Manaus (Amazon), BR",2026-03-01,4.65,9.3,239.0,0.239
11,biomass,"Manaus (Amazon), BR",2026-03-02,3.38,19.8,48.0,0.048
11,biomass,"Manaus (Amazon), BR",2026-03-03,1.65,5.0,,
11,biomass,"Manaus (Amazon), BR",2026-03-04,2.27,11.6,132.0,0.132
11,biomass,"Manaus (Amazon), BR",2026-03-05,2.43,13.9,,
11,biomass,"Manaus (Amazon), BR",2026-03-06,0.93,6.3,,
11,biomass,"Manaus (Amazon), BR",2026-03-07,0.69,7.3,,
11,biomass,"Manaus (Amazon), BR",2026-03-08,0.71,4.2,,
11,biomass,"Manaus (Amazon), BR",2026-03-09,0.05,0.6,,
11,biomass,"Manaus (Amazon), BR",2026-03-10,0.05,0.4,,
11,biomass,"Manaus (Amazon), BR",2026-03-11,1.03,7.1,,
11,biomass,"Manaus (Amazon), BR",2026-03-12,0.27,3.0,,
11,biomass,"Manaus (Amazon), BR",2026-03-13,3.15,21.6,,
11,biomass,"Manaus (Amazon), BR",2026-03-14,0.09,1.1,,
11,biomass,"Manaus (Amazon), BR",2026-03-16,0.4,1.1,,
11,biomass,"Manaus (Amazon), BR",2026-03-17,0.69,3.8,,
11,biomass,"Manaus (Amazon), BR",2026-03-18,1.09,9.6,,
11,biomass,"Manaus (Amazon), BR",2026-03-19,0.26,2.7,,
11,biomass,"Manaus (Amazon), BR",2026-03-20,1.31,9.5,,
11,biomass,"Manaus (Amazon), BR",2026-03-21,2.55,37.5,120.0,0.12
11,biomass,"Manaus (Amazon), BR",2026-03-22,2.16,18.9,23.0,0.023
11,biomass,"Manaus (Amazon), BR",2026-03-23,1.68,14.6,,
11,biomass,"Manaus (Amazon), BR",2026-03-24,1.85,4.6,,
11,biomass,"Manaus (Amazon), BR",2026-03-25,1.4,4.7,,
11,biomass,"Manaus (Amazon), BR",2026-03-26,1.87,13.3,,
11,biomass,"Manaus (Amazon), BR",2026-03-27,1.26,6.4,,
11,biomass,"Manaus (Amazon), BR",2026-03-28,1.77,7.6,,
11,biomass,"Manaus (Amazon), BR",2026-03-29,1.29,13.7,,
11,biomass,"Manaus (Amazon), BR",2026-03-30,1.02,12.0,,
11,biomass,"Manaus (Amazon), BR",2026-03-31,1.28,10.7,,
11,biomass,"Manaus (Amazon), BR",2026-04-01,0.59,4.6,,
11,biomass,"Manaus (Amazon), BR",2026-04-02,0.55,5.3,,
11,biomass,"Manaus (Amazon), BR",2026-04-03,0.28,2.2,61.0,0.061
11,biomass,"Manaus (Amazon), BR",2026-04-04,0.97,10.7,,
11,biomass,"Manaus (Amazon), BR",2026-04-05,0.54,3.0,,
11,biomass,"Manaus (Amazon), BR",2026-04-06,0.17,2.9,,
11,biomass,"Manaus (Amazon), BR",2026-04-07,0.12,0.6,,
11,biomass,"Manaus (Amazon), BR",2026-04-08,1.16,9.9,,
11,biomass,"Manaus (Amazon), BR",2026-04-09,1.73,12.7,,
11,biomass,"Manaus (Amazon), BR",2026-04-10,2.16,10.8,,
11,biomass,"Manaus (Amazon), BR",2026-04-11,2.42,8.9,,
11,biomass,"Manaus (Amazon), BR",2026-04-12,1.27,4.3,,
11,biomass,"Manaus (Amazon), BR",2026-04-13,0.71,5.5,,
11,biomass,"Manaus (Amazon), BR",2026-04-14,0.65,6.2,,
11,biomass,"Manaus (Amazon), BR",2026-04-15,3.1,26.4,,
11,biomass,"Manaus (Amazon), BR",2026-04-16,2.52,13.5,,
11,biomass,"Manaus (Amazon), BR",2026-04-17,4.03,18.0,,
11,biomass,"Manaus (Amazon), BR",2026-04-18,0.39,5.4,,
11,biomass,"Manaus (Amazon), BR",2026-04-19,0.82,9.2,,
11,biomass,"Manaus (Amazon), BR",2026-04-20,1.18,9.6,,
11,biomass,"Manaus (Amazon), BR",2026-04-21,2.18,13.6,,
11,biomass,"Manaus (Amazon), BR",2026-04-22,0.85,7.2,,
11,biomass,"Manaus (Amazon), BR",2026-04-23,1.21,10.4,,
11,biomass,"Manaus (Amazon), BR",2026-04-24,0.83,5.9,,
11,biomass,"Manaus (Amazon), BR",2026-04-25,1.73,9.4,,
11,biomass,"Manaus (Amazon), BR",2026-04-26,1.05,5.8,,
11,biomass,"Manaus (Amazon), BR",2026-04-27,0.36,4.9,,
11,biomass,"Manaus (Amazon), BR",2026-04-28,1.05,4.4,,
11,biomass,"Manaus (Amazon), BR",2026-04-29,2.33,15.6,,
11,biomass,"Manaus (Amazon), BR",2026-04-30,1.69,9.3,,
12,biomass,"Abuja, NG",2025-10-31,37.1,40.32,,
12,biomass,"Abuja, NG",2025-11-01,35.0,41.26,270.0,0.27
12,biomass,"Abuja, NG",2025-11-02,32.5,47.88,468.0,0.468
12,biomass,"Abuja, NG",2025-11-03,41.6,50.76,,
12,biomass,"Abuja, NG",2025-11-04,39.2,48.12,,
12,biomass,"Abuja, NG",2025-11-05,34.3,40.1,,
12,biomass,"Abuja, NG",2025-11-06,31.1,39.16,,
12,biomass,"Abuja, NG",2025-11-07,41.1,48.08,,
12,biomass,"Abuja, NG",2025-11-08,41.8,50.29,280.0,0.28
12,biomass,"Abuja, NG",2025-11-09,36.0,46.24,,
12,biomass,"Abuja, NG",2025-11-10,43.0,54.59,,
12,biomass,"Abuja, NG",2025-11-11,,,197.5,0.1975
12,biomass,"Abuja, NG",2025-11-14,,,637.0,0.637
12,biomass,"Abuja, NG",2025-11-16,,,296.0,0.296
12,biomass,"Abuja, NG",2025-11-17,,,385.0,0.385
12,biomass,"Abuja, NG",2025-11-18,,,173.0,0.173
12,biomass,"Abuja, NG",2025-11-19,,,226.0,0.226
12,biomass,"Abuja, NG",2025-11-20,,,204.0,0.204
12,biomass,"Abuja, NG",2025-11-21,,,194.0,0.194
12,biomass,"Abuja, NG",2025-11-23,33.3,56.26,,
12,biomass,"Abuja, NG",2025-11-24,40.8,74.97,,
12,biomass,"Abuja, NG",2025-11-25,50.7,90.46,168.0,0.168
12,biomass,"Abuja, NG",2025-11-26,49.0,87.41,475.0,0.475
12,biomass,"Abuja, NG",2025-11-27,42.1,75.26,832.0,0.832
12,biomass,"Abuja, NG",2025-11-28,45.1,60.02,247.0,0.247
12,biomass,"Abuja, NG",2025-11-29,48.1,62.28,221.0,0.221
12,biomass,"Abuja, NG",2025-11-30,37.7,89.89,306.0,0.306
12,biomass,"Abuja, NG",2025-12-01,58.3,94.26,130.0,0.13
12,biomass,"Abuja, NG",2025-12-02,57.2,91.52,,
12,biomass,"Abuja, NG",2025-12-03,41.8,56.23,348.5,0.3485
12,biomass,"Abuja, NG",2025-12-04,39.7,55.31,,
12,biomass,"Abuja, NG",2025-12-05,40.7,51.3,,
12,biomass,"Abuja, NG",2025-12-06,59.8,111.93,,
12,biomass,"Abuja, NG",2025-12-07,38.6,47.04,,
12,biomass,"Abuja, NG",2025-12-08,40.8,57.07,244.0,0.244
12,biomass,"Abuja, NG",2025-12-09,44.2,59.2,,
12,biomass,"Abuja, NG",2025-12-10,44.0,62.0,849.0,0.849
12,biomass,"Abuja, NG",2025-12-11,50.7,78.78,,
12,biomass,"Abuja, NG",2025-12-12,41.0,51.04,1299.5,1.2995
12,biomass,"Abuja, NG",2025-12-13,40.2,53.41,566.0,0.566
12,biomass,"Abuja, NG",2025-12-14,36.6,65.15,,
12,biomass,"Abuja, NG",2025-12-15,50.8,130.61,263.0,0.263
12,biomass,"Abuja, NG",2025-12-16,43.6,75.81,222.0,0.222
12,biomass,"Abuja, NG",2025-12-17,62.7,130.55,,
12,biomass,"Abuja, NG",2025-12-18,65.2,99.72,220.0,0.22
12,biomass,"Abuja, NG",2025-12-19,69.2,96.46,,
12,biomass,"Abuja, NG",2025-12-20,69.2,84.5,304.5,0.3045
12,biomass,"Abuja, NG",2025-12-21,74.2,97.53,,
12,biomass,"Abuja, NG",2025-12-22,72.6,107.32,440.0,0.44
12,biomass,"Abuja, NG",2025-12-23,66.5,89.0,,
12,biomass,"Abuja, NG",2025-12-24,74.9,108.87,,
12,biomass,"Abuja, NG",2025-12-25,63.7,79.99,,
12,biomass,"Abuja, NG",2025-12-26,56.8,85.47,,
12,biomass,"Abuja, NG",2025-12-27,70.5,96.95,,
12,biomass,"Abuja, NG",2025-12-28,55.2,66.84,,
12,biomass,"Abuja, NG",2025-12-29,56.2,77.44,,
12,biomass,"Abuja, NG",2025-12-30,47.0,56.35,279.0,0.279
12,biomass,"Abuja, NG",2025-12-31,86.9,126.96,221.0,0.221
12,biomass,"Abuja, NG",2026-01-01,,,255.0,0.255
12,biomass,"Abuja, NG",2026-01-02,,,130.5,0.1305
12,biomass,"Abuja, NG",2026-01-03,,,202.0,0.202
12,biomass,"Abuja, NG",2026-01-04,35.0,36.08,229.0,0.229
12,biomass,"Abuja, NG",2026-01-05,24.5,56.29,188.0,0.188
12,biomass,"Abuja, NG",2026-01-06,97.3,146.4,126.0,0.126
12,biomass,"Abuja, NG",2026-01-07,93.2,116.93,535.0,0.535
12,biomass,"Abuja, NG",2026-01-08,49.7,88.19,,
12,biomass,"Abuja, NG",2026-01-09,47.1,126.62,,
12,biomass,"Abuja, NG",2026-01-10,65.0,140.93,393.5,0.3935
12,biomass,"Abuja, NG",2026-01-11,69.1,109.84,,
12,biomass,"Abuja, NG",2026-01-12,47.6,102.42,939.0,0.939
12,biomass,"Abuja, NG",2026-01-13,56.9,142.98,,
12,biomass,"Abuja, NG",2026-01-14,85.1,175.35,,
12,biomass,"Abuja, NG",2026-01-15,82.5,139.64,326.0,0.326
12,biomass,"Abuja, NG",2026-01-16,73.4,142.88,367.0,0.367
12,biomass,"Abuja, NG",2026-01-17,76.3,90.18,539.0,0.539
12,biomass,"Abuja, NG",2026-01-18,118.0,136.14,,
12,biomass,"Abuja, NG",2026-01-19,,,1126.0,1.126
12,biomass,"Abuja, NG",2026-01-20,41.9,60.02,279.0,0.279
12,biomass,"Abuja, NG",2026-01-21,50.4,91.57,771.0,0.771
12,biomass,"Abuja, NG",2026-01-22,52.0,99.69,,
12,biomass,"Abuja, NG",2026-01-23,131.0,182.14,,
12,biomass,"Abuja, NG",2026-01-24,146.0,206.62,570.0,0.57
12,biomass,"Abuja, NG",2026-01-25,53.5,108.41,459.0,0.459
12,biomass,"Abuja, NG",2026-01-26,48.4,85.42,381.0,0.381
12,biomass,"Abuja, NG",2026-01-27,40.1,61.6,307.0,0.307
12,biomass,"Abuja, NG",2026-01-28,69.9,118.04,443.0,0.443
12,biomass,"Abuja, NG",2026-01-29,111.0,144.26,666.5,0.6665
12,biomass,"Abuja, NG",2026-01-30,98.9,139.54,,
12,biomass,"Abuja, NG",2026-01-31,68.4,98.16,,
12,biomass,"Abuja, NG",2026-02-01,53.9,72.73,,
12,biomass,"Abuja, NG",2026-02-02,54.6,71.43,,
12,biomass,"Abuja, NG",2026-02-04,62.0,77.4,,
12,biomass,"Abuja, NG",2026-02-05,49.6,79.24,,
12,biomass,"Abuja, NG",2026-02-06,48.0,63.57,,
12,biomass,"Abuja, NG",2026-02-07,57.2,81.0,,
12,biomass,"Abuja, NG",2026-02-08,48.0,81.35,,
12,biomass,"Abuja, NG",2026-02-09,46.1,83.59,,
12,biomass,"Abuja, NG",2026-02-10,37.7,48.22,,
12,biomass,"Abuja, NG",2026-02-11,41.2,58.96,,
12,biomass,"Abuja, NG",2026-02-12,41.0,46.09,,
12,biomass,"Abuja, NG",2026-02-13,43.5,53.11,,
12,biomass,"Abuja, NG",2026-02-14,87.1,153.64,,
12,biomass,"Abuja, NG",2026-02-15,58.8,110.02,,
12,biomass,"Abuja, NG",2026-02-16,53.4,113.48,245.0,0.245
12,biomass,"Abuja, NG",2026-02-17,41.8,58.36,,
12,biomass,"Abuja, NG",2026-02-18,36.5,41.15,,
12,biomass,"Abuja, NG",2026-02-19,52.2,97.52,748.0,0.748
12,biomass,"Abuja, NG",2026-02-20,57.3,100.91,,
12,biomass,"Abuja, NG",2026-02-21,51.9,73.37,2181.0,2.181
12,biomass,"Abuja, NG",2026-02-22,36.4,52.3,,
12,biomass,"Abuja, NG",2026-02-23,29.9,45.4,1758.0,1.758
12,biomass,"Abuja, NG",2026-02-24,32.5,48.2,252.0,0.252
12,biomass,"Abuja, NG",2026-02-25,35.1,48.0,,
12,biomass,"Abuja, NG",2026-02-26,38.1,53.3,492.5,0.4925
12,biomass,"Abuja, NG",2026-02-27,25.2,36.6,,
12,biomass,"Abuja, NG",2026-02-28,27.2,65.8,,
12,biomass,"Abuja, NG",2026-03-01,40.7,74.8,,
12,biomass,"Abuja, NG",2026-03-02,51.0,99.4,,
12,biomass,"Abuja, NG",2026-03-03,49.6,83.3,595.5,0.5955
12,biomass,"Abuja, NG",2026-03-04,48.0,58.4,,
12,biomass,"Abuja, NG",2026-03-05,52.1,73.6,,
12,biomass,"Abuja, NG",2026-03-06,48.3,78.7,324.5,0.3245
12,biomass,"Abuja, NG",2026-03-07,50.8,84.1,,
12,biomass,"Abuja, NG",2026-03-08,53.8,78.1,154.0,0.154
12,biomass,"Abuja, NG",2026-03-09,53.2,70.7,,
12,biomass,"Abuja, NG",2026-03-10,39.0,52.8,514.0,0.514
12,biomass,"Abuja, NG",2026-03-11,37.9,46.5,,
12,biomass,"Abuja, NG",2026-03-12,29.3,49.9,,
12,biomass,"Abuja, NG",2026-03-13,32.7,67.6,,
12,biomass,"Abuja, NG",2026-03-14,35.8,68.7,,
12,biomass,"Abuja, NG",2026-03-15,33.6,55.6,,
12,biomass,"Abuja, NG",2026-03-16,30.1,53.0,,
12,biomass,"Abuja, NG",2026-03-17,37.5,69.6,,
12,biomass,"Abuja, NG",2026-03-18,51.6,67.5,,
12,biomass,"Abuja, NG",2026-03-19,51.6,72.6,,
12,biomass,"Abuja, NG",2026-03-20,30.2,39.8,262.0,0.262
12,biomass,"Abuja, NG",2026-03-21,31.1,44.6,187.0,0.187
12,biomass,"Abuja, NG",2026-03-22,33.1,51.4,,
12,biomass,"Abuja, NG",2026-03-23,36.7,49.8,,
12,biomass,"Abuja, NG",2026-03-24,24.8,31.2,,
12,biomass,"Abuja, NG",2026-03-25,24.2,37.8,,
12,biomass,"Abuja, NG",2026-03-26,30.5,36.5,,
12,biomass,"Abuja, NG",2026-03-27,26.7,32.2,,
12,biomass,"Abuja, NG",2026-03-28,14.5,31.5,,
12,biomass,"Abuja, NG",2026-03-29,13.4,26.2,,
12,biomass,"Abuja, NG",2026-03-30,17.1,35.3,,
12,biomass,"Abuja, NG",2026-03-31,23.9,30.3,,
12,biomass,"Abuja, NG",2026-04-01,28.8,37.5,,
12,biomass,"Abuja, NG",2026-04-02,26.7,37.1,,
12,biomass,"Abuja, NG",2026-04-03,20.2,28.3,,
12,biomass,"Abuja, NG",2026-04-04,34.9,41.8,,
12,biomass,"Abuja, NG",2026-04-05,44.2,52.2,,
12,biomass,"Abuja, NG",2026-04-06,39.1,53.3,,
12,biomass,"Abuja, NG",2026-04-07,29.5,50.9,,
12,biomass,"Abuja, NG",2026-04-08,25.6,35.8,,
12,biomass,"Abuja, NG",2026-04-09,30.9,44.0,,
12,biomass,"Abuja, NG",2026-04-10,37.4,44.3,,
12,biomass,"Abuja, NG",2026-04-11,36.1,41.6,,
12,biomass,"Abuja, NG",2026-04-12,31.6,42.9,,
12,biomass,"Abuja, NG",2026-04-13,36.4,41.4,,
12,biomass,"Abuja, NG",2026-04-14,31.8,44.9,,
12,biomass,"Abuja, NG",2026-04-15,23.2,45.6,,
12,biomass,"Abuja, NG",2026-04-16,37.2,48.2,,
12,biomass,"Abuja, NG",2026-04-17,31.6,49.4,,
12,biomass,"Abuja, NG",2026-04-18,24.6,34.6,,
12,biomass,"Abuja, NG",2026-04-19,32.1,50.1,,
12,biomass,"Abuja, NG",2026-04-20,44.3,76.5,,
12,biomass,"Abuja, NG",2026-04-21,35.0,73.2,,
12,biomass,"Abuja, NG",2026-04-22,37.0,54.7,,
12,biomass,"Abuja, NG",2026-04-23,27.0,38.5,,
12,biomass,"Abuja, NG",2026-04-24,19.6,26.9,,
12,biomass,"Abuja, NG",2026-04-25,12.5,21.6,,
12,biomass,"Abuja, NG",2026-04-26,18.8,29.1,,
12,biomass,"Abuja, NG",2026-04-27,32.1,51.6,,
12,biomass,"Abuja, NG",2026-04-28,26.9,45.4,,
12,biomass,"Abuja, NG",2026-04-29,21.0,30.2,,
12,biomass,"Abuja, NG",2026-04-30,28.2,33.5,,
13,biomass,"Chiang Mai, TH",2025-11-13,,,235.0,0.235
13,biomass,"Chiang Mai, TH",2025-11-18,6.52,6.9,,
13,biomass,"Chiang Mai, TH",2025-11-19,6.51,6.8,,
13,biomass,"Chiang Mai, TH",2025-11-20,7.06,8.6,,
13,biomass,"Chiang Mai, TH",2025-11-21,11.3,20.3,88.0,0.088
13,biomass,"Chiang Mai, TH",2025-11-22,19.8,23.3,32.0,0.032
13,biomass,"Chiang Mai, TH",2025-11-23,11.3,12.3,150.0,0.15
13,biomass,"Chiang Mai, TH",2025-11-24,9.5,11.1,24.0,0.024
13,biomass,"Chiang Mai, TH",2025-11-25,12.8,16.1,,
13,biomass,"Chiang Mai, TH",2025-11-26,17.3,18.3,,
13,biomass,"Chiang Mai, TH",2025-11-27,16.3,17.4,61.0,0.061
13,biomass,"Chiang Mai, TH",2025-11-28,15.2,16.3,128.0,0.128
13,biomass,"Chiang Mai, TH",2025-11-29,18.5,20.8,52.5,0.0525
13,biomass,"Chiang Mai, TH",2025-11-30,17.0,19.2,49.0,0.049
13,biomass,"Chiang Mai, TH",2025-12-01,19.1,21.5,141.0,0.141
13,biomass,"Chiang Mai, TH",2025-12-02,21.7,23.6,85.5,0.0855
13,biomass,"Chiang Mai, TH",2025-12-03,27.1,32.3,84.0,0.084
13,biomass,"Chiang Mai, TH",2025-12-04,30.1,33.0,127.0,0.127
13,biomass,"Chiang Mai, TH",2025-12-05,23.1,24.4,,
13,biomass,"Chiang Mai, TH",2025-12-06,25.8,26.5,276.0,0.276
13,biomass,"Chiang Mai, TH",2025-12-07,20.8,23.4,,
13,biomass,"Chiang Mai, TH",2025-12-08,23.3,24.8,,
13,biomass,"Chiang Mai, TH",2025-12-09,27.2,29.2,,
13,biomass,"Chiang Mai, TH",2025-12-10,26.9,29.1,,
13,biomass,"Chiang Mai, TH",2025-12-11,24.0,25.1,148.0,0.148
13,biomass,"Chiang Mai, TH",2025-12-12,22.2,23.8,,
13,biomass,"Chiang Mai, TH",2025-12-13,18.8,20.6,,
13,biomass,"Chiang Mai, TH",2025-12-14,23.4,31.3,,
13,biomass,"Chiang Mai, TH",2025-12-15,33.4,37.6,,
13,biomass,"Chiang Mai, TH",2025-12-16,18.6,21.2,188.0,0.188
13,biomass,"Chiang Mai, TH",2025-12-17,17.9,18.4,149.0,0.149
13,biomass,"Chiang Mai, TH",2025-12-18,17.7,19.1,,
13,biomass,"Chiang Mai, TH",2025-12-19,18.9,19.4,133.0,0.133
13,biomass,"Chiang Mai, TH",2025-12-20,21.9,23.9,149.5,0.1495
13,biomass,"Chiang Mai, TH",2025-12-21,23.6,25.1,,
13,biomass,"Chiang Mai, TH",2025-12-22,19.9,21.5,114.0,0.114
13,biomass,"Chiang Mai, TH",2025-12-23,23.3,24.3,,
13,biomass,"Chiang Mai, TH",2025-12-24,21.4,23.5,,
13,biomass,"Chiang Mai, TH",2025-12-25,21.3,23.8,,
13,biomass,"Chiang Mai, TH",2025-12-26,23.3,24.0,125.0,0.125
13,biomass,"Chiang Mai, TH",2025-12-27,22.8,23.7,161.0,0.161
13,biomass,"Chiang Mai, TH",2025-12-28,23.6,25.1,,
13,biomass,"Chiang Mai, TH",2025-12-29,25.1,25.8,137.0,0.137
13,biomass,"Chiang Mai, TH",2025-12-30,24.9,28.2,,
13,biomass,"Chiang Mai, TH",2025-12-31,36.8,39.4,28.0,0.028
13,biomass,"Chiang Mai, TH",2026-01-01,28.0,37.3,132.0,0.132
13,biomass,"Chiang Mai, TH",2026-01-02,23.2,23.8,,
13,biomass,"Chiang Mai, TH",2026-01-03,18.8,22.5,236.0,0.236
13,biomass,"Chiang Mai, TH",2026-01-04,17.5,19.0,90.0,0.09
13,biomass,"Chiang Mai, TH",2026-01-05,15.8,18.0,13.0,0.013
13,biomass,"Chiang Mai, TH",2026-01-06,14.2,15.6,98.0,0.098
13,biomass,"Chiang Mai, TH",2026-01-07,13.3,15.3,135.0,0.135
13,biomass,"Chiang Mai, TH",2026-01-08,13.8,14.6,78.0,0.078
13,biomass,"Chiang Mai, TH",2026-01-09,15.0,15.6,104.0,0.104
13,biomass,"Chiang Mai, TH",2026-01-10,15.3,16.9,95.5,0.0955
13,biomass,"Chiang Mai, TH",2026-01-11,20.2,22.2,234.0,0.234
13,biomass,"Chiang Mai, TH",2026-01-12,19.6,21.2,188.5,0.1885
13,biomass,"Chiang Mai, TH",2026-01-13,21.0,22.2,135.5,0.1355
13,biomass,"Chiang Mai, TH",2026-01-14,20.5,21.5,176.5,0.1765
13,biomass,"Chiang Mai, TH",2026-01-15,15.7,18.3,128.0,0.128
13,biomass,"Chiang Mai, TH",2026-01-16,15.5,17.8,,
13,biomass,"Chiang Mai, TH",2026-01-17,17.3,18.3,137.5,0.1375
13,biomass,"Chiang Mai, TH",2026-01-18,15.5,16.4,65.0,0.065
13,biomass,"Chiang Mai, TH",2026-01-19,16.2,16.9,97.0,0.097
13,biomass,"Chiang Mai, TH",2026-01-20,16.4,16.8,38.0,0.038
13,biomass,"Chiang Mai, TH",2026-01-21,20.4,32.0,71.0,0.071
13,biomass,"Chiang Mai, TH",2026-01-22,31.2,35.1,161.0,0.161
13,biomass,"Chiang Mai, TH",2026-01-23,21.4,22.0,,
13,biomass,"Chiang Mai, TH",2026-01-24,18.7,20.8,210.0,0.21
13,biomass,"Chiang Mai, TH",2026-01-25,17.5,18.8,,
13,biomass,"Chiang Mai, TH",2026-01-26,18.0,20.9,114.5,0.1145
13,biomass,"Chiang Mai, TH",2026-01-27,20.6,21.0,223.0,0.223
13,biomass,"Chiang Mai, TH",2026-01-28,20.8,22.1,143.5,0.1435
13,biomass,"Chiang Mai, TH",2026-01-29,20.9,22.1,,
13,biomass,"Chiang Mai, TH",2026-01-30,23.3,25.5,348.0,0.348
13,biomass,"Chiang Mai, TH",2026-01-31,25.3,27.5,146.5,0.1465
13,biomass,"Chiang Mai, TH",2026-02-01,23.7,25.1,232.0,0.232
13,biomass,"Chiang Mai, TH",2026-02-02,23.8,25.2,228.0,0.228
13,biomass,"Chiang Mai, TH",2026-02-03,17.7,20.7,,
13,biomass,"Chiang Mai, TH",2026-02-04,21.0,28.5,196.0,0.196
13,biomass,"Chiang Mai, TH",2026-02-05,25.1,26.1,102.0,0.102
13,biomass,"Chiang Mai, TH",2026-02-06,21.5,23.5,155.0,0.155
13,biomass,"Chiang Mai, TH",2026-02-07,23.3,25.0,70.5,0.0705
13,biomass,"Chiang Mai, TH",2026-02-08,24.1,26.4,166.0,0.166
13,biomass,"Chiang Mai, TH",2026-02-09,22.0,26.0,,
13,biomass,"Chiang Mai, TH",2026-02-10,18.5,20.4,234.0,0.234
13,biomass,"Chiang Mai, TH",2026-02-11,19.7,27.6,,
13,biomass,"Chiang Mai, TH",2026-02-12,26.3,28.3,56.5,0.0565
13,biomass,"Chiang Mai, TH",2026-02-13,21.7,24.6,34.0,0.034
13,biomass,"Chiang Mai, TH",2026-02-14,21.7,26.5,85.5,0.0855
13,biomass,"Chiang Mai, TH",2026-02-15,26.1,28.6,202.0,0.202
13,biomass,"Chiang Mai, TH",2026-02-16,24.7,27.8,203.0,0.203
13,biomass,"Chiang Mai, TH",2026-02-17,27.0,31.5,257.0,0.257
13,biomass,"Chiang Mai, TH",2026-02-18,33.0,34.0,230.0,0.23
13,biomass,"Chiang Mai, TH",2026-02-19,28.0,32.8,568.0,0.568
13,biomass,"Chiang Mai, TH",2026-02-20,25.9,26.9,201.0,0.201
13,biomass,"Chiang Mai, TH",2026-02-21,22.4,24.1,187.0,0.187
13,biomass,"Chiang Mai, TH",2026-02-22,21.1,22.6,,
13,biomass,"Chiang Mai, TH",2026-02-23,20.9,23.2,,
13,biomass,"Chiang Mai, TH",2026-02-24,10.4,15.0,,
13,biomass,"Chiang Mai, TH",2026-02-25,7.26,8.9,,
13,biomass,"Chiang Mai, TH",2026-02-26,12.3,16.2,132.0,0.132
13,biomass,"Chiang Mai, TH",2026-02-27,20.1,23.3,49.5,0.0495
13,biomass,"Chiang Mai, TH",2026-02-28,28.7,30.4,131.0,0.131
13,biomass,"Chiang Mai, TH",2026-03-01,25.5,29.2,244.5,0.2445
13,biomass,"Chiang Mai, TH",2026-03-02,28.5,33.7,169.0,0.169
13,biomass,"Chiang Mai, TH",2026-03-03,41.2,47.8,275.0,0.275
13,biomass,"Chiang Mai, TH",2026-03-04,52.0,55.9,619.0,0.619
13,biomass,"Chiang Mai, TH",2026-03-05,51.0,53.3,465.0,0.465
13,biomass,"Chiang Mai, TH",2026-03-06,39.6,46.8,1037.0,1.037
13,biomass,"Chiang Mai, TH",2026-03-07,29.1,31.4,239.0,0.239
13,biomass,"Chiang Mai, TH",2026-03-08,30.1,33.4,258.0,0.258
13,biomass,"Chiang Mai, TH",2026-03-09,33.8,34.8,414.5,0.4145
13,biomass,"Chiang Mai, TH",2026-03-10,23.3,32.8,,
13,biomass,"Chiang Mai, TH",2026-03-11,17.3,18.2,,
13,biomass,"Chiang Mai, TH",2026-03-12,20.1,21.3,402.0,0.402
13,biomass,"Chiang Mai, TH",2026-03-13,14.5,17.4,,
13,biomass,"Chiang Mai, TH",2026-03-14,15.8,18.1,,
13,biomass,"Chiang Mai, TH",2026-03-15,20.1,21.9,,
13,biomass,"Chiang Mai, TH",2026-03-16,19.8,20.4,,
13,biomass,"Chiang Mai, TH",2026-03-17,21.2,22.8,262.5,0.2625
13,biomass,"Chiang Mai, TH",2026-03-18,19.9,21.1,121.5,0.1215
13,biomass,"Chiang Mai, TH",2026-03-19,18.8,19.5,178.5,0.1785
13,biomass,"Chiang Mai, TH",2026-03-20,20.6,22.5,42.0,0.042
13,biomass,"Chiang Mai, TH",2026-03-21,23.3,25.4,154.0,0.154
13,biomass,"Chiang Mai, TH",2026-03-22,18.8,21.4,107.0,0.107
13,biomass,"Chiang Mai, TH",2026-03-23,26.5,34.9,54.5,0.0545
13,biomass,"Chiang Mai, TH",2026-03-24,39.6,43.1,222.0,0.222
13,biomass,"Chiang Mai, TH",2026-03-25,38.4,45.6,182.0,0.182
13,biomass,"Chiang Mai, TH",2026-03-26,46.2,49.7,301.0,0.301
13,biomass,"Chiang Mai, TH",2026-03-27,39.6,42.2,622.0,0.622
13,biomass,"Chiang Mai, TH",2026-03-28,40.3,45.0,347.0,0.347
13,biomass,"Chiang Mai, TH",2026-03-29,54.2,67.3,695.0,0.695
13,biomass,"Chiang Mai, TH",2026-03-30,74.3,79.9,1230.0,1.23
13,biomass,"Chiang Mai, TH",2026-03-31,80.2,85.0,991.0,0.991
13,biomass,"Chiang Mai, TH",2026-04-01,98.7,106.0,1346.0,1.346
13,biomass,"Chiang Mai, TH",2026-04-02,95.5,103.1,1149.5,1.1495
13,biomass,"Chiang Mai, TH",2026-04-03,97.6,107.0,915.5,0.9155
13,biomass,"Chiang Mai, TH",2026-04-04,99.9,106.1,1479.0,1.479
13,biomass,"Chiang Mai, TH",2026-04-05,79.5,91.4,967.0,0.967
13,biomass,"Chiang Mai, TH",2026-04-06,68.0,70.9,809.5,0.8095
13,biomass,"Chiang Mai, TH",2026-04-07,61.9,70.3,818.0,0.818
13,biomass,"Chiang Mai, TH",2026-04-08,59.8,61.9,700.0,0.7
13,biomass,"Chiang Mai, TH",2026-04-09,66.5,68.3,427.0,0.427
13,biomass,"Chiang Mai, TH",2026-04-10,61.0,64.9,409.0,0.409
13,biomass,"Chiang Mai, TH",2026-04-11,74.8,83.2,626.0,0.626
13,biomass,"Chiang Mai, TH",2026-04-12,79.2,84.0,794.0,0.794
13,biomass,"Chiang Mai, TH",2026-04-13,67.7,73.4,653.5,0.6535
13,biomass,"Chiang Mai, TH",2026-04-14,59.2,62.5,723.0,0.723
13,biomass,"Chiang Mai, TH",2026-04-15,63.2,71.8,360.0,0.36
13,biomass,"Chiang Mai, TH",2026-04-16,76.6,82.2,,
13,biomass,"Chiang Mai, TH",2026-04-17,72.8,79.8,623.0,0.623
13,biomass,"Chiang Mai, TH",2026-04-18,68.0,71.8,1478.0,1.478
13,biomass,"Chiang Mai, TH",2026-04-19,63.6,70.5,,
13,biomass,"Chiang Mai, TH",2026-04-20,63.5,64.1,994.5,0.9945
13,biomass,"Chiang Mai, TH",2026-04-21,60.1,62.7,975.0,0.975
13,biomass,"Chiang Mai, TH",2026-04-22,53.8,56.4,543.0,0.543
13,biomass,"Chiang Mai, TH",2026-04-23,50.6,53.0,970.0,0.97
13,biomass,"Chiang Mai, TH",2026-04-24,50.8,54.5,,
13,biomass,"Chiang Mai, TH",2026-04-25,56.1,56.9,,
13,biomass,"Chiang Mai, TH",2026-04-26,57.4,58.2,318.0,0.318
13,biomass,"Chiang Mai, TH",2026-04-27,59.0,59.3,359.0,0.359
13,biomass,"Chiang Mai, TH",2026-04-28,55.2,57.8,399.0,0.399
13,biomass,"Chiang Mai, TH",2026-04-29,38.9,51.1,,
13,biomass,"Chiang Mai, TH",2026-04-30,23.3,28.7,,
14,biomass,"Athens, GR",2025-11-03,,,138.0,0.138
14,biomass,"Athens, GR",2025-11-07,,,146.0,0.146
14,biomass,"Athens, GR",2025-11-11,,,188.0,0.188
14,biomass,"Athens, GR",2025-11-12,9.43,24.0,141.0,0.141
14,biomass,"Athens, GR",2025-11-13,17.5,29.0,65.67,0.0657
14,biomass,"Athens, GR",2025-11-14,20.7,40.0,175.5,0.1755
14,biomass,"Athens, GR",2025-11-15,18.5,37.0,96.0,0.096
14,biomass,"Athens, GR",2025-11-16,16.8,30.0,170.0,0.17
14,biomass,"Athens, GR",2025-11-17,8.19,14.0,,
14,biomass,"Athens, GR",2025-11-18,7.87,11.0,,
14,biomass,"Athens, GR",2025-11-19,6.62,9.0,,
14,biomass,"Athens, GR",2025-11-20,5.46,10.0,,
14,biomass,"Athens, GR",2025-11-21,,,278.0,0.278
14,biomass,"Athens, GR",2025-11-23,,,63.0,0.063
14,biomass,"Athens, GR",2025-11-24,,,179.0,0.179
14,biomass,"Athens, GR",2025-11-29,51.0,51.0,185.5,0.1855
14,biomass,"Athens, GR",2025-11-30,9.73,20.0,59.0,0.059
14,biomass,"Athens, GR",2025-12-01,12.7,27.0,107.5,0.1075
14,biomass,"Athens, GR",2025-12-02,10.8,30.0,,
14,biomass,"Athens, GR",2025-12-03,7.08,20.0,,
14,biomass,"Athens, GR",2025-12-04,5.48,11.0,,
14,biomass,"Athens, GR",2025-12-05,11.7,26.0,,
14,biomass,"Athens, GR",2025-12-06,11.7,22.0,,
14,biomass,"Athens, GR",2025-12-07,9.78,32.0,,
14,biomass,"Athens, GR",2025-12-08,6.91,15.0,,
14,biomass,"Athens, GR",2025-12-09,17.8,43.0,,
14,biomass,"Athens, GR",2025-12-10,22.0,52.0,69.0,0.069
14,biomass,"Athens, GR",2025-12-11,20.3,45.0,98.5,0.0985
14,biomass,"Athens, GR",2025-12-12,16.5,45.0,157.0,0.157
14,biomass,"Athens, GR",2025-12-13,9.23,21.0,,
14,biomass,"Athens, GR",2025-12-14,18.3,46.0,,
14,biomass,"Athens, GR",2025-12-15,11.6,23.0,65.0,0.065
14,biomass,"Athens, GR",2025-12-16,12.7,32.0,147.0,0.147
14,biomass,"Athens, GR",2025-12-17,25.0,56.0,117.0,0.117
14,biomass,"Athens, GR",2025-12-18,38.2,67.0,75.33,0.0753
14,biomass,"Athens, GR",2025-12-19,22.4,48.0,212.5,0.2125
14,biomass,"Athens, GR",2025-12-20,10.5,16.0,,
14,biomass,"Athens, GR",2025-12-21,9.79,17.0,,
14,biomass,"Athens, GR",2025-12-22,7.67,13.0,,
14,biomass,"Athens, GR",2025-12-23,18.2,53.0,54.0,0.054
14,biomass,"Athens, GR",2025-12-24,19.0,54.0,,
14,biomass,"Athens, GR",2025-12-25,19.8,55.0,,
14,biomass,"Athens, GR",2025-12-26,14.5,55.0,,
14,biomass,"Athens, GR",2025-12-27,12.7,26.0,,
14,biomass,"Athens, GR",2025-12-28,10.8,48.0,60.0,0.06
14,biomass,"Athens, GR",2025-12-29,24.3,80.0,137.0,0.137
14,biomass,"Athens, GR",2025-12-30,7.04,16.0,,
14,biomass,"Athens, GR",2025-12-31,8.14,48.0,,
14,biomass,"Athens, GR",2026-01-01,29.1,80.0,87.0,0.087
14,biomass,"Athens, GR",2026-01-02,13.3,51.0,43.0,0.043
14,biomass,"Athens, GR",2026-01-03,7.46,21.0,,
14,biomass,"Athens, GR",2026-01-04,4.79,10.0,,
14,biomass,"Athens, GR",2026-01-05,7.92,15.0,,
14,biomass,"Athens, GR",2026-01-06,13.5,16.0,71.0,0.071
14,biomass,"Athens, GR",2026-01-07,4.38,8.0,,
14,biomass,"Athens, GR",2026-01-08,5.94,16.0,111.0,0.111
14,biomass,"Athens, GR",2026-01-09,13.3,53.0,,
14,biomass,"Athens, GR",2026-01-10,4.63,10.0,,
14,biomass,"Athens, GR",2026-01-11,5.62,11.0,,
14,biomass,"Athens, GR",2026-01-12,7.77,52.0,151.0,0.151
14,biomass,"Athens, GR",2026-01-13,17.6,54.0,56.33,0.0563
14,biomass,"Athens, GR",2026-01-14,29.0,68.0,40.0,0.04
14,biomass,"Athens, GR",2026-01-15,26.1,67.0,26.0,0.026
14,biomass,"Athens, GR",2026-01-16,13.6,37.0,,
14,biomass,"Athens, GR",2026-01-17,5.08,10.0,,
14,biomass,"Athens, GR",2026-01-18,5.0,10.0,,
14,biomass,"Athens, GR",2026-01-19,7.27,12.0,,
14,biomass,"Athens, GR",2026-01-20,7.83,35.0,,
14,biomass,"Athens, GR",2026-01-21,20.8,45.0,,
14,biomass,"Athens, GR",2026-01-22,17.9,29.0,,
14,biomass,"Athens, GR",2026-01-23,16.6,25.0,252.0,0.252
14,biomass,"Athens, GR",2026-01-24,17.5,39.0,61.5,0.0615
14,biomass,"Athens, GR",2026-01-25,9.11,20.0,,
14,biomass,"Athens, GR",2026-01-26,9.67,21.0,,
14,biomass,"Athens, GR",2026-01-27,8.43,14.0,59.5,0.0595
14,biomass,"Athens, GR",2026-01-28,20.2,35.0,172.0,0.172
14,biomass,"Athens, GR",2026-01-29,7.65,22.0,,
14,biomass,"Athens, GR",2026-01-30,13.2,42.0,,
14,biomass,"Athens, GR",2026-01-31,9.14,27.0,86.0,0.086
14,biomass,"Athens, GR",2026-02-01,5.0,16.0,,
14,biomass,"Athens, GR",2026-02-02,13.0,24.0,,
14,biomass,"Athens, GR",2026-02-03,14.4,34.0,24.0,0.024
14,biomass,"Athens, GR",2026-02-04,12.1,30.0,,
14,biomass,"Athens, GR",2026-02-05,20.7,41.0,,
14,biomass,"Athens, GR",2026-02-06,13.0,30.0,84.0,0.084
14,biomass,"Athens, GR",2026-02-07,6.67,16.0,144.5,0.1445
14,biomass,"Athens, GR",2026-02-08,14.9,31.0,5.0,0.005
14,biomass,"Athens, GR",2026-02-09,5.33,10.0,75.0,0.075
14,biomass,"Athens, GR",2026-02-10,6.83,12.0,,
14,biomass,"Athens, GR",2026-02-11,10.0,42.0,,
14,biomass,"Athens, GR",2026-02-12,9.0,35.0,,
14,biomass,"Athens, GR",2026-02-13,7.83,17.0,,
14,biomass,"Athens, GR",2026-02-14,50.8,210.0,197.5,0.1975
14,biomass,"Athens, GR",2026-02-15,11.2,35.0,179.0,0.179
14,biomass,"Athens, GR",2026-02-16,4.05,10.0,,
14,biomass,"Athens, GR",2026-02-17,5.77,16.0,,
14,biomass,"Athens, GR",2026-02-18,18.1,84.0,18.0,0.018
14,biomass,"Athens, GR",2026-02-19,12.7,47.0,94.5,0.0945
14,biomass,"Athens, GR",2026-02-20,9.75,21.0,,
14,biomass,"Athens, GR",2026-02-21,7.0,23.0,61.0,0.061
14,biomass,"Athens, GR",2026-02-22,4.83,11.0,,
14,biomass,"Athens, GR",2026-02-23,13.5,36.0,33.0,0.033
14,biomass,"Athens, GR",2026-02-24,10.1,22.0,73.0,0.073
14,biomass,"Athens, GR",2026-02-25,11.6,29.0,,
14,biomass,"Athens, GR",2026-02-26,6.83,10.0,68.0,0.068
14,biomass,"Athens, GR",2026-02-27,8.0,15.0,,
14,biomass,"Athens, GR",2026-02-28,6.13,13.0,,
14,biomass,"Athens, GR",2026-03-01,13.9,25.0,219.5,0.2195
14,biomass,"Athens, GR",2026-03-02,21.8,40.0,48.0,0.048
14,biomass,"Athens, GR",2026-03-03,19.5,49.0,121.67,0.1217
14,biomass,"Athens, GR",2026-03-04,21.1,39.0,,
14,biomass,"Athens, GR",2026-03-05,11.5,24.0,108.0,0.108
14,biomass,"Athens, GR",2026-03-06,11.9,21.0,,
14,biomass,"Athens, GR",2026-03-07,8.71,11.0,,
14,biomass,"Athens, GR",2026-03-08,6.04,12.0,54.0,0.054
14,biomass,"Athens, GR",2026-03-09,9.86,17.0,152.5,0.1525
14,biomass,"Athens, GR",2026-03-10,17.1,31.0,105.0,0.105
14,biomass,"Athens, GR",2026-03-11,17.4,29.0,,
14,biomass,"Athens, GR",2026-03-12,11.0,27.0,102.0,0.102
14,biomass,"Athens, GR",2026-03-13,10.7,14.0,151.0,0.151
14,biomass,"Athens, GR",2026-03-14,11.7,19.0,196.0,0.196
14,biomass,"Athens, GR",2026-03-15,14.4,30.0,81.0,0.081
14,biomass,"Athens, GR",2026-03-16,14.3,26.0,225.0,0.225
14,biomass,"Athens, GR",2026-03-17,13.8,21.0,,
14,biomass,"Athens, GR",2026-03-18,10.4,19.0,,
14,biomass,"Athens, GR",2026-03-19,7.78,16.0,,
14,biomass,"Athens, GR",2026-03-20,7.88,17.0,,
14,biomass,"Athens, GR",2026-03-21,7.82,13.0,,
14,biomass,"Athens, GR",2026-03-22,10.1,23.0,,
14,biomass,"Athens, GR",2026-03-23,7.92,19.0,,
14,biomass,"Athens, GR",2026-03-24,7.48,14.0,,
14,biomass,"Athens, GR",2026-03-25,13.2,23.0,,
14,biomass,"Athens, GR",2026-03-26,8.67,15.0,28.0,0.028
14,biomass,"Athens, GR",2026-03-27,14.3,42.0,,
14,biomass,"Athens, GR",2026-03-28,6.15,15.0,,
14,biomass,"Athens, GR",2026-03-29,11.1,27.0,,
14,biomass,"Athens, GR",2026-03-30,8.55,16.0,12.0,0.012
14,biomass,"Athens, GR",2026-03-31,4.79,11.0,,
14,biomass,"Athens, GR",2026-04-01,4.79,11.0,,
14,biomass,"Athens, GR",2026-04-02,9.22,25.0,,
14,biomass,"Athens, GR",2026-04-03,11.4,21.0,,
14,biomass,"Athens, GR",2026-04-04,7.43,15.0,,
14,biomass,"Athens, GR",2026-04-05,11.7,20.0,,
14,biomass,"Athens, GR",2026-04-06,16.5,30.0,41.0,0.041
14,biomass,"Athens, GR",2026-04-07,8.45,15.0,39.0,0.039
14,biomass,"Athens, GR",2026-04-08,9.71,16.0,72.5,0.0725
14,biomass,"Athens, GR",2026-04-09,10.3,14.0,,
14,biomass,"Athens, GR",2026-04-10,9.67,15.0,,
14,biomass,"Athens, GR",2026-04-11,11.7,17.0,,
14,biomass,"Athens, GR",2026-04-12,14.1,41.0,,
14,biomass,"Athens, GR",2026-04-13,10.8,15.0,,
14,biomass,"Athens, GR",2026-04-14,12.9,30.0,,
14,biomass,"Athens, GR",2026-04-15,12.0,18.0,,
14,biomass,"Athens, GR",2026-04-16,10.1,14.0,,
14,biomass,"Athens, GR",2026-04-17,6.5,16.0,,
14,biomass,"Athens, GR",2026-04-18,6.48,11.0,52.0,0.052
14,biomass,"Athens, GR",2026-04-19,10.8,19.0,97.0,0.097
14,biomass,"Athens, GR",2026-04-20,14.2,33.0,49.5,0.0495
14,biomass,"Athens, GR",2026-04-21,14.8,22.0,52.0,0.052
14,biomass,"Athens, GR",2026-04-22,5.23,10.0,82.5,0.0825
14,biomass,"Athens, GR",2026-04-23,5.88,11.0,,
14,biomass,"Athens, GR",2026-04-24,9.2,18.0,32.0,0.032
14,biomass,"Athens, GR",2026-04-25,,,263.0,0.263
14,biomass,"Athens, GR",2026-04-26,10.7,17.0,44.33,0.0443
14,biomass,"Athens, GR",2026-04-27,9.6,15.0,53.67,0.0537
14,biomass,"Athens, GR",2026-04-28,14.9,24.0,88.0,0.088
14,biomass,"Athens, GR",2026-04-29,15.3,30.0,56.5,0.0565
14,biomass,"Athens, GR",2026-04-30,5.04,16.0,140.0,0.14
15,dust,"Phoenix AZ, US",2025-11-01,14.5,32.9,69.0,0.069
15,dust,"Phoenix AZ, US",2025-11-02,12.8,27.0,164.5,0.1645
15,dust,"Phoenix AZ, US",2025-11-03,18.8,36.7,,
15,dust,"Phoenix AZ, US",2025-11-04,14.5,28.9,44.5,0.0445
15,dust,"Phoenix AZ, US",2025-11-05,12.0,25.6,165.0,0.165
15,dust,"Phoenix AZ, US",2025-11-06,14.7,28.2,33.5,0.0335
15,dust,"Phoenix AZ, US",2025-11-07,15.6,33.9,95.5,0.0955
15,dust,"Phoenix AZ, US",2025-11-08,13.4,28.7,113.5,0.1135
15,dust,"Phoenix AZ, US",2025-11-09,14.5,32.2,59.5,0.0595
15,dust,"Phoenix AZ, US",2025-11-10,10.9,20.9,206.0,0.206
15,dust,"Phoenix AZ, US",2025-11-11,22.2,48.7,100.0,0.1
15,dust,"Phoenix AZ, US",2025-11-12,19.5,35.1,,
15,dust,"Phoenix AZ, US",2025-11-13,18.8,31.4,180.0,0.18
15,dust,"Phoenix AZ, US",2025-11-14,20.6,49.9,55.0,0.055
15,dust,"Phoenix AZ, US",2025-11-15,12.1,30.6,,
15,dust,"Phoenix AZ, US",2025-11-16,5.81,7.8,,
15,dust,"Phoenix AZ, US",2025-11-17,9.23,32.0,77.0,0.077
15,dust,"Phoenix AZ, US",2025-11-18,4.19,7.8,,
15,dust,"Phoenix AZ, US",2025-11-19,4.21,7.2,,
15,dust,"Phoenix AZ, US",2025-11-20,4.92,11.5,,
15,dust,"Phoenix AZ, US",2025-11-21,5.9,13.9,,
15,dust,"Phoenix AZ, US",2025-11-22,8.55,21.2,,
15,dust,"Phoenix AZ, US",2025-11-23,4.17,10.9,,
15,dust,"Phoenix AZ, US",2025-11-24,13.0,22.9,73.5,0.0735
15,dust,"Phoenix AZ, US",2025-11-25,16.3,26.3,233.0,0.233
15,dust,"Phoenix AZ, US",2025-11-26,21.1,59.7,111.0,0.111
15,dust,"Phoenix AZ, US",2025-11-27,20.2,40.1,,
15,dust,"Phoenix AZ, US",2025-11-28,23.6,55.9,159.0,0.159
15,dust,"Phoenix AZ, US",2025-11-29,17.9,43.6,45.5,0.0455
15,dust,"Phoenix AZ, US",2025-11-30,14.1,44.0,162.5,0.1625
15,dust,"Phoenix AZ, US",2025-12-01,18.3,39.9,90.0,0.09
15,dust,"Phoenix AZ, US",2025-12-02,14.5,27.2,98.0,0.098
15,dust,"Phoenix AZ, US",2025-12-03,15.0,27.4,174.5,0.1745
15,dust,"Phoenix AZ, US",2025-12-04,16.0,47.3,18.0,0.018
15,dust,"Phoenix AZ, US",2025-12-05,14.8,36.5,97.5,0.0975
15,dust,"Phoenix AZ, US",2025-12-06,17.5,49.2,68.0,0.068
15,dust,"Phoenix AZ, US",2025-12-07,18.6,61.2,62.5,0.0625
15,dust,"Phoenix AZ, US",2025-12-08,14.5,27.1,83.5,0.0835
15,dust,"Phoenix AZ, US",2025-12-09,17.3,37.4,20.5,0.0205
15,dust,"Phoenix AZ, US",2025-12-10,17.8,57.9,95.0,0.095
15,dust,"Phoenix AZ, US",2025-12-11,22.7,43.4,45.0,0.045
15,dust,"Phoenix AZ, US",2025-12-12,21.0,42.6,42.67,0.0427
15,dust,"Phoenix AZ, US",2025-12-13,18.7,50.9,91.0,0.091
15,dust,"Phoenix AZ, US",2025-12-14,18.5,52.3,,
15,dust,"Phoenix AZ, US",2025-12-15,33.1,78.8,86.5,0.0865
15,dust,"Phoenix AZ, US",2025-12-16,28.5,79.5,72.5,0.0725
15,dust,"Phoenix AZ, US",2025-12-17,28.9,81.9,12.0,0.012
15,dust,"Phoenix AZ, US",2025-12-18,19.0,64.9,58.0,0.058
15,dust,"Phoenix AZ, US",2025-12-19,19.7,58.5,25.0,0.025
15,dust,"Phoenix AZ, US",2025-12-20,18.0,37.2,114.0,0.114
15,dust,"Phoenix AZ, US",2025-12-21,13.7,32.7,49.5,0.0495
15,dust,"Phoenix AZ, US",2025-12-22,39.6,58.9,,
15,dust,"Phoenix AZ, US",2025-12-23,17.3,22.6,,
15,dust,"Phoenix AZ, US",2025-12-24,10.5,20.2,,
15,dust,"Phoenix AZ, US",2025-12-25,17.1,49.0,,
15,dust,"Phoenix AZ, US",2025-12-26,15.7,43.2,,
15,dust,"Phoenix AZ, US",2025-12-27,12.2,27.3,71.0,0.071
15,dust,"Phoenix AZ, US",2025-12-28,10.1,16.0,,
15,dust,"Phoenix AZ, US",2025-12-29,11.4,43.4,130.0,0.13
15,dust,"Phoenix AZ, US",2025-12-30,8.68,23.3,,
15,dust,"Phoenix AZ, US",2025-12-31,22.1,62.3,,
15,dust,"Phoenix AZ, US",2026-01-01,24.1,56.0,195.0,0.195
15,dust,"Phoenix AZ, US",2026-01-02,17.1,30.3,,
15,dust,"Phoenix AZ, US",2026-01-03,16.3,34.7,,
15,dust,"Phoenix AZ, US",2026-01-04,20.1,45.0,59.0,0.059
15,dust,"Phoenix AZ, US",2026-01-05,15.1,24.8,,
15,dust,"Phoenix AZ, US",2026-01-06,16.0,24.8,,
15,dust,"Phoenix AZ, US",2026-01-07,11.9,26.3,,
15,dust,"Phoenix AZ, US",2026-01-08,7.11,10.9,,
15,dust,"Phoenix AZ, US",2026-01-09,7.64,15.8,89.0,0.089
15,dust,"Phoenix AZ, US",2026-01-10,9.11,21.2,39.0,0.039
15,dust,"Phoenix AZ, US",2026-01-11,6.62,19.0,117.0,0.117
15,dust,"Phoenix AZ, US",2026-01-12,11.7,40.0,54.0,0.054
15,dust,"Phoenix AZ, US",2026-01-13,29.1,70.2,43.5,0.0435
15,dust,"Phoenix AZ, US",2026-01-14,16.2,36.1,89.5,0.0895
15,dust,"Phoenix AZ, US",2026-01-15,19.2,69.3,42.5,0.0425
15,dust,"Phoenix AZ, US",2026-01-16,21.6,50.8,95.0,0.095
15,dust,"Phoenix AZ, US",2026-01-17,19.3,51.5,45.0,0.045
15,dust,"Phoenix AZ, US",2026-01-18,26.3,51.3,38.0,0.038
15,dust,"Phoenix AZ, US",2026-01-19,20.4,41.8,65.0,0.065
15,dust,"Phoenix AZ, US",2026-01-20,37.6,263.3,23.0,0.023
15,dust,"Phoenix AZ, US",2026-01-21,14.5,36.9,,
15,dust,"Phoenix AZ, US",2026-01-22,15.3,30.0,,
15,dust,"Phoenix AZ, US",2026-01-23,10.1,20.5,,
15,dust,"Phoenix AZ, US",2026-01-24,14.9,35.7,,
15,dust,"Phoenix AZ, US",2026-01-25,8.18,33.1,38.0,0.038
15,dust,"Phoenix AZ, US",2026-01-26,11.4,36.1,59.0,0.059
15,dust,"Phoenix AZ, US",2026-01-27,19.0,48.4,41.5,0.0415
15,dust,"Phoenix AZ, US",2026-01-28,19.3,45.8,,
15,dust,"Phoenix AZ, US",2026-01-29,23.7,67.5,76.0,0.076
15,dust,"Phoenix AZ, US",2026-01-30,27.1,74.9,32.0,0.032
15,dust,"Phoenix AZ, US",2026-01-31,19.9,53.2,85.0,0.085
15,dust,"Phoenix AZ, US",2026-02-01,14.3,33.6,36.0,0.036
15,dust,"Phoenix AZ, US",2026-02-02,15.2,28.7,,
15,dust,"Phoenix AZ, US",2026-02-03,23.1,47.1,78.5,0.0785
15,dust,"Phoenix AZ, US",2026-02-04,18.9,44.8,25.0,0.025
15,dust,"Phoenix AZ, US",2026-02-05,10.3,28.7,115.0,0.115
15,dust,"Phoenix AZ, US",2026-02-06,9.69,27.6,71.0,0.071
15,dust,"Phoenix AZ, US",2026-02-07,12.5,22.7,39.0,0.039
15,dust,"Phoenix AZ, US",2026-02-08,14.2,31.3,176.0,0.176
15,dust,"Phoenix AZ, US",2026-02-09,16.3,33.0,13.5,0.0135
15,dust,"Phoenix AZ, US",2026-02-10,15.0,31.2,,
15,dust,"Phoenix AZ, US",2026-02-11,15.4,35.7,,
15,dust,"Phoenix AZ, US",2026-02-12,19.2,44.8,41.0,0.041
15,dust,"Phoenix AZ, US",2026-02-13,9.52,21.3,,
15,dust,"Phoenix AZ, US",2026-02-14,8.0,19.5,46.0,0.046
15,dust,"Phoenix AZ, US",2026-02-15,7.12,16.4,128.0,0.128
15,dust,"Phoenix AZ, US",2026-02-16,10.4,32.0,,
15,dust,"Phoenix AZ, US",2026-02-17,3.85,8.5,,
15,dust,"Phoenix AZ, US",2026-02-18,4.86,15.4,,
15,dust,"Phoenix AZ, US",2026-02-19,5.93,11.4,54.0,0.054
15,dust,"Phoenix AZ, US",2026-02-20,4.61,13.9,170.0,0.17
15,dust,"Phoenix AZ, US",2026-02-21,10.7,26.0,100.5,0.1005
15,dust,"Phoenix AZ, US",2026-02-22,12.3,28.3,44.5,0.0445
15,dust,"Phoenix AZ, US",2026-02-23,19.4,70.1,179.0,0.179
15,dust,"Phoenix AZ, US",2026-02-24,17.1,39.4,,
15,dust,"Phoenix AZ, US",2026-02-25,14.9,30.5,35.0,0.035
15,dust,"Phoenix AZ, US",2026-02-26,15.2,34.3,43.0,0.043
15,dust,"Phoenix AZ, US",2026-02-27,16.5,44.5,,
15,dust,"Phoenix AZ, US",2026-02-28,14.2,26.8,94.0,0.094
15,dust,"Phoenix AZ, US",2026-03-01,11.7,23.8,6.0,0.006
15,dust,"Phoenix AZ, US",2026-03-02,15.4,38.2,136.0,0.136
15,dust,"Phoenix AZ, US",2026-03-03,13.2,32.0,62.0,0.062
15,dust,"Phoenix AZ, US",2026-03-04,9.56,21.6,52.0,0.052
15,dust,"Phoenix AZ, US",2026-03-05,10.6,23.5,111.5,0.1115
15,dust,"Phoenix AZ, US",2026-03-06,4.34,11.4,58.0,0.058
15,dust,"Phoenix AZ, US",2026-03-07,9.79,20.5,113.5,0.1135
15,dust,"Phoenix AZ, US",2026-03-08,11.3,29.0,118.0,0.118
15,dust,"Phoenix AZ, US",2026-03-09,9.18,33.2,,
15,dust,"Phoenix AZ, US",2026-03-10,5.75,11.7,,
15,dust,"Phoenix AZ, US",2026-03-11,9.52,17.8,92.5,0.0925
15,dust,"Phoenix AZ, US",2026-03-12,15.4,34.9,71.33,0.0713
15,dust,"Phoenix AZ, US",2026-03-13,10.8,25.6,71.0,0.071
15,dust,"Phoenix AZ, US",2026-03-14,8.68,20.9,,
15,dust,"Phoenix AZ, US",2026-03-15,6.46,12.9,225.0,0.225
15,dust,"Phoenix AZ, US",2026-03-16,12.3,64.9,146.0,0.146
15,dust,"Phoenix AZ, US",2026-03-17,14.5,38.5,71.0,0.071
15,dust,"Phoenix AZ, US",2026-03-18,12.9,40.0,45.5,0.0455
15,dust,"Phoenix AZ, US",2026-03-19,14.0,36.5,61.0,0.061
15,dust,"Phoenix AZ, US",2026-03-20,15.5,31.8,121.5,0.1215
15,dust,"Phoenix AZ, US",2026-03-21,10.8,24.9,33.0,0.033
15,dust,"Phoenix AZ, US",2026-03-22,8.3,13.9,,
15,dust,"Phoenix AZ, US",2026-03-23,8.35,24.6,81.0,0.081
15,dust,"Phoenix AZ, US",2026-03-24,11.0,31.8,63.0,0.063
15,dust,"Phoenix AZ, US",2026-03-25,15.4,52.2,121.0,0.121
15,dust,"Phoenix AZ, US",2026-03-26,11.3,35.3,35.5,0.0355
15,dust,"Phoenix AZ, US",2026-03-27,16.0,43.8,121.0,0.121
15,dust,"Phoenix AZ, US",2026-03-28,18.9,38.6,162.0,0.162
15,dust,"Phoenix AZ, US",2026-03-29,12.2,33.3,,
15,dust,"Phoenix AZ, US",2026-03-30,10.1,17.6,213.0,0.213
15,dust,"Phoenix AZ, US",2026-03-31,10.3,17.4,,
15,dust,"Phoenix AZ, US",2026-04-01,5.03,8.5,,
15,dust,"Phoenix AZ, US",2026-04-02,6.52,17.4,,
15,dust,"Phoenix AZ, US",2026-04-03,5.65,10.8,41.0,0.041
15,dust,"Phoenix AZ, US",2026-04-04,5.93,16.5,,
15,dust,"Phoenix AZ, US",2026-04-05,10.6,19.7,97.0,0.097
15,dust,"Phoenix AZ, US",2026-04-06,8.73,20.0,,
15,dust,"Phoenix AZ, US",2026-04-07,12.6,52.7,110.5,0.1105
15,dust,"Phoenix AZ, US",2026-04-08,13.2,40.9,68.0,0.068
15,dust,"Phoenix AZ, US",2026-04-09,8.94,25.1,198.0,0.198
15,dust,"Phoenix AZ, US",2026-04-10,8.96,16.7,,
15,dust,"Phoenix AZ, US",2026-04-11,2.84,6.7,114.0,0.114
15,dust,"Phoenix AZ, US",2026-04-12,3.27,5.8,,
15,dust,"Phoenix AZ, US",2026-04-13,4.71,8.6,,
15,dust,"Phoenix AZ, US",2026-04-14,4.32,12.4,130.0,0.13
15,dust,"Phoenix AZ, US",2026-04-15,9.94,26.7,57.5,0.0575
15,dust,"Phoenix AZ, US",2026-04-16,9.56,19.8,,
15,dust,"Phoenix AZ, US",2026-04-17,7.55,26.6,90.0,0.09
15,dust,"Phoenix AZ, US",2026-04-18,9.12,24.1,75.5,0.0755
15,dust,"Phoenix AZ, US",2026-04-19,15.2,35.1,,
15,dust,"Phoenix AZ, US",2026-04-20,10.1,31.6,65.5,0.0655
15,dust,"Phoenix AZ, US",2026-04-21,10.6,30.1,114.0,0.114
15,dust,"Phoenix AZ, US",2026-04-22,8.03,18.4,,
15,dust,"Phoenix AZ, US",2026-04-23,5.06,10.6,,
15,dust,"Phoenix AZ, US",2026-04-24,8.7,21.2,,
15,dust,"Phoenix AZ, US",2026-04-25,4.65,11.0,,
15,dust,"Phoenix AZ, US",2026-04-26,6.69,24.8,238.0,0.238
15,dust,"Phoenix AZ, US",2026-04-27,9.79,47.3,126.5,0.1265
15,dust,"Phoenix AZ, US",2026-04-28,9.55,25.3,65.0,0.065
15,dust,"Phoenix AZ, US",2026-04-29,15.1,46.0,221.0,0.221
15,dust,"Phoenix AZ, US",2026-04-30,20.2,95.0,,
15,dust,"Phoenix AZ, US",2026-05-01,7.24,16.3,,
16,dust,"El Paso TX, US",2025-11-01,8.36,17.06,6.0,0.006
16,dust,"El Paso TX, US",2025-11-02,14.0,37.65,131.0,0.131
16,dust,"El Paso TX, US",2025-11-03,20.8,59.15,29.5,0.0295
16,dust,"El Paso TX, US",2025-11-04,13.1,27.94,113.5,0.1135
16,dust,"El Paso TX, US",2025-11-05,10.0,22.75,89.0,0.089
16,dust,"El Paso TX, US",2025-11-06,11.0,29.56,23.0,0.023
16,dust,"El Paso TX, US",2025-11-07,9.86,15.1,157.5,0.1575
16,dust,"El Paso TX, US",2025-11-08,12.9,48.3,13.0,0.013
16,dust,"El Paso TX, US",2025-11-09,7.82,11.56,116.5,0.1165
16,dust,"El Paso TX, US",2025-11-10,18.5,66.3,92.0,0.092
16,dust,"El Paso TX, US",2025-11-11,16.4,31.06,21.0,0.021
16,dust,"El Paso TX, US",2025-11-12,12.6,22.34,143.0,0.143
16,dust,"El Paso TX, US",2025-11-13,11.6,16.03,60.0,0.06
16,dust,"El Paso TX, US",2025-11-14,21.7,44.02,114.5,0.1145
16,dust,"El Paso TX, US",2025-11-15,15.4,24.84,123.0,0.123
16,dust,"El Paso TX, US",2025-11-16,8.22,12.38,11.0,0.011
16,dust,"El Paso TX, US",2025-11-17,8.21,13.77,,
16,dust,"El Paso TX, US",2025-11-18,15.9,57.74,,
16,dust,"El Paso TX, US",2025-11-19,8.2,15.29,,
16,dust,"El Paso TX, US",2025-11-20,5.96,9.15,,
16,dust,"El Paso TX, US",2025-11-21,6.28,14.53,25.5,0.0255
16,dust,"El Paso TX, US",2025-11-22,7.44,13.73,69.0,0.069
16,dust,"El Paso TX, US",2025-11-23,5.32,7.36,33.5,0.0335
16,dust,"El Paso TX, US",2025-11-24,6.1,22.1,73.5,0.0735
16,dust,"El Paso TX, US",2025-11-25,6.52,12.05,99.0,0.099
16,dust,"El Paso TX, US",2025-11-26,10.2,24.36,28.0,0.028
16,dust,"El Paso TX, US",2025-11-27,11.1,23.83,223.0,0.223
16,dust,"El Paso TX, US",2025-11-28,11.9,20.77,,
16,dust,"El Paso TX, US",2025-11-29,10.1,24.37,84.0,0.084
16,dust,"El Paso TX, US",2025-11-30,10.3,17.63,,
16,dust,"El Paso TX, US",2025-12-01,9.19,20.36,5.0,0.005
16,dust,"El Paso TX, US",2025-12-02,10.5,28.68,104.0,0.104
16,dust,"El Paso TX, US",2025-12-03,11.6,26.29,60.5,0.0605
16,dust,"El Paso TX, US",2025-12-04,9.68,39.56,,
16,dust,"El Paso TX, US",2025-12-05,11.3,27.42,88.5,0.0885
16,dust,"El Paso TX, US",2025-12-06,7.01,13.52,4.0,0.004
16,dust,"El Paso TX, US",2025-12-07,12.4,53.37,92.5,0.0925
16,dust,"El Paso TX, US",2025-12-08,15.2,36.96,39.0,0.039
16,dust,"El Paso TX, US",2025-12-09,8.92,14.84,21.0,0.021
16,dust,"El Paso TX, US",2025-12-10,10.0,28.19,74.0,0.074
16,dust,"El Paso TX, US",2025-12-11,11.9,47.67,15.0,0.015
16,dust,"El Paso TX, US",2025-12-12,18.8,62.01,114.0,0.114
16,dust,"El Paso TX, US",2025-12-13,20.2,59.52,,
16,dust,"El Paso TX, US",2025-12-14,18.0,52.28,190.0,0.19
16,dust,"El Paso TX, US",2025-12-15,24.4,52.68,,
16,dust,"El Paso TX, US",2025-12-16,18.6,44.31,38.0,0.038
16,dust,"El Paso TX, US",2025-12-17,11.6,14.83,90.0,0.09
16,dust,"El Paso TX, US",2025-12-18,20.5,65.42,21.0,0.021
16,dust,"El Paso TX, US",2025-12-19,15.7,39.13,86.5,0.0865
16,dust,"El Paso TX, US",2025-12-20,10.6,22.5,58.5,0.0585
16,dust,"El Paso TX, US",2025-12-21,16.8,52.35,9.0,0.009
16,dust,"El Paso TX, US",2025-12-22,40.0,102.81,107.5,0.1075
16,dust,"El Paso TX, US",2025-12-23,39.7,74.21,41.0,0.041
16,dust,"El Paso TX, US",2025-12-24,24.9,69.03,,
16,dust,"El Paso TX, US",2025-12-25,23.4,53.55,,
16,dust,"El Paso TX, US",2025-12-26,19.9,76.62,13.0,0.013
16,dust,"El Paso TX, US",2025-12-27,17.4,40.99,145.0,0.145
16,dust,"El Paso TX, US",2025-12-28,9.21,13.81,39.0,0.039
16,dust,"El Paso TX, US",2025-12-29,10.4,11.98,,
16,dust,"El Paso TX, US",2025-12-30,19.6,59.84,,
16,dust,"El Paso TX, US",2025-12-31,23.4,87.26,,
16,dust,"El Paso TX, US",2026-01-01,13.0,24.27,,
16,dust,"El Paso TX, US",2026-01-02,9.5,15.86,46.0,0.046
16,dust,"El Paso TX, US",2026-01-03,20.2,86.32,34.0,0.034
16,dust,"El Paso TX, US",2026-01-04,19.7,49.18,,
16,dust,"El Paso TX, US",2026-01-05,16.4,41.54,,
16,dust,"El Paso TX, US",2026-01-06,20.1,50.08,184.0,0.184
16,dust,"El Paso TX, US",2026-01-07,20.3,41.22,,
16,dust,"El Paso TX, US",2026-01-08,9.16,16.47,141.0,0.141
16,dust,"El Paso TX, US",2026-01-09,9.24,10.78,56.5,0.0565
16,dust,"El Paso TX, US",2026-01-10,10.5,12.75,53.0,0.053
16,dust,"El Paso TX, US",2026-01-11,11.0,14.94,184.0,0.184
16,dust,"El Paso TX, US",2026-01-12,15.7,49.46,69.0,0.069
16,dust,"El Paso TX, US",2026-01-13,17.4,35.53,100.0,0.1
16,dust,"El Paso TX, US",2026-01-14,14.3,26.64,45.5,0.0455
16,dust,"El Paso TX, US",2026-01-15,18.3,38.22,19.0,0.019
16,dust,"El Paso TX, US",2026-01-16,14.1,22.89,94.5,0.0945
16,dust,"El Paso TX, US",2026-01-17,20.4,36.81,31.0,0.031
16,dust,"El Paso TX, US",2026-01-18,28.7,125.5,62.0,0.062
16,dust,"El Paso TX, US",2026-01-19,26.4,64.12,,
16,dust,"El Paso TX, US",2026-01-20,25.0,89.48,56.0,0.056
16,dust,"El Paso TX, US",2026-01-21,41.8,143.33,154.0,0.154
16,dust,"El Paso TX, US",2026-01-22,53.9,112.37,,
16,dust,"El Paso TX, US",2026-01-23,16.4,50.18,,
16,dust,"El Paso TX, US",2026-01-24,15.6,29.68,,
16,dust,"El Paso TX, US",2026-01-25,15.9,30.55,144.0,0.144
16,dust,"El Paso TX, US",2026-01-26,19.2,44.84,,
16,dust,"El Paso TX, US",2026-01-27,23.9,84.43,45.0,0.045
16,dust,"El Paso TX, US",2026-01-28,34.8,84.68,,
16,dust,"El Paso TX, US",2026-01-29,19.2,35.93,,
16,dust,"El Paso TX, US",2026-01-30,15.8,43.32,50.0,0.05
16,dust,"El Paso TX, US",2026-01-31,43.6,107.74,160.0,0.16
16,dust,"El Paso TX, US",2026-02-01,36.9,149.54,41.0,0.041
16,dust,"El Paso TX, US",2026-02-02,19.8,35.3,69.0,0.069
16,dust,"El Paso TX, US",2026-02-03,19.0,69.64,63.5,0.0635
16,dust,"El Paso TX, US",2026-02-04,14.2,38.27,40.0,0.04
16,dust,"El Paso TX, US",2026-02-05,16.2,34.28,182.0,0.182
16,dust,"El Paso TX, US",2026-02-06,26.6,95.51,51.0,0.051
16,dust,"El Paso TX, US",2026-02-07,39.3,79.09,,
16,dust,"El Paso TX, US",2026-02-08,37.0,75.37,71.0,0.071
16,dust,"El Paso TX, US",2026-02-09,25.3,42.58,,
16,dust,"El Paso TX, US",2026-02-10,15.3,33.02,86.0,0.086
16,dust,"El Paso TX, US",2026-02-11,12.0,17.75,47.5,0.0475
16,dust,"El Paso TX, US",2026-02-12,21.2,42.05,,
16,dust,"El Paso TX, US",2026-02-13,17.8,32.89,,
16,dust,"El Paso TX, US",2026-02-14,9.78,16.18,38.0,0.038
16,dust,"El Paso TX, US",2026-02-15,21.8,55.89,244.0,0.244
16,dust,"El Paso TX, US",2026-02-16,19.1,37.01,30.0,0.03
16,dust,"El Paso TX, US",2026-02-17,21.5,84.87,,
16,dust,"El Paso TX, US",2026-02-18,25.6,79.43,565.5,0.5655
16,dust,"El Paso TX, US",2026-02-19,12.1,22.99,,
16,dust,"El Paso TX, US",2026-02-20,14.0,47.81,128.5,0.1285
16,dust,"El Paso TX, US",2026-02-21,10.2,13.8,35.5,0.0355
16,dust,"El Paso TX, US",2026-02-22,10.5,10.97,384.0,0.384
16,dust,"El Paso TX, US",2026-02-23,18.0,47.41,83.0,0.083
16,dust,"El Paso TX, US",2026-02-24,17.8,32.77,,
16,dust,"El Paso TX, US",2026-02-25,11.7,25.87,,
16,dust,"El Paso TX, US",2026-02-26,13.0,34.71,67.5,0.0675
16,dust,"El Paso TX, US",2026-02-27,13.1,23.14,140.0,0.14
16,dust,"El Paso TX, US",2026-02-28,13.7,37.52,95.0,0.095
16,dust,"El Paso TX, US",2026-03-01,14.4,28.98,,
16,dust,"El Paso TX, US",2026-03-02,12.0,34.59,50.0,0.05
16,dust,"El Paso TX, US",2026-03-03,11.8,17.28,77.0,0.077
16,dust,"El Paso TX, US",2026-03-04,14.8,46.33,163.5,0.1635
16,dust,"El Paso TX, US",2026-03-05,16.2,32.8,74.5,0.0745
16,dust,"El Paso TX, US",2026-03-06,11.4,28.9,55.0,0.055
16,dust,"El Paso TX, US",2026-03-07,7.24,16.11,82.0,0.082
16,dust,"El Paso TX, US",2026-03-08,7.8,15.47,80.0,0.08
16,dust,"El Paso TX, US",2026-03-09,11.8,27.02,74.0,0.074
16,dust,"El Paso TX, US",2026-03-10,6.54,9.79,,
16,dust,"El Paso TX, US",2026-03-11,7.24,11.03,60.0,0.06
16,dust,"El Paso TX, US",2026-03-12,12.9,20.73,133.0,0.133
16,dust,"El Paso TX, US",2026-03-13,9.99,28.56,27.0,0.027
16,dust,"El Paso TX, US",2026-03-14,6.55,8.37,,
16,dust,"El Paso TX, US",2026-03-15,12.6,50.84,120.0,0.12
16,dust,"El Paso TX, US",2026-03-16,15.1,28.02,,
16,dust,"El Paso TX, US",2026-03-17,13.6,22.63,51.0,0.051
16,dust,"El Paso TX, US",2026-03-18,12.4,20.46,14.0,0.014
16,dust,"El Paso TX, US",2026-03-19,14.3,28.2,120.5,0.1205
16,dust,"El Paso TX, US",2026-03-20,12.6,42.89,51.0,0.051
16,dust,"El Paso TX, US",2026-03-21,16.2,26.98,33.0,0.033
16,dust,"El Paso TX, US",2026-03-22,10.4,18.45,,
16,dust,"El Paso TX, US",2026-03-23,11.6,20.24,32.0,0.032
16,dust,"El Paso TX, US",2026-03-24,11.4,21.93,201.5,0.2015
16,dust,"El Paso TX, US",2026-03-25,8.28,15.43,70.5,0.0705
16,dust,"El Paso TX, US",2026-03-26,7.39,9.24,44.5,0.0445
16,dust,"El Paso TX, US",2026-03-27,12.0,21.74,87.0,0.087
16,dust,"El Paso TX, US",2026-03-28,12.5,47.14,126.0,0.126
16,dust,"El Paso TX, US",2026-03-29,16.1,29.0,311.0,0.311
16,dust,"El Paso TX, US",2026-03-30,8.46,11.11,223.0,0.223
16,dust,"El Paso TX, US",2026-03-31,9.26,15.28,,
16,dust,"El Paso TX, US",2026-04-01,11.1,29.71,,
16,dust,"El Paso TX, US",2026-04-02,7.71,15.31,49.5,0.0495
16,dust,"El Paso TX, US",2026-04-03,7.6,15.27,278.0,0.278
16,dust,"El Paso TX, US",2026-04-04,8.03,10.94,,
16,dust,"El Paso TX, US",2026-04-05,6.64,10.24,,
16,dust,"El Paso TX, US",2026-04-06,5.31,6.05,,
16,dust,"El Paso TX, US",2026-04-07,4.92,5.4,,
16,dust,"El Paso TX, US",2026-04-08,11.2,18.57,223.0,0.223
16,dust,"El Paso TX, US",2026-04-09,13.2,24.41,97.0,0.097
16,dust,"El Paso TX, US",2026-04-10,14.1,46.37,,
16,dust,"El Paso TX, US",2026-04-11,6.56,9.28,,
16,dust,"El Paso TX, US",2026-04-12,7.71,13.39,,
16,dust,"El Paso TX, US",2026-04-13,10.6,18.97,,
16,dust,"El Paso TX, US",2026-04-14,7.49,22.81,,
16,dust,"El Paso TX, US",2026-04-15,7.17,14.18,38.5,0.0385
16,dust,"El Paso TX, US",2026-04-16,10.3,12.72,222.0,0.222
16,dust,"El Paso TX, US",2026-04-17,7.58,14.89,70.0,0.07
16,dust,"El Paso TX, US",2026-04-18,7.33,10.43,87.0,0.087
16,dust,"El Paso TX, US",2026-04-19,6.58,7.98,,
16,dust,"El Paso TX, US",2026-04-20,5.67,7.04,73.0,0.073
16,dust,"El Paso TX, US",2026-04-21,7.26,11.1,336.0,0.336
16,dust,"El Paso TX, US",2026-04-22,7.14,8.84,27.0,0.027
16,dust,"El Paso TX, US",2026-04-23,6.86,8.46,374.0,0.374
16,dust,"El Paso TX, US",2026-04-24,7.39,8.9,189.0,0.189
16,dust,"El Paso TX, US",2026-04-25,7.17,8.76,,
16,dust,"El Paso TX, US",2026-04-26,33.0,85.72,628.5,0.6285
16,dust,"El Paso TX, US",2026-04-27,6.75,8.05,59.5,0.0595
16,dust,"El Paso TX, US",2026-04-28,7.71,10.77,369.0,0.369
16,dust,"El Paso TX, US",2026-04-29,9.53,14.17,,
16,dust,"El Paso TX, US",2026-04-30,7.74,14.29,,
16,dust,"El Paso TX, US",2026-05-01,4.3,5.19,,
17,dust,"Dubai, AE",2025-10-31,39.4,48.21,,
17,dust,"Dubai, AE",2025-11-01,48.9,65.6,123.5,0.1235
17,dust,"Dubai, AE",2025-11-02,58.3,87.82,223.0,0.223
17,dust,"Dubai, AE",2025-11-03,45.5,62.62,146.0,0.146
17,dust,"Dubai, AE",2025-11-04,36.3,41.07,143.0,0.143
17,dust,"Dubai, AE",2025-11-05,33.0,39.25,1136.5,1.1365
17,dust,"Dubai, AE",2025-11-06,12.4,17.4,245.0,0.245
17,dust,"Dubai, AE",2025-11-07,10.6,22.55,139.0,0.139
17,dust,"Dubai, AE",2025-11-08,25.0,40.29,107.0,0.107
17,dust,"Dubai, AE",2025-11-09,43.5,53.88,60.0,0.06
17,dust,"Dubai, AE",2025-11-10,49.4,65.98,165.0,0.165
17,dust,"Dubai, AE",2025-11-11,40.0,54.97,109.0,0.109
17,dust,"Dubai, AE",2025-11-12,25.9,32.46,,
17,dust,"Dubai, AE",2025-11-13,40.7,48.05,134.0,0.134
17,dust,"Dubai, AE",2025-11-14,45.9,55.22,51.0,0.051
17,dust,"Dubai, AE",2025-11-15,48.0,57.41,130.0,0.13
17,dust,"Dubai, AE",2025-11-16,48.5,66.69,110.0,0.11
17,dust,"Dubai, AE",2025-11-17,65.8,120.99,,
17,dust,"Dubai, AE",2025-11-18,86.5,119.65,133.5,0.1335
17,dust,"Dubai, AE",2025-11-19,68.1,119.71,66.5,0.0665
17,dust,"Dubai, AE",2025-11-20,56.4,95.23,120.0,0.12
17,dust,"Dubai, AE",2025-11-21,39.8,77.47,90.5,0.0905
17,dust,"Dubai, AE",2025-11-22,31.8,35.96,11.0,0.011
17,dust,"Dubai, AE",2025-11-23,29.1,35.62,113.5,0.1135
17,dust,"Dubai, AE",2025-11-24,29.4,36.13,49.5,0.0495
17,dust,"Dubai, AE",2025-11-25,42.4,55.02,106.5,0.1065
17,dust,"Dubai, AE",2025-11-26,46.7,51.13,133.0,0.133
17,dust,"Dubai, AE",2025-11-27,42.3,53.97,12.0,0.012
17,dust,"Dubai, AE",2025-11-28,48.5,62.56,168.0,0.168
17,dust,"Dubai, AE",2025-11-29,45.8,62.63,116.0,0.116
17,dust,"Dubai, AE",2025-11-30,51.6,92.89,103.0,0.103
17,dust,"Dubai, AE",2025-12-01,83.7,116.68,616.0,0.616
17,dust,"Dubai, AE",2025-12-02,105.0,144.82,144.0,0.144
17,dust,"Dubai, AE",2025-12-03,67.5,119.04,215.0,0.215
17,dust,"Dubai, AE",2025-12-04,44.9,63.67,113.0,0.113
17,dust,"Dubai, AE",2025-12-05,41.1,62.18,,
17,dust,"Dubai, AE",2025-12-06,32.1,46.45,142.0,0.142
17,dust,"Dubai, AE",2025-12-07,23.1,26.8,57.0,0.057
17,dust,"Dubai, AE",2025-12-08,28.5,37.76,99.0,0.099
17,dust,"Dubai, AE",2025-12-09,31.8,36.87,54.0,0.054
17,dust,"Dubai, AE",2025-12-10,32.0,41.44,128.0,0.128
17,dust,"Dubai, AE",2025-12-11,28.3,41.07,,
17,dust,"Dubai, AE",2025-12-12,21.1,32.26,,
17,dust,"Dubai, AE",2025-12-13,20.4,26.95,136.0,0.136
17,dust,"Dubai, AE",2025-12-14,24.2,34.73,,
17,dust,"Dubai, AE",2025-12-15,11.7,32.72,117.0,0.117
17,dust,"Dubai, AE",2025-12-16,30.3,42.23,,
17,dust,"Dubai, AE",2025-12-17,27.8,38.06,,
17,dust,"Dubai, AE",2025-12-18,21.8,31.91,,
17,dust,"Dubai, AE",2025-12-19,27.5,37.48,,
17,dust,"Dubai, AE",2025-12-20,21.9,30.68,444.0,0.444
17,dust,"Dubai, AE",2025-12-21,18.4,35.09,113.0,0.113
17,dust,"Dubai, AE",2025-12-22,20.2,37.32,60.0,0.06
17,dust,"Dubai, AE",2025-12-23,16.5,31.39,93.0,0.093
17,dust,"Dubai, AE",2025-12-24,46.7,72.27,,
17,dust,"Dubai, AE",2025-12-25,64.7,93.33,,
17,dust,"Dubai, AE",2025-12-26,65.7,100.17,252.0,0.252
17,dust,"Dubai, AE",2025-12-27,45.0,74.72,129.0,0.129
17,dust,"Dubai, AE",2025-12-28,36.3,44.21,82.0,0.082
17,dust,"Dubai, AE",2025-12-29,8.81,31.34,224.0,0.224
17,dust,"Dubai, AE",2025-12-30,13.5,72.61,133.0,0.133
17,dust,"Dubai, AE",2025-12-31,12.8,31.29,,
17,dust,"Dubai, AE",2026-01-01,27.7,72.55,50.0,0.05
17,dust,"Dubai, AE",2026-01-02,58.8,136.84,105.5,0.1055
17,dust,"Dubai, AE",2026-01-03,37.3,63.16,63.5,0.0635
17,dust,"Dubai, AE",2026-01-04,18.4,31.78,199.0,0.199
17,dust,"Dubai, AE",2026-01-05,18.3,33.25,61.0,0.061
17,dust,"Dubai, AE",2026-01-06,17.9,28.65,86.5,0.0865
17,dust,"Dubai, AE",2026-01-07,28.0,40.71,75.5,0.0755
17,dust,"Dubai, AE",2026-01-08,48.0,62.92,66.0,0.066
17,dust,"Dubai, AE",2026-01-09,56.6,104.69,178.0,0.178
17,dust,"Dubai, AE",2026-01-10,66.9,88.22,,
17,dust,"Dubai, AE",2026-01-11,69.3,97.36,113.5,0.1135
17,dust,"Dubai, AE",2026-01-12,74.3,106.19,137.5,0.1375
17,dust,"Dubai, AE",2026-01-13,61.6,97.2,90.5,0.0905
17,dust,"Dubai, AE",2026-01-14,38.3,48.15,108.0,0.108
17,dust,"Dubai, AE",2026-01-15,7.94,24.59,170.0,0.17
17,dust,"Dubai, AE",2026-01-16,22.0,33.78,78.0,0.078
17,dust,"Dubai, AE",2026-01-17,29.5,45.38,,
17,dust,"Dubai, AE",2026-01-18,38.4,60.75,61.5,0.0615
17,dust,"Dubai, AE",2026-01-19,45.0,73.96,140.0,0.14
17,dust,"Dubai, AE",2026-01-20,48.0,99.0,84.5,0.0845
17,dust,"Dubai, AE",2026-01-21,6.33,10.08,69.0,0.069
17,dust,"Dubai, AE",2026-01-22,9.74,22.24,98.5,0.0985
17,dust,"Dubai, AE",2026-01-23,14.3,29.48,,
17,dust,"Dubai, AE",2026-01-26,10.4,11.72,,
17,dust,"Dubai, AE",2026-01-27,18.8,26.24,,
17,dust,"Dubai, AE",2026-01-28,24.3,32.46,78.0,0.078
17,dust,"Dubai, AE",2026-01-29,34.7,43.57,129.0,0.129
17,dust,"Dubai, AE",2026-01-30,28.5,55.11,84.0,0.084
17,dust,"Dubai, AE",2026-01-31,34.7,46.38,38.0,0.038
17,dust,"Dubai, AE",2026-02-01,35.8,55.34,223.5,0.2235
17,dust,"Dubai, AE",2026-02-02,54.3,105.57,9.0,0.009
17,dust,"Dubai, AE",2026-02-03,34.8,62.62,57.0,0.057
17,dust,"Dubai, AE",2026-02-04,34.0,56.59,121.0,0.121
17,dust,"Dubai, AE",2026-02-05,40.9,56.85,173.0,0.173
17,dust,"Dubai, AE",2026-02-06,44.8,70.15,,
17,dust,"Dubai, AE",2026-02-07,35.6,49.8,75.0,0.075
17,dust,"Dubai, AE",2026-02-08,36.4,52.04,168.0,0.168
17,dust,"Dubai, AE",2026-02-09,48.9,77.92,68.0,0.068
17,dust,"Dubai, AE",2026-02-10,53.1,100.99,,
17,dust,"Dubai, AE",2026-02-11,36.7,44.87,54.0,0.054
17,dust,"Dubai, AE",2026-02-12,36.5,48.29,59.0,0.059
17,dust,"Dubai, AE",2026-02-13,31.6,44.73,78.0,0.078
17,dust,"Dubai, AE",2026-02-14,26.0,38.31,48.0,0.048
17,dust,"Dubai, AE",2026-02-15,30.0,41.27,46.0,0.046
17,dust,"Dubai, AE",2026-02-16,27.8,45.27,200.0,0.2
17,dust,"Dubai, AE",2026-02-17,11.3,28.81,91.5,0.0915
17,dust,"Dubai, AE",2026-02-18,16.3,40.82,104.5,0.1045
17,dust,"Dubai, AE",2026-02-19,17.6,35.48,41.0,0.041
17,dust,"Dubai, AE",2026-02-20,40.3,62.11,11.0,0.011
17,dust,"Dubai, AE",2026-02-21,51.9,98.29,78.5,0.0785
17,dust,"Dubai, AE",2026-02-22,76.7,127.09,73.0,0.073
17,dust,"Dubai, AE",2026-02-23,78.1,124.47,79.0,0.079
17,dust,"Dubai, AE",2026-02-24,64.1,107.7,65.5,0.0655
17,dust,"Dubai, AE",2026-02-25,47.8,127.7,28.0,0.028
17,dust,"Dubai, AE",2026-02-26,31.7,45.7,119.0,0.119
17,dust,"Dubai, AE",2026-02-27,48.1,71.1,69.0,0.069
17,dust,"Dubai, AE",2026-02-28,36.7,49.1,259.5,0.2595
17,dust,"Dubai, AE",2026-03-01,28.1,36.4,134.0,0.134
17,dust,"Dubai, AE",2026-03-02,27.7,31.5,65.0,0.065
17,dust,"Dubai, AE",2026-03-03,27.6,36.7,162.0,0.162
17,dust,"Dubai, AE",2026-03-04,27.3,38.5,146.0,0.146
17,dust,"Dubai, AE",2026-03-05,20.1,33.1,,
17,dust,"Dubai, AE",2026-03-06,29.6,67.4,,
17,dust,"Dubai, AE",2026-03-07,49.1,79.0,,
17,dust,"Dubai, AE",2026-03-08,25.1,35.0,,
17,dust,"Dubai, AE",2026-03-09,34.4,69.1,,
17,dust,"Dubai, AE",2026-03-10,8.05,19.4,,
17,dust,"Dubai, AE",2026-03-11,18.0,25.8,,
17,dust,"Dubai, AE",2026-03-12,14.8,25.3,,
17,dust,"Dubai, AE",2026-03-13,34.9,88.7,,
17,dust,"Dubai, AE",2026-03-14,42.2,68.8,85.0,0.085
17,dust,"Dubai, AE",2026-03-15,29.7,37.8,40.5,0.0405
17,dust,"Dubai, AE",2026-03-16,35.4,40.4,172.5,0.1725
17,dust,"Dubai, AE",2026-03-17,24.7,46.8,,
17,dust,"Dubai, AE",2026-03-18,16.7,28.8,,
17,dust,"Dubai, AE",2026-03-19,16.7,29.2,58.0,0.058
17,dust,"Dubai, AE",2026-03-20,19.7,29.7,,
17,dust,"Dubai, AE",2026-03-21,9.83,19.7,,
17,dust,"Dubai, AE",2026-03-22,7.66,14.6,59.0,0.059
17,dust,"Dubai, AE",2026-03-23,11.9,31.2,,
17,dust,"Dubai, AE",2026-03-24,4.55,25.8,,
17,dust,"Dubai, AE",2026-03-25,3.33,14.4,,
17,dust,"Dubai, AE",2026-03-26,2.3,13.1,,
17,dust,"Dubai, AE",2026-03-27,1.44,5.8,,
17,dust,"Dubai, AE",2026-03-28,3.98,15.3,149.0,0.149
17,dust,"Dubai, AE",2026-03-29,7.2,19.2,23.0,0.023
17,dust,"Dubai, AE",2026-03-30,14.8,30.0,,
17,dust,"Dubai, AE",2026-03-31,20.9,43.0,,
17,dust,"Dubai, AE",2026-04-01,21.1,32.7,120.0,0.12
17,dust,"Dubai, AE",2026-04-02,34.9,44.7,56.0,0.056
17,dust,"Dubai, AE",2026-04-03,42.4,48.8,69.0,0.069
17,dust,"Dubai, AE",2026-04-04,34.7,68.4,,
17,dust,"Dubai, AE",2026-04-05,15.9,32.4,,
17,dust,"Dubai, AE",2026-04-06,14.5,25.3,329.0,0.329
17,dust,"Dubai, AE",2026-04-07,19.7,30.9,186.5,0.1865
17,dust,"Dubai, AE",2026-04-08,23.8,31.5,51.0,0.051
17,dust,"Dubai, AE",2026-04-09,14.4,23.2,,
17,dust,"Dubai, AE",2026-04-10,16.6,28.0,,
17,dust,"Dubai, AE",2026-04-11,8.84,19.9,,
17,dust,"Dubai, AE",2026-04-12,13.5,25.6,,
17,dust,"Dubai, AE",2026-04-13,22.9,31.8,,
17,dust,"Dubai, AE",2026-04-14,19.7,32.0,,
17,dust,"Dubai, AE",2026-04-15,12.9,19.0,,
17,dust,"Dubai, AE",2026-04-16,19.4,35.3,,
17,dust,"Dubai, AE",2026-04-17,29.9,42.3,110.0,0.11
17,dust,"Dubai, AE",2026-04-18,30.2,41.6,40.0,0.04
17,dust,"Dubai, AE",2026-04-19,42.2,70.1,111.5,0.1115
17,dust,"Dubai, AE",2026-04-20,38.4,53.5,82.0,0.082
17,dust,"Dubai, AE",2026-04-21,26.2,40.3,,
17,dust,"Dubai, AE",2026-04-22,16.9,21.9,171.0,0.171
17,dust,"Dubai, AE",2026-04-23,8.24,21.5,36.0,0.036
17,dust,"Dubai, AE",2026-04-24,34.5,60.9,119.0,0.119
17,dust,"Dubai, AE",2026-04-25,33.2,48.0,,
17,dust,"Dubai, AE",2026-04-26,17.1,31.4,,
17,dust,"Dubai, AE",2026-04-27,28.1,35.8,106.0,0.106
17,dust,"Dubai, AE",2026-04-28,22.4,35.0,79.0,0.079
17,dust,"Dubai, AE",2026-04-29,24.8,36.8,,
17,dust,"Dubai, AE",2026-04-30,29.6,51.7,78.5,0.0785
18,dust,"Jaipur, IN",2025-10-31,53.1,77.45,,
18,dust,"Jaipur, IN",2025-11-01,85.7,140.03,1039.0,1.039
18,dust,"Jaipur, IN",2025-11-02,72.8,119.75,668.0,0.668
18,dust,"Jaipur, IN",2025-11-03,32.2,47.83,333.5,0.3335
18,dust,"Jaipur, IN",2025-11-04,50.2,79.6,691.0,0.691
18,dust,"Jaipur, IN",2025-11-05,74.3,123.5,239.0,0.239
18,dust,"Jaipur, IN",2025-11-06,59.3,81.75,463.0,0.463
18,dust,"Jaipur, IN",2025-11-07,74.0,100.18,154.0,0.154
18,dust,"Jaipur, IN",2025-11-08,83.6,116.32,353.5,0.3535
18,dust,"Jaipur, IN",2025-11-09,99.2,150.35,395.0,0.395
18,dust,"Jaipur, IN",2025-11-10,88.8,143.25,,
18,dust,"Jaipur, IN",2025-11-11,80.0,124.2,610.5,0.6105
18,dust,"Jaipur, IN",2025-11-12,125.0,569.1,262.5,0.2625
18,dust,"Jaipur, IN",2025-11-13,90.0,148.12,317.0,0.317
18,dust,"Jaipur, IN",2025-11-14,67.0,104.25,373.5,0.3735
18,dust,"Jaipur, IN",2025-11-15,77.3,112.57,324.0,0.324
18,dust,"Jaipur, IN",2025-11-16,74.3,107.58,381.5,0.3815
18,dust,"Jaipur, IN",2025-11-17,90.2,139.4,327.5,0.3275
18,dust,"Jaipur, IN",2025-11-18,97.3,121.7,399.5,0.3995
18,dust,"Jaipur, IN",2025-11-19,97.3,125.78,402.0,0.402
18,dust,"Jaipur, IN",2025-11-20,124.0,156.47,,
18,dust,"Jaipur, IN",2025-11-21,114.0,182.88,1181.0,1.181
18,dust,"Jaipur, IN",2025-11-22,106.0,146.97,814.5,0.8145
18,dust,"Jaipur, IN",2025-11-23,85.2,129.18,685.5,0.6855
18,dust,"Jaipur, IN",2025-11-24,82.5,115.5,525.0,0.525
18,dust,"Jaipur, IN",2025-11-25,77.1,92.27,271.0,0.271
18,dust,"Jaipur, IN",2025-11-26,77.2,96.0,635.5,0.6355
18,dust,"Jaipur, IN",2025-11-27,84.3,113.63,1314.0,1.314
18,dust,"Jaipur, IN",2025-11-28,99.1,133.43,1090.0,1.09
18,dust,"Jaipur, IN",2025-11-29,97.1,141.5,890.0,0.89
18,dust,"Jaipur, IN",2025-11-30,86.8,118.7,,
18,dust,"Jaipur, IN",2025-12-01,71.0,125.57,942.0,0.942
18,dust,"Jaipur, IN",2025-12-02,82.3,115.95,482.5,0.4825
18,dust,"Jaipur, IN",2025-12-03,83.1,139.3,551.5,0.5515
18,dust,"Jaipur, IN",2025-12-04,71.8,111.85,376.0,0.376
18,dust,"Jaipur, IN",2025-12-05,87.7,154.9,197.0,0.197
18,dust,"Jaipur, IN",2025-12-06,86.7,137.82,327.0,0.327
18,dust,"Jaipur, IN",2025-12-07,78.0,132.9,204.5,0.2045
18,dust,"Jaipur, IN",2025-12-08,89.3,138.9,230.0,0.23
18,dust,"Jaipur, IN",2025-12-09,76.7,147.22,185.0,0.185
18,dust,"Jaipur, IN",2025-12-10,75.1,143.57,174.0,0.174
18,dust,"Jaipur, IN",2025-12-11,75.4,139.0,202.0,0.202
18,dust,"Jaipur, IN",2025-12-12,70.6,116.2,191.0,0.191
18,dust,"Jaipur, IN",2025-12-13,78.2,148.3,267.0,0.267
18,dust,"Jaipur, IN",2025-12-14,85.6,111.3,,
18,dust,"Jaipur, IN",2025-12-15,89.5,137.8,451.0,0.451
18,dust,"Jaipur, IN",2025-12-16,91.3,138.1,230.5,0.2305
18,dust,"Jaipur, IN",2025-12-17,76.6,122.98,170.5,0.1705
18,dust,"Jaipur, IN",2025-12-18,71.7,102.73,154.0,0.154
18,dust,"Jaipur, IN",2025-12-19,63.1,100.45,224.5,0.2245
18,dust,"Jaipur, IN",2025-12-20,138.0,810.93,267.0,0.267
18,dust,"Jaipur, IN",2025-12-21,86.2,118.75,,
18,dust,"Jaipur, IN",2025-12-22,68.1,95.45,490.0,0.49
18,dust,"Jaipur, IN",2025-12-23,61.7,99.8,258.0,0.258
18,dust,"Jaipur, IN",2025-12-24,61.9,90.98,202.5,0.2025
18,dust,"Jaipur, IN",2025-12-25,68.9,117.7,286.5,0.2865
18,dust,"Jaipur, IN",2025-12-26,84.4,158.2,292.0,0.292
18,dust,"Jaipur, IN",2025-12-27,79.6,137.33,201.0,0.201
18,dust,"Jaipur, IN",2025-12-28,71.2,119.78,,
18,dust,"Jaipur, IN",2025-12-29,71.3,96.95,265.0,0.265
18,dust,"Jaipur, IN",2025-12-30,84.7,114.1,,
18,dust,"Jaipur, IN",2025-12-31,79.9,103.72,,
18,dust,"Jaipur, IN",2026-01-01,66.0,109.0,,
18,dust,"Jaipur, IN",2026-01-02,69.5,102.2,,
18,dust,"Jaipur, IN",2026-01-03,79.6,107.2,,
18,dust,"Jaipur, IN",2026-01-04,99.6,159.07,873.0,0.873
18,dust,"Jaipur, IN",2026-01-05,115.0,180.8,2702.0,2.702
18,dust,"Jaipur, IN",2026-01-06,100.0,166.3,458.0,0.458
18,dust,"Jaipur, IN",2026-01-07,72.2,110.65,1433.0,1.433
18,dust,"Jaipur, IN",2026-01-08,95.2,352.1,441.0,0.441
18,dust,"Jaipur, IN",2026-01-09,80.5,96.97,655.0,0.655
18,dust,"Jaipur, IN",2026-01-10,,,1333.0,1.333
18,dust,"Jaipur, IN",2026-01-11,,,576.0,0.576
18,dust,"Jaipur, IN",2026-01-12,,,662.0,0.662
18,dust,"Jaipur, IN",2026-01-13,,,503.0,0.503
18,dust,"Jaipur, IN",2026-01-14,,,409.0,0.409
18,dust,"Jaipur, IN",2026-01-15,,,449.0,0.449
18,dust,"Jaipur, IN",2026-01-16,,,244.0,0.244
18,dust,"Jaipur, IN",2026-01-17,,,419.0,0.419
18,dust,"Jaipur, IN",2026-01-19,129.0,134.88,,
18,dust,"Jaipur, IN",2026-01-20,85.7,129.35,734.0,0.734
18,dust,"Jaipur, IN",2026-01-21,64.6,94.45,480.0,0.48
18,dust,"Jaipur, IN",2026-01-22,52.5,70.3,819.5,0.8195
18,dust,"Jaipur, IN",2026-01-23,60.6,79.4,,
18,dust,"Jaipur, IN",2026-01-24,72.0,155.0,,
18,dust,"Jaipur, IN",2026-01-25,65.8,80.92,281.5,0.2815
18,dust,"Jaipur, IN",2026-01-26,78.7,109.7,,
18,dust,"Jaipur, IN",2026-01-27,116.0,722.8,,
18,dust,"Jaipur, IN",2026-01-28,87.0,121.77,1037.0,1.037
18,dust,"Jaipur, IN",2026-01-29,71.2,116.65,,
18,dust,"Jaipur, IN",2026-01-30,55.7,70.43,335.0,0.335
18,dust,"Jaipur, IN",2026-01-31,58.5,102.2,,
18,dust,"Jaipur, IN",2026-02-01,67.9,82.65,,
18,dust,"Jaipur, IN",2026-02-02,71.0,93.82,249.0,0.249
18,dust,"Jaipur, IN",2026-02-03,52.1,75.7,598.0,0.598
18,dust,"Jaipur, IN",2026-02-04,73.9,119.17,362.5,0.3625
18,dust,"Jaipur, IN",2026-02-05,66.0,123.67,246.0,0.246
18,dust,"Jaipur, IN",2026-02-06,69.8,130.7,202.5,0.2025
18,dust,"Jaipur, IN",2026-02-07,127.0,133.33,255.5,0.2555
18,dust,"Jaipur, IN",2026-02-08,72.2,88.65,236.0,0.236
18,dust,"Jaipur, IN",2026-02-09,66.2,90.2,469.0,0.469
18,dust,"Jaipur, IN",2026-02-10,76.1,95.65,464.0,0.464
18,dust,"Jaipur, IN",2026-02-11,80.3,91.88,637.0,0.637
18,dust,"Jaipur, IN",2026-02-12,78.4,107.7,,
18,dust,"Jaipur, IN",2026-02-13,73.3,116.53,292.0,0.292
18,dust,"Jaipur, IN",2026-02-14,67.0,102.18,231.0,0.231
18,dust,"Jaipur, IN",2026-02-15,67.4,105.1,207.5,0.2075
18,dust,"Jaipur, IN",2026-02-16,59.2,71.15,351.0,0.351
18,dust,"Jaipur, IN",2026-02-17,52.5,60.68,718.0,0.718
18,dust,"Jaipur, IN",2026-02-18,43.2,65.62,,
18,dust,"Jaipur, IN",2026-02-19,53.2,93.65,869.5,0.8695
18,dust,"Jaipur, IN",2026-02-20,63.5,97.45,455.0,0.455
18,dust,"Jaipur, IN",2026-02-21,60.9,91.67,,
18,dust,"Jaipur, IN",2026-02-22,54.7,80.2,,
18,dust,"Jaipur, IN",2026-02-23,58.5,89.17,,
18,dust,"Jaipur, IN",2026-02-24,47.4,80.0,,
18,dust,"Jaipur, IN",2026-02-25,41.9,72.73,334.0,0.334
18,dust,"Jaipur, IN",2026-02-26,52.9,74.6,353.0,0.353
18,dust,"Jaipur, IN",2026-02-27,49.8,74.55,,
18,dust,"Jaipur, IN",2026-02-28,57.9,86.17,,
18,dust,"Jaipur, IN",2026-03-01,66.1,89.88,439.0,0.439
18,dust,"Jaipur, IN",2026-03-02,69.8,112.8,402.5,0.4025
18,dust,"Jaipur, IN",2026-03-03,47.1,83.03,345.5,0.3455
18,dust,"Jaipur, IN",2026-03-04,55.9,103.55,236.0,0.236
18,dust,"Jaipur, IN",2026-03-05,61.5,97.97,199.0,0.199
18,dust,"Jaipur, IN",2026-03-06,67.0,93.88,265.0,0.265
18,dust,"Jaipur, IN",2026-03-07,61.7,89.92,211.0,0.211
18,dust,"Jaipur, IN",2026-03-08,62.1,95.03,301.0,0.301
18,dust,"Jaipur, IN",2026-03-09,56.1,99.1,212.5,0.2125
18,dust,"Jaipur, IN",2026-03-10,72.2,95.55,211.0,0.211
18,dust,"Jaipur, IN",2026-03-11,63.2,81.35,399.0,0.399
18,dust,"Jaipur, IN",2026-03-12,59.8,74.2,,
18,dust,"Jaipur, IN",2026-03-13,54.4,77.62,,
18,dust,"Jaipur, IN",2026-03-14,68.7,90.0,398.0,0.398
18,dust,"Jaipur, IN",2026-03-15,63.2,87.12,,
18,dust,"Jaipur, IN",2026-03-16,61.2,84.9,280.0,0.28
18,dust,"Jaipur, IN",2026-03-17,60.4,76.38,,
18,dust,"Jaipur, IN",2026-03-18,44.0,83.47,591.0,0.591
18,dust,"Jaipur, IN",2026-03-19,27.2,44.92,,
18,dust,"Jaipur, IN",2026-03-20,35.2,62.95,,
18,dust,"Jaipur, IN",2026-03-21,43.3,73.72,,
18,dust,"Jaipur, IN",2026-03-22,43.3,69.2,,
18,dust,"Jaipur, IN",2026-03-23,46.3,71.7,,
18,dust,"Jaipur, IN",2026-03-24,39.4,67.28,405.0,0.405
18,dust,"Jaipur, IN",2026-03-25,122.0,705.0,,
18,dust,"Jaipur, IN",2026-03-26,46.2,64.38,,
18,dust,"Jaipur, IN",2026-03-27,44.1,74.12,,
18,dust,"Jaipur, IN",2026-03-28,51.5,60.15,,
18,dust,"Jaipur, IN",2026-03-29,39.3,59.3,,
18,dust,"Jaipur, IN",2026-03-30,36.5,52.35,,
18,dust,"Jaipur, IN",2026-03-31,29.2,61.62,,
18,dust,"Jaipur, IN",2026-04-01,46.6,83.2,,
18,dust,"Jaipur, IN",2026-04-02,89.1,207.5,,
18,dust,"Jaipur, IN",2026-04-03,40.7,58.0,,
18,dust,"Jaipur, IN",2026-04-04,37.8,62.7,,
18,dust,"Jaipur, IN",2026-04-05,33.0,49.83,,
18,dust,"Jaipur, IN",2026-04-06,32.8,50.4,,
18,dust,"Jaipur, IN",2026-04-07,62.6,65.0,,
18,dust,"Jaipur, IN",2026-04-08,36.9,88.5,,
18,dust,"Jaipur, IN",2026-04-09,49.7,95.0,,
18,dust,"Jaipur, IN",2026-04-10,64.8,98.78,,
18,dust,"Jaipur, IN",2026-04-11,54.7,104.45,327.0,0.327
18,dust,"Jaipur, IN",2026-04-12,54.1,81.97,320.0,0.32
18,dust,"Jaipur, IN",2026-04-13,79.7,217.77,335.0,0.335
18,dust,"Jaipur, IN",2026-04-14,59.2,79.6,374.0,0.374
18,dust,"Jaipur, IN",2026-04-15,51.9,74.7,,
18,dust,"Jaipur, IN",2026-04-16,65.8,100.1,336.0,0.336
18,dust,"Jaipur, IN",2026-04-17,58.4,92.2,,
18,dust,"Jaipur, IN",2026-04-18,66.7,104.57,321.5,0.3215
18,dust,"Jaipur, IN",2026-04-19,61.8,89.4,,
18,dust,"Jaipur, IN",2026-04-20,56.7,83.0,349.0,0.349
18,dust,"Jaipur, IN",2026-04-21,54.7,78.45,365.0,0.365
18,dust,"Jaipur, IN",2026-04-22,44.1,71.5,321.0,0.321
18,dust,"Jaipur, IN",2026-04-23,62.9,118.8,279.0,0.279
18,dust,"Jaipur, IN",2026-04-24,75.2,107.9,,
18,dust,"Jaipur, IN",2026-04-25,69.6,91.97,,
18,dust,"Jaipur, IN",2026-04-26,77.1,128.38,434.0,0.434
18,dust,"Jaipur, IN",2026-04-27,73.7,122.65,710.0,0.71
18,dust,"Jaipur, IN",2026-04-28,66.7,93.62,429.0,0.429
18,dust,"Jaipur, IN",2026-04-29,72.1,103.0,,
18,dust,"Jaipur, IN",2026-04-30,44.3,63.38,,
19,clean,"Hobart, AU",2025-10-31,14.4,36.46,,
19,clean,"Hobart, AU",2025-11-01,15.1,36.3,91.5,0.0915
19,clean,"Hobart, AU",2025-11-02,8.38,18.01,,
19,clean,"Hobart, AU",2025-11-03,0.88,5.58,,
19,clean,"Hobart, AU",2025-11-04,0.56,3.51,,
19,clean,"Hobart, AU",2025-11-05,0.17,0.64,,
19,clean,"Hobart, AU",2025-11-06,0.95,3.37,,
19,clean,"Hobart, AU",2025-11-07,1.19,5.71,,
19,clean,"Hobart, AU",2025-11-08,0.41,2.04,,
19,clean,"Hobart, AU",2025-11-09,0.1,0.63,,
19,clean,"Hobart, AU",2025-11-10,0.32,1.53,,
19,clean,"Hobart, AU",2025-11-11,0.08,0.67,,
19,clean,"Hobart, AU",2025-11-12,0.17,0.81,,
19,clean,"Hobart, AU",2025-11-13,0.09,0.22,,
19,clean,"Hobart, AU",2025-11-14,0.95,2.81,,
19,clean,"Hobart, AU",2025-11-15,1.93,4.63,39.0,0.039
19,clean,"Hobart, AU",2025-11-16,0.08,0.82,,
19,clean,"Hobart, AU",2025-11-17,0.17,1.7,,
19,clean,"Hobart, AU",2025-11-18,0.17,0.35,,
19,clean,"Hobart, AU",2025-11-19,0.16,0.9,,
19,clean,"Hobart, AU",2025-11-20,0.68,3.37,,
19,clean,"Hobart, AU",2025-11-21,0.7,2.14,88.0,0.088
19,clean,"Hobart, AU",2025-11-22,0.77,2.66,,
19,clean,"Hobart, AU",2025-11-23,1.27,8.03,,
19,clean,"Hobart, AU",2025-11-24,0.22,0.79,,
19,clean,"Hobart, AU",2025-11-25,0.04,0.37,,
19,clean,"Hobart, AU",2025-11-26,0.24,3.03,,
19,clean,"Hobart, AU",2025-11-27,0.06,0.2,,
19,clean,"Hobart, AU",2025-11-28,0.3,2.35,,
19,clean,"Hobart, AU",2025-11-29,1.17,6.86,,
19,clean,"Hobart, AU",2025-11-30,1.23,6.26,,
19,clean,"Hobart, AU",2025-12-01,0.12,1.01,,
19,clean,"Hobart, AU",2025-12-02,0.24,1.24,,
19,clean,"Hobart, AU",2025-12-03,0.9,2.53,68.0,0.068
19,clean,"Hobart, AU",2025-12-04,2.06,3.38,9.0,0.009
19,clean,"Hobart, AU",2025-12-05,1.53,10.14,,
19,clean,"Hobart, AU",2025-12-06,0.04,0.24,,
19,clean,"Hobart, AU",2025-12-07,0.09,0.5,,
19,clean,"Hobart, AU",2025-12-08,0.49,0.97,,
19,clean,"Hobart, AU",2025-12-09,0.9,3.31,,
19,clean,"Hobart, AU",2025-12-10,2.13,9.0,122.0,0.122
19,clean,"Hobart, AU",2025-12-11,2.67,5.54,,
19,clean,"Hobart, AU",2025-12-12,2.57,5.01,,
19,clean,"Hobart, AU",2025-12-13,0.28,2.48,,
19,clean,"Hobart, AU",2025-12-14,0.3,0.88,122.0,0.122
19,clean,"Hobart, AU",2025-12-15,0.54,3.99,,
19,clean,"Hobart, AU",2025-12-16,0.86,3.59,,
19,clean,"Hobart, AU",2025-12-17,1.26,3.38,,
19,clean,"Hobart, AU",2025-12-18,0.97,3.37,,
19,clean,"Hobart, AU",2025-12-19,0.6,1.38,,
19,clean,"Hobart, AU",2025-12-20,0.51,2.18,14.0,0.014
19,clean,"Hobart, AU",2025-12-21,0.07,0.6,,
19,clean,"Hobart, AU",2025-12-22,0.11,1.03,,
19,clean,"Hobart, AU",2025-12-23,0.41,0.94,,
19,clean,"Hobart, AU",2025-12-24,0.34,1.31,248.0,0.248
19,clean,"Hobart, AU",2025-12-25,0.67,1.45,,
19,clean,"Hobart, AU",2025-12-26,0.15,1.03,,
19,clean,"Hobart, AU",2025-12-27,0.48,1.19,15.0,0.015
19,clean,"Hobart, AU",2025-12-28,2.51,8.14,41.0,0.041
19,clean,"Hobart, AU",2025-12-29,1.02,2.46,,
19,clean,"Hobart, AU",2025-12-30,0.6,2.92,,
19,clean,"Hobart, AU",2025-12-31,0.79,3.21,37.0,0.037
19,clean,"Hobart, AU",2026-01-01,1.36,2.21,,
19,clean,"Hobart, AU",2026-01-02,2.58,3.68,,
19,clean,"Hobart, AU",2026-01-03,1.91,3.33,,
19,clean,"Hobart, AU",2026-01-04,1.52,3.9,91.0,0.091
19,clean,"Hobart, AU",2026-01-05,0.32,1.56,,
19,clean,"Hobart, AU",2026-01-06,2.16,3.11,4.0,0.004
19,clean,"Hobart, AU",2026-01-07,3.98,5.44,,
19,clean,"Hobart, AU",2026-01-08,4.7,9.01,32.0,0.032
19,clean,"Hobart, AU",2026-01-09,1.33,6.69,,
19,clean,"Hobart, AU",2026-01-10,0.09,0.43,,
19,clean,"Hobart, AU",2026-01-11,0.81,1.64,49.0,0.049
19,clean,"Hobart, AU",2026-01-12,1.25,3.03,,
19,clean,"Hobart, AU",2026-01-13,0.48,1.18,,
19,clean,"Hobart, AU",2026-01-14,1.11,3.84,,
19,clean,"Hobart, AU",2026-01-15,1.18,3.44,,
19,clean,"Hobart, AU",2026-01-16,0.38,0.77,,
19,clean,"Hobart, AU",2026-01-17,0.57,1.5,,
19,clean,"Hobart, AU",2026-01-18,0.57,4.86,,
19,clean,"Hobart, AU",2026-01-19,0.21,1.0,,
19,clean,"Hobart, AU",2026-01-20,1.9,4.0,,
19,clean,"Hobart, AU",2026-01-21,0.54,1.57,,
19,clean,"Hobart, AU",2026-01-22,1.15,6.32,,
19,clean,"Hobart, AU",2026-01-23,1.43,9.47,56.0,0.056
19,clean,"Hobart, AU",2026-01-24,2.71,7.24,,
19,clean,"Hobart, AU",2026-01-25,1.49,2.95,87.0,0.087
19,clean,"Hobart, AU",2026-01-26,2.09,4.72,25.0,0.025
19,clean,"Hobart, AU",2026-01-27,3.04,5.41,,
19,clean,"Hobart, AU",2026-01-28,1.84,4.59,,
19,clean,"Hobart, AU",2026-01-29,3.34,5.09,142.0,0.142
19,clean,"Hobart, AU",2026-01-30,2.47,3.66,,
19,clean,"Hobart, AU",2026-01-31,0.15,0.78,,
19,clean,"Hobart, AU",2026-02-01,1.18,4.21,,
19,clean,"Hobart, AU",2026-02-02,3.27,10.12,70.0,0.07
19,clean,"Hobart, AU",2026-02-03,2.06,4.31,65.5,0.0655
19,clean,"Hobart, AU",2026-02-04,0.27,0.48,37.0,0.037
19,clean,"Hobart, AU",2026-02-05,0.38,0.92,,
19,clean,"Hobart, AU",2026-02-06,0.14,1.49,,
19,clean,"Hobart, AU",2026-02-07,1.09,2.06,,
19,clean,"Hobart, AU",2026-02-08,2.64,6.36,,
19,clean,"Hobart, AU",2026-02-09,1.79,3.94,,
19,clean,"Hobart, AU",2026-02-10,3.52,6.94,68.0,0.068
19,clean,"Hobart, AU",2026-02-11,0.21,1.35,,
19,clean,"Hobart, AU",2026-02-12,0.28,1.81,,
19,clean,"Hobart, AU",2026-02-13,1.64,3.11,34.0,0.034
19,clean,"Hobart, AU",2026-02-14,1.73,2.89,,
19,clean,"Hobart, AU",2026-02-15,1.03,2.16,39.67,0.0397
19,clean,"Hobart, AU",2026-02-16,1.8,3.39,10.0,0.01
19,clean,"Hobart, AU",2026-02-17,0.44,1.28,59.0,0.059
19,clean,"Hobart, AU",2026-02-18,0.81,1.91,,
19,clean,"Hobart, AU",2026-02-19,2.15,3.27,87.0,0.087
19,clean,"Hobart, AU",2026-02-20,1.1,3.58,9.0,0.009
19,clean,"Hobart, AU",2026-02-21,2.15,4.9,92.5,0.0925
19,clean,"Hobart, AU",2026-02-22,0.46,1.71,,
19,clean,"Hobart, AU",2026-02-23,1.23,2.16,40.33,0.0403
19,clean,"Hobart, AU",2026-02-24,0.57,1.9,62.0,0.062
19,clean,"Hobart, AU",2026-02-25,0.69,3.2,,
19,clean,"Hobart, AU",2026-02-26,0.82,2.6,75.0,0.075
19,clean,"Hobart, AU",2026-02-27,0.73,1.8,77.5,0.0775
19,clean,"Hobart, AU",2026-02-28,0.61,1.2,,
19,clean,"Hobart, AU",2026-03-01,1.47,5.6,,
19,clean,"Hobart, AU",2026-03-02,1.0,1.6,,
19,clean,"Hobart, AU",2026-03-03,1.88,4.0,36.0,0.036
19,clean,"Hobart, AU",2026-03-04,0.31,1.6,52.0,0.052
19,clean,"Hobart, AU",2026-03-05,1.24,2.0,35.0,0.035
19,clean,"Hobart, AU",2026-03-06,0.88,2.8,,
19,clean,"Hobart, AU",2026-03-07,0.91,4.1,,
19,clean,"Hobart, AU",2026-03-08,1.01,2.2,,
19,clean,"Hobart, AU",2026-03-09,1.93,4.4,,
19,clean,"Hobart, AU",2026-03-10,0.72,2.6,,
19,clean,"Hobart, AU",2026-03-11,0.21,1.0,,
19,clean,"Hobart, AU",2026-03-12,0.49,4.8,,
19,clean,"Hobart, AU",2026-03-13,0.68,2.6,40.0,0.04
19,clean,"Hobart, AU",2026-03-14,0.93,3.4,,
19,clean,"Hobart, AU",2026-03-15,2.13,4.9,33.0,0.033
19,clean,"Hobart, AU",2026-03-16,0.82,3.6,,
19,clean,"Hobart, AU",2026-03-17,1.41,3.1,,
19,clean,"Hobart, AU",2026-03-18,1.59,8.7,27.0,0.027
19,clean,"Hobart, AU",2026-03-19,1.58,5.1,,
19,clean,"Hobart, AU",2026-03-20,21.7,103.6,57.0,0.057
19,clean,"Hobart, AU",2026-03-21,13.7,41.9,74.0,0.074
19,clean,"Hobart, AU",2026-03-22,6.01,17.0,,
19,clean,"Hobart, AU",2026-03-23,2.11,12.9,,
19,clean,"Hobart, AU",2026-03-24,6.69,11.6,,
19,clean,"Hobart, AU",2026-03-25,1.08,6.6,,
19,clean,"Hobart, AU",2026-03-26,0.4,3.1,,
19,clean,"Hobart, AU",2026-03-27,0.67,2.7,,
19,clean,"Hobart, AU",2026-03-28,0.5,1.7,,
19,clean,"Hobart, AU",2026-03-29,0.62,1.9,,
19,clean,"Hobart, AU",2026-03-30,3.76,10.3,,
19,clean,"Hobart, AU",2026-03-31,4.09,9.1,33.0,0.033
19,clean,"Hobart, AU",2026-04-01,0.8,3.2,,
19,clean,"Hobart, AU",2026-04-02,1.0,11.7,,
19,clean,"Hobart, AU",2026-04-03,1.15,7.7,,
19,clean,"Hobart, AU",2026-04-04,0.53,3.3,,
19,clean,"Hobart, AU",2026-04-05,0.87,3.5,72.0,0.072
19,clean,"Hobart, AU",2026-04-06,0.35,1.4,,
19,clean,"Hobart, AU",2026-04-07,1.2,5.1,,
19,clean,"Hobart, AU",2026-04-08,1.64,5.2,22.0,0.022
19,clean,"Hobart, AU",2026-04-09,0.15,1.6,,
19,clean,"Hobart, AU",2026-04-10,0.17,1.1,38.0,0.038
19,clean,"Hobart, AU",2026-04-11,0.32,2.1,,
19,clean,"Hobart, AU",2026-04-12,1.79,6.9,,
19,clean,"Hobart, AU",2026-04-13,1.18,4.8,,
19,clean,"Hobart, AU",2026-04-14,0.88,2.7,,
19,clean,"Hobart, AU",2026-04-15,0.39,1.5,,
19,clean,"Hobart, AU",2026-04-16,0.43,1.3,,
19,clean,"Hobart, AU",2026-04-17,2.51,13.4,,
19,clean,"Hobart, AU",2026-04-18,4.82,22.0,,
19,clean,"Hobart, AU",2026-04-19,5.98,16.5,,
19,clean,"Hobart, AU",2026-04-20,5.75,22.7,134.0,0.134
19,clean,"Hobart, AU",2026-04-21,6.08,17.2,,
19,clean,"Hobart, AU",2026-04-22,5.0,10.9,,
19,clean,"Hobart, AU",2026-04-23,7.78,16.7,61.0,0.061
19,clean,"Hobart, AU",2026-04-24,6.5,10.9,,
19,clean,"Hobart, AU",2026-04-25,5.35,9.0,,
19,clean,"Hobart, AU",2026-04-26,0.75,3.1,,
19,clean,"Hobart, AU",2026-04-27,0.55,4.1,,
19,clean,"Hobart, AU",2026-04-28,3.24,12.7,60.0,0.06
19,clean,"Hobart, AU",2026-04-29,13.2,37.5,65.0,0.065
19,clean,"Hobart, AU",2026-04-30,21.0,35.2,,
20,clean,"Hilo HI, US",2025-11-01,2.71,14.0,,
20,clean,"Hilo HI, US",2025-11-02,3.7,13.0,,
20,clean,"Hilo HI, US",2025-11-03,3.79,17.0,,
20,clean,"Hilo HI, US",2025-11-04,2.75,10.0,,
20,clean,"Hilo HI, US",2025-11-05,2.33,9.0,,
20,clean,"Hilo HI, US",2025-11-06,4.63,12.0,,
20,clean,"Hilo HI, US",2025-11-07,6.29,25.0,,
20,clean,"Hilo HI, US",2025-11-08,6.21,22.0,,
20,clean,"Hilo HI, US",2025-11-09,11.7,40.0,,
20,clean,"Hilo HI, US",2025-11-10,3.5,13.0,,
20,clean,"Hilo HI, US",2025-11-11,2.33,10.0,,
20,clean,"Hilo HI, US",2025-11-12,3.38,11.0,,
20,clean,"Hilo HI, US",2025-11-13,2.84,9.0,,
20,clean,"Hilo HI, US",2025-11-14,1.86,3.0,,
20,clean,"Hilo HI, US",2025-11-15,2.0,6.0,,
20,clean,"Hilo HI, US",2025-11-16,3.14,8.0,,
20,clean,"Hilo HI, US",2025-11-17,1.92,5.0,,
20,clean,"Hilo HI, US",2025-11-18,3.27,7.0,,
20,clean,"Hilo HI, US",2025-11-19,0.67,2.0,,
20,clean,"Hilo HI, US",2025-11-20,2.42,13.0,,
20,clean,"Hilo HI, US",2025-11-21,3.21,16.0,,
20,clean,"Hilo HI, US",2025-11-22,3.3,11.0,78.0,0.078
20,clean,"Hilo HI, US",2025-11-23,3.04,10.0,,
20,clean,"Hilo HI, US",2025-11-24,2.54,8.0,,
20,clean,"Hilo HI, US",2025-11-25,3.0,10.0,,
20,clean,"Hilo HI, US",2025-11-26,3.17,12.0,,
20,clean,"Hilo HI, US",2025-11-27,2.75,11.0,,
20,clean,"Hilo HI, US",2025-11-28,3.25,13.0,,
20,clean,"Hilo HI, US",2025-11-29,3.33,14.0,,
20,clean,"Hilo HI, US",2025-11-30,2.79,11.0,28.0,0.028
20,clean,"Hilo HI, US",2025-12-01,2.75,13.0,,
20,clean,"Hilo HI, US",2025-12-02,1.75,21.0,,
20,clean,"Hilo HI, US",2025-12-03,1.92,11.0,1.0,0.001
20,clean,"Hilo HI, US",2025-12-04,1.96,7.0,,
20,clean,"Hilo HI, US",2025-12-05,3.14,17.0,,
20,clean,"Hilo HI, US",2025-12-06,2.71,14.0,,
20,clean,"Hilo HI, US",2025-12-07,3.04,10.0,,
20,clean,"Hilo HI, US",2025-12-08,2.63,10.0,,
20,clean,"Hilo HI, US",2025-12-09,2.63,15.0,76.0,0.076
20,clean,"Hilo HI, US",2025-12-10,5.67,18.0,,
20,clean,"Hilo HI, US",2025-12-11,8.38,26.0,168.0,0.168
20,clean,"Hilo HI, US",2025-12-12,9.17,23.0,63.0,0.063
20,clean,"Hilo HI, US",2025-12-13,9.0,20.0,,
20,clean,"Hilo HI, US",2025-12-14,6.92,16.0,,
20,clean,"Hilo HI, US",2025-12-15,5.83,19.0,,
20,clean,"Hilo HI, US",2025-12-16,3.96,8.0,,
20,clean,"Hilo HI, US",2025-12-17,4.88,16.0,,
20,clean,"Hilo HI, US",2025-12-18,6.46,20.0,,
20,clean,"Hilo HI, US",2025-12-19,7.92,18.0,,
20,clean,"Hilo HI, US",2025-12-20,4.71,14.0,14.0,0.014
20,clean,"Hilo HI, US",2025-12-21,2.33,12.0,,
20,clean,"Hilo HI, US",2025-12-22,3.04,14.0,,
20,clean,"Hilo HI, US",2025-12-23,2.25,7.0,,
20,clean,"Hilo HI, US",2025-12-24,4.08,17.0,,
20,clean,"Hilo HI, US",2025-12-25,2.83,15.0,,
20,clean,"Hilo HI, US",2025-12-26,2.35,13.0,,
20,clean,"Hilo HI, US",2025-12-27,2.46,9.0,,
20,clean,"Hilo HI, US",2025-12-28,2.46,6.0,,
20,clean,"Hilo HI, US",2025-12-29,3.82,15.0,,
20,clean,"Hilo HI, US",2025-12-30,3.33,10.0,,
20,clean,"Hilo HI, US",2025-12-31,4.3,20.0,,
20,clean,"Hilo HI, US",2026-01-01,5.25,70.0,,
20,clean,"Hilo HI, US",2026-01-02,2.13,6.0,,
20,clean,"Hilo HI, US",2026-01-03,2.08,6.0,,
20,clean,"Hilo HI, US",2026-01-04,1.54,5.0,,
20,clean,"Hilo HI, US",2026-01-05,2.42,8.0,,
20,clean,"Hilo HI, US",2026-01-06,2.58,7.0,,
20,clean,"Hilo HI, US",2026-01-07,3.0,13.0,6.0,0.006
20,clean,"Hilo HI, US",2026-01-08,3.54,10.0,,
20,clean,"Hilo HI, US",2026-01-09,3.83,11.0,,
20,clean,"Hilo HI, US",2026-01-10,3.41,18.0,,
20,clean,"Hilo HI, US",2026-01-11,2.54,11.0,22.0,0.022
20,clean,"Hilo HI, US",2026-01-12,4.63,7.0,,
20,clean,"Hilo HI, US",2026-01-13,5.47,14.0,,
20,clean,"Hilo HI, US",2026-01-14,5.33,18.0,,
20,clean,"Hilo HI, US",2026-01-15,5.25,16.0,,
20,clean,"Hilo HI, US",2026-01-16,2.27,7.0,,
20,clean,"Hilo HI, US",2026-01-17,3.42,8.0,,
20,clean,"Hilo HI, US",2026-01-18,3.17,13.0,,
20,clean,"Hilo HI, US",2026-01-19,4.04,13.0,,
20,clean,"Hilo HI, US",2026-01-20,4.21,18.0,,
20,clean,"Hilo HI, US",2026-01-21,5.21,23.0,,
20,clean,"Hilo HI, US",2026-01-22,4.08,12.0,,
20,clean,"Hilo HI, US",2026-01-23,4.29,11.0,,
20,clean,"Hilo HI, US",2026-01-24,4.36,9.0,,
20,clean,"Hilo HI, US",2026-01-25,5.33,8.0,,
20,clean,"Hilo HI, US",2026-01-26,2.5,7.0,16.0,0.016
20,clean,"Hilo HI, US",2026-01-27,4.58,12.0,,
20,clean,"Hilo HI, US",2026-01-28,7.82,22.0,73.0,0.073
20,clean,"Hilo HI, US",2026-01-29,6.79,20.0,,
20,clean,"Hilo HI, US",2026-01-30,8.09,14.0,127.0,0.127
20,clean,"Hilo HI, US",2026-01-31,3.58,10.0,,
20,clean,"Hilo HI, US",2026-02-01,4.33,15.0,,
20,clean,"Hilo HI, US",2026-02-02,9.29,18.0,83.0,0.083
20,clean,"Hilo HI, US",2026-02-03,8.92,18.0,66.0,0.066
20,clean,"Hilo HI, US",2026-02-04,7.29,17.0,,
20,clean,"Hilo HI, US",2026-02-05,9.04,25.0,,
20,clean,"Hilo HI, US",2026-02-06,5.73,15.0,,
20,clean,"Hilo HI, US",2026-02-07,5.92,17.0,,
20,clean,"Hilo HI, US",2026-02-08,4.29,10.0,,
20,clean,"Hilo HI, US",2026-02-09,3.42,12.0,,
20,clean,"Hilo HI, US",2026-02-10,4.17,12.0,,
20,clean,"Hilo HI, US",2026-02-11,6.04,15.0,,
20,clean,"Hilo HI, US",2026-02-12,2.96,12.0,,
20,clean,"Hilo HI, US",2026-02-13,3.75,13.0,,
20,clean,"Hilo HI, US",2026-02-14,2.33,8.0,,
20,clean,"Hilo HI, US",2026-02-15,2.83,9.0,,
20,clean,"Hilo HI, US",2026-02-16,2.96,9.0,,
20,clean,"Hilo HI, US",2026-02-17,3.38,12.0,,
20,clean,"Hilo HI, US",2026-02-18,4.08,10.0,,
20,clean,"Hilo HI, US",2026-02-19,4.7,15.0,,
20,clean,"Hilo HI, US",2026-02-20,2.29,8.0,,
20,clean,"Hilo HI, US",2026-02-21,3.21,8.0,,
20,clean,"Hilo HI, US",2026-02-22,4.96,17.0,115.0,0.115
20,clean,"Hilo HI, US",2026-02-23,5.58,19.0,,
20,clean,"Hilo HI, US",2026-02-24,2.13,15.0,,
20,clean,"Hilo HI, US",2026-02-25,2.96,12.0,,
20,clean,"Hilo HI, US",2026-02-26,3.25,9.0,,
20,clean,"Hilo HI, US",2026-02-27,3.96,17.0,,
20,clean,"Hilo HI, US",2026-02-28,3.25,17.0,,
20,clean,"Hilo HI, US",2026-03-01,1.83,10.0,,
20,clean,"Hilo HI, US",2026-03-02,2.59,9.0,,
20,clean,"Hilo HI, US",2026-03-03,2.96,11.0,,
20,clean,"Hilo HI, US",2026-03-04,2.75,10.0,,
20,clean,"Hilo HI, US",2026-03-05,3.54,9.0,,
20,clean,"Hilo HI, US",2026-03-06,4.29,10.0,,
20,clean,"Hilo HI, US",2026-03-07,3.75,8.0,,
20,clean,"Hilo HI, US",2026-03-08,3.13,11.0,,
20,clean,"Hilo HI, US",2026-03-09,3.71,11.0,,
20,clean,"Hilo HI, US",2026-03-10,4.63,19.0,,
20,clean,"Hilo HI, US",2026-03-11,6.38,17.0,,
20,clean,"Hilo HI, US",2026-03-12,7.29,18.0,,
20,clean,"Hilo HI, US",2026-03-13,4.63,15.0,,
20,clean,"Hilo HI, US",2026-03-14,2.75,10.0,,
20,clean,"Hilo HI, US",2026-03-15,3.83,12.0,,
20,clean,"Hilo HI, US",2026-03-16,4.08,11.0,,
20,clean,"Hilo HI, US",2026-03-17,2.08,7.0,,
20,clean,"Hilo HI, US",2026-03-18,1.46,6.0,,
20,clean,"Hilo HI, US",2026-03-19,3.0,6.0,,
20,clean,"Hilo HI, US",2026-03-20,7.46,18.0,,
20,clean,"Hilo HI, US",2026-03-21,6.42,21.0,,
20,clean,"Hilo HI, US",2026-03-22,4.38,10.0,,
20,clean,"Hilo HI, US",2026-03-23,4.08,14.0,,
20,clean,"Hilo HI, US",2026-03-24,2.58,16.0,90.0,0.09
20,clean,"Hilo HI, US",2026-03-25,3.67,12.0,,
20,clean,"Hilo HI, US",2026-03-26,2.63,10.0,,
20,clean,"Hilo HI, US",2026-03-27,2.75,18.0,,
20,clean,"Hilo HI, US",2026-03-28,2.92,12.0,,
20,clean,"Hilo HI, US",2026-03-29,2.21,8.0,,
20,clean,"Hilo HI, US",2026-03-30,2.41,6.0,,
20,clean,"Hilo HI, US",2026-03-31,2.54,10.0,,
20,clean,"Hilo HI, US",2026-04-01,2.17,10.0,,
20,clean,"Hilo HI, US",2026-04-02,2.33,9.0,,
20,clean,"Hilo HI, US",2026-04-03,3.08,13.0,,
20,clean,"Hilo HI, US",2026-04-04,2.63,13.0,,
20,clean,"Hilo HI, US",2026-04-05,2.79,22.0,,
20,clean,"Hilo HI, US",2026-04-06,2.17,16.0,,
20,clean,"Hilo HI, US",2026-04-07,3.5,10.0,,
20,clean,"Hilo HI, US",2026-04-08,2.96,9.0,,
20,clean,"Hilo HI, US",2026-04-09,4.77,9.0,,
20,clean,"Hilo HI, US",2026-04-10,3.71,9.0,,
20,clean,"Hilo HI, US",2026-04-11,5.92,12.0,,
20,clean,"Hilo HI, US",2026-04-12,7.29,17.0,,
20,clean,"Hilo HI, US",2026-04-13,4.71,9.0,,
20,clean,"Hilo HI, US",2026-04-14,4.79,12.0,,
20,clean,"Hilo HI, US",2026-04-15,5.68,12.0,,
20,clean,"Hilo HI, US",2026-04-16,4.46,11.0,,
20,clean,"Hilo HI, US",2026-04-17,5.33,14.0,,
20,clean,"Hilo HI, US",2026-04-18,4.96,10.0,,
20,clean,"Hilo HI, US",2026-04-19,3.54,9.0,,
20,clean,"Hilo HI, US",2026-04-20,4.11,12.0,,
20,clean,"Hilo HI, US",2026-04-21,,,56.0,0.056
20,clean,"Hilo HI, US",2026-04-24,2.67,8.0,49.0,0.049
20,clean,"Hilo HI, US",2026-04-25,3.21,12.0,,
20,clean,"Hilo HI, US",2026-04-26,3.42,15.0,,
20,clean,"Hilo HI, US",2026-04-27,5.08,13.0,,
20,clean,"Hilo HI, US",2026-04-28,3.75,11.0,,
20,clean,"Hilo HI, US",2026-04-29,2.91,18.0,,
20,clean,"Hilo HI, US",2026-04-30,3.29,8.0,,
20,clean,"Hilo HI, US",2026-05-01,3.92,13.0,,
21,clean,"Christchurch, NZ",2025-11-01,,,89.0,0.089
21,clean,"Christchurch, NZ",2025-11-03,,,74.0,0.074
21,clean,"Christchurch, NZ",2025-11-05,5.82,7.04,119.0,0.119
21,clean,"Christchurch, NZ",2025-11-06,5.1,6.63,155.0,0.155
21,clean,"Christchurch, NZ",2025-11-07,6.46,9.16,53.5,0.0535
21,clean,"Christchurch, NZ",2025-11-08,6.2,10.01,,
21,clean,"Christchurch, NZ",2025-11-09,5.51,12.03,,
21,clean,"Christchurch, NZ",2025-11-10,4.31,5.47,,
21,clean,"Christchurch, NZ",2025-11-11,4.03,5.08,79.0,0.079
21,clean,"Christchurch, NZ",2025-11-12,2.36,7.07,,
21,clean,"Christchurch, NZ",2025-11-13,3.6,9.85,,
21,clean,"Christchurch, NZ",2025-11-14,2.9,6.33,26.0,0.026
21,clean,"Christchurch, NZ",2025-11-15,5.13,9.33,73.0,0.073
21,clean,"Christchurch, NZ",2025-11-16,5.35,11.9,108.0,0.108
21,clean,"Christchurch, NZ",2025-11-17,3.07,7.6,,
21,clean,"Christchurch, NZ",2025-11-18,6.45,10.59,,
21,clean,"Christchurch, NZ",2025-11-19,11.6,14.54,95.0,0.095
21,clean,"Christchurch, NZ",2025-11-20,6.36,14.84,56.0,0.056
21,clean,"Christchurch, NZ",2025-11-21,3.46,5.13,,
21,clean,"Christchurch, NZ",2025-11-22,4.53,5.48,,
21,clean,"Christchurch, NZ",2025-11-23,3.65,4.45,,
21,clean,"Christchurch, NZ",2025-11-24,7.41,13.02,,
21,clean,"Christchurch, NZ",2025-11-25,5.2,14.88,,
21,clean,"Christchurch, NZ",2025-11-26,3.08,10.88,,
21,clean,"Christchurch, NZ",2025-11-27,5.24,10.92,24.5,0.0245
21,clean,"Christchurch, NZ",2025-11-28,4.24,9.22,133.0,0.133
21,clean,"Christchurch, NZ",2025-11-29,4.75,11.07,,
21,clean,"Christchurch, NZ",2025-11-30,4.32,6.09,,
21,clean,"Christchurch, NZ",2025-12-01,3.48,9.66,,
21,clean,"Christchurch, NZ",2025-12-02,3.05,5.22,,
21,clean,"Christchurch, NZ",2025-12-03,2.58,4.6,,
21,clean,"Christchurch, NZ",2025-12-04,5.48,17.61,55.0,0.055
21,clean,"Christchurch, NZ",2025-12-05,11.9,13.54,122.0,0.122
21,clean,"Christchurch, NZ",2025-12-06,4.31,12.35,,
21,clean,"Christchurch, NZ",2025-12-07,4.31,9.02,,
21,clean,"Christchurch, NZ",2025-12-08,4.78,6.45,,
21,clean,"Christchurch, NZ",2025-12-09,4.19,8.03,,
21,clean,"Christchurch, NZ",2025-12-10,6.53,9.05,,
21,clean,"Christchurch, NZ",2025-12-11,3.44,8.83,70.0,0.07
21,clean,"Christchurch, NZ",2025-12-12,3.95,5.64,,
21,clean,"Christchurch, NZ",2025-12-13,7.64,12.72,37.0,0.037
21,clean,"Christchurch, NZ",2025-12-14,3.85,6.91,,
21,clean,"Christchurch, NZ",2025-12-15,3.76,10.42,,
21,clean,"Christchurch, NZ",2025-12-16,3.31,6.26,,
21,clean,"Christchurch, NZ",2025-12-17,5.18,6.45,,
21,clean,"Christchurch, NZ",2025-12-18,3.63,7.76,,
21,clean,"Christchurch, NZ",2025-12-19,1.58,2.28,,
21,clean,"Christchurch, NZ",2025-12-20,1.8,3.02,69.0,0.069
21,clean,"Christchurch, NZ",2025-12-21,3.42,5.86,,
21,clean,"Christchurch, NZ",2025-12-22,6.02,9.07,13.0,0.013
21,clean,"Christchurch, NZ",2025-12-23,3.67,6.63,94.5,0.0945
21,clean,"Christchurch, NZ",2025-12-24,1.2,3.58,1.0,0.001
21,clean,"Christchurch, NZ",2025-12-25,0.78,1.64,25.0,0.025
21,clean,"Christchurch, NZ",2025-12-26,1.13,2.59,73.0,0.073
21,clean,"Christchurch, NZ",2025-12-27,1.49,1.91,,
21,clean,"Christchurch, NZ",2025-12-28,1.81,2.5,,
21,clean,"Christchurch, NZ",2025-12-29,1.69,2.9,,
21,clean,"Christchurch, NZ",2025-12-30,1.37,2.86,,
21,clean,"Christchurch, NZ",2025-12-31,2.37,3.94,,
21,clean,"Christchurch, NZ",2026-01-01,2.46,3.18,,
21,clean,"Christchurch, NZ",2026-01-02,3.64,6.54,,
21,clean,"Christchurch, NZ",2026-01-03,2.55,4.41,,
21,clean,"Christchurch, NZ",2026-01-04,5.7,7.63,,
21,clean,"Christchurch, NZ",2026-01-05,4.91,6.33,,
21,clean,"Christchurch, NZ",2026-01-06,7.42,12.89,,
21,clean,"Christchurch, NZ",2026-01-07,6.47,8.05,,
21,clean,"Christchurch, NZ",2026-01-08,5.28,7.73,41.0,0.041
21,clean,"Christchurch, NZ",2026-01-09,4.35,8.34,,
21,clean,"Christchurch, NZ",2026-01-10,1.8,5.17,113.0,0.113
21,clean,"Christchurch, NZ",2026-01-11,4.91,7.11,,
21,clean,"Christchurch, NZ",2026-01-12,6.78,8.84,106.0,0.106
21,clean,"Christchurch, NZ",2026-01-13,5.58,6.7,,
21,clean,"Christchurch, NZ",2026-01-14,3.34,4.97,,
21,clean,"Christchurch, NZ",2026-01-15,2.21,3.18,,
21,clean,"Christchurch, NZ",2026-01-16,2.37,3.73,,
21,clean,"Christchurch, NZ",2026-01-17,1.85,2.54,,
21,clean,"Christchurch, NZ",2026-01-18,3.15,13.2,,
21,clean,"Christchurch, NZ",2026-01-19,2.61,3.32,55.0,0.055
21,clean,"Christchurch, NZ",2026-01-20,4.8,9.48,,
21,clean,"Christchurch, NZ",2026-01-21,3.94,7.33,,
21,clean,"Christchurch, NZ",2026-01-22,3.29,5.89,,
21,clean,"Christchurch, NZ",2026-01-23,2.21,4.11,,
21,clean,"Christchurch, NZ",2026-01-24,1.4,2.45,,
21,clean,"Christchurch, NZ",2026-01-25,3.68,5.91,,
21,clean,"Christchurch, NZ",2026-01-26,2.77,6.59,,
21,clean,"Christchurch, NZ",2026-01-27,3.79,4.83,,
21,clean,"Christchurch, NZ",2026-01-28,4.64,7.53,,
21,clean,"Christchurch, NZ",2026-01-29,9.02,10.14,,
21,clean,"Christchurch, NZ",2026-01-30,9.14,10.43,,
21,clean,"Christchurch, NZ",2026-01-31,7.9,11.1,40.0,0.04
21,clean,"Christchurch, NZ",2026-02-01,6.68,13.72,68.5,0.0685
21,clean,"Christchurch, NZ",2026-02-02,4.59,6.99,,
21,clean,"Christchurch, NZ",2026-02-03,3.41,4.79,63.5,0.0635
21,clean,"Christchurch, NZ",2026-02-04,6.89,10.53,26.0,0.026
21,clean,"Christchurch, NZ",2026-02-05,5.79,9.85,22.0,0.022
21,clean,"Christchurch, NZ",2026-02-06,4.77,5.87,,
21,clean,"Christchurch, NZ",2026-02-07,4.97,7.18,27.0,0.027
21,clean,"Christchurch, NZ",2026-02-08,5.2,6.39,,
21,clean,"Christchurch, NZ",2026-02-09,4.62,5.94,,
21,clean,"Christchurch, NZ",2026-02-10,3.98,6.61,,
21,clean,"Christchurch, NZ",2026-02-11,5.32,11.21,,
21,clean,"Christchurch, NZ",2026-02-12,10.2,16.83,,
21,clean,"Christchurch, NZ",2026-02-13,4.06,5.78,61.0,0.061
21,clean,"Christchurch, NZ",2026-02-14,4.42,5.39,48.0,0.048
21,clean,"Christchurch, NZ",2026-02-15,2.56,4.67,,
21,clean,"Christchurch, NZ",2026-02-16,1.85,10.83,,
21,clean,"Christchurch, NZ",2026-02-17,3.5,7.06,,
21,clean,"Christchurch, NZ",2026-02-18,3.13,6.21,,
21,clean,"Christchurch, NZ",2026-02-19,4.96,10.34,120.0,0.12
21,clean,"Christchurch, NZ",2026-02-20,4.92,8.82,,
21,clean,"Christchurch, NZ",2026-02-21,4.23,12.17,95.5,0.0955
21,clean,"Christchurch, NZ",2026-02-22,9.76,12.34,,
21,clean,"Christchurch, NZ",2026-02-23,9.83,12.29,,
21,clean,"Christchurch, NZ",2026-02-24,12.0,14.07,125.5,0.1255
21,clean,"Christchurch, NZ",2026-02-25,6.78,15.33,56.5,0.0565
21,clean,"Christchurch, NZ",2026-02-26,3.82,7.99,,
21,clean,"Christchurch, NZ",2026-02-27,4.54,12.73,63.0,0.063
21,clean,"Christchurch, NZ",2026-02-28,3.8,7.17,23.0,0.023
21,clean,"Christchurch, NZ",2026-03-01,3.51,7.99,,
21,clean,"Christchurch, NZ",2026-03-02,5.2,17.72,,
21,clean,"Christchurch, NZ",2026-03-03,5.32,9.2,150.0,0.15
21,clean,"Christchurch, NZ",2026-03-04,7.53,12.9,23.0,0.023
21,clean,"Christchurch, NZ",2026-03-05,5.35,7.23,51.0,0.051
21,clean,"Christchurch, NZ",2026-03-06,5.25,17.43,70.0,0.07
21,clean,"Christchurch, NZ",2026-03-07,7.11,11.09,28.5,0.0285
21,clean,"Christchurch, NZ",2026-03-08,2.55,5.53,40.0,0.04
21,clean,"Christchurch, NZ",2026-03-09,3.0,4.54,,
21,clean,"Christchurch, NZ",2026-03-10,4.05,23.83,,
21,clean,"Christchurch, NZ",2026-03-11,8.24,13.57,67.5,0.0675
21,clean,"Christchurch, NZ",2026-03-12,4.71,8.13,23.5,0.0235
21,clean,"Christchurch, NZ",2026-03-13,3.53,6.1,,
21,clean,"Christchurch, NZ",2026-03-14,4.49,6.98,50.0,0.05
21,clean,"Christchurch, NZ",2026-03-15,3.89,9.64,19.0,0.019
21,clean,"Christchurch, NZ",2026-03-16,5.84,9.43,43.0,0.043
21,clean,"Christchurch, NZ",2026-03-17,4.36,7.25,,
21,clean,"Christchurch, NZ",2026-03-18,5.59,8.21,151.0,0.151
21,clean,"Christchurch, NZ",2026-03-19,4.41,5.7,,
21,clean,"Christchurch, NZ",2026-03-20,3.91,7.1,,
21,clean,"Christchurch, NZ",2026-03-21,4.86,6.81,67.0,0.067
21,clean,"Christchurch, NZ",2026-03-22,5.09,10.21,37.0,0.037
21,clean,"Christchurch, NZ",2026-03-23,8.07,13.06,,
21,clean,"Christchurch, NZ",2026-03-24,6.84,13.88,,
21,clean,"Christchurch, NZ",2026-03-25,8.77,13.76,,
21,clean,"Christchurch, NZ",2026-03-26,12.7,22.77,,
21,clean,"Christchurch, NZ",2026-03-27,2.85,7.12,,
21,clean,"Christchurch, NZ",2026-03-28,4.62,12.12,,
21,clean,"Christchurch, NZ",2026-03-29,4.57,10.29,,
21,clean,"Christchurch, NZ",2026-03-30,6.89,24.05,,
21,clean,"Christchurch, NZ",2026-03-31,5.86,11.07,120.0,0.12
21,clean,"Christchurch, NZ",2026-04-01,5.03,6.84,39.5,0.0395
21,clean,"Christchurch, NZ",2026-04-02,5.53,8.3,78.5,0.0785
21,clean,"Christchurch, NZ",2026-04-03,4.85,8.55,13.0,0.013
21,clean,"Christchurch, NZ",2026-04-04,4.56,8.37,,
21,clean,"Christchurch, NZ",2026-04-05,3.95,7.24,,
21,clean,"Christchurch, NZ",2026-04-06,10.0,12.11,,
21,clean,"Christchurch, NZ",2026-04-07,6.72,12.44,,
21,clean,"Christchurch, NZ",2026-04-08,4.28,37.8,49.0,0.049
21,clean,"Christchurch, NZ",2026-04-09,4.1,6.24,,
21,clean,"Christchurch, NZ",2026-04-10,8.54,14.52,,
21,clean,"Christchurch, NZ",2026-04-11,9.48,20.32,,
21,clean,"Christchurch, NZ",2026-04-12,9.03,38.11,,
21,clean,"Christchurch, NZ",2026-04-13,1.72,3.92,50.0,0.05
21,clean,"Christchurch, NZ",2026-04-14,2.92,7.72,51.0,0.051
21,clean,"Christchurch, NZ",2026-04-15,4.22,17.6,10.0,0.01
21,clean,"Christchurch, NZ",2026-04-16,5.29,15.69,,
21,clean,"Christchurch, NZ",2026-04-17,1.89,3.74,,
21,clean,"Christchurch, NZ",2026-04-18,4.3,7.77,,
21,clean,"Christchurch, NZ",2026-04-19,3.0,3.67,,
21,clean,"Christchurch, NZ",2026-04-21,4.09,8.07,,
21,clean,"Christchurch, NZ",2026-04-22,10.2,36.14,134.0,0.134
21,clean,"Christchurch, NZ",2026-04-23,14.7,34.26,,
21,clean,"Christchurch, NZ",2026-04-24,9.51,26.0,34.5,0.0345
21,clean,"Christchurch, NZ",2026-04-25,5.74,12.08,,
21,clean,"Christchurch, NZ",2026-04-26,6.58,13.37,,
21,clean,"Christchurch, NZ",2026-04-27,7.93,18.77,180.0,0.18
21,clean,"Christchurch, NZ",2026-04-28,7.56,18.45,62.5,0.0625
21,clean,"Christchurch, NZ",2026-04-29,6.91,9.47,26.0,0.026
21,clean,"Christchurch, NZ",2026-04-30,9.23,20.75,127.0,0.127
22,clean,"Bergen, NO",2025-11-02,,,0.0,0.0
22,clean,"Bergen, NO",2025-11-20,,,138.0,0.138
22,clean,"Bergen, NO",2025-12-10,14.3,20.65,,
22,clean,"Bergen, NO",2025-12-11,6.65,15.74,,
22,clean,"Bergen, NO",2025-12-12,5.51,8.04,,
22,clean,"Bergen, NO",2025-12-13,2.98,11.98,,
22,clean,"Bergen, NO",2025-12-14,4.45,10.95,,
22,clean,"Bergen, NO",2025-12-15,2.98,9.93,,
22,clean,"Bergen, NO",2025-12-16,3.54,4.89,,
22,clean,"Bergen, NO",2025-12-17,4.78,10.42,,
22,clean,"Bergen, NO",2025-12-18,6.34,11.7,,
22,clean,"Bergen, NO",2025-12-19,7.63,19.09,,
22,clean,"Bergen, NO",2025-12-20,10.2,24.71,,
22,clean,"Bergen, NO",2025-12-21,17.3,34.01,,
22,clean,"Bergen, NO",2025-12-22,16.7,41.87,,
22,clean,"Bergen, NO",2025-12-23,6.58,23.16,,
22,clean,"Bergen, NO",2025-12-24,5.99,14.24,,
22,clean,"Bergen, NO",2025-12-25,9.61,25.29,,
22,clean,"Bergen, NO",2025-12-26,9.12,13.77,,
22,clean,"Bergen, NO",2025-12-27,10.9,29.98,,
22,clean,"Bergen, NO",2025-12-28,5.93,28.15,,
22,clean,"Bergen, NO",2025-12-29,7.43,11.42,,
22,clean,"Bergen, NO",2025-12-30,8.54,12.45,,
22,clean,"Bergen, NO",2026-01-01,4.91,22.18,,
22,clean,"Bergen, NO",2026-01-02,11.2,59.62,,
22,clean,"Bergen, NO",2026-01-03,36.7,90.23,,
22,clean,"Bergen, NO",2026-01-04,34.2,117.7,,
22,clean,"Bergen, NO",2026-01-05,40.5,98.85,,
22,clean,"Bergen, NO",2026-01-06,29.4,59.49,,
22,clean,"Bergen, NO",2026-01-07,54.2,85.47,,
22,clean,"Bergen, NO",2026-01-08,43.4,83.65,,
22,clean,"Bergen, NO",2026-01-09,15.4,62.96,,
22,clean,"Bergen, NO",2026-01-10,3.58,7.31,,
22,clean,"Bergen, NO",2026-01-11,1.79,3.32,,
22,clean,"Bergen, NO",2026-01-12,1.25,3.14,,
22,clean,"Bergen, NO",2026-01-13,2.8,8.58,,
22,clean,"Bergen, NO",2026-01-14,2.37,3.42,,
22,clean,"Bergen, NO",2026-01-15,2.98,7.62,,
22,clean,"Bergen, NO",2026-01-16,6.95,25.75,,
22,clean,"Bergen, NO",2026-01-17,8.21,17.73,,
22,clean,"Bergen, NO",2026-01-18,7.96,22.26,,
22,clean,"Bergen, NO",2026-01-19,10.2,22.45,,
22,clean,"Bergen, NO",2026-01-20,15.2,33.98,,
22,clean,"Bergen, NO",2026-01-21,5.73,12.7,,
22,clean,"Bergen, NO",2026-01-22,9.94,43.33,,
22,clean,"Bergen, NO",2026-01-23,15.5,33.14,65.0,0.065
22,clean,"Bergen, NO",2026-01-24,14.7,29.29,81.0,0.081
22,clean,"Bergen, NO",2026-01-25,19.7,53.36,,
22,clean,"Bergen, NO",2026-01-26,23.3,62.49,53.0,0.053
22,clean,"Bergen, NO",2026-01-27,26.7,58.67,44.5,0.0445
22,clean,"Bergen, NO",2026-01-28,11.0,25.58,,
22,clean,"Bergen, NO",2026-01-29,17.3,32.22,,
22,clean,"Bergen, NO",2026-01-30,3.82,8.87,,
22,clean,"Bergen, NO",2026-01-31,10.2,14.69,,
22,clean,"Bergen, NO",2026-02-01,21.9,47.76,,
22,clean,"Bergen, NO",2026-02-02,19.5,50.54,64.5,0.0645
22,clean,"Bergen, NO",2026-02-03,14.7,42.44,,
22,clean,"Bergen, NO",2026-02-04,24.1,60.55,,
22,clean,"Bergen, NO",2026-02-05,14.2,37.12,,
22,clean,"Bergen, NO",2026-02-06,14.1,37.92,,
22,clean,"Bergen, NO",2026-02-07,14.4,40.06,,
22,clean,"Bergen, NO",2026-02-08,9.15,26.7,,
22,clean,"Bergen, NO",2026-02-09,11.9,39.6,61.0,0.061
22,clean,"Bergen, NO",2026-02-10,11.8,25.43,,
22,clean,"Bergen, NO",2026-02-11,10.1,18.87,29.0,0.029
22,clean,"Bergen, NO",2026-02-12,3.2,9.67,54.0,0.054
22,clean,"Bergen, NO",2026-02-13,5.55,13.39,,
22,clean,"Bergen, NO",2026-02-14,2.56,5.49,,
22,clean,"Bergen, NO",2026-02-15,3.51,8.1,,
22,clean,"Bergen, NO",2026-02-16,4.28,8.85,,
22,clean,"Bergen, NO",2026-02-17,3.91,9.4,,
22,clean,"Bergen, NO",2026-02-18,3.03,7.93,,
22,clean,"Bergen, NO",2026-02-19,2.75,4.93,,
22,clean,"Bergen, NO",2026-02-20,4.19,16.87,,
22,clean,"Bergen, NO",2026-02-21,4.49,13.8,42.0,0.042
22,clean,"Bergen, NO",2026-02-22,2.94,5.82,,
22,clean,"Bergen, NO",2026-02-23,1.72,2.88,,
22,clean,"Bergen, NO",2026-02-24,3.38,6.77,,
22,clean,"Bergen, NO",2026-02-25,1.29,5.01,,
22,clean,"Bergen, NO",2026-02-26,11.1,12.98,,
22,clean,"Bergen, NO",2026-02-27,6.83,10.59,,
22,clean,"Bergen, NO",2026-02-28,5.32,6.75,57.33,0.0573
22,clean,"Bergen, NO",2026-03-01,2.06,5.22,71.0,0.071
22,clean,"Bergen, NO",2026-03-02,11.1,23.42,,
22,clean,"Bergen, NO",2026-03-03,10.3,17.96,,
22,clean,"Bergen, NO",2026-03-04,13.6,35.84,35.0,0.035
22,clean,"Bergen, NO",2026-03-05,28.5,35.29,63.0,0.063
22,clean,"Bergen, NO",2026-03-06,26.4,32.51,,
22,clean,"Bergen, NO",2026-03-07,21.3,36.61,,
22,clean,"Bergen, NO",2026-03-08,7.56,20.27,,
22,clean,"Bergen, NO",2026-03-09,12.7,24.77,,
22,clean,"Bergen, NO",2026-03-10,7.83,16.77,,
22,clean,"Bergen, NO",2026-03-11,7.72,15.11,,
22,clean,"Bergen, NO",2026-03-12,5.38,8.99,,
22,clean,"Bergen, NO",2026-03-13,6.24,12.84,,
22,clean,"Bergen, NO",2026-03-14,2.92,7.99,,
22,clean,"Bergen, NO",2026-03-15,4.44,7.79,,
22,clean,"Bergen, NO",2026-03-16,3.1,6.79,,
22,clean,"Bergen, NO",2026-03-17,12.2,22.0,,
22,clean,"Bergen, NO",2026-03-18,9.94,16.81,,
22,clean,"Bergen, NO",2026-03-19,3.45,4.45,,
22,clean,"Bergen, NO",2026-03-20,6.32,10.34,65.0,0.065
22,clean,"Bergen, NO",2026-03-21,8.56,16.11,,
22,clean,"Bergen, NO",2026-03-22,5.68,9.23,,
22,clean,"Bergen, NO",2026-03-23,12.3,19.96,,
22,clean,"Bergen, NO",2026-03-24,7.37,14.84,,
22,clean,"Bergen, NO",2026-03-25,6.82,11.5,,
22,clean,"Bergen, NO",2026-03-26,4.62,7.4,107.0,0.107
22,clean,"Bergen, NO",2026-03-28,4.19,6.22,,
22,clean,"Bergen, NO",2026-03-29,4.57,8.9,,
22,clean,"Bergen, NO",2026-03-30,6.92,9.52,,
22,clean,"Bergen, NO",2026-03-31,2.0,6.83,,
22,clean,"Bergen, NO",2026-04-01,2.09,3.99,,
22,clean,"Bergen, NO",2026-04-02,1.99,4.55,69.67,0.0697
22,clean,"Bergen, NO",2026-04-03,5.54,9.86,,
22,clean,"Bergen, NO",2026-04-04,2.47,7.13,,
22,clean,"Bergen, NO",2026-04-05,6.62,10.33,,
22,clean,"Bergen, NO",2026-04-06,7.06,9.93,,
22,clean,"Bergen, NO",2026-04-07,2.62,7.48,57.0,0.057
22,clean,"Bergen, NO",2026-04-08,2.14,3.42,,
22,clean,"Bergen, NO",2026-04-09,2.81,5.54,,
22,clean,"Bergen, NO",2026-04-10,2.7,5.84,,
22,clean,"Bergen, NO",2026-04-11,2.21,3.18,100.0,0.1
22,clean,"Bergen, NO",2026-04-12,5.0,11.12,15.0,0.015
22,clean,"Bergen, NO",2026-04-13,4.85,13.66,,
22,clean,"Bergen, NO",2026-04-14,3.89,7.31,,
22,clean,"Bergen, NO",2026-04-15,3.03,5.64,37.5,0.0375
22,clean,"Bergen, NO",2026-04-16,2.05,3.2,,
22,clean,"Bergen, NO",2026-04-17,3.21,8.91,,
22,clean,"Bergen, NO",2026-04-18,5.32,10.22,,
22,clean,"Bergen, NO",2026-04-19,2.53,4.96,,
22,clean,"Bergen, NO",2026-04-20,4.65,8.12,55.5,0.0555
22,clean,"Bergen, NO",2026-04-21,6.21,9.01,,
22,clean,"Bergen, NO",2026-04-22,3.29,4.07,,
22,clean,"Bergen, NO",2026-04-23,2.65,4.45,,
22,clean,"Bergen, NO",2026-04-24,3.33,6.27,,
22,clean,"Bergen, NO",2026-04-25,3.75,11.16,,
22,clean,"Bergen, NO",2026-04-26,3.48,6.63,,
22,clean,"Bergen, NO",2026-04-27,3.06,6.8,,
22,clean,"Bergen, NO",2026-04-28,3.93,6.29,,
22,clean,"Bergen, NO",2026-04-29,8.16,16.03,,
22,clean,"Bergen, NO",2026-04-30,6.08,10.62,,
23,clean,"Reykjavik, IS",2025-11-19,-1.0,-1.0,,
23,clean,"Reykjavik, IS",2025-11-20,-1.0,-1.0,,
23,clean,"Reykjavik, IS",2025-11-21,-1.0,-1.0,,
23,clean,"Reykjavik, IS",2025-11-22,-1.0,-1.0,,
23,clean,"Reykjavik, IS",2025-11-23,-1.0,-1.0,,
23,clean,"Reykjavik, IS",2025-11-24,-1.0,-1.0,,
23,clean,"Reykjavik, IS",2025-11-25,-1.0,-1.0,,
23,clean,"Reykjavik, IS",2025-11-26,-1.0,-1.0,,
23,clean,"Reykjavik, IS",2025-11-27,-1.0,-1.0,,
23,clean,"Reykjavik, IS",2025-11-28,-1.0,-1.0,,
23,clean,"Reykjavik, IS",2025-11-29,-1.0,-1.0,,
23,clean,"Reykjavik, IS",2025-11-30,-1.0,-1.0,,
23,clean,"Reykjavik, IS",2025-12-01,-1.0,-1.0,,
23,clean,"Reykjavik, IS",2025-12-02,-1.0,-1.0,,
23,clean,"Reykjavik, IS",2025-12-07,-1.0,-1.0,,
23,clean,"Reykjavik, IS",2025-12-08,-0.9,1.5,,
23,clean,"Reykjavik, IS",2025-12-09,-1.0,-1.0,,
23,clean,"Reykjavik, IS",2025-12-10,1.51,9.7,,
23,clean,"Reykjavik, IS",2025-12-11,4.65,11.5,,
23,clean,"Reykjavik, IS",2025-12-12,2.79,5.4,,
23,clean,"Reykjavik, IS",2025-12-13,2.95,6.2,,
23,clean,"Reykjavik, IS",2025-12-14,2.13,8.3,,
23,clean,"Reykjavik, IS",2025-12-15,0.4,1.0,,
23,clean,"Reykjavik, IS",2025-12-16,0.93,3.4,,
23,clean,"Reykjavik, IS",2025-12-17,0.72,1.3,,
23,clean,"Reykjavik, IS",2025-12-18,1.54,8.6,,
23,clean,"Reykjavik, IS",2025-12-19,1.47,3.1,,
23,clean,"Reykjavik, IS",2025-12-20,3.33,8.5,,
23,clean,"Reykjavik, IS",2025-12-21,4.86,9.4,,
23,clean,"Reykjavik, IS",2025-12-22,4.1,6.3,,
23,clean,"Reykjavik, IS",2025-12-23,5.55,9.3,,
23,clean,"Reykjavik, IS",2025-12-24,6.7,23.0,,
23,clean,"Reykjavik, IS",2025-12-25,3.75,8.6,,
23,clean,"Reykjavik, IS",2025-12-26,9.35,17.2,,
23,clean,"Reykjavik, IS",2025-12-27,4.98,8.3,,
23,clean,"Reykjavik, IS",2025-12-28,3.89,7.9,,
23,clean,"Reykjavik, IS",2025-12-29,3.91,9.8,,
23,clean,"Reykjavik, IS",2025-12-30,3.23,6.6,,
23,clean,"Reykjavik, IS",2025-12-31,28.2,386.6,,
23,clean,"Reykjavik, IS",2026-01-01,25.3,385.6,,
23,clean,"Reykjavik, IS",2026-01-02,3.9,12.9,,
23,clean,"Reykjavik, IS",2026-01-03,3.34,10.6,,
23,clean,"Reykjavik, IS",2026-01-04,3.34,15.7,,
23,clean,"Reykjavik, IS",2026-01-05,1.42,3.7,,
23,clean,"Reykjavik, IS",2026-01-06,1.1,3.5,,
23,clean,"Reykjavik, IS",2026-01-07,1.29,3.4,,
23,clean,"Reykjavik, IS",2026-01-08,10.8,45.8,,
23,clean,"Reykjavik, IS",2026-01-09,2.86,6.7,,
23,clean,"Reykjavik, IS",2026-01-10,1.71,4.3,,
23,clean,"Reykjavik, IS",2026-01-11,1.95,4.0,,
23,clean,"Reykjavik, IS",2026-01-12,3.57,4.8,,
23,clean,"Reykjavik, IS",2026-01-13,4.55,8.8,,
23,clean,"Reykjavik, IS",2026-01-14,1.28,10.1,,
23,clean,"Reykjavik, IS",2026-01-15,1.91,6.6,,
23,clean,"Reykjavik, IS",2026-01-16,1.31,3.8,,
23,clean,"Reykjavik, IS",2026-01-17,0.82,2.6,,
23,clean,"Reykjavik, IS",2026-01-18,3.45,6.7,,
23,clean,"Reykjavik, IS",2026-01-19,2.34,4.7,,
23,clean,"Reykjavik, IS",2026-01-20,1.7,3.1,,
23,clean,"Reykjavik, IS",2026-01-21,1.15,2.7,,
23,clean,"Reykjavik, IS",2026-01-22,0.97,5.5,,
23,clean,"Reykjavik, IS",2026-01-23,1.82,3.9,,
23,clean,"Reykjavik, IS",2026-01-24,2.34,3.8,,
23,clean,"Reykjavik, IS",2026-01-25,2.15,3.6,,
23,clean,"Reykjavik, IS",2026-01-26,2.69,5.0,,
23,clean,"Reykjavik, IS",2026-01-27,2.16,4.4,,
23,clean,"Reykjavik, IS",2026-01-28,2.63,5.1,,
23,clean,"Reykjavik, IS",2026-01-29,1.62,7.1,,
23,clean,"Reykjavik, IS",2026-01-30,2.3,5.9,,
23,clean,"Reykjavik, IS",2026-01-31,0.97,2.0,,
23,clean,"Reykjavik, IS",2026-02-01,0.87,2.6,,
23,clean,"Reykjavik, IS",2026-02-02,1.13,2.0,,
23,clean,"Reykjavik, IS",2026-02-03,1.39,2.2,,
23,clean,"Reykjavik, IS",2026-02-04,3.23,8.0,,
23,clean,"Reykjavik, IS",2026-02-05,8.5,34.4,,
23,clean,"Reykjavik, IS",2026-02-06,4.59,14.9,,
23,clean,"Reykjavik, IS",2026-02-07,1.91,3.3,,
23,clean,"Reykjavik, IS",2026-02-08,1.97,11.0,,
23,clean,"Reykjavik, IS",2026-02-09,1.05,3.2,,
23,clean,"Reykjavik, IS",2026-02-10,2.58,4.8,88.0,0.088
23,clean,"Reykjavik, IS",2026-02-11,6.86,15.1,,
23,clean,"Reykjavik, IS",2026-02-12,5.26,21.2,,
23,clean,"Reykjavik, IS",2026-02-13,7.33,43.0,,
23,clean,"Reykjavik, IS",2026-02-14,3.63,9.0,,
23,clean,"Reykjavik, IS",2026-02-15,5.07,11.7,,
23,clean,"Reykjavik, IS",2026-02-16,8.8,40.6,,
23,clean,"Reykjavik, IS",2026-02-17,4.0,10.7,,
23,clean,"Reykjavik, IS",2026-02-18,7.53,27.9,,
23,clean,"Reykjavik, IS",2026-02-19,3.29,7.6,34.0,0.034
23,clean,"Reykjavik, IS",2026-02-20,6.75,31.5,,
23,clean,"Reykjavik, IS",2026-02-21,2.23,5.7,,
23,clean,"Reykjavik, IS",2026-02-22,2.65,4.2,,
23,clean,"Reykjavik, IS",2026-02-23,1.67,3.3,,
23,clean,"Reykjavik, IS",2026-02-24,2.58,4.4,,
23,clean,"Reykjavik, IS",2026-02-25,5.65,7.9,,
23,clean,"Reykjavik, IS",2026-03-04,1.83,3.1,,
23,clean,"Reykjavik, IS",2026-03-05,2.63,9.6,,
23,clean,"Reykjavik, IS",2026-03-06,7.34,16.5,,
23,clean,"Reykjavik, IS",2026-03-07,6.0,9.7,,
23,clean,"Reykjavik, IS",2026-03-08,2.73,6.8,,
23,clean,"Reykjavik, IS",2026-03-09,1.99,3.2,,
23,clean,"Reykjavik, IS",2026-03-10,2.64,4.7,,
23,clean,"Reykjavik, IS",2026-03-11,3.31,10.6,,
23,clean,"Reykjavik, IS",2026-03-12,1.56,3.7,,
23,clean,"Reykjavik, IS",2026-03-13,3.02,4.7,,
23,clean,"Reykjavik, IS",2026-03-14,1.38,2.6,,
23,clean,"Reykjavik, IS",2026-03-15,1.12,1.6,,
23,clean,"Reykjavik, IS",2026-03-16,2.06,5.1,,
23,clean,"Reykjavik, IS",2026-03-17,2.65,5.7,,
23,clean,"Reykjavik, IS",2026-03-18,3.93,13.6,,
23,clean,"Reykjavik, IS",2026-03-19,5.93,14.9,,
23,clean,"Reykjavik, IS",2026-03-20,6.42,10.2,,
23,clean,"Reykjavik, IS",2026-03-21,5.16,7.4,,
23,clean,"Reykjavik, IS",2026-03-22,4.02,6.2,,
23,clean,"Reykjavik, IS",2026-03-23,2.81,5.9,,
23,clean,"Reykjavik, IS",2026-03-24,2.7,5.2,,
23,clean,"Reykjavik, IS",2026-03-25,4.96,9.6,,
23,clean,"Reykjavik, IS",2026-03-26,2.73,6.8,,
23,clean,"Reykjavik, IS",2026-03-27,2.89,6.7,,
23,clean,"Reykjavik, IS",2026-04-16,4.02,5.1,,
23,clean,"Reykjavik, IS",2026-04-17,5.15,10.2,,
23,clean,"Reykjavik, IS",2026-04-18,5.71,13.4,,
23,clean,"Reykjavik, IS",2026-04-19,22.1,87.5,,
23,clean,"Reykjavik, IS",2026-04-20,4.73,9.7,,
23,clean,"Reykjavik, IS",2026-04-21,6.27,16.8,,
23,clean,"Reykjavik, IS",2026-04-22,5.3,12.3,,
23,clean,"Reykjavik, IS",2026-04-23,6.38,10.9,,
23,clean,"Reykjavik, IS",2026-04-24,5.38,9.3,,
23,clean,"Reykjavik, IS",2026-04-25,7.55,19.0,,
23,clean,"Reykjavik, IS",2026-04-26,5.92,29.2,,
23,clean,"Reykjavik, IS",2026-04-27,2.65,12.9,,
23,clean,"Reykjavik, IS",2026-04-28,8.31,16.4,,
23,clean,"Reykjavik, IS",2026-04-29,10.9,13.5,,
23,clean,"Reykjavik, IS",2026-04-30,7.85,13.1,,
23,clean,"Reykjavik, IS",2026-05-01,3.34,9.7,,
